ply
format ascii 1.0
comment Filtered from 2_0822.ply
comment 1st conservative filter: floor cut + local spike + detached cluster
element vertex 17532
property float x
property float y
property float z
property uchar red
property uchar green
property uchar blue
end_header
-124.000000 104.000000 -11.114700 67 78 186
-122.000000 104.000000 -11.514700 65 70 172
-120.000000 104.000000 -9.184970 71 118 238
-118.000000 104.000000 -10.215700 70 97 214
-116.000000 104.000000 -7.935070 69 140 253
-114.000000 104.000000 -7.876610 68 143 254
-112.000000 104.000000 -8.410260 70 133 250
-110.000000 104.000000 -7.446510 65 150 255
-108.000000 104.000000 -4.194890 26 210 210
-106.000000 104.000000 -4.280680 26 210 210
-104.000000 104.000000 -4.068060 26 212 208
-102.000000 104.000000 0.185346 93 252 111
-86.000000 104.000000 2.760780 164 252 60
-84.000000 104.000000 -3.847640 24 215 202
-126.000000 102.000000 -4.663250 30 203 218
-124.000000 102.000000 -7.381280 64 153 255
-122.000000 102.000000 -5.309910 37 192 231
-120.000000 102.000000 -7.154060 61 158 254
-118.000000 102.000000 -7.087410 61 158 254
-116.000000 102.000000 -6.550990 55 168 250
-114.000000 102.000000 -5.999420 47 178 244
-112.000000 102.000000 -5.459140 39 190 233
-110.000000 102.000000 -7.461080 65 150 255
-108.000000 102.000000 -7.092930 61 158 254
-106.000000 102.000000 -6.675440 56 165 251
-104.000000 102.000000 -5.438900 39 190 233
-102.000000 102.000000 -4.471970 28 205 216
-100.000000 102.000000 -6.368180 51 173 247
-98.000000 102.000000 -6.889420 58 163 252
-96.000000 102.000000 -5.583060 40 188 235
-94.000000 102.000000 -5.025240 34 197 226
-92.000000 102.000000 -4.794930 31 201 221
-90.000000 102.000000 -4.429540 27 208 213
-88.000000 102.000000 -3.474580 24 221 194
-86.000000 102.000000 -3.320050 24 222 192
-84.000000 102.000000 -3.631160 24 219 197
-82.000000 102.000000 -3.778600 24 217 200
-80.000000 102.000000 -4.202870 26 210 210
-78.000000 102.000000 -5.402060 39 190 233
-76.000000 102.000000 -4.823760 31 201 221
-74.000000 102.000000 -4.838870 32 199 223
-68.000000 102.000000 -1.266650 53 243 148
-128.000000 100.000000 1.224930 128 255 83
-126.000000 100.000000 0.397127 101 253 105
-124.000000 100.000000 0.399758 101 253 105
-122.000000 100.000000 1.041280 121 254 89
-120.000000 100.000000 0.599442 109 254 98
-118.000000 100.000000 0.951637 117 254 92
-116.000000 100.000000 1.509410 136 255 78
-114.000000 100.000000 1.391680 132 255 81
-112.000000 100.000000 2.372210 156 254 64
-110.000000 100.000000 3.127160 172 251 56
-108.000000 100.000000 2.982030 169 251 57
-106.000000 100.000000 1.553100 136 255 78
-104.000000 100.000000 -0.812428 67 247 135
-102.000000 100.000000 1.951460 146 255 71
-100.000000 100.000000 0.723631 113 254 95
-98.000000 100.000000 -0.260419 82 250 122
-96.000000 100.000000 0.512454 105 253 102
-94.000000 100.000000 1.017180 121 254 89
-92.000000 100.000000 0.522346 105 253 102
-90.000000 100.000000 0.731579 113 254 95
-88.000000 100.000000 2.493370 159 253 63
-86.000000 100.000000 1.389950 132 255 81
-84.000000 100.000000 0.364939 101 253 105
-82.000000 100.000000 1.723170 139 255 75
-80.000000 100.000000 1.570840 136 255 78
-78.000000 100.000000 2.390750 159 253 63
-76.000000 100.000000 1.972830 146 255 71
-74.000000 100.000000 1.291910 128 255 83
-72.000000 100.000000 2.437050 159 253 63
-70.000000 100.000000 1.080420 121 254 89
-68.000000 100.000000 0.429584 101 253 105
-66.000000 100.000000 0.168626 93 252 111
-64.000000 100.000000 1.928530 146 255 71
-62.000000 100.000000 0.639862 109 254 98
-60.000000 100.000000 0.903896 117 254 92
-54.000000 100.000000 6.944150 239 205 58
-52.000000 100.000000 4.981190 210 233 53
-130.000000 98.000000 2.117790 150 254 68
-128.000000 98.000000 3.889700 188 245 52
-126.000000 98.000000 4.134950 193 243 52
-124.000000 98.000000 5.457540 217 228 54
-122.000000 98.000000 5.535610 219 226 54
-120.000000 98.000000 5.694710 221 224 55
-118.000000 98.000000 5.487570 219 226 54
-116.000000 98.000000 6.616020 235 211 57
-114.000000 98.000000 6.530200 235 211 57
-112.000000 98.000000 4.464770 200 239 52
-110.000000 98.000000 5.276010 215 229 53
-108.000000 98.000000 7.262460 242 201 58
-106.000000 98.000000 8.244400 251 184 56
-104.000000 98.000000 6.919100 239 205 58
-102.000000 98.000000 7.642590 246 195 58
-100.000000 98.000000 6.772100 238 207 58
-98.000000 98.000000 7.149960 242 201 58
-96.000000 98.000000 7.731920 247 193 58
-94.000000 98.000000 8.995240 254 169 51
-92.000000 98.000000 9.174730 254 167 50
-90.000000 98.000000 9.978930 254 150 43
-88.000000 98.000000 6.635340 236 209 58
-86.000000 98.000000 9.223880 254 164 49
-84.000000 98.000000 10.151900 254 144 41
-82.000000 98.000000 10.014400 254 147 42
-80.000000 98.000000 10.606700 252 135 37
-78.000000 98.000000 10.290100 253 141 39
-76.000000 98.000000 8.310460 251 182 55
-74.000000 98.000000 7.995130 249 188 57
-72.000000 98.000000 9.649550 254 155 45
-70.000000 98.000000 8.817190 253 174 53
-68.000000 98.000000 10.109100 254 147 42
-66.000000 98.000000 10.376300 253 138 38
-64.000000 98.000000 9.001550 254 169 51
-62.000000 98.000000 10.006600 254 147 42
-60.000000 98.000000 8.957300 254 169 51
-58.000000 98.000000 9.179810 254 167 50
-56.000000 98.000000 9.389590 254 161 48
-54.000000 98.000000 7.866700 248 190 57
-52.000000 98.000000 8.117180 250 186 57
-50.000000 98.000000 9.177330 254 167 50
-48.000000 98.000000 9.397290 254 161 48
-46.000000 98.000000 9.623050 254 155 45
-40.000000 98.000000 10.506200 252 135 37
-136.000000 96.000000 -18.123200 48 18 59
-134.000000 96.000000 -8.358510 70 133 250
-132.000000 96.000000 -10.749800 68 86 199
-130.000000 96.000000 -12.643700 58 45 121
-128.000000 96.000000 -13.898700 48 18 59
-126.000000 96.000000 -9.639410 70 107 227
-124.000000 96.000000 -10.986200 68 81 191
-122.000000 96.000000 -11.266400 66 75 181
-120.000000 96.000000 -9.346850 71 113 233
-118.000000 96.000000 -8.509480 70 130 248
-116.000000 96.000000 -10.219300 70 97 214
-114.000000 96.000000 -7.960920 69 140 253
-112.000000 96.000000 -4.794110 31 201 221
-110.000000 96.000000 -3.240230 24 224 189
-108.000000 96.000000 -3.425150 24 221 194
-106.000000 96.000000 -1.516890 47 241 155
-104.000000 96.000000 -0.421596 78 249 125
-102.000000 96.000000 0.562547 105 253 102
-100.000000 96.000000 -3.248380 24 224 189
-98.000000 96.000000 -0.827302 67 247 135
-96.000000 96.000000 3.252900 175 250 55
-94.000000 96.000000 2.945250 169 251 57
-92.000000 96.000000 1.419360 132 255 81
-90.000000 96.000000 2.370940 156 254 64
-88.000000 96.000000 6.645330 236 209 58
-86.000000 96.000000 7.182300 242 201 58
-84.000000 96.000000 5.857740 223 223 55
-82.000000 96.000000 7.817390 248 190 57
-80.000000 96.000000 6.777660 238 207 58
-78.000000 96.000000 9.251940 254 164 49
-76.000000 96.000000 8.428640 251 182 55
-74.000000 96.000000 11.335900 249 117 29
-72.000000 96.000000 14.653100 214 53 6
-70.000000 96.000000 14.885000 210 49 5
-68.000000 96.000000 12.940900 236 83 15
-66.000000 96.000000 13.881600 225 65 9
-64.000000 96.000000 11.529200 248 114 28
-62.000000 96.000000 14.215400 221 61 8
-60.000000 96.000000 14.042100 223 63 8
-58.000000 96.000000 14.594400 216 55 6
-56.000000 96.000000 15.769200 197 38 3
-54.000000 96.000000 16.407300 185 30 2
-52.000000 96.000000 14.688600 214 53 6
-50.000000 96.000000 17.446300 164 19 1
-48.000000 96.000000 18.524300 136 8 2
-46.000000 96.000000 16.519400 183 29 2
-44.000000 96.000000 13.790000 226 67 10
-42.000000 96.000000 13.216100 232 75 12
-40.000000 96.000000 12.449700 240 91 18
-38.000000 96.000000 13.677900 228 69 10
-36.000000 96.000000 14.681400 214 53 6
-34.000000 96.000000 15.401600 202 42 4
-136.000000 94.000000 -7.278390 62 155 254
-134.000000 94.000000 -8.281750 70 135 251
-132.000000 94.000000 -9.021590 71 120 240
-130.000000 94.000000 -8.600100 70 128 246
-128.000000 94.000000 -10.090000 70 100 218
-126.000000 94.000000 -9.623310 70 107 227
-124.000000 94.000000 -9.335650 71 115 235
-122.000000 94.000000 -9.256770 71 115 235
-120.000000 94.000000 -8.613850 70 128 246
-118.000000 94.000000 -8.095810 69 138 252
-116.000000 94.000000 -7.552360 66 148 255
-114.000000 94.000000 -7.269100 62 155 254
-112.000000 94.000000 -8.081460 69 138 252
-110.000000 94.000000 -8.926190 71 123 242
-108.000000 94.000000 -9.211650 71 118 238
-106.000000 94.000000 -9.717420 70 107 227
-104.000000 94.000000 -9.468590 71 113 233
-102.000000 94.000000 -8.057060 69 140 253
-100.000000 94.000000 -8.013700 69 140 253
-98.000000 94.000000 -8.021340 69 140 253
-96.000000 94.000000 -8.613770 70 128 246
-94.000000 94.000000 -10.177200 70 97 214
-92.000000 94.000000 -9.290490 71 115 235
-90.000000 94.000000 -7.751740 67 145 254
-88.000000 94.000000 -7.875200 68 143 254
-86.000000 94.000000 -8.335760 70 133 250
-84.000000 94.000000 -6.871620 58 163 252
-82.000000 94.000000 -6.756880 56 165 251
-80.000000 94.000000 -6.465280 53 171 248
-78.000000 94.000000 -4.521130 28 205 216
-76.000000 94.000000 -3.545640 24 221 194
-74.000000 94.000000 -3.796550 24 217 200
-72.000000 94.000000 -6.178610 49 175 245
-70.000000 94.000000 -5.814160 44 183 240
-68.000000 94.000000 -4.536610 28 205 216
-66.000000 94.000000 -3.484310 24 221 194
-64.000000 94.000000 -3.714710 24 217 200
-62.000000 94.000000 -3.624910 24 219 197
-60.000000 94.000000 -2.832890 26 228 182
-58.000000 94.000000 -1.830910 42 239 161
-56.000000 94.000000 -2.475880 31 233 175
-54.000000 94.000000 -3.174950 24 224 189
-52.000000 94.000000 -1.792350 42 239 161
-50.000000 94.000000 -2.556670 29 231 178
-48.000000 94.000000 -2.554490 29 231 178
-46.000000 94.000000 0.004542 89 251 115
-44.000000 94.000000 0.218034 97 252 108
-42.000000 94.000000 -0.061242 89 251 115
-40.000000 94.000000 4.214030 195 241 52
-38.000000 94.000000 4.974550 210 233 53
-36.000000 94.000000 5.185740 212 231 53
-34.000000 94.000000 4.936680 208 234 52
-32.000000 94.000000 2.874870 167 252 58
-30.000000 94.000000 3.511520 180 248 54
-28.000000 94.000000 4.028380 190 244 52
-26.000000 94.000000 4.207010 195 241 52
-24.000000 94.000000 9.133390 254 167 50
-18.000000 94.000000 14.189600 221 61 8
-140.000000 92.000000 -0.511418 74 248 128
-138.000000 92.000000 0.693093 109 254 98
-136.000000 92.000000 0.360609 101 253 105
-134.000000 92.000000 1.336390 128 255 83
-132.000000 92.000000 0.413043 101 253 105
-130.000000 92.000000 0.466455 105 253 102
-128.000000 92.000000 1.118510 125 255 86
-126.000000 92.000000 0.373645 101 253 105
-124.000000 92.000000 0.026282 89 251 115
-122.000000 92.000000 0.925188 117 254 92
-120.000000 92.000000 -0.330054 78 249 125
-118.000000 92.000000 -0.311819 82 250 122
-116.000000 92.000000 -0.648004 70 248 132
-114.000000 92.000000 0.018163 89 251 115
-112.000000 92.000000 -0.120885 85 250 118
-110.000000 92.000000 -0.626470 70 248 132
-108.000000 92.000000 0.582739 109 254 98
-106.000000 92.000000 -0.654491 70 248 132
-104.000000 92.000000 -0.254582 82 250 122
-102.000000 92.000000 0.001336 89 251 115
-100.000000 92.000000 -0.508941 74 248 128
-98.000000 92.000000 -0.445387 78 249 125
-96.000000 92.000000 -0.052146 89 251 115
-94.000000 92.000000 0.728820 113 254 95
-92.000000 92.000000 0.603063 109 254 98
-90.000000 92.000000 0.061253 89 251 115
-88.000000 92.000000 -0.565752 74 248 128
-86.000000 92.000000 -1.358590 50 242 152
-84.000000 92.000000 -0.995493 60 245 142
-82.000000 92.000000 -1.606540 47 241 155
-80.000000 92.000000 -1.052360 60 245 142
-78.000000 92.000000 -1.520630 47 241 155
-76.000000 92.000000 -2.295710 32 234 172
-74.000000 92.000000 -1.168460 56 244 145
-72.000000 92.000000 -0.248466 82 250 122
-70.000000 92.000000 -1.103310 56 244 145
-68.000000 92.000000 0.243759 97 252 108
-66.000000 92.000000 0.260605 97 252 108
-64.000000 92.000000 -0.310395 82 250 122
-62.000000 92.000000 -1.184870 56 244 145
-60.000000 92.000000 -1.043930 60 245 142
-58.000000 92.000000 -1.848100 42 239 161
-56.000000 92.000000 -1.683710 44 240 158
-54.000000 92.000000 -1.046190 60 245 142
-52.000000 92.000000 -0.546759 74 248 128
-50.000000 92.000000 -1.350870 53 243 148
-48.000000 92.000000 -1.644060 44 240 158
-46.000000 92.000000 -0.698438 70 248 132
-44.000000 92.000000 -1.784120 42 239 161
-42.000000 92.000000 -1.858160 42 239 161
-40.000000 92.000000 -2.357860 32 234 172
-38.000000 92.000000 -3.570470 24 219 197
-36.000000 92.000000 -3.658500 24 219 197
-34.000000 92.000000 -2.452210 31 233 175
-32.000000 92.000000 -2.761860 28 230 180
-30.000000 92.000000 -4.124310 26 212 208
-28.000000 92.000000 -3.300900 24 222 192
-26.000000 92.000000 -1.010680 60 245 142
-24.000000 92.000000 1.893850 146 255 71
-22.000000 92.000000 0.541169 105 253 102
-20.000000 92.000000 0.020187 89 251 115
-18.000000 92.000000 1.741060 143 255 73
-16.000000 92.000000 1.999960 150 254 68
-14.000000 92.000000 1.511520 136 255 78
-12.000000 92.000000 0.550688 105 253 102
-8.000000 92.000000 6.144460 229 217 56
-6.000000 92.000000 2.499750 159 253 63
-142.000000 90.000000 1.934210 146 255 71
-140.000000 90.000000 3.357060 177 249 54
-138.000000 90.000000 0.176496 93 252 111
-136.000000 90.000000 0.742193 113 254 95
-134.000000 90.000000 3.068360 172 251 56
-132.000000 90.000000 3.407460 177 249 54
-130.000000 90.000000 2.823820 167 252 58
-128.000000 90.000000 6.038240 227 219 56
-126.000000 90.000000 5.686690 221 224 55
-124.000000 90.000000 6.064140 227 219 56
-122.000000 90.000000 6.022530 227 219 56
-120.000000 90.000000 6.985870 239 205 58
-118.000000 90.000000 7.636630 246 195 58
-116.000000 90.000000 7.142270 241 203 58
-114.000000 90.000000 7.923410 249 188 57
-112.000000 90.000000 7.367730 244 199 58
-110.000000 90.000000 6.301120 231 215 57
-108.000000 90.000000 6.714510 236 209 58
-106.000000 90.000000 6.448340 233 213 57
-104.000000 90.000000 7.484700 245 197 58
-102.000000 90.000000 7.171130 242 201 58
-100.000000 90.000000 7.976070 249 188 57
-98.000000 90.000000 7.999770 249 188 57
-96.000000 90.000000 8.270320 251 184 56
-94.000000 90.000000 6.744760 236 209 58
-92.000000 90.000000 8.134260 250 186 57
-90.000000 90.000000 8.141300 250 186 57
-88.000000 90.000000 9.441820 254 161 48
-86.000000 90.000000 9.059060 254 169 51
-84.000000 90.000000 9.101720 254 167 50
-82.000000 90.000000 8.486890 252 179 54
-80.000000 90.000000 7.868100 248 190 57
-78.000000 90.000000 8.191990 251 184 56
-76.000000 90.000000 7.472290 245 197 58
-74.000000 90.000000 7.419660 245 197 58
-72.000000 90.000000 8.090860 250 186 57
-70.000000 90.000000 7.517690 245 197 58
-68.000000 90.000000 6.954960 239 205 58
-66.000000 90.000000 6.736150 236 209 58
-64.000000 90.000000 7.236300 242 201 58
-62.000000 90.000000 7.627710 246 195 58
-60.000000 90.000000 8.343100 251 182 55
-58.000000 90.000000 8.100450 250 186 57
-56.000000 90.000000 8.668120 252 177 54
-54.000000 90.000000 9.112970 254 167 50
-52.000000 90.000000 8.571710 252 177 54
-50.000000 90.000000 8.564180 252 179 54
-48.000000 90.000000 8.168580 250 186 57
-46.000000 90.000000 6.914250 239 205 58
-44.000000 90.000000 7.702540 247 193 58
-42.000000 90.000000 7.338310 244 199 58
-40.000000 90.000000 7.720790 247 193 58
-38.000000 90.000000 7.367900 244 199 58
-36.000000 90.000000 6.877810 238 207 58
-34.000000 90.000000 7.019000 239 205 58
-32.000000 90.000000 7.801120 248 190 57
-30.000000 90.000000 7.921340 248 190 57
-28.000000 90.000000 8.553370 252 179 54
-26.000000 90.000000 7.757600 247 193 58
-24.000000 90.000000 7.900010 248 190 57
-22.000000 90.000000 7.251310 242 201 58
-20.000000 90.000000 6.998150 239 205 58
-18.000000 90.000000 6.290760 231 215 57
-16.000000 90.000000 7.651780 246 195 58
-14.000000 90.000000 7.969680 249 188 57
-12.000000 90.000000 7.701360 247 193 58
-10.000000 90.000000 6.977960 239 205 58
-8.000000 90.000000 7.418220 245 197 58
-6.000000 90.000000 7.435450 245 197 58
-4.000000 90.000000 7.694280 247 193 58
-2.000000 90.000000 6.582110 235 211 57
4.000000 90.000000 7.558360 246 195 58
-148.000000 88.000000 -17.342600 48 18 59
-146.000000 88.000000 -12.777400 57 42 115
-144.000000 88.000000 -12.222800 61 53 139
-142.000000 88.000000 -14.220800 48 18 59
-140.000000 88.000000 -15.913900 48 18 59
-138.000000 88.000000 -13.590700 51 24 74
-136.000000 88.000000 -11.391400 66 73 177
-134.000000 88.000000 -12.074600 62 56 145
-132.000000 88.000000 -10.797300 68 84 195
-130.000000 88.000000 -11.084500 67 78 186
-128.000000 88.000000 -9.778160 70 105 224
-126.000000 88.000000 -9.747510 70 105 224
-124.000000 88.000000 -8.821010 70 125 244
-122.000000 88.000000 -9.373790 71 113 233
-120.000000 88.000000 -8.147520 69 138 252
-118.000000 88.000000 -6.994130 59 160 253
-116.000000 88.000000 -5.480020 39 190 233
-114.000000 88.000000 -5.338690 37 192 231
-112.000000 88.000000 -2.034370 37 236 167
-110.000000 88.000000 -0.762515 67 247 135
-108.000000 88.000000 1.850430 143 255 73
-106.000000 88.000000 2.203910 153 254 66
-104.000000 88.000000 4.399510 198 240 52
-102.000000 88.000000 3.577670 183 247 53
-100.000000 88.000000 4.138200 193 243 52
-98.000000 88.000000 4.770290 205 236 52
-96.000000 88.000000 5.842870 223 223 55
-94.000000 88.000000 4.512520 200 239 52
-92.000000 88.000000 6.335950 231 215 57
-90.000000 88.000000 6.855430 238 207 58
-88.000000 88.000000 5.282140 215 229 53
-86.000000 88.000000 7.673350 247 193 58
-84.000000 88.000000 7.303800 244 199 58
-82.000000 88.000000 11.041400 250 123 31
-80.000000 88.000000 9.468300 254 161 48
-78.000000 88.000000 10.207400 254 144 41
-76.000000 88.000000 12.005500 244 102 23
-74.000000 88.000000 12.235400 242 96 20
-72.000000 88.000000 11.063100 250 123 31
-70.000000 88.000000 11.801600 245 105 24
-68.000000 88.000000 11.891700 245 105 24
-66.000000 88.000000 12.585300 239 88 17
-64.000000 88.000000 10.881600 251 129 34
-62.000000 88.000000 10.157400 254 144 41
-60.000000 88.000000 10.246700 253 141 39
-58.000000 88.000000 10.417800 253 138 38
-56.000000 88.000000 11.059600 250 123 31
-54.000000 88.000000 12.861200 236 83 15
-52.000000 88.000000 14.286900 220 59 7
-50.000000 88.000000 12.786600 237 85 16
-48.000000 88.000000 13.200800 234 78 13
-46.000000 88.000000 13.037500 235 80 14
-44.000000 88.000000 16.136300 190 33 2
-42.000000 88.000000 14.857300 212 51 5
-40.000000 88.000000 14.927900 210 49 5
-38.000000 88.000000 15.439400 202 42 4
-36.000000 88.000000 14.773100 212 51 5
-34.000000 88.000000 13.575100 229 71 11
-32.000000 88.000000 12.990100 235 80 14
-30.000000 88.000000 12.512600 240 91 18
-28.000000 88.000000 13.183200 234 78 13
-26.000000 88.000000 14.750300 214 53 6
-24.000000 88.000000 13.109400 234 78 13
-22.000000 88.000000 13.284600 232 75 12
-20.000000 88.000000 15.285900 204 43 4
-18.000000 88.000000 15.034200 208 47 5
-16.000000 88.000000 15.195200 206 45 4
-14.000000 88.000000 14.757400 212 51 5
-12.000000 88.000000 14.753900 212 51 5
-10.000000 88.000000 15.225800 206 45 4
-8.000000 88.000000 17.119700 169 22 1
-6.000000 88.000000 17.017000 172 23 1
-4.000000 88.000000 15.696100 197 38 3
-2.000000 88.000000 14.707600 214 53 6
0.000000 88.000000 15.196400 206 45 4
2.000000 88.000000 14.481100 218 57 7
4.000000 88.000000 14.889700 210 49 5
6.000000 88.000000 14.018600 223 63 8
8.000000 88.000000 14.536300 216 55 6
-150.000000 86.000000 -8.392460 70 133 250
-148.000000 86.000000 -8.848570 71 123 242
-146.000000 86.000000 -8.104290 69 138 252
-144.000000 86.000000 -9.827230 70 105 224
-142.000000 86.000000 -7.970910 69 140 253
-140.000000 86.000000 -8.588640 70 128 246
-138.000000 86.000000 -8.553300 70 130 248
-136.000000 86.000000 -9.031200 71 120 240
-134.000000 86.000000 -9.615480 70 107 227
-132.000000 86.000000 -9.992440 70 100 218
-130.000000 86.000000 -9.771970 70 105 224
-128.000000 86.000000 -9.191470 71 118 238
-126.000000 86.000000 -9.820250 70 105 224
-124.000000 86.000000 -9.415910 71 113 233
-122.000000 86.000000 -9.354940 71 113 233
-120.000000 86.000000 -8.296440 70 135 251
-118.000000 86.000000 -8.171810 69 138 252
-116.000000 86.000000 -7.823130 68 143 254
-114.000000 86.000000 -8.010540 69 140 253
-112.000000 86.000000 -9.217260 71 118 238
-110.000000 86.000000 -8.681150 70 128 246
-108.000000 86.000000 -8.464430 70 130 248
-106.000000 86.000000 -9.123940 71 118 238
-104.000000 86.000000 -9.234490 71 115 235
-102.000000 86.000000 -9.453470 71 113 233
-100.000000 86.000000 -8.533970 70 130 248
-98.000000 86.000000 -8.573010 70 130 248
-96.000000 86.000000 -8.184120 69 138 252
-94.000000 86.000000 -7.203940 62 155 254
-92.000000 86.000000 -8.064290 69 138 252
-90.000000 86.000000 -8.406060 70 133 250
-88.000000 86.000000 -7.409530 64 153 255
-86.000000 86.000000 -8.089620 69 138 252
-84.000000 86.000000 -7.679590 67 145 254
-82.000000 86.000000 -5.826080 44 183 240
-80.000000 86.000000 -4.639740 30 203 218
-78.000000 86.000000 -4.639850 30 203 218
-76.000000 86.000000 -5.470990 39 190 233
-74.000000 86.000000 -4.187170 26 212 208
-72.000000 86.000000 -1.356440 50 242 152
-70.000000 86.000000 -2.053480 37 236 167
-68.000000 86.000000 -2.415700 31 233 175
-66.000000 86.000000 -1.326800 53 243 148
-64.000000 86.000000 0.636626 109 254 98
-62.000000 86.000000 2.197300 153 254 66
-60.000000 86.000000 1.165870 125 255 86
-58.000000 86.000000 2.050960 150 254 68
-56.000000 86.000000 0.396555 101 253 105
-54.000000 86.000000 1.100050 125 255 86
-52.000000 86.000000 2.135080 153 254 66
-50.000000 86.000000 1.820100 143 255 73
-48.000000 86.000000 2.940370 169 251 57
-46.000000 86.000000 2.928880 169 251 57
-44.000000 86.000000 4.010070 190 244 52
-42.000000 86.000000 3.741560 185 246 53
-40.000000 86.000000 3.397730 177 249 54
-38.000000 86.000000 4.926120 208 234 52
-36.000000 86.000000 5.485100 219 226 54
-34.000000 86.000000 5.343340 215 229 53
-32.000000 86.000000 5.715430 221 224 55
-30.000000 86.000000 7.554960 246 195 58
-28.000000 86.000000 6.915060 239 205 58
-26.000000 86.000000 5.860820 225 221 55
-24.000000 86.000000 7.677670 247 193 58
-22.000000 86.000000 7.367980 244 199 58
-20.000000 86.000000 8.364790 251 182 55
-18.000000 86.000000 8.030220 249 188 57
-16.000000 86.000000 7.690510 247 193 58
-14.000000 86.000000 7.127520 241 203 58
-12.000000 86.000000 7.504590 245 197 58
-10.000000 86.000000 7.672850 247 193 58
-8.000000 86.000000 5.814740 223 223 55
-6.000000 86.000000 8.379490 251 182 55
-4.000000 86.000000 8.206710 251 184 56
-2.000000 86.000000 8.404760 251 182 55
0.000000 86.000000 8.712700 253 174 53
2.000000 86.000000 14.523800 216 55 6
4.000000 86.000000 16.266900 188 32 2
6.000000 86.000000 13.995200 223 63 8
8.000000 86.000000 9.743940 254 153 44
10.000000 86.000000 8.006070 249 188 57
12.000000 86.000000 9.197400 254 167 50
14.000000 86.000000 8.681820 252 177 54
16.000000 86.000000 8.981150 254 169 51
18.000000 86.000000 16.337200 185 30 2
22.000000 86.000000 9.327680 254 164 49
-152.000000 84.000000 -1.878970 39 238 164
-150.000000 84.000000 -0.506373 74 248 128
-148.000000 84.000000 1.306450 128 255 83
-146.000000 84.000000 0.540113 105 253 102
-144.000000 84.000000 1.194340 125 255 86
-142.000000 84.000000 -0.134242 85 250 118
-140.000000 84.000000 -1.065890 60 245 142
-138.000000 84.000000 -0.756548 67 247 135
-136.000000 84.000000 -0.302036 82 250 122
-134.000000 84.000000 0.845642 117 254 92
-132.000000 84.000000 1.231180 128 255 83
-130.000000 84.000000 0.897550 117 254 92
-128.000000 84.000000 -0.306190 82 250 122
-126.000000 84.000000 0.092480 93 252 111
-124.000000 84.000000 -0.229019 82 250 122
-122.000000 84.000000 0.164378 93 252 111
-120.000000 84.000000 0.224949 97 252 108
-118.000000 84.000000 -0.295706 82 250 122
-116.000000 84.000000 -0.617917 70 248 132
-114.000000 84.000000 -0.244540 82 250 122
-112.000000 84.000000 -0.528468 74 248 128
-110.000000 84.000000 -1.704520 44 240 158
-108.000000 84.000000 -0.635715 70 248 132
-106.000000 84.000000 -0.127165 85 250 118
-104.000000 84.000000 -0.165915 85 250 118
-102.000000 84.000000 -0.450777 78 249 125
-100.000000 84.000000 -0.912155 63 246 138
-98.000000 84.000000 -0.903617 63 246 138
-96.000000 84.000000 -0.561561 74 248 128
-94.000000 84.000000 -0.078535 85 250 118
-92.000000 84.000000 -0.429981 78 249 125
-90.000000 84.000000 0.265519 97 252 108
-88.000000 84.000000 -0.467506 74 248 128
-86.000000 84.000000 -0.223882 82 250 122
-84.000000 84.000000 -1.910170 39 238 164
-82.000000 84.000000 -2.058720 37 236 167
-80.000000 84.000000 -1.769200 42 239 161
-78.000000 84.000000 -2.042540 37 236 167
-76.000000 84.000000 -0.960917 63 246 138
-74.000000 84.000000 -2.173560 34 235 170
-72.000000 84.000000 -2.489310 31 233 175
-70.000000 84.000000 -2.474000 31 233 175
-68.000000 84.000000 -3.318240 24 222 192
-66.000000 84.000000 -3.166370 24 224 189
-64.000000 84.000000 -2.600240 29 231 178
-62.000000 84.000000 -1.854820 42 239 161
-60.000000 84.000000 -3.060910 25 226 187
-58.000000 84.000000 -2.635140 29 231 178
-56.000000 84.000000 -2.178240 34 235 170
-54.000000 84.000000 -2.219040 34 235 170
-52.000000 84.000000 -2.168250 34 235 170
-50.000000 84.000000 -1.780620 42 239 161
-48.000000 84.000000 -2.257820 34 235 170
-46.000000 84.000000 -3.287980 24 224 189
-44.000000 84.000000 -1.075830 60 245 142
-42.000000 84.000000 0.036053 89 251 115
-40.000000 84.000000 0.307864 97 252 108
-38.000000 84.000000 -1.348800 53 243 148
-36.000000 84.000000 -1.311540 53 243 148
-34.000000 84.000000 -2.013290 37 236 167
-32.000000 84.000000 -2.444160 31 233 175
-30.000000 84.000000 -1.595800 47 241 155
-28.000000 84.000000 -0.419230 78 249 125
-26.000000 84.000000 -0.967717 63 246 138
-24.000000 84.000000 -1.590690 47 241 155
-22.000000 84.000000 -1.466490 50 242 152
-20.000000 84.000000 -0.901763 63 246 138
-18.000000 84.000000 -0.003716 89 251 115
-16.000000 84.000000 1.642840 139 255 75
-14.000000 84.000000 0.597552 109 254 98
-12.000000 84.000000 -0.133322 85 250 118
-10.000000 84.000000 -0.275948 82 250 122
-8.000000 84.000000 2.842250 167 252 58
-6.000000 84.000000 4.981430 210 233 53
-4.000000 84.000000 4.449510 200 239 52
-2.000000 84.000000 3.380740 177 249 54
0.000000 84.000000 3.009940 169 251 57
2.000000 84.000000 3.101920 172 251 56
4.000000 84.000000 1.866700 146 255 71
6.000000 84.000000 1.027460 121 254 89
8.000000 84.000000 -0.335487 78 249 125
10.000000 84.000000 1.408170 132 255 81
12.000000 84.000000 2.133130 153 254 66
14.000000 84.000000 2.916620 169 251 57
16.000000 84.000000 6.591920 235 211 57
18.000000 84.000000 5.514190 219 226 54
20.000000 84.000000 4.573160 203 237 52
22.000000 84.000000 4.235540 195 241 52
24.000000 84.000000 6.551990 235 211 57
26.000000 84.000000 3.242750 175 250 55
-156.000000 82.000000 -5.366890 39 190 233
-154.000000 82.000000 -3.552140 24 219 197
-152.000000 82.000000 -1.619950 44 240 158
-150.000000 82.000000 -1.317590 53 243 148
-148.000000 82.000000 -5.123730 35 195 228
-146.000000 82.000000 -1.398680 50 242 152
-144.000000 82.000000 1.102110 125 255 86
-142.000000 82.000000 1.960480 146 255 71
-140.000000 82.000000 3.094380 172 251 56
-138.000000 82.000000 2.939390 169 251 57
-136.000000 82.000000 3.647340 183 247 53
-134.000000 82.000000 4.078640 193 243 52
-132.000000 82.000000 4.041350 190 244 52
-130.000000 82.000000 2.082640 150 254 68
-128.000000 82.000000 4.619850 203 237 52
-126.000000 82.000000 4.450200 200 239 52
-124.000000 82.000000 6.051300 227 219 56
-122.000000 82.000000 6.664290 236 209 58
-120.000000 82.000000 7.138420 241 203 58
-118.000000 82.000000 7.308190 244 199 58
-116.000000 82.000000 7.794200 248 190 57
-114.000000 82.000000 8.628680 252 177 54
-112.000000 82.000000 8.176010 250 186 57
-110.000000 82.000000 7.845480 248 190 57
-108.000000 82.000000 8.413390 251 182 55
-106.000000 82.000000 7.629500 246 195 58
-104.000000 82.000000 8.775420 253 174 53
-102.000000 82.000000 7.413320 245 197 58
-100.000000 82.000000 7.624750 246 195 58
-98.000000 82.000000 8.236920 251 184 56
-96.000000 82.000000 8.772260 253 174 53
-94.000000 82.000000 9.465380 254 161 48
-92.000000 82.000000 9.162850 254 167 50
-90.000000 82.000000 8.566890 252 179 54
-88.000000 82.000000 8.127560 250 186 57
-86.000000 82.000000 8.759370 253 174 53
-84.000000 82.000000 8.168620 250 186 57
-82.000000 82.000000 7.891190 248 190 57
-80.000000 82.000000 8.830840 253 172 52
-78.000000 82.000000 9.015700 254 169 51
-76.000000 82.000000 8.724580 253 174 53
-74.000000 82.000000 8.136160 250 186 57
-72.000000 82.000000 8.331590 251 182 55
-70.000000 82.000000 8.312120 251 182 55
-68.000000 82.000000 7.896770 248 190 57
-66.000000 82.000000 6.927980 239 205 58
-64.000000 82.000000 7.606400 246 195 58
-62.000000 82.000000 7.225400 242 201 58
-60.000000 82.000000 7.237600 242 201 58
-58.000000 82.000000 6.357690 231 215 57
-56.000000 82.000000 6.982780 239 205 58
-54.000000 82.000000 7.233920 242 201 58
-52.000000 82.000000 7.234710 242 201 58
-50.000000 82.000000 6.985370 239 205 58
-48.000000 82.000000 8.372460 251 182 55
-46.000000 82.000000 7.628350 246 195 58
-44.000000 82.000000 7.381850 244 199 58
-42.000000 82.000000 6.391950 233 213 57
-40.000000 82.000000 6.489640 233 213 57
-38.000000 82.000000 6.695120 236 209 58
-36.000000 82.000000 6.127760 229 217 56
-34.000000 82.000000 6.349500 231 215 57
-32.000000 82.000000 7.236050 242 201 58
-30.000000 82.000000 6.382960 233 213 57
-28.000000 82.000000 5.906550 225 221 55
-26.000000 82.000000 5.905160 225 221 55
-24.000000 82.000000 5.671370 221 224 55
-22.000000 82.000000 6.088200 227 219 56
-20.000000 82.000000 6.557550 235 211 57
-18.000000 82.000000 5.959830 225 221 55
-16.000000 82.000000 5.479730 219 226 54
-14.000000 82.000000 5.348140 217 228 54
-12.000000 82.000000 5.925810 225 221 55
-10.000000 82.000000 6.134220 229 217 56
-8.000000 82.000000 6.162980 229 217 56
-6.000000 82.000000 5.618880 221 224 55
-4.000000 82.000000 5.606620 221 224 55
-2.000000 82.000000 6.901520 239 205 58
0.000000 82.000000 8.035230 249 188 57
2.000000 82.000000 5.114520 212 231 53
4.000000 82.000000 4.004850 190 244 52
6.000000 82.000000 5.929340 225 221 55
8.000000 82.000000 5.923750 225 221 55
10.000000 82.000000 6.565350 235 211 57
12.000000 82.000000 5.397960 217 228 54
14.000000 82.000000 6.464900 233 213 57
16.000000 82.000000 5.874960 225 221 55
18.000000 82.000000 6.618300 235 211 57
20.000000 82.000000 3.561630 183 247 53
22.000000 82.000000 4.360040 198 240 52
24.000000 82.000000 5.787480 223 223 55
26.000000 82.000000 6.680800 236 209 58
28.000000 82.000000 5.943340 225 221 55
30.000000 82.000000 6.198840 229 217 56
32.000000 82.000000 5.520810 219 226 54
34.000000 82.000000 5.496200 219 226 54
36.000000 82.000000 5.317280 215 229 53
40.000000 82.000000 2.387830 159 253 63
-158.000000 80.000000 -14.657800 48 18 59
-156.000000 80.000000 -14.760500 48 18 59
-154.000000 80.000000 -14.797100 48 18 59
-152.000000 80.000000 -15.834300 48 18 59
-150.000000 80.000000 -15.426300 48 18 59
-148.000000 80.000000 -13.750300 48 18 59
-146.000000 80.000000 -14.276600 48 18 59
-144.000000 80.000000 -16.934600 48 18 59
-142.000000 80.000000 -15.849000 48 18 59
-140.000000 80.000000 -14.177000 48 18 59
-138.000000 80.000000 -12.728000 57 42 115
-136.000000 80.000000 -13.248600 53 30 88
-134.000000 80.000000 -12.788400 57 42 115
-132.000000 80.000000 -12.899600 56 39 109
-130.000000 80.000000 -7.121420 61 158 254
-128.000000 80.000000 -9.382580 71 113 233
-126.000000 80.000000 -9.465420 71 113 233
-124.000000 80.000000 -7.213790 62 155 254
-122.000000 80.000000 -4.860890 32 199 223
-120.000000 80.000000 -2.305050 32 234 172
-118.000000 80.000000 -2.433470 31 233 175
-116.000000 80.000000 -1.887770 39 238 164
-114.000000 80.000000 -0.060855 89 251 115
-112.000000 80.000000 2.654400 164 252 60
-110.000000 80.000000 0.991542 121 254 89
-108.000000 80.000000 3.209110 175 250 55
-106.000000 80.000000 2.765950 164 252 60
-104.000000 80.000000 0.549741 105 253 102
-102.000000 80.000000 4.982070 210 233 53
-100.000000 80.000000 5.265340 215 229 53
-98.000000 80.000000 7.631570 246 195 58
-96.000000 80.000000 2.456510 159 253 63
-94.000000 80.000000 2.225120 153 254 66
-92.000000 80.000000 4.371170 198 240 52
-90.000000 80.000000 5.270120 215 229 53
-88.000000 80.000000 5.272580 215 229 53
-86.000000 80.000000 8.730360 253 174 53
-84.000000 80.000000 9.230570 254 164 49
-82.000000 80.000000 9.592460 254 158 47
-80.000000 80.000000 8.638650 252 177 54
-78.000000 80.000000 9.453140 254 161 48
-76.000000 80.000000 9.187050 254 167 50
-74.000000 80.000000 10.261600 253 141 39
-72.000000 80.000000 11.940300 244 102 23
-70.000000 80.000000 13.924200 225 65 9
-68.000000 80.000000 13.458400 231 73 12
-66.000000 80.000000 14.547100 216 55 6
-64.000000 80.000000 12.256700 242 96 20
-62.000000 80.000000 11.542200 247 111 26
-60.000000 80.000000 12.227800 242 96 20
-58.000000 80.000000 12.810100 237 85 16
-56.000000 80.000000 14.813200 212 51 5
-54.000000 80.000000 14.246500 220 59 7
-52.000000 80.000000 12.776000 237 85 16
-50.000000 80.000000 14.936600 210 49 5
-48.000000 80.000000 15.356900 204 43 4
-46.000000 80.000000 14.300700 220 59 7
-44.000000 80.000000 14.059800 223 63 8
-42.000000 80.000000 12.881400 236 83 15
-40.000000 80.000000 11.967300 244 102 23
-38.000000 80.000000 15.031000 208 47 5
-36.000000 80.000000 13.451100 231 73 12
-34.000000 80.000000 16.099200 190 33 2
-32.000000 80.000000 14.542700 216 55 6
-30.000000 80.000000 13.538400 229 71 11
-28.000000 80.000000 12.940800 236 83 15
-26.000000 80.000000 12.758200 237 85 16
-24.000000 80.000000 14.231600 221 61 8
-22.000000 80.000000 13.308700 232 75 12
-20.000000 80.000000 12.114400 243 99 21
-18.000000 80.000000 13.913300 225 65 9
-16.000000 80.000000 14.941600 210 49 5
-14.000000 80.000000 14.616900 216 55 6
-12.000000 80.000000 14.516200 216 55 6
-10.000000 80.000000 15.230800 206 45 4
-8.000000 80.000000 14.545900 216 55 6
-6.000000 80.000000 14.778100 212 51 5
-4.000000 80.000000 15.136600 208 47 5
-2.000000 80.000000 15.750500 197 38 3
0.000000 80.000000 13.162600 234 78 13
2.000000 80.000000 14.588000 216 55 6
4.000000 80.000000 13.877400 225 65 9
6.000000 80.000000 13.003600 235 80 14
8.000000 80.000000 12.303200 242 96 20
10.000000 80.000000 13.945800 225 65 9
12.000000 80.000000 12.928400 236 83 15
14.000000 80.000000 14.096000 223 63 8
16.000000 80.000000 13.136200 234 78 13
18.000000 80.000000 15.808600 195 37 3
20.000000 80.000000 15.723700 197 38 3
22.000000 80.000000 17.002400 172 23 1
24.000000 80.000000 14.759200 212 51 5
26.000000 80.000000 12.659300 239 88 17
28.000000 80.000000 12.981200 235 80 14
30.000000 80.000000 13.546600 229 71 11
32.000000 80.000000 12.582100 239 88 17
34.000000 80.000000 13.987800 223 63 8
36.000000 80.000000 13.236400 232 75 12
38.000000 80.000000 13.147000 234 78 13
40.000000 80.000000 12.609800 239 88 17
42.000000 80.000000 13.314000 232 75 12
44.000000 80.000000 13.977600 225 65 9
-160.000000 78.000000 -9.500080 71 110 230
-158.000000 78.000000 -7.854820 68 143 254
-156.000000 78.000000 -9.730910 70 107 227
-154.000000 78.000000 -11.357100 66 73 177
-152.000000 78.000000 -11.482100 65 70 172
-150.000000 78.000000 -10.305100 69 94 211
-148.000000 78.000000 -9.880650 70 102 221
-146.000000 78.000000 -10.995800 68 81 191
-144.000000 78.000000 -9.393670 71 113 233
-142.000000 78.000000 -9.948970 70 102 221
-140.000000 78.000000 -10.165900 70 97 214
-138.000000 78.000000 -10.544000 69 89 203
-136.000000 78.000000 -9.566910 71 110 230
-134.000000 78.000000 -10.129600 70 97 214
-132.000000 78.000000 -9.652640 70 107 227
-130.000000 78.000000 -10.419800 69 92 207
-128.000000 78.000000 -10.330800 69 94 211
-126.000000 78.000000 -10.574300 69 89 203
-124.000000 78.000000 -11.039700 67 78 186
-122.000000 78.000000 -11.206700 66 75 181
-120.000000 78.000000 -12.196300 61 53 139
-118.000000 78.000000 -10.764200 68 84 195
-116.000000 78.000000 -11.858100 63 62 156
-114.000000 78.000000 -12.282800 61 53 139
-112.000000 78.000000 -11.910100 63 62 156
-110.000000 78.000000 -10.408000 69 92 207
-108.000000 78.000000 -10.811800 68 84 195
-106.000000 78.000000 -12.215300 61 53 139
-104.000000 78.000000 -10.246400 70 97 214
-102.000000 78.000000 -10.135500 70 97 214
-100.000000 78.000000 -11.183900 66 75 181
-98.000000 78.000000 -9.388400 71 113 233
-96.000000 78.000000 -6.745620 56 165 251
-94.000000 78.000000 -8.285440 70 135 251
-92.000000 78.000000 -6.514310 55 168 250
-90.000000 78.000000 -6.617670 55 168 250
-88.000000 78.000000 -7.046340 61 158 254
-86.000000 78.000000 -6.107210 47 178 244
-84.000000 78.000000 -5.661610 42 185 238
-82.000000 78.000000 -5.323040 37 192 231
-80.000000 78.000000 -3.075410 25 226 187
-78.000000 78.000000 -4.392180 27 208 213
-76.000000 78.000000 -3.578050 24 219 197
-74.000000 78.000000 -3.322500 24 222 192
-72.000000 78.000000 -3.450210 24 221 194
-70.000000 78.000000 -2.883820 26 228 182
-68.000000 78.000000 -2.199750 34 235 170
-66.000000 78.000000 -1.904120 39 238 164
-64.000000 78.000000 0.314615 97 252 108
-62.000000 78.000000 0.705646 109 254 98
-60.000000 78.000000 1.056060 121 254 89
-58.000000 78.000000 1.418350 132 255 81
-56.000000 78.000000 1.675590 139 255 75
-54.000000 78.000000 -1.443110 50 242 152
-52.000000 78.000000 1.953120 146 255 71
-50.000000 78.000000 3.186820 175 250 55
-48.000000 78.000000 4.619940 203 237 52
-46.000000 78.000000 4.478560 200 239 52
-44.000000 78.000000 4.629230 203 237 52
-42.000000 78.000000 6.413540 233 213 57
-40.000000 78.000000 5.412520 217 228 54
-38.000000 78.000000 7.220420 242 201 58
-36.000000 78.000000 6.678360 236 209 58
-34.000000 78.000000 6.273020 231 215 57
-32.000000 78.000000 6.749050 236 209 58
-30.000000 78.000000 7.669720 247 193 58
-28.000000 78.000000 9.109940 254 167 50
-26.000000 78.000000 8.910520 253 172 52
-24.000000 78.000000 9.509540 254 158 47
-22.000000 78.000000 8.419940 251 182 55
-20.000000 78.000000 7.484220 245 197 58
-18.000000 78.000000 8.516690 252 179 54
-16.000000 78.000000 8.513660 252 179 54
-14.000000 78.000000 9.191350 254 167 50
-12.000000 78.000000 8.753430 253 174 53
-10.000000 78.000000 8.995960 254 169 51
-8.000000 78.000000 7.745440 247 193 58
-6.000000 78.000000 7.591510 246 195 58
-4.000000 78.000000 7.483840 245 197 58
-2.000000 78.000000 8.192890 251 184 56
0.000000 78.000000 11.777300 246 108 25
2.000000 78.000000 10.458700 253 138 38
4.000000 78.000000 12.132100 243 99 21
6.000000 78.000000 8.250940 251 184 56
8.000000 78.000000 11.923300 244 102 23
10.000000 78.000000 10.266400 253 141 39
12.000000 78.000000 10.808000 251 129 34
14.000000 78.000000 9.766550 254 153 44
16.000000 78.000000 7.782010 247 193 58
18.000000 78.000000 6.713420 236 209 58
20.000000 78.000000 7.053980 241 203 58
22.000000 78.000000 7.660310 246 195 58
24.000000 78.000000 10.383100 253 138 38
26.000000 78.000000 12.522200 240 91 18
28.000000 78.000000 12.583800 239 88 17
30.000000 78.000000 13.408700 231 73 12
32.000000 78.000000 15.502900 202 42 4
34.000000 78.000000 13.265600 232 75 12
36.000000 78.000000 13.319300 232 75 12
38.000000 78.000000 12.237200 242 96 20
40.000000 78.000000 14.594300 216 55 6
42.000000 78.000000 13.448000 231 73 12
44.000000 78.000000 9.596890 254 158 47
46.000000 78.000000 10.318900 253 141 39
48.000000 78.000000 10.757300 252 132 35
50.000000 78.000000 13.345600 231 73 12
56.000000 78.000000 13.938500 225 65 9
-164.000000 76.000000 -1.807480 42 239 161
-162.000000 76.000000 -2.516570 29 231 178
-160.000000 76.000000 -0.273593 82 250 122
-158.000000 76.000000 -1.655550 44 240 158
-156.000000 76.000000 -0.919146 63 246 138
-154.000000 76.000000 -2.045310 37 236 167
-152.000000 76.000000 -0.840756 67 247 135
-150.000000 76.000000 -2.771120 28 230 180
-148.000000 76.000000 -2.500820 31 233 175
-146.000000 76.000000 -1.639970 44 240 158
-144.000000 76.000000 -2.241210 34 235 170
-142.000000 76.000000 -1.835120 42 239 161
-140.000000 76.000000 -1.817040 42 239 161
-138.000000 76.000000 -2.440670 31 233 175
-136.000000 76.000000 -2.706630 28 230 180
-134.000000 76.000000 -3.257270 24 224 189
-132.000000 76.000000 -2.862940 26 228 182
-130.000000 76.000000 -1.806500 42 239 161
-128.000000 76.000000 -2.760130 28 230 180
-126.000000 76.000000 -1.941440 39 238 164
-124.000000 76.000000 -2.418770 31 233 175
-122.000000 76.000000 -2.541320 29 231 178
-120.000000 76.000000 -2.372180 32 234 172
-118.000000 76.000000 -3.177170 24 224 189
-116.000000 76.000000 -2.811570 26 228 182
-114.000000 76.000000 -2.630280 29 231 178
-112.000000 76.000000 -3.569310 24 219 197
-110.000000 76.000000 -3.679770 24 217 200
-108.000000 76.000000 -2.554610 29 231 178
-106.000000 76.000000 -2.041890 37 236 167
-104.000000 76.000000 -2.697650 28 230 180
-102.000000 76.000000 -3.306500 24 222 192
-100.000000 76.000000 -3.443590 24 221 194
-98.000000 76.000000 -2.833990 26 228 182
-96.000000 76.000000 -3.424760 24 221 194
-94.000000 76.000000 -3.538850 24 221 194
-92.000000 76.000000 -3.986070 25 213 205
-90.000000 76.000000 -3.211410 24 224 189
-88.000000 76.000000 -3.029970 25 227 185
-86.000000 76.000000 -4.533080 28 205 216
-84.000000 76.000000 -4.374190 27 208 213
-82.000000 76.000000 -3.347380 24 222 192
-80.000000 76.000000 -4.645120 30 203 218
-78.000000 76.000000 -4.912710 32 199 223
-76.000000 76.000000 -4.338630 27 208 213
-74.000000 76.000000 -4.749650 31 201 221
-72.000000 76.000000 -5.160150 35 195 228
-70.000000 76.000000 -4.738120 31 201 221
-68.000000 76.000000 -4.716000 31 201 221
-66.000000 76.000000 -5.005360 34 197 226
-64.000000 76.000000 -4.409600 27 208 213
-62.000000 76.000000 -4.072710 26 212 208
-60.000000 76.000000 -4.851530 32 199 223
-58.000000 76.000000 -4.262380 26 210 210
-56.000000 76.000000 -2.492360 31 233 175
-54.000000 76.000000 -1.691310 44 240 158
-52.000000 76.000000 -2.826300 26 228 182
-50.000000 76.000000 -3.934690 25 213 205
-48.000000 76.000000 -4.642630 30 203 218
-46.000000 76.000000 -3.042650 25 226 187
-44.000000 76.000000 -3.057210 25 226 187
-42.000000 76.000000 -2.905890 25 227 185
-40.000000 76.000000 -3.835900 24 215 202
-38.000000 76.000000 -3.386690 24 222 192
-36.000000 76.000000 -3.343520 24 222 192
-34.000000 76.000000 -2.514820 31 233 175
-32.000000 76.000000 -2.114000 37 236 167
-30.000000 76.000000 -2.345460 32 234 172
-28.000000 76.000000 -2.461320 31 233 175
-26.000000 76.000000 -2.668730 28 230 180
-24.000000 76.000000 -3.489350 24 221 194
-22.000000 76.000000 -3.375830 24 222 192
-20.000000 76.000000 -2.579070 29 231 178
-18.000000 76.000000 -2.060200 37 236 167
-16.000000 76.000000 -0.889087 63 246 138
-14.000000 76.000000 -1.000820 60 245 142
-12.000000 76.000000 -1.141610 56 244 145
-10.000000 76.000000 -1.204270 56 244 145
-8.000000 76.000000 -1.177790 56 244 145
-6.000000 76.000000 0.252127 97 252 108
-4.000000 76.000000 1.803260 143 255 73
-2.000000 76.000000 3.676510 185 246 53
0.000000 76.000000 2.396720 159 253 63
2.000000 76.000000 4.751820 205 236 52
4.000000 76.000000 4.503880 200 239 52
6.000000 76.000000 4.043730 190 244 52
8.000000 76.000000 2.332870 156 254 64
10.000000 76.000000 3.629740 183 247 53
12.000000 76.000000 3.917640 188 245 52
14.000000 76.000000 2.988070 169 251 57
16.000000 76.000000 3.586800 183 247 53
18.000000 76.000000 4.526870 200 239 52
20.000000 76.000000 6.267590 231 215 57
22.000000 76.000000 5.172000 212 231 53
24.000000 76.000000 4.964290 210 233 53
26.000000 76.000000 5.546150 219 226 54
28.000000 76.000000 4.170180 193 243 52
30.000000 76.000000 3.315490 177 249 54
32.000000 76.000000 -0.581687 74 248 128
34.000000 76.000000 -1.633010 44 240 158
36.000000 76.000000 1.416310 132 255 81
38.000000 76.000000 -0.361405 78 249 125
40.000000 76.000000 -1.284020 53 243 148
42.000000 76.000000 -2.833560 26 228 182
44.000000 76.000000 -1.797400 42 239 161
46.000000 76.000000 0.588535 109 254 98
48.000000 76.000000 3.028310 172 251 56
50.000000 76.000000 4.494300 200 239 52
52.000000 76.000000 2.312680 156 254 64
54.000000 76.000000 2.810800 167 252 58
56.000000 76.000000 -0.057280 89 251 115
58.000000 76.000000 -1.023600 60 245 142
60.000000 76.000000 -0.684377 70 248 132
64.000000 76.000000 10.338100 253 141 39
-170.000000 74.000000 -20.385500 48 18 59
-168.000000 74.000000 -4.788530 31 201 221
-166.000000 74.000000 -6.331750 51 173 247
-164.000000 74.000000 -6.251030 49 175 245
-162.000000 74.000000 -6.969160 59 160 253
-160.000000 74.000000 -3.206590 24 224 189
-158.000000 74.000000 -2.985170 25 227 185
-156.000000 74.000000 -1.450260 50 242 152
-154.000000 74.000000 -1.715760 44 240 158
-152.000000 74.000000 -2.500990 31 233 175
-150.000000 74.000000 -0.818428 67 247 135
-148.000000 74.000000 0.464735 105 253 102
-146.000000 74.000000 0.499623 105 253 102
-144.000000 74.000000 2.303880 156 254 64
-142.000000 74.000000 2.333680 156 254 64
-140.000000 74.000000 3.744590 185 246 53
-138.000000 74.000000 4.522260 200 239 52
-136.000000 74.000000 4.664350 203 237 52
-134.000000 74.000000 5.145020 212 231 53
-132.000000 74.000000 5.442690 217 228 54
-130.000000 74.000000 4.590090 203 237 52
-128.000000 74.000000 5.412110 217 228 54
-126.000000 74.000000 4.679090 203 237 52
-124.000000 74.000000 5.066430 210 233 53
-122.000000 74.000000 6.047980 227 219 56
-120.000000 74.000000 6.460600 233 213 57
-118.000000 74.000000 5.955300 225 221 55
-116.000000 74.000000 6.241560 229 217 56
-114.000000 74.000000 5.670020 221 224 55
-112.000000 74.000000 6.319180 231 215 57
-110.000000 74.000000 6.503970 233 213 57
-108.000000 74.000000 6.071980 227 219 56
-106.000000 74.000000 5.419170 217 228 54
-104.000000 74.000000 5.792590 223 223 55
-102.000000 74.000000 5.911570 225 221 55
-100.000000 74.000000 5.631400 221 224 55
-98.000000 74.000000 5.562260 219 226 54
-96.000000 74.000000 5.813880 223 223 55
-94.000000 74.000000 4.933740 208 234 52
-92.000000 74.000000 5.960090 225 221 55
-90.000000 74.000000 5.961260 225 221 55
-88.000000 74.000000 5.838790 223 223 55
-86.000000 74.000000 6.016150 227 219 56
-84.000000 74.000000 6.145960 229 217 56
-82.000000 74.000000 5.868320 225 221 55
-80.000000 74.000000 6.437040 233 213 57
-78.000000 74.000000 6.030590 227 219 56
-76.000000 74.000000 5.250980 215 229 53
-74.000000 74.000000 4.992040 210 233 53
-72.000000 74.000000 4.893210 208 234 52
-70.000000 74.000000 4.703250 205 236 52
-68.000000 74.000000 4.786730 205 236 52
-66.000000 74.000000 4.825130 205 236 52
-64.000000 74.000000 4.717680 205 236 52
-62.000000 74.000000 4.300680 195 241 52
-60.000000 74.000000 5.423940 217 228 54
-58.000000 74.000000 4.412100 198 240 52
-56.000000 74.000000 3.337520 177 249 54
-54.000000 74.000000 3.328000 177 249 54
-52.000000 74.000000 3.378010 177 249 54
-50.000000 74.000000 3.367280 177 249 54
-48.000000 74.000000 3.828060 188 245 52
-46.000000 74.000000 3.738720 185 246 53
-44.000000 74.000000 3.711110 185 246 53
-42.000000 74.000000 2.973780 169 251 57
-40.000000 74.000000 3.706570 185 246 53
-38.000000 74.000000 3.462390 180 248 54
-36.000000 74.000000 3.339170 177 249 54
-34.000000 74.000000 3.704250 185 246 53
-32.000000 74.000000 3.586080 183 247 53
-30.000000 74.000000 2.996100 169 251 57
-28.000000 74.000000 2.893540 167 252 58
-26.000000 74.000000 3.235120 175 250 55
-24.000000 74.000000 2.766390 164 252 60
-22.000000 74.000000 1.795070 143 255 73
-20.000000 74.000000 1.690100 139 255 75
-18.000000 74.000000 2.402010 159 253 63
-16.000000 74.000000 2.294660 156 254 64
-14.000000 74.000000 2.549120 161 253 61
-12.000000 74.000000 2.909250 169 251 57
-10.000000 74.000000 2.672650 164 252 60
-8.000000 74.000000 3.754230 185 246 53
-6.000000 74.000000 2.696390 164 252 60
-4.000000 74.000000 2.111320 150 254 68
-2.000000 74.000000 1.415640 132 255 81
0.000000 74.000000 0.784254 113 254 95
2.000000 74.000000 1.555960 136 255 78
4.000000 74.000000 2.025020 150 254 68
6.000000 74.000000 3.153280 172 251 56
8.000000 74.000000 1.751980 143 255 73
10.000000 74.000000 1.342520 128 255 83
12.000000 74.000000 1.564170 136 255 78
14.000000 74.000000 2.275590 156 254 64
16.000000 74.000000 2.269400 156 254 64
18.000000 74.000000 1.295990 128 255 83
20.000000 74.000000 1.363520 132 255 81
22.000000 74.000000 0.725276 113 254 95
24.000000 74.000000 2.128210 153 254 66
26.000000 74.000000 2.470340 159 253 63
28.000000 74.000000 2.782860 167 252 58
30.000000 74.000000 3.226870 175 250 55
32.000000 74.000000 2.875860 167 252 58
34.000000 74.000000 2.876400 167 252 58
36.000000 74.000000 0.835067 117 254 92
38.000000 74.000000 0.279777 97 252 108
40.000000 74.000000 0.905357 117 254 92
42.000000 74.000000 1.794960 143 255 73
44.000000 74.000000 1.356600 132 255 81
46.000000 74.000000 0.346405 101 253 105
48.000000 74.000000 -0.529323 74 248 128
50.000000 74.000000 0.082145 93 252 111
52.000000 74.000000 0.703555 109 254 98
54.000000 74.000000 -0.800189 67 247 135
56.000000 74.000000 -0.902814 63 246 138
58.000000 74.000000 0.027350 89 251 115
60.000000 74.000000 1.555390 136 255 78
62.000000 74.000000 2.476500 159 253 63
64.000000 74.000000 2.498710 159 253 63
66.000000 74.000000 0.902710 117 254 92
68.000000 74.000000 1.229410 128 255 83
72.000000 74.000000 2.696470 164 252 60
-170.000000 72.000000 -15.946700 48 18 59
-168.000000 72.000000 -14.246300 48 18 59
-166.000000 72.000000 -14.007900 48 18 59
-164.000000 72.000000 -15.659300 48 18 59
-162.000000 72.000000 -14.995100 48 18 59
-160.000000 72.000000 -14.126400 48 18 59
-158.000000 72.000000 -14.976500 48 18 59
-156.000000 72.000000 -14.177800 48 18 59
-154.000000 72.000000 -12.429500 60 50 134
-152.000000 72.000000 -11.027200 67 78 186
-150.000000 72.000000 -12.006700 63 59 151
-148.000000 72.000000 -12.564800 59 47 128
-146.000000 72.000000 -10.153100 70 97 214
-144.000000 72.000000 -12.192200 61 53 139
-142.000000 72.000000 -11.863300 63 62 156
-140.000000 72.000000 -11.816200 63 62 156
-138.000000 72.000000 -10.247400 70 97 214
-136.000000 72.000000 -9.960860 70 102 221
-134.000000 72.000000 -6.226080 49 175 245
-132.000000 72.000000 -6.208650 49 175 245
-130.000000 72.000000 -4.620290 30 203 218
-128.000000 72.000000 -5.023080 34 197 226
-126.000000 72.000000 -0.338923 78 249 125
-124.000000 72.000000 0.713559 113 254 95
-122.000000 72.000000 -0.870802 63 246 138
-120.000000 72.000000 -0.997557 60 245 142
-118.000000 72.000000 -0.411484 78 249 125
-116.000000 72.000000 0.293060 97 252 108
-114.000000 72.000000 1.449140 132 255 81
-112.000000 72.000000 0.532415 105 253 102
-110.000000 72.000000 1.994170 146 255 71
-108.000000 72.000000 2.028140 150 254 68
-106.000000 72.000000 3.192560 175 250 55
-104.000000 72.000000 4.337470 198 240 52
-102.000000 72.000000 4.468960 200 239 52
-100.000000 72.000000 6.725700 236 209 58
-98.000000 72.000000 8.025730 249 188 57
-96.000000 72.000000 7.774990 247 193 58
-94.000000 72.000000 8.030450 249 188 57
-92.000000 72.000000 10.116900 254 144 41
-90.000000 72.000000 8.403680 251 182 55
-88.000000 72.000000 6.940460 239 205 58
-86.000000 72.000000 9.445820 254 161 48
-84.000000 72.000000 8.564020 252 179 54
-82.000000 72.000000 9.555740 254 158 47
-80.000000 72.000000 11.967400 244 102 23
-78.000000 72.000000 8.647520 252 177 54
-76.000000 72.000000 10.671700 252 132 35
-74.000000 72.000000 11.570700 247 111 26
-72.000000 72.000000 11.098600 250 123 31
-70.000000 72.000000 11.999700 244 102 23
-68.000000 72.000000 10.356800 253 141 39
-66.000000 72.000000 11.164100 249 120 30
-64.000000 72.000000 12.530300 240 91 18
-62.000000 72.000000 12.672000 239 88 17
-60.000000 72.000000 12.581300 239 88 17
-58.000000 72.000000 12.224200 242 96 20
-56.000000 72.000000 11.461100 248 114 28
-54.000000 72.000000 11.207400 249 120 30
-52.000000 72.000000 12.263200 242 96 20
-50.000000 72.000000 12.320200 241 93 19
-48.000000 72.000000 12.828000 236 83 15
-46.000000 72.000000 12.148300 243 99 21
-44.000000 72.000000 11.995200 244 102 23
-42.000000 72.000000 12.235000 242 96 20
-40.000000 72.000000 11.800800 245 105 24
-38.000000 72.000000 12.999300 235 80 14
-36.000000 72.000000 13.266300 232 75 12
-34.000000 72.000000 12.778100 237 85 16
-32.000000 72.000000 12.247600 242 96 20
-30.000000 72.000000 11.695900 246 108 25
-28.000000 72.000000 11.901100 245 105 24
-26.000000 72.000000 12.917200 236 83 15
-24.000000 72.000000 12.935900 236 83 15
-22.000000 72.000000 12.213400 242 96 20
-20.000000 72.000000 12.814800 237 85 16
-18.000000 72.000000 13.418000 231 73 12
-16.000000 72.000000 12.617200 239 88 17
-14.000000 72.000000 11.481400 248 114 28
-12.000000 72.000000 11.387000 249 117 29
-10.000000 72.000000 12.023800 244 102 23
-8.000000 72.000000 11.319800 249 117 29
-6.000000 72.000000 11.279000 249 117 29
-4.000000 72.000000 10.994300 251 126 33
-2.000000 72.000000 11.120300 250 123 31
0.000000 72.000000 12.024000 244 102 23
2.000000 72.000000 10.368800 253 141 39
4.000000 72.000000 10.449900 253 138 38
6.000000 72.000000 10.255800 253 141 39
8.000000 72.000000 10.021200 254 147 42
10.000000 72.000000 10.188300 254 144 41
12.000000 72.000000 9.599700 254 155 45
14.000000 72.000000 9.744540 254 153 44
16.000000 72.000000 10.650100 252 132 35
18.000000 72.000000 10.121700 254 144 41
20.000000 72.000000 10.306600 253 141 39
22.000000 72.000000 10.241900 254 144 41
24.000000 72.000000 10.598900 252 135 37
26.000000 72.000000 9.321510 254 164 49
28.000000 72.000000 9.362960 254 161 48
30.000000 72.000000 10.268700 253 141 39
32.000000 72.000000 9.477810 254 158 47
34.000000 72.000000 9.492010 254 158 47
36.000000 72.000000 10.191500 254 144 41
38.000000 72.000000 9.642150 254 155 45
40.000000 72.000000 9.551250 254 158 47
42.000000 72.000000 10.486400 253 138 38
44.000000 72.000000 8.524270 252 179 54
46.000000 72.000000 9.837780 254 153 44
48.000000 72.000000 8.533620 252 179 54
50.000000 72.000000 8.705880 253 174 53
52.000000 72.000000 9.559990 254 158 47
54.000000 72.000000 9.820960 254 153 44
56.000000 72.000000 9.380130 254 161 48
58.000000 72.000000 9.434230 254 161 48
60.000000 72.000000 9.808150 254 153 44
62.000000 72.000000 9.711790 254 155 45
64.000000 72.000000 9.891080 254 150 43
66.000000 72.000000 9.063130 254 169 51
68.000000 72.000000 8.991020 254 169 51
70.000000 72.000000 8.823380 253 174 53
72.000000 72.000000 9.075070 254 169 51
74.000000 72.000000 10.062200 254 147 42
-172.000000 70.000000 -10.381500 69 92 207
-170.000000 70.000000 -11.006500 68 81 191
-168.000000 70.000000 -10.584700 69 89 203
-166.000000 70.000000 -10.122900 70 97 214
-164.000000 70.000000 -10.454500 69 92 207
-162.000000 70.000000 -10.673900 68 86 199
-160.000000 70.000000 -11.220900 66 75 181
-158.000000 70.000000 -10.106800 70 100 218
-156.000000 70.000000 -10.543000 69 89 203
-154.000000 70.000000 -11.735900 64 64 162
-152.000000 70.000000 -10.894700 68 81 191
-150.000000 70.000000 -10.663000 68 86 199
-148.000000 70.000000 -11.479800 65 70 172
-146.000000 70.000000 -11.134100 67 78 186
-144.000000 70.000000 -10.399500 69 92 207
-142.000000 70.000000 -10.085900 70 100 218
-140.000000 70.000000 -9.028550 71 120 240
-138.000000 70.000000 -10.351800 69 94 211
-136.000000 70.000000 -11.395500 66 73 177
-134.000000 70.000000 -11.743100 64 64 162
-132.000000 70.000000 -11.771800 64 64 162
-130.000000 70.000000 -11.845100 63 62 156
-128.000000 70.000000 -12.600000 58 45 121
-126.000000 70.000000 -11.933400 63 59 151
-124.000000 70.000000 -11.251500 66 75 181
-122.000000 70.000000 -11.215000 66 75 181
-120.000000 70.000000 -9.553680 71 110 230
-118.000000 70.000000 -9.555040 71 110 230
-116.000000 70.000000 -9.379030 71 113 233
-114.000000 70.000000 -9.124530 71 118 238
-112.000000 70.000000 -9.268530 71 115 235
-110.000000 70.000000 -8.954120 71 123 242
-108.000000 70.000000 -7.888150 68 143 254
-106.000000 70.000000 -7.140160 61 158 254
-104.000000 70.000000 -6.932570 59 160 253
-102.000000 70.000000 -7.295500 64 153 255
-100.000000 70.000000 -6.894590 58 163 252
-98.000000 70.000000 -7.256910 62 155 254
-96.000000 70.000000 -7.285120 64 153 255
-94.000000 70.000000 -6.983390 59 160 253
-92.000000 70.000000 -6.390790 53 171 248
-90.000000 70.000000 -4.943950 32 199 223
-88.000000 70.000000 -3.281620 24 224 189
-86.000000 70.000000 -4.435580 27 208 213
-84.000000 70.000000 -3.960210 25 213 205
-82.000000 70.000000 -2.431590 31 233 175
-80.000000 70.000000 -2.698460 28 230 180
-78.000000 70.000000 -0.684507 70 248 132
-76.000000 70.000000 -0.392857 78 249 125
-74.000000 70.000000 -0.432504 78 249 125
-72.000000 70.000000 1.575750 136 255 78
-70.000000 70.000000 1.925700 146 255 71
-68.000000 70.000000 2.320460 156 254 64
-66.000000 70.000000 2.905850 169 251 57
-64.000000 70.000000 2.298490 156 254 64
-62.000000 70.000000 2.631330 161 253 61
-60.000000 70.000000 3.505530 180 248 54
-58.000000 70.000000 2.913050 169 251 57
-56.000000 70.000000 3.728810 185 246 53
-54.000000 70.000000 4.990210 210 233 53
-52.000000 70.000000 5.742660 223 223 55
-50.000000 70.000000 6.352950 231 215 57
-48.000000 70.000000 5.048940 210 233 53
-46.000000 70.000000 4.704590 205 236 52
-44.000000 70.000000 6.847590 238 207 58
-42.000000 70.000000 7.146500 241 203 58
-40.000000 70.000000 6.327550 231 215 57
-38.000000 70.000000 4.902890 208 234 52
-36.000000 70.000000 6.400270 233 213 57
-34.000000 70.000000 6.206230 229 217 56
-32.000000 70.000000 6.567550 235 211 57
-30.000000 70.000000 8.498110 252 179 54
-28.000000 70.000000 7.910830 248 190 57
-26.000000 70.000000 8.134710 250 186 57
-24.000000 70.000000 6.816370 238 207 58
-22.000000 70.000000 7.535630 245 197 58
-20.000000 70.000000 7.949350 249 188 57
-18.000000 70.000000 9.632830 254 155 45
-16.000000 70.000000 10.754500 252 132 35
-14.000000 70.000000 10.825800 251 129 34
-12.000000 70.000000 10.094600 254 147 42
-10.000000 70.000000 9.241330 254 164 49
-8.000000 70.000000 8.646490 252 177 54
-6.000000 70.000000 8.533750 252 179 54
-4.000000 70.000000 10.660000 252 132 35
-2.000000 70.000000 11.060900 250 123 31
0.000000 70.000000 12.304100 242 96 20
2.000000 70.000000 11.724300 246 108 25
4.000000 70.000000 12.229000 242 96 20
6.000000 70.000000 11.789500 245 105 24
8.000000 70.000000 9.687670 254 155 45
10.000000 70.000000 10.647900 252 132 35
12.000000 70.000000 12.928000 236 83 15
14.000000 70.000000 11.903100 245 105 24
16.000000 70.000000 11.128700 250 123 31
18.000000 70.000000 8.792890 253 174 53
20.000000 70.000000 7.510210 245 197 58
22.000000 70.000000 5.589760 219 226 54
24.000000 70.000000 6.163520 229 217 56
26.000000 70.000000 9.813470 254 153 44
28.000000 70.000000 11.296600 249 117 29
30.000000 70.000000 10.881600 251 129 34
32.000000 70.000000 10.262000 253 141 39
34.000000 70.000000 9.562790 254 158 47
36.000000 70.000000 9.353920 254 161 48
38.000000 70.000000 9.169620 254 167 50
40.000000 70.000000 10.341300 253 141 39
42.000000 70.000000 11.182600 249 120 30
44.000000 70.000000 13.634000 228 69 10
46.000000 70.000000 13.596900 228 69 10
48.000000 70.000000 14.643100 214 53 6
50.000000 70.000000 13.816100 226 67 10
52.000000 70.000000 13.508300 229 71 11
54.000000 70.000000 12.277000 242 96 20
56.000000 70.000000 12.945100 236 83 15
58.000000 70.000000 13.296100 232 75 12
60.000000 70.000000 14.272100 220 59 7
62.000000 70.000000 13.024500 235 80 14
64.000000 70.000000 11.519300 248 114 28
66.000000 70.000000 11.861000 245 105 24
68.000000 70.000000 14.377300 218 57 7
70.000000 70.000000 10.947500 251 126 33
72.000000 70.000000 9.682570 254 155 45
74.000000 70.000000 8.232080 251 184 56
76.000000 70.000000 8.227170 251 184 56
78.000000 70.000000 9.051300 254 169 51
80.000000 70.000000 11.604700 247 111 26
-176.000000 68.000000 -2.248970 34 235 170
-174.000000 68.000000 -2.612150 29 231 178
-172.000000 68.000000 -1.277770 53 243 148
-170.000000 68.000000 -1.118640 56 244 145
-168.000000 68.000000 -1.689030 44 240 158
-166.000000 68.000000 -1.624510 44 240 158
-164.000000 68.000000 -1.401130 50 242 152
-162.000000 68.000000 -1.727620 44 240 158
-160.000000 68.000000 -0.566990 74 248 128
-158.000000 68.000000 -2.488350 31 233 175
-156.000000 68.000000 -2.187300 34 235 170
-154.000000 68.000000 -1.220910 56 244 145
-152.000000 68.000000 -2.256580 34 235 170
-150.000000 68.000000 -1.862940 42 239 161
-148.000000 68.000000 -0.672484 70 248 132
-146.000000 68.000000 -0.697998 70 248 132
-144.000000 68.000000 -1.819960 42 239 161
-142.000000 68.000000 -3.084530 25 226 187
-140.000000 68.000000 -2.613750 29 231 178
-138.000000 68.000000 -1.973980 39 238 164
-136.000000 68.000000 -0.918423 63 246 138
-134.000000 68.000000 -2.430050 31 233 175
-132.000000 68.000000 -2.431900 31 233 175
-130.000000 68.000000 -2.419060 31 233 175
-128.000000 68.000000 -2.538000 29 231 178
-126.000000 68.000000 -1.639410 44 240 158
-124.000000 68.000000 -1.963490 39 238 164
-122.000000 68.000000 -2.436810 31 233 175
-120.000000 68.000000 -2.728910 28 230 180
-118.000000 68.000000 -2.118930 37 236 167
-116.000000 68.000000 -2.552230 29 231 178
-114.000000 68.000000 -2.738370 28 230 180
-112.000000 68.000000 -3.070360 25 226 187
-110.000000 68.000000 -3.053680 25 226 187
-108.000000 68.000000 -3.783580 24 217 200
-106.000000 68.000000 -4.217980 26 210 210
-104.000000 68.000000 -4.256340 26 210 210
-102.000000 68.000000 -3.395880 24 222 192
-100.000000 68.000000 -3.073970 25 226 187
-98.000000 68.000000 -2.369860 32 234 172
-96.000000 68.000000 -3.846830 24 215 202
-94.000000 68.000000 -3.986640 25 213 205
-92.000000 68.000000 -3.598370 24 219 197
-90.000000 68.000000 -4.038680 25 213 205
-88.000000 68.000000 -4.113040 26 212 208
-86.000000 68.000000 -3.596490 24 219 197
-84.000000 68.000000 -3.964280 25 213 205
-82.000000 68.000000 -4.980330 34 197 226
-80.000000 68.000000 -4.509090 28 205 216
-78.000000 68.000000 -4.385690 27 208 213
-76.000000 68.000000 -4.795340 31 201 221
-74.000000 68.000000 -4.300050 26 210 210
-72.000000 68.000000 -4.550310 28 205 216
-70.000000 68.000000 -4.957560 32 199 223
-68.000000 68.000000 -4.794160 31 201 221
-66.000000 68.000000 -3.280230 24 224 189
-64.000000 68.000000 -3.115770 25 226 187
-62.000000 68.000000 -2.868500 26 228 182
-60.000000 68.000000 -4.032210 25 213 205
-58.000000 68.000000 -3.760750 24 217 200
-56.000000 68.000000 -4.338670 27 208 213
-54.000000 68.000000 -3.575250 24 219 197
-52.000000 68.000000 -2.789050 26 228 182
-50.000000 68.000000 -1.748470 42 239 161
-48.000000 68.000000 -1.590940 47 241 155
-46.000000 68.000000 -1.193270 56 244 145
-44.000000 68.000000 -1.414330 50 242 152
-42.000000 68.000000 -1.407110 50 242 152
-40.000000 68.000000 -0.261091 82 250 122
-38.000000 68.000000 0.752778 113 254 95
-36.000000 68.000000 0.186264 93 252 111
-34.000000 68.000000 0.069156 93 252 111
-32.000000 68.000000 1.055750 121 254 89
-30.000000 68.000000 0.087979 93 252 111
-28.000000 68.000000 -0.298686 82 250 122
-26.000000 68.000000 0.652761 109 254 98
-24.000000 68.000000 2.278550 156 254 64
-22.000000 68.000000 3.715050 185 246 53
-20.000000 68.000000 3.407620 177 249 54
-18.000000 68.000000 1.886490 146 255 71
-16.000000 68.000000 0.855887 117 254 92
-14.000000 68.000000 2.152600 153 254 66
-12.000000 68.000000 2.771770 167 252 58
-10.000000 68.000000 2.055890 150 254 68
-8.000000 68.000000 3.278860 175 250 55
-6.000000 68.000000 4.069100 193 243 52
-4.000000 68.000000 3.719190 185 246 53
-2.000000 68.000000 3.494370 180 248 54
0.000000 68.000000 2.826930 167 252 58
2.000000 68.000000 4.207800 195 241 52
4.000000 68.000000 3.313970 177 249 54
6.000000 68.000000 5.627180 221 224 55
8.000000 68.000000 3.538700 180 248 54
10.000000 68.000000 3.345090 177 249 54
12.000000 68.000000 5.214280 212 231 53
14.000000 68.000000 3.996800 190 244 52
16.000000 68.000000 -1.108390 56 244 145
18.000000 68.000000 -0.451765 78 249 125
20.000000 68.000000 2.236620 153 254 66
22.000000 68.000000 5.554660 219 226 54
24.000000 68.000000 7.834310 248 190 57
26.000000 68.000000 6.635320 236 209 58
28.000000 68.000000 6.373080 231 215 57
30.000000 68.000000 4.853340 208 234 52
32.000000 68.000000 4.256090 195 241 52
34.000000 68.000000 0.695736 109 254 98
36.000000 68.000000 1.709450 139 255 75
38.000000 68.000000 4.499230 200 239 52
40.000000 68.000000 5.186550 212 231 53
42.000000 68.000000 5.128550 212 231 53
44.000000 68.000000 4.524000 200 239 52
46.000000 68.000000 2.715740 164 252 60
48.000000 68.000000 1.330200 128 255 83
50.000000 68.000000 2.049180 150 254 68
52.000000 68.000000 2.463310 159 253 63
54.000000 68.000000 2.625050 161 253 61
56.000000 68.000000 2.580350 161 253 61
58.000000 68.000000 1.533780 136 255 78
60.000000 68.000000 1.946620 146 255 71
62.000000 68.000000 1.192280 125 255 86
64.000000 68.000000 0.969038 121 254 89
66.000000 68.000000 0.446319 101 253 105
68.000000 68.000000 -1.024820 60 245 142
70.000000 68.000000 1.146840 125 255 86
72.000000 68.000000 1.643980 139 255 75
74.000000 68.000000 0.785455 113 254 95
76.000000 68.000000 -0.613993 70 248 132
78.000000 68.000000 2.835320 167 252 58
80.000000 68.000000 3.814530 188 245 52
82.000000 68.000000 0.019787 89 251 115
84.000000 68.000000 -0.107350 85 250 118
86.000000 68.000000 0.603571 109 254 98
88.000000 68.000000 -1.296800 53 243 148
-178.000000 66.000000 -6.308610 51 173 247
-176.000000 66.000000 -4.649410 30 203 218
-174.000000 66.000000 -5.403000 39 190 233
-172.000000 66.000000 -8.116090 69 138 252
-170.000000 66.000000 -7.145890 61 158 254
-168.000000 66.000000 -6.160890 49 175 245
-166.000000 66.000000 -4.317120 26 210 210
-164.000000 66.000000 -3.598830 24 219 197
-162.000000 66.000000 -2.406540 31 233 175
-160.000000 66.000000 1.181550 125 255 86
-158.000000 66.000000 -0.781636 67 247 135
-156.000000 66.000000 0.582158 109 254 98
-154.000000 66.000000 0.844744 117 254 92
-152.000000 66.000000 2.798250 167 252 58
-150.000000 66.000000 2.592230 161 253 61
-148.000000 66.000000 2.001650 150 254 68
-146.000000 66.000000 2.475210 159 253 63
-144.000000 66.000000 5.203270 212 231 53
-142.000000 66.000000 5.731980 223 223 55
-140.000000 66.000000 4.337920 198 240 52
-138.000000 66.000000 4.702700 205 236 52
-136.000000 66.000000 5.331420 215 229 53
-134.000000 66.000000 5.710120 221 224 55
-132.000000 66.000000 5.592880 219 226 54
-130.000000 66.000000 6.195730 229 217 56
-128.000000 66.000000 5.717320 221 224 55
-126.000000 66.000000 5.566950 219 226 54
-124.000000 66.000000 6.744240 236 209 58
-122.000000 66.000000 6.580740 235 211 57
-120.000000 66.000000 6.275750 231 215 57
-118.000000 66.000000 6.935400 239 205 58
-116.000000 66.000000 5.710470 221 224 55
-114.000000 66.000000 6.398890 233 213 57
-112.000000 66.000000 7.012200 239 205 58
-110.000000 66.000000 7.446390 245 197 58
-108.000000 66.000000 6.870740 238 207 58
-106.000000 66.000000 7.314420 244 199 58
-104.000000 66.000000 7.170540 242 201 58
-102.000000 66.000000 7.529510 245 197 58
-100.000000 66.000000 6.296380 231 215 57
-98.000000 66.000000 5.747050 223 223 55
-96.000000 66.000000 5.740020 223 223 55
-94.000000 66.000000 6.550420 235 211 57
-92.000000 66.000000 6.831870 238 207 58
-90.000000 66.000000 6.662670 236 209 58
-88.000000 66.000000 6.610750 235 211 57
-86.000000 66.000000 6.606260 235 211 57
-84.000000 66.000000 6.183990 229 217 56
-82.000000 66.000000 6.167740 229 217 56
-80.000000 66.000000 5.670820 221 224 55
-78.000000 66.000000 6.046810 227 219 56
-76.000000 66.000000 5.889680 225 221 55
-74.000000 66.000000 5.344850 215 229 53
-72.000000 66.000000 4.716130 205 236 52
-70.000000 66.000000 5.097690 212 231 53
-68.000000 66.000000 5.683640 221 224 55
-66.000000 66.000000 5.035850 210 233 53
-64.000000 66.000000 4.921160 208 234 52
-62.000000 66.000000 4.389200 198 240 52
-60.000000 66.000000 5.169520 212 231 53
-58.000000 66.000000 4.988190 210 233 53
-56.000000 66.000000 4.679150 203 237 52
-54.000000 66.000000 5.035000 210 233 53
-52.000000 66.000000 3.846660 188 245 52
-50.000000 66.000000 2.920400 169 251 57
-48.000000 66.000000 4.106060 193 243 52
-46.000000 66.000000 4.060600 193 243 52
-44.000000 66.000000 2.998030 169 251 57
-42.000000 66.000000 2.527660 161 253 61
-40.000000 66.000000 2.838830 167 252 58
-38.000000 66.000000 2.609430 161 253 61
-36.000000 66.000000 2.260160 156 254 64
-34.000000 66.000000 2.806570 167 252 58
-32.000000 66.000000 2.122540 150 254 68
-30.000000 66.000000 2.809040 167 252 58
-28.000000 66.000000 2.796310 167 252 58
-26.000000 66.000000 2.666120 164 252 60
-24.000000 66.000000 2.759250 164 252 60
-22.000000 66.000000 2.179510 153 254 66
-20.000000 66.000000 2.288780 156 254 64
-18.000000 66.000000 3.100480 172 251 56
-16.000000 66.000000 2.544450 161 253 61
-14.000000 66.000000 1.713870 139 255 75
-12.000000 66.000000 0.930832 117 254 92
-10.000000 66.000000 2.050740 150 254 68
-8.000000 66.000000 2.337400 156 254 64
-6.000000 66.000000 2.120160 150 254 68
-4.000000 66.000000 2.579090 161 253 61
-2.000000 66.000000 2.685910 164 252 60
0.000000 66.000000 2.445450 159 253 63
2.000000 66.000000 2.086850 150 254 68
4.000000 66.000000 1.906510 146 255 71
6.000000 66.000000 2.217110 153 254 66
8.000000 66.000000 1.493020 136 255 78
10.000000 66.000000 1.888200 146 255 71
12.000000 66.000000 1.618480 139 255 75
14.000000 66.000000 2.016990 150 254 68
16.000000 66.000000 1.625750 139 255 75
18.000000 66.000000 1.957040 146 255 71
20.000000 66.000000 1.722390 139 255 75
22.000000 66.000000 1.852830 143 255 73
24.000000 66.000000 1.677770 139 255 75
26.000000 66.000000 1.587280 136 255 78
28.000000 66.000000 -0.747065 67 247 135
30.000000 66.000000 0.762608 113 254 95
32.000000 66.000000 1.967460 146 255 71
34.000000 66.000000 2.084390 150 254 68
36.000000 66.000000 1.748990 143 255 73
38.000000 66.000000 1.618590 139 255 75
40.000000 66.000000 2.126260 153 254 66
42.000000 66.000000 0.735147 113 254 95
44.000000 66.000000 1.206630 125 255 86
46.000000 66.000000 0.587891 109 254 98
48.000000 66.000000 0.929910 117 254 92
50.000000 66.000000 -0.562265 74 248 128
52.000000 66.000000 0.260635 97 252 108
54.000000 66.000000 -0.416856 78 249 125
56.000000 66.000000 -0.564167 74 248 128
58.000000 66.000000 -0.484582 74 248 128
60.000000 66.000000 0.193713 97 252 108
62.000000 66.000000 -0.718112 67 247 135
64.000000 66.000000 -0.904385 63 246 138
66.000000 66.000000 -0.230187 82 250 122
68.000000 66.000000 -1.262610 53 243 148
70.000000 66.000000 -1.538910 47 241 155
72.000000 66.000000 -0.821899 67 247 135
74.000000 66.000000 -1.367280 50 242 152
76.000000 66.000000 -1.232530 53 243 148
78.000000 66.000000 -3.246270 24 224 189
80.000000 66.000000 -0.725836 67 247 135
82.000000 66.000000 -1.273000 53 243 148
84.000000 66.000000 -0.440056 78 249 125
86.000000 66.000000 -0.178978 85 250 118
88.000000 66.000000 0.581685 109 254 98
90.000000 66.000000 0.258155 97 252 108
92.000000 66.000000 0.092254 93 252 111
94.000000 66.000000 -0.945309 63 246 138
96.000000 66.000000 0.349350 101 253 105
98.000000 66.000000 -0.742482 67 247 135
-182.000000 64.000000 -14.824100 48 18 59
-180.000000 64.000000 -17.464500 48 18 59
-178.000000 64.000000 -18.593700 48 18 59
-176.000000 64.000000 -19.442600 48 18 59
-174.000000 64.000000 -18.582700 48 18 59
-172.000000 64.000000 -18.256300 48 18 59
-170.000000 64.000000 -17.107000 48 18 59
-168.000000 64.000000 -16.437200 48 18 59
-166.000000 64.000000 -16.730900 48 18 59
-164.000000 64.000000 -16.957600 48 18 59
-162.000000 64.000000 -16.925300 48 18 59
-160.000000 64.000000 -16.654200 48 18 59
-158.000000 64.000000 -13.637200 50 21 67
-156.000000 64.000000 -12.194100 61 53 139
-154.000000 64.000000 -13.341800 52 27 81
-152.000000 64.000000 -15.364100 48 18 59
-150.000000 64.000000 -10.343500 69 94 211
-148.000000 64.000000 -9.340770 71 115 235
-146.000000 64.000000 -8.246450 70 135 251
-144.000000 64.000000 -9.666780 70 107 227
-142.000000 64.000000 -10.033200 70 100 218
-140.000000 64.000000 -7.671930 67 145 254
-138.000000 64.000000 -7.284580 62 155 254
-136.000000 64.000000 -5.665310 42 185 238
-134.000000 64.000000 -3.684860 24 217 200
-132.000000 64.000000 -1.731020 44 240 158
-130.000000 64.000000 -1.952680 39 238 164
-128.000000 64.000000 -0.702182 70 248 132
-126.000000 64.000000 -0.783041 67 247 135
-124.000000 64.000000 0.818446 113 254 95
-122.000000 64.000000 0.193352 97 252 108
-120.000000 64.000000 3.057190 172 251 56
-118.000000 64.000000 4.888760 208 234 52
-116.000000 64.000000 5.007800 210 233 53
-114.000000 64.000000 3.543440 183 247 53
-112.000000 64.000000 4.450050 200 239 52
-110.000000 64.000000 3.209830 175 250 55
-108.000000 64.000000 6.239280 229 217 56
-106.000000 64.000000 5.122100 212 231 53
-104.000000 64.000000 4.963970 210 233 53
-102.000000 64.000000 4.770560 205 236 52
-100.000000 64.000000 5.288760 215 229 53
-98.000000 64.000000 6.754720 236 209 58
-96.000000 64.000000 8.582650 252 177 54
-94.000000 64.000000 8.929190 253 172 52
-92.000000 64.000000 9.104100 254 167 50
-90.000000 64.000000 9.102110 254 167 50
-88.000000 64.000000 10.127700 254 144 41
-86.000000 64.000000 9.866830 254 150 43
-84.000000 64.000000 9.704660 254 155 45
-82.000000 64.000000 7.811620 248 190 57
-80.000000 64.000000 11.122700 250 123 31
-78.000000 64.000000 11.088600 250 123 31
-76.000000 64.000000 11.724200 246 108 25
-74.000000 64.000000 10.673000 252 132 35
-72.000000 64.000000 11.041600 250 123 31
-70.000000 64.000000 12.406500 241 93 19
-68.000000 64.000000 13.693100 228 69 10
-66.000000 64.000000 12.126700 243 99 21
-64.000000 64.000000 12.312200 241 93 19
-62.000000 64.000000 12.938600 236 83 15
-60.000000 64.000000 13.202900 234 78 13
-58.000000 64.000000 12.401000 241 93 19
-56.000000 64.000000 13.081200 234 78 13
-54.000000 64.000000 13.276800 232 75 12
-52.000000 64.000000 13.006400 235 80 14
-50.000000 64.000000 13.735400 226 67 10
-48.000000 64.000000 12.678100 239 88 17
-46.000000 64.000000 13.170800 234 78 13
-44.000000 64.000000 12.913700 236 83 15
-42.000000 64.000000 12.517800 240 91 18
-40.000000 64.000000 12.770500 237 85 16
-38.000000 64.000000 12.791900 237 85 16
-36.000000 64.000000 12.667000 239 88 17
-34.000000 64.000000 12.652800 239 88 17
-32.000000 64.000000 12.063400 243 99 21
-30.000000 64.000000 12.306500 241 93 19
-28.000000 64.000000 11.533700 247 111 26
-26.000000 64.000000 12.179400 242 96 20
-24.000000 64.000000 12.191500 242 96 20
-22.000000 64.000000 11.508400 248 114 28
-20.000000 64.000000 11.838100 245 105 24
-18.000000 64.000000 11.927100 244 102 23
-16.000000 64.000000 11.599400 247 111 26
-14.000000 64.000000 11.699800 246 108 25
-12.000000 64.000000 11.245000 249 120 30
-10.000000 64.000000 11.018700 250 123 31
-8.000000 64.000000 11.247800 249 120 30
-6.000000 64.000000 11.344200 249 117 29
-4.000000 64.000000 12.117400 243 99 21
-2.000000 64.000000 10.388900 253 138 38
0.000000 64.000000 10.173100 254 144 41
2.000000 64.000000 10.783000 251 129 34
4.000000 64.000000 9.953440 254 150 43
6.000000 64.000000 10.355900 253 141 39
8.000000 64.000000 9.714230 254 155 45
10.000000 64.000000 10.551200 252 135 37
12.000000 64.000000 11.109700 250 123 31
14.000000 64.000000 10.547600 252 135 37
16.000000 64.000000 10.118300 254 144 41
18.000000 64.000000 11.215000 249 120 30
20.000000 64.000000 9.176670 254 167 50
22.000000 64.000000 10.112700 254 147 42
24.000000 64.000000 9.671630 254 155 45
26.000000 64.000000 10.455400 253 138 38
28.000000 64.000000 10.253000 253 141 39
30.000000 64.000000 11.047800 250 123 31
32.000000 64.000000 9.686630 254 155 45
34.000000 64.000000 9.368030 254 161 48
36.000000 64.000000 10.682200 252 132 35
38.000000 64.000000 8.576830 252 177 54
40.000000 64.000000 9.973590 254 150 43
42.000000 64.000000 10.043100 254 147 42
44.000000 64.000000 8.963600 254 169 51
46.000000 64.000000 8.971910 254 169 51
48.000000 64.000000 8.112880 250 186 57
50.000000 64.000000 8.554730 252 179 54
52.000000 64.000000 8.130830 250 186 57
54.000000 64.000000 9.407460 254 161 48
56.000000 64.000000 8.499470 252 179 54
58.000000 64.000000 8.828800 253 172 52
60.000000 64.000000 8.712970 253 174 53
62.000000 64.000000 8.805960 253 174 53
64.000000 64.000000 8.697380 253 174 53
66.000000 64.000000 8.723750 253 174 53
68.000000 64.000000 8.422450 251 182 55
70.000000 64.000000 8.234870 251 184 56
72.000000 64.000000 7.368210 244 199 58
74.000000 64.000000 8.544250 252 179 54
76.000000 64.000000 8.076170 250 186 57
78.000000 64.000000 9.118490 254 167 50
80.000000 64.000000 7.669110 247 193 58
82.000000 64.000000 7.041370 241 203 58
84.000000 64.000000 8.404410 251 182 55
86.000000 64.000000 6.597330 235 211 57
88.000000 64.000000 8.053270 250 186 57
90.000000 64.000000 7.359150 244 199 58
92.000000 64.000000 8.439190 252 179 54
94.000000 64.000000 8.526550 252 179 54
96.000000 64.000000 8.189420 251 184 56
98.000000 64.000000 7.590580 246 195 58
100.000000 64.000000 6.502340 233 213 57
102.000000 64.000000 6.815860 238 207 58
104.000000 64.000000 6.481490 233 213 57
106.000000 64.000000 6.264030 231 215 57
-184.000000 62.000000 -9.010920 71 120 240
-182.000000 62.000000 -11.049400 67 78 186
-180.000000 62.000000 -11.842800 63 62 156
-178.000000 62.000000 -12.186200 61 53 139
-176.000000 62.000000 -11.626000 65 67 167
-174.000000 62.000000 -11.786000 64 64 162
-172.000000 62.000000 -11.191200 66 75 181
-170.000000 62.000000 -11.579600 65 67 167
-168.000000 62.000000 -12.296300 61 53 139
-166.000000 62.000000 -11.525800 65 70 172
-164.000000 62.000000 -10.782300 68 84 195
-162.000000 62.000000 -11.570500 65 67 167
-160.000000 62.000000 -12.473400 59 47 128
-158.000000 62.000000 -12.295100 61 53 139
-156.000000 62.000000 -11.936100 63 59 151
-154.000000 62.000000 -13.151600 54 33 95
-152.000000 62.000000 -13.118100 54 33 95
-150.000000 62.000000 -12.346400 60 50 134
-148.000000 62.000000 -12.484100 59 47 128
-146.000000 62.000000 -12.952800 56 39 109
-144.000000 62.000000 -11.492200 65 70 172
-142.000000 62.000000 -12.123600 62 56 145
-140.000000 62.000000 -12.811500 57 42 115
-138.000000 62.000000 -11.590600 65 67 167
-136.000000 62.000000 -13.426300 52 27 81
-134.000000 62.000000 -13.474200 51 24 74
-132.000000 62.000000 -13.549600 51 24 74
-130.000000 62.000000 -13.228900 53 30 88
-128.000000 62.000000 -11.487400 65 70 172
-126.000000 62.000000 -12.600400 58 45 121
-124.000000 62.000000 -12.335400 60 50 134
-122.000000 62.000000 -11.894400 63 62 156
-120.000000 62.000000 -7.724440 67 145 254
-118.000000 62.000000 -8.243480 70 135 251
-116.000000 62.000000 -9.691160 70 107 227
-114.000000 62.000000 -9.523070 71 110 230
-112.000000 62.000000 -10.037300 70 100 218
-110.000000 62.000000 -7.286010 64 153 255
-108.000000 62.000000 -6.426930 53 171 248
-106.000000 62.000000 -7.245400 62 155 254
-104.000000 62.000000 -6.523050 55 168 250
-102.000000 62.000000 -5.623920 42 185 238
-100.000000 62.000000 -3.791390 24 217 200
-98.000000 62.000000 -3.859580 24 215 202
-96.000000 62.000000 -4.479500 28 205 216
-94.000000 62.000000 -3.620480 24 219 197
-92.000000 62.000000 -2.713680 28 230 180
-90.000000 62.000000 -1.925220 39 238 164
-88.000000 62.000000 -0.724052 67 247 135
-86.000000 62.000000 -1.409100 50 242 152
-84.000000 62.000000 -1.029540 60 245 142
-82.000000 62.000000 0.389923 101 253 105
-80.000000 62.000000 0.250870 97 252 108
-78.000000 62.000000 0.915561 117 254 92
-76.000000 62.000000 2.005070 150 254 68
-74.000000 62.000000 2.904800 169 251 57
-72.000000 62.000000 3.021370 169 251 57
-70.000000 62.000000 1.930180 146 255 71
-68.000000 62.000000 3.454710 180 248 54
-66.000000 62.000000 3.996040 190 244 52
-64.000000 62.000000 3.194820 175 250 55
-62.000000 62.000000 3.302980 177 249 54
-60.000000 62.000000 3.885350 188 245 52
-58.000000 62.000000 4.856590 208 234 52
-56.000000 62.000000 5.821460 223 223 55
-54.000000 62.000000 5.844770 223 223 55
-52.000000 62.000000 5.549030 219 226 54
-50.000000 62.000000 5.100480 212 231 53
-48.000000 62.000000 7.904880 248 190 57
-46.000000 62.000000 7.063640 241 203 58
-44.000000 62.000000 6.410570 233 213 57
-42.000000 62.000000 5.160200 212 231 53
-40.000000 62.000000 6.990090 239 205 58
-38.000000 62.000000 8.099220 250 186 57
-36.000000 62.000000 6.801050 238 207 58
-34.000000 62.000000 7.402570 244 199 58
-32.000000 62.000000 6.936610 239 205 58
-30.000000 62.000000 9.137550 254 167 50
-28.000000 62.000000 8.081690 250 186 57
-26.000000 62.000000 10.632800 252 132 35
-24.000000 62.000000 10.510200 252 135 37
-22.000000 62.000000 5.252760 215 229 53
-20.000000 62.000000 9.661640 254 155 45
-18.000000 62.000000 7.996250 249 188 57
-16.000000 62.000000 10.788700 251 129 34
-14.000000 62.000000 12.123000 243 99 21
-12.000000 62.000000 10.741100 252 132 35
-10.000000 62.000000 9.590880 254 158 47
-8.000000 62.000000 12.315900 241 93 19
-6.000000 62.000000 11.320900 249 117 29
-4.000000 62.000000 13.021300 235 80 14
-2.000000 62.000000 13.859800 225 65 9
0.000000 62.000000 11.633100 247 111 26
2.000000 62.000000 11.178000 249 120 30
4.000000 62.000000 11.971800 244 102 23
6.000000 62.000000 12.790000 237 85 16
8.000000 62.000000 12.959500 235 80 14
10.000000 62.000000 12.576000 239 88 17
12.000000 62.000000 11.257400 249 120 30
14.000000 62.000000 10.972700 251 126 33
16.000000 62.000000 10.687600 252 132 35
18.000000 62.000000 11.063700 250 123 31
20.000000 62.000000 11.318000 249 117 29
22.000000 62.000000 12.384400 241 93 19
24.000000 62.000000 12.652400 239 88 17
26.000000 62.000000 12.630700 239 88 17
28.000000 62.000000 9.480630 254 158 47
30.000000 62.000000 6.531390 235 211 57
32.000000 62.000000 10.538700 252 135 37
34.000000 62.000000 15.312100 204 43 4
36.000000 62.000000 13.827600 226 67 10
38.000000 62.000000 13.191400 234 78 13
40.000000 62.000000 11.511300 248 114 28
42.000000 62.000000 12.068800 243 99 21
44.000000 62.000000 13.426600 231 73 12
46.000000 62.000000 12.831900 236 83 15
48.000000 62.000000 13.555400 229 71 11
50.000000 62.000000 14.719900 214 53 6
52.000000 62.000000 13.758900 226 67 10
54.000000 62.000000 14.920900 210 49 5
56.000000 62.000000 12.792600 237 85 16
58.000000 62.000000 14.504200 216 55 6
60.000000 62.000000 13.803400 226 67 10
62.000000 62.000000 13.919800 225 65 9
64.000000 62.000000 14.544100 216 55 6
66.000000 62.000000 13.564900 229 71 11
68.000000 62.000000 13.830600 226 67 10
70.000000 62.000000 15.444100 202 42 4
72.000000 62.000000 13.488700 229 71 11
74.000000 62.000000 10.407200 253 138 38
76.000000 62.000000 12.846500 236 83 15
78.000000 62.000000 11.633100 247 111 26
80.000000 62.000000 13.464100 231 73 12
82.000000 62.000000 10.985100 251 126 33
84.000000 62.000000 9.882110 254 150 43
86.000000 62.000000 12.768100 237 85 16
88.000000 62.000000 13.130000 234 78 13
90.000000 62.000000 12.667100 239 88 17
92.000000 62.000000 11.417900 248 114 28
94.000000 62.000000 10.252600 253 141 39
96.000000 62.000000 11.357800 249 117 29
98.000000 62.000000 12.999900 235 80 14
100.000000 62.000000 12.266100 242 96 20
102.000000 62.000000 11.621200 247 111 26
104.000000 62.000000 11.795500 245 105 24
106.000000 62.000000 8.633400 252 177 54
108.000000 62.000000 8.882840 253 172 52
110.000000 62.000000 8.716300 253 174 53
112.000000 62.000000 9.328500 254 164 49
116.000000 62.000000 7.753100 247 193 58
-186.000000 60.000000 -4.660920 30 203 218
-184.000000 60.000000 -4.109720 26 212 208
-182.000000 60.000000 -3.335160 24 222 192
-180.000000 60.000000 -2.771560 28 230 180
-178.000000 60.000000 -3.184110 24 224 189
-176.000000 60.000000 -2.333210 32 234 172
-174.000000 60.000000 -2.461750 31 233 175
-172.000000 60.000000 -2.960870 25 227 185
-170.000000 60.000000 -2.932830 25 227 185
-168.000000 60.000000 -2.528060 29 231 178
-166.000000 60.000000 -3.020450 25 227 185
-164.000000 60.000000 -3.185390 24 224 189
-162.000000 60.000000 -3.641740 24 219 197
-160.000000 60.000000 -3.845010 24 215 202
-158.000000 60.000000 -3.628660 24 219 197
-156.000000 60.000000 -3.275780 24 224 189
-154.000000 60.000000 -3.110720 25 226 187
-152.000000 60.000000 -2.593210 29 231 178
-150.000000 60.000000 -4.473850 28 205 216
-148.000000 60.000000 -4.040390 25 213 205
-146.000000 60.000000 -4.645190 30 203 218
-144.000000 60.000000 -3.714240 24 217 200
-142.000000 60.000000 -3.394690 24 222 192
-140.000000 60.000000 -4.320150 26 210 210
-138.000000 60.000000 -4.431240 27 208 213
-136.000000 60.000000 -4.887100 32 199 223
-134.000000 60.000000 -5.320350 37 192 231
-132.000000 60.000000 -4.474400 28 205 216
-130.000000 60.000000 -4.210710 26 210 210
-128.000000 60.000000 -4.910650 32 199 223
-126.000000 60.000000 -4.796540 31 201 221
-124.000000 60.000000 -4.225190 26 210 210
-122.000000 60.000000 -4.819240 31 201 221
-120.000000 60.000000 -6.239780 49 175 245
-118.000000 60.000000 -6.137160 49 175 245
-116.000000 60.000000 -5.556390 40 188 235
-114.000000 60.000000 -4.187150 26 212 208
-112.000000 60.000000 -3.823120 24 215 202
-110.000000 60.000000 -5.201840 35 195 228
-108.000000 60.000000 -6.929340 59 160 253
-106.000000 60.000000 -6.301490 51 173 247
-104.000000 60.000000 -6.059150 47 178 244
-102.000000 60.000000 -6.205810 49 175 245
-100.000000 60.000000 -6.476000 53 171 248
-98.000000 60.000000 -7.019120 59 160 253
-96.000000 60.000000 -5.970350 46 180 242
-94.000000 60.000000 -6.515470 55 168 250
-92.000000 60.000000 -7.056720 61 158 254
-90.000000 60.000000 -6.410790 53 171 248
-88.000000 60.000000 -6.190270 49 175 245
-86.000000 60.000000 -5.341920 37 192 231
-84.000000 60.000000 -5.943500 46 180 242
-82.000000 60.000000 -6.714640 56 165 251
-80.000000 60.000000 -5.991780 46 180 242
-78.000000 60.000000 -5.107280 35 195 228
-76.000000 60.000000 -5.537160 40 188 235
-74.000000 60.000000 -5.296040 37 192 231
-72.000000 60.000000 -4.244880 26 210 210
-70.000000 60.000000 -4.795960 31 201 221
-68.000000 60.000000 -3.129750 25 226 187
-66.000000 60.000000 -2.454640 31 233 175
-64.000000 60.000000 -2.768170 28 230 180
-62.000000 60.000000 -3.118360 25 226 187
-60.000000 60.000000 -4.155750 26 212 208
-58.000000 60.000000 -2.889370 26 228 182
-56.000000 60.000000 -1.584840 47 241 155
-54.000000 60.000000 -3.074400 25 226 187
-52.000000 60.000000 -3.246030 24 224 189
-50.000000 60.000000 -1.483630 50 242 152
-48.000000 60.000000 -1.964760 39 238 164
-46.000000 60.000000 -0.720961 67 247 135
-44.000000 60.000000 0.642564 109 254 98
-42.000000 60.000000 2.171840 153 254 66
-40.000000 60.000000 -0.119512 85 250 118
-38.000000 60.000000 1.956960 146 255 71
-36.000000 60.000000 1.788470 143 255 73
-34.000000 60.000000 2.053510 150 254 68
-32.000000 60.000000 1.513850 136 255 78
-30.000000 60.000000 0.815614 113 254 95
-28.000000 60.000000 0.321531 101 253 105
-26.000000 60.000000 0.672857 109 254 98
-24.000000 60.000000 1.442050 132 255 81
-22.000000 60.000000 1.866890 146 255 71
-20.000000 60.000000 2.679780 164 252 60
-18.000000 60.000000 3.989920 190 244 52
-16.000000 60.000000 3.820610 188 245 52
-14.000000 60.000000 3.001780 169 251 57
-12.000000 60.000000 3.780310 185 246 53
-10.000000 60.000000 4.642340 203 237 52
-8.000000 60.000000 5.359550 217 228 54
-6.000000 60.000000 5.437580 217 228 54
-4.000000 60.000000 4.244550 195 241 52
-2.000000 60.000000 5.042570 210 233 53
0.000000 60.000000 5.983100 225 221 55
2.000000 60.000000 5.924250 225 221 55
4.000000 60.000000 5.253170 215 229 53
6.000000 60.000000 5.246510 215 229 53
8.000000 60.000000 5.120830 212 231 53
10.000000 60.000000 6.144920 229 217 56
12.000000 60.000000 6.007110 227 219 56
14.000000 60.000000 6.840800 238 207 58
16.000000 60.000000 5.223110 215 229 53
18.000000 60.000000 5.382650 217 228 54
20.000000 60.000000 5.793980 223 223 55
22.000000 60.000000 5.867950 225 221 55
24.000000 60.000000 5.546530 219 226 54
26.000000 60.000000 6.610760 235 211 57
28.000000 60.000000 6.786200 238 207 58
30.000000 60.000000 7.296600 244 199 58
32.000000 60.000000 5.907180 225 221 55
34.000000 60.000000 4.822350 205 236 52
36.000000 60.000000 5.348030 217 228 54
38.000000 60.000000 5.271480 215 229 53
40.000000 60.000000 7.204000 242 201 58
42.000000 60.000000 6.002950 227 219 56
44.000000 60.000000 6.239270 229 217 56
46.000000 60.000000 5.430760 217 228 54
48.000000 60.000000 5.290300 215 229 53
50.000000 60.000000 5.391240 217 228 54
52.000000 60.000000 3.919200 188 245 52
54.000000 60.000000 3.703320 185 246 53
56.000000 60.000000 4.524010 200 239 52
58.000000 60.000000 4.264320 195 241 52
60.000000 60.000000 3.985220 190 244 52
62.000000 60.000000 3.474350 180 248 54
64.000000 60.000000 1.971000 146 255 71
66.000000 60.000000 2.664870 164 252 60
68.000000 60.000000 5.416790 217 228 54
70.000000 60.000000 3.862180 188 245 52
72.000000 60.000000 4.758980 205 236 52
74.000000 60.000000 6.369690 231 215 57
76.000000 60.000000 3.911990 188 245 52
78.000000 60.000000 3.240560 175 250 55
80.000000 60.000000 3.805210 188 245 52
82.000000 60.000000 3.894700 188 245 52
84.000000 60.000000 4.695680 203 237 52
86.000000 60.000000 4.005320 190 244 52
88.000000 60.000000 1.122870 125 255 86
90.000000 60.000000 2.372950 156 254 64
92.000000 60.000000 3.459730 180 248 54
94.000000 60.000000 2.829600 167 252 58
96.000000 60.000000 1.929970 146 255 71
98.000000 60.000000 0.837538 117 254 92
100.000000 60.000000 -1.181560 56 244 145
102.000000 60.000000 0.421097 101 253 105
104.000000 60.000000 2.524730 161 253 61
106.000000 60.000000 1.272670 128 255 83
108.000000 60.000000 1.442560 132 255 81
110.000000 60.000000 1.414260 132 255 81
112.000000 60.000000 -0.689273 70 248 132
114.000000 60.000000 -2.169820 34 235 170
116.000000 60.000000 -2.319880 32 234 172
118.000000 60.000000 -2.758250 28 230 180
120.000000 60.000000 -5.593790 40 188 235
-192.000000 58.000000 -18.454800 48 18 59
-190.000000 58.000000 -14.042400 48 18 59
-188.000000 58.000000 -8.657870 70 128 246
-186.000000 58.000000 -10.767100 68 84 195
-184.000000 58.000000 -9.164430 71 118 238
-182.000000 58.000000 -8.567360 70 130 248
-180.000000 58.000000 -9.470890 71 113 233
-178.000000 58.000000 -7.704270 67 145 254
-176.000000 58.000000 -6.160060 49 175 245
-174.000000 58.000000 -5.032820 34 197 226
-172.000000 58.000000 -3.412490 24 222 192
-170.000000 58.000000 -3.007460 25 227 185
-168.000000 58.000000 -3.068010 25 226 187
-166.000000 58.000000 -2.362810 32 234 172
-164.000000 58.000000 -1.272470 53 243 148
-162.000000 58.000000 -1.137320 56 244 145
-160.000000 58.000000 0.391136 101 253 105
-158.000000 58.000000 1.443160 132 255 81
-156.000000 58.000000 0.399625 101 253 105
-154.000000 58.000000 0.343235 101 253 105
-152.000000 58.000000 2.133760 153 254 66
-150.000000 58.000000 1.832490 143 255 73
-148.000000 58.000000 3.212300 175 250 55
-146.000000 58.000000 4.037840 190 244 52
-144.000000 58.000000 4.380790 198 240 52
-142.000000 58.000000 3.809380 188 245 52
-140.000000 58.000000 4.533410 200 239 52
-138.000000 58.000000 4.299230 195 241 52
-136.000000 58.000000 4.663710 203 237 52
-134.000000 58.000000 4.870730 208 234 52
-132.000000 58.000000 5.260940 215 229 53
-130.000000 58.000000 5.429820 217 228 54
-128.000000 58.000000 5.715430 221 224 55
-126.000000 58.000000 4.878380 208 234 52
-124.000000 58.000000 5.032510 210 233 53
-122.000000 58.000000 4.747290 205 236 52
-120.000000 58.000000 4.043200 190 244 52
-118.000000 58.000000 4.751030 205 236 52
-116.000000 58.000000 4.014130 190 244 52
-114.000000 58.000000 3.375320 177 249 54
-112.000000 58.000000 2.787370 167 252 58
-110.000000 58.000000 4.064720 193 243 52
-108.000000 58.000000 4.336350 198 240 52
-106.000000 58.000000 4.187390 195 241 52
-104.000000 58.000000 4.644660 203 237 52
-102.000000 58.000000 4.253920 195 241 52
-100.000000 58.000000 3.971480 190 244 52
-98.000000 58.000000 4.339800 198 240 52
-96.000000 58.000000 5.193660 212 231 53
-94.000000 58.000000 4.177110 193 243 52
-92.000000 58.000000 4.288680 195 241 52
-90.000000 58.000000 3.766580 185 246 53
-88.000000 58.000000 3.370950 177 249 54
-86.000000 58.000000 3.475790 180 248 54
-84.000000 58.000000 2.708990 164 252 60
-82.000000 58.000000 3.071050 172 251 56
-80.000000 58.000000 2.091790 150 254 68
-78.000000 58.000000 2.918210 169 251 57
-76.000000 58.000000 2.180680 153 254 66
-74.000000 58.000000 2.641230 164 252 60
-72.000000 58.000000 1.566210 136 255 78
-70.000000 58.000000 2.130540 153 254 66
-68.000000 58.000000 1.889160 146 255 71
-66.000000 58.000000 1.404800 132 255 81
-64.000000 58.000000 1.586550 136 255 78
-62.000000 58.000000 2.395600 159 253 63
-60.000000 58.000000 2.253100 156 254 64
-58.000000 58.000000 2.347210 156 254 64
-56.000000 58.000000 1.410260 132 255 81
-54.000000 58.000000 1.505670 136 255 78
-52.000000 58.000000 1.935990 146 255 71
-50.000000 58.000000 1.913300 146 255 71
-48.000000 58.000000 1.417610 132 255 81
-46.000000 58.000000 1.082810 121 254 89
-44.000000 58.000000 1.060410 121 254 89
-42.000000 58.000000 0.278164 97 252 108
-40.000000 58.000000 1.536940 136 255 78
-38.000000 58.000000 0.565231 105 253 102
-36.000000 58.000000 0.968852 121 254 89
-34.000000 58.000000 1.042330 121 254 89
-32.000000 58.000000 1.527960 136 255 78
-30.000000 58.000000 0.582069 109 254 98
-28.000000 58.000000 0.604184 109 254 98
-26.000000 58.000000 0.702438 109 254 98
-24.000000 58.000000 0.374516 101 253 105
-22.000000 58.000000 1.440480 132 255 81
-20.000000 58.000000 1.583370 136 255 78
-18.000000 58.000000 0.876875 117 254 92
-16.000000 58.000000 1.005390 121 254 89
-14.000000 58.000000 1.957460 146 255 71
-12.000000 58.000000 1.104970 125 255 86
-10.000000 58.000000 0.481247 105 253 102
-8.000000 58.000000 0.361182 101 253 105
-6.000000 58.000000 0.783448 113 254 95
-4.000000 58.000000 0.270345 97 252 108
-2.000000 58.000000 0.844861 117 254 92
0.000000 58.000000 0.841001 117 254 92
2.000000 58.000000 0.210324 97 252 108
4.000000 58.000000 0.688688 109 254 98
6.000000 58.000000 0.809757 113 254 95
8.000000 58.000000 1.089020 121 254 89
10.000000 58.000000 1.101490 125 255 86
12.000000 58.000000 0.135330 93 252 111
14.000000 58.000000 0.667533 109 254 98
16.000000 58.000000 -0.003943 89 251 115
18.000000 58.000000 -0.549909 74 248 128
20.000000 58.000000 0.487821 105 253 102
22.000000 58.000000 0.120714 93 252 111
24.000000 58.000000 0.252343 97 252 108
26.000000 58.000000 1.405490 132 255 81
28.000000 58.000000 0.744141 113 254 95
30.000000 58.000000 0.014528 89 251 115
32.000000 58.000000 -0.840933 63 246 138
34.000000 58.000000 -0.425145 78 249 125
36.000000 58.000000 -0.637728 70 248 132
38.000000 58.000000 -0.632796 70 248 132
40.000000 58.000000 -1.718830 44 240 158
42.000000 58.000000 -0.849977 63 246 138
44.000000 58.000000 0.201883 97 252 108
46.000000 58.000000 -0.214386 82 250 122
48.000000 58.000000 0.009190 89 251 115
50.000000 58.000000 -1.503330 47 241 155
52.000000 58.000000 -0.689590 70 248 132
54.000000 58.000000 -1.098140 60 245 142
56.000000 58.000000 -1.651860 44 240 158
58.000000 58.000000 -0.588344 70 248 132
60.000000 58.000000 -1.849650 42 239 161
62.000000 58.000000 -1.696350 44 240 158
64.000000 58.000000 -2.536740 29 231 178
66.000000 58.000000 -2.312000 32 234 172
68.000000 58.000000 -3.452600 24 221 194
70.000000 58.000000 -3.592670 24 219 197
72.000000 58.000000 -3.212510 24 224 189
74.000000 58.000000 -3.867560 24 215 202
76.000000 58.000000 -3.843580 24 215 202
78.000000 58.000000 -3.919450 24 215 202
80.000000 58.000000 -4.567670 28 205 216
82.000000 58.000000 -4.331410 27 208 213
84.000000 58.000000 -5.546940 40 188 235
86.000000 58.000000 -4.257370 26 210 210
88.000000 58.000000 -3.238720 24 224 189
90.000000 58.000000 -3.800960 24 217 200
92.000000 58.000000 -5.753150 44 183 240
94.000000 58.000000 -5.966350 46 180 242
96.000000 58.000000 -5.780860 44 183 240
98.000000 58.000000 -4.734760 31 201 221
100.000000 58.000000 -4.506090 28 205 216
102.000000 58.000000 -5.324380 37 192 231
104.000000 58.000000 -7.028090 61 158 254
106.000000 58.000000 -5.430240 39 190 233
108.000000 58.000000 -5.323700 37 192 231
110.000000 58.000000 -4.626590 30 203 218
112.000000 58.000000 -5.199520 35 195 228
114.000000 58.000000 -6.014750 47 178 244
116.000000 58.000000 -7.125860 61 158 254
118.000000 58.000000 -5.376150 39 190 233
120.000000 58.000000 -4.514960 28 205 216
122.000000 58.000000 -2.897870 26 228 182
124.000000 58.000000 -2.266680 32 234 172
126.000000 58.000000 -4.166510 26 212 208
-194.000000 56.000000 -14.411100 48 18 59
-192.000000 56.000000 -18.375500 48 18 59
-190.000000 56.000000 -18.762300 48 18 59
-188.000000 56.000000 -19.644000 48 18 59
-186.000000 56.000000 -19.257600 48 18 59
-184.000000 56.000000 -18.574400 48 18 59
-182.000000 56.000000 -18.284800 48 18 59
-180.000000 56.000000 -17.865000 48 18 59
-178.000000 56.000000 -16.945900 48 18 59
-176.000000 56.000000 -16.755200 48 18 59
-174.000000 56.000000 -17.779100 48 18 59
-172.000000 56.000000 -17.006900 48 18 59
-170.000000 56.000000 -16.626900 48 18 59
-168.000000 56.000000 -15.369400 48 18 59
-166.000000 56.000000 -15.315500 48 18 59
-164.000000 56.000000 -15.011000 48 18 59
-162.000000 56.000000 -13.800800 48 18 59
-160.000000 56.000000 -13.177500 54 33 95
-158.000000 56.000000 -13.984500 48 18 59
-156.000000 56.000000 -11.605300 65 67 167
-154.000000 56.000000 -9.361430 71 113 233
-152.000000 56.000000 -9.069870 71 120 240
-150.000000 56.000000 -10.020900 70 100 218
-148.000000 56.000000 -9.011860 71 120 240
-146.000000 56.000000 -6.357800 51 173 247
-144.000000 56.000000 -5.346940 37 192 231
-142.000000 56.000000 -3.777510 24 217 200
-140.000000 56.000000 -4.808580 31 201 221
-138.000000 56.000000 -3.160130 25 226 187
-136.000000 56.000000 -1.984370 39 238 164
-134.000000 56.000000 -4.425290 27 208 213
-132.000000 56.000000 -2.212010 34 235 170
-130.000000 56.000000 -1.194190 56 244 145
-128.000000 56.000000 0.305796 97 252 108
-126.000000 56.000000 0.553545 105 253 102
-124.000000 56.000000 -0.093025 85 250 118
-122.000000 56.000000 -0.556088 74 248 128
-120.000000 56.000000 1.453320 132 255 81
-118.000000 56.000000 1.973010 146 255 71
-116.000000 56.000000 2.948590 169 251 57
-114.000000 56.000000 4.107350 193 243 52
-112.000000 56.000000 3.395280 177 249 54
-110.000000 56.000000 5.144980 212 231 53
-108.000000 56.000000 5.414640 217 228 54
-106.000000 56.000000 6.049150 227 219 56
-104.000000 56.000000 4.602690 203 237 52
-102.000000 56.000000 4.050770 190 244 52
-100.000000 56.000000 6.410920 233 213 57
-98.000000 56.000000 6.168860 229 217 56
-96.000000 56.000000 8.435850 251 182 55
-94.000000 56.000000 9.066960 254 169 51
-92.000000 56.000000 7.855280 248 190 57
-90.000000 56.000000 7.989390 249 188 57
-88.000000 56.000000 8.837630 253 172 52
-86.000000 56.000000 8.121850 250 186 57
-84.000000 56.000000 8.347230 251 182 55
-82.000000 56.000000 9.058630 254 169 51
-80.000000 56.000000 8.492160 252 179 54
-78.000000 56.000000 9.401210 254 161 48
-76.000000 56.000000 9.724160 254 155 45
-74.000000 56.000000 9.265020 254 164 49
-72.000000 56.000000 10.029800 254 147 42
-70.000000 56.000000 9.853930 254 153 44
-68.000000 56.000000 9.552220 254 158 47
-66.000000 56.000000 10.087100 254 147 42
-64.000000 56.000000 9.669600 254 155 45
-62.000000 56.000000 9.736170 254 153 44
-60.000000 56.000000 10.010500 254 147 42
-58.000000 56.000000 10.890800 251 126 33
-56.000000 56.000000 10.765700 251 129 34
-54.000000 56.000000 10.518700 252 135 37
-52.000000 56.000000 8.813350 253 174 53
-50.000000 56.000000 9.995680 254 147 42
-48.000000 56.000000 9.798360 254 153 44
-46.000000 56.000000 10.233700 254 144 41
-44.000000 56.000000 9.588130 254 158 47
-42.000000 56.000000 9.439190 254 161 48
-40.000000 56.000000 9.441520 254 161 48
-38.000000 56.000000 9.811610 254 153 44
-36.000000 56.000000 9.165190 254 167 50
-34.000000 56.000000 9.353910 254 161 48
-32.000000 56.000000 8.957920 254 169 51
-30.000000 56.000000 9.152520 254 167 50
-28.000000 56.000000 8.572420 252 177 54
-26.000000 56.000000 8.771870 253 174 53
-24.000000 56.000000 9.312890 254 164 49
-22.000000 56.000000 8.438220 252 179 54
-20.000000 56.000000 9.062840 254 169 51
-18.000000 56.000000 8.886370 253 172 52
-16.000000 56.000000 7.985870 249 188 57
-14.000000 56.000000 8.040190 249 188 57
-12.000000 56.000000 8.373520 251 182 55
-10.000000 56.000000 9.313210 254 164 49
-8.000000 56.000000 8.688190 252 177 54
-6.000000 56.000000 8.021250 249 188 57
-4.000000 56.000000 8.386120 251 182 55
-2.000000 56.000000 8.274750 251 184 56
0.000000 56.000000 8.123010 250 186 57
2.000000 56.000000 8.166930 250 186 57
4.000000 56.000000 7.632040 246 195 58
6.000000 56.000000 7.849060 248 190 57
8.000000 56.000000 8.258910 251 184 56
10.000000 56.000000 7.840660 248 190 57
12.000000 56.000000 8.407230 251 182 55
14.000000 56.000000 7.679280 247 193 58
16.000000 56.000000 7.054600 241 203 58
18.000000 56.000000 7.864930 248 190 57
20.000000 56.000000 7.060690 241 203 58
22.000000 56.000000 7.334770 244 199 58
24.000000 56.000000 7.333200 244 199 58
26.000000 56.000000 6.860320 238 207 58
28.000000 56.000000 6.445490 233 213 57
30.000000 56.000000 8.095130 250 186 57
32.000000 56.000000 7.985740 249 188 57
34.000000 56.000000 5.662890 221 224 55
36.000000 56.000000 6.333140 231 215 57
38.000000 56.000000 6.733960 236 209 58
40.000000 56.000000 6.945670 239 205 58
42.000000 56.000000 6.613900 235 211 57
44.000000 56.000000 6.519860 235 211 57
46.000000 56.000000 6.296940 231 215 57
48.000000 56.000000 6.852410 238 207 58
50.000000 56.000000 5.992350 227 219 56
52.000000 56.000000 5.680710 221 224 55
54.000000 56.000000 5.891150 225 221 55
56.000000 56.000000 5.475480 219 226 54
58.000000 56.000000 5.804240 223 223 55
60.000000 56.000000 5.694240 221 224 55
62.000000 56.000000 5.913970 225 221 55
64.000000 56.000000 5.337850 215 229 53
66.000000 56.000000 5.714640 221 224 55
68.000000 56.000000 5.023050 210 233 53
70.000000 56.000000 4.814670 205 236 52
72.000000 56.000000 5.539590 219 226 54
74.000000 56.000000 5.441630 217 228 54
76.000000 56.000000 4.765140 205 236 52
78.000000 56.000000 4.906930 208 234 52
80.000000 56.000000 4.797470 205 236 52
82.000000 56.000000 4.460960 200 239 52
84.000000 56.000000 3.887180 188 245 52
86.000000 56.000000 3.642780 183 247 53
88.000000 56.000000 4.176670 193 243 52
90.000000 56.000000 4.688690 203 237 52
92.000000 56.000000 4.354060 198 240 52
94.000000 56.000000 5.533770 219 226 54
96.000000 56.000000 4.551270 200 239 52
98.000000 56.000000 3.572120 183 247 53
100.000000 56.000000 3.607170 183 247 53
102.000000 56.000000 4.283240 195 241 52
104.000000 56.000000 3.804150 188 245 52
106.000000 56.000000 3.720090 185 246 53
108.000000 56.000000 3.481100 180 248 54
110.000000 56.000000 3.534180 180 248 54
112.000000 56.000000 3.319190 177 249 54
114.000000 56.000000 2.673580 164 252 60
116.000000 56.000000 2.311470 156 254 64
118.000000 56.000000 3.072560 172 251 56
120.000000 56.000000 4.422830 198 240 52
122.000000 56.000000 3.301600 177 249 54
124.000000 56.000000 2.689490 164 252 60
126.000000 56.000000 3.967460 190 244 52
128.000000 56.000000 3.282420 175 250 55
130.000000 56.000000 3.304180 177 249 54
132.000000 56.000000 3.266250 175 250 55
-196.000000 54.000000 -11.524100 65 70 172
-194.000000 54.000000 -10.684100 68 86 199
-192.000000 54.000000 -11.029500 67 78 186
-190.000000 54.000000 -11.067500 67 78 186
-188.000000 54.000000 -11.152700 66 75 181
-186.000000 54.000000 -11.082500 67 78 186
-184.000000 54.000000 -11.608600 65 67 167
-182.000000 54.000000 -12.305700 61 53 139
-180.000000 54.000000 -12.307600 61 53 139
-178.000000 54.000000 -11.835700 63 62 156
-176.000000 54.000000 -11.351500 66 73 177
-174.000000 54.000000 -11.605200 65 67 167
-172.000000 54.000000 -12.852900 56 39 109
-170.000000 54.000000 -13.176200 54 33 95
-168.000000 54.000000 -12.326100 60 50 134
-166.000000 54.000000 -12.446600 59 47 128
-164.000000 54.000000 -12.400400 60 50 134
-162.000000 54.000000 -13.337400 53 30 88
-160.000000 54.000000 -12.313000 60 50 134
-158.000000 54.000000 -13.102800 54 33 95
-156.000000 54.000000 -13.633700 50 21 67
-154.000000 54.000000 -13.234800 53 30 88
-152.000000 54.000000 -12.644600 58 45 121
-150.000000 54.000000 -12.996400 55 36 102
-148.000000 54.000000 -12.382800 60 50 134
-146.000000 54.000000 -12.722500 57 42 115
-144.000000 54.000000 -13.744000 48 18 59
-142.000000 54.000000 -13.395200 52 27 81
-140.000000 54.000000 -13.523200 51 24 74
-138.000000 54.000000 -12.332900 60 50 134
-136.000000 54.000000 -12.226000 61 53 139
-134.000000 54.000000 -10.774200 68 84 195
-132.000000 54.000000 -11.419900 65 70 172
-130.000000 54.000000 -11.156500 66 75 181
-128.000000 54.000000 -11.273500 66 75 181
-126.000000 54.000000 -11.951600 63 59 151
-124.000000 54.000000 -11.029900 67 78 186
-122.000000 54.000000 -9.563390 71 110 230
-120.000000 54.000000 -8.630100 70 128 246
-118.000000 54.000000 -8.276420 70 135 251
-116.000000 54.000000 -8.430570 70 133 250
-114.000000 54.000000 -8.171350 69 138 252
-112.000000 54.000000 -6.751310 56 165 251
-110.000000 54.000000 -6.031850 47 178 244
-108.000000 54.000000 -8.210410 70 135 251
-106.000000 54.000000 -6.554630 55 168 250
-104.000000 54.000000 -2.424670 31 233 175
-102.000000 54.000000 -2.150180 34 235 170
-100.000000 54.000000 -1.233180 53 243 148
-98.000000 54.000000 -1.724150 44 240 158
-96.000000 54.000000 -2.682130 28 230 180
-94.000000 54.000000 -2.838640 26 228 182
-92.000000 54.000000 -1.638100 44 240 158
-90.000000 54.000000 -1.107540 56 244 145
-88.000000 54.000000 -0.680535 70 248 132
-86.000000 54.000000 -1.326270 53 243 148
-84.000000 54.000000 0.032166 89 251 115
-82.000000 54.000000 -0.279796 82 250 122
-80.000000 54.000000 1.194020 125 255 86
-78.000000 54.000000 0.790810 113 254 95
-76.000000 54.000000 3.121750 172 251 56
-74.000000 54.000000 3.182400 175 250 55
-72.000000 54.000000 4.114450 193 243 52
-70.000000 54.000000 3.065280 172 251 56
-68.000000 54.000000 3.147900 172 251 56
-66.000000 54.000000 3.155160 175 250 55
-64.000000 54.000000 3.998780 190 244 52
-62.000000 54.000000 3.808880 188 245 52
-60.000000 54.000000 4.493130 200 239 52
-58.000000 54.000000 4.565610 200 239 52
-56.000000 54.000000 4.219610 195 241 52
-54.000000 54.000000 5.571730 219 226 54
-52.000000 54.000000 5.004930 210 233 53
-50.000000 54.000000 5.501150 219 226 54
-48.000000 54.000000 5.846830 223 223 55
-46.000000 54.000000 5.432450 217 228 54
-44.000000 54.000000 7.162920 242 201 58
-42.000000 54.000000 7.257850 242 201 58
-40.000000 54.000000 6.852680 238 207 58
-38.000000 54.000000 7.138030 241 203 58
-36.000000 54.000000 6.959190 239 205 58
-34.000000 54.000000 7.096190 241 203 58
-32.000000 54.000000 8.797640 253 174 53
-30.000000 54.000000 6.657400 236 209 58
-28.000000 54.000000 6.709790 236 209 58
-26.000000 54.000000 6.742970 236 209 58
-24.000000 54.000000 6.274540 231 215 57
-22.000000 54.000000 7.584830 246 195 58
-20.000000 54.000000 7.286080 244 199 58
-18.000000 54.000000 7.964450 249 188 57
-16.000000 54.000000 9.328810 254 164 49
-14.000000 54.000000 8.506710 252 179 54
-12.000000 54.000000 7.816410 248 190 57
-10.000000 54.000000 7.123160 241 203 58
-8.000000 54.000000 8.346840 251 182 55
-6.000000 54.000000 8.618270 252 177 54
-4.000000 54.000000 8.855360 253 172 52
-2.000000 54.000000 9.282310 254 164 49
0.000000 54.000000 9.430130 254 161 48
2.000000 54.000000 9.379200 254 161 48
4.000000 54.000000 8.856370 253 172 52
6.000000 54.000000 9.054380 254 169 51
8.000000 54.000000 10.398300 253 138 38
10.000000 54.000000 11.277300 249 117 29
12.000000 54.000000 10.546600 252 135 37
14.000000 54.000000 9.671300 254 155 45
16.000000 54.000000 10.750000 252 132 35
18.000000 54.000000 10.654100 252 132 35
20.000000 54.000000 10.075600 254 147 42
22.000000 54.000000 10.485900 253 138 38
24.000000 54.000000 11.714800 246 108 25
26.000000 54.000000 12.810200 237 85 16
28.000000 54.000000 11.518000 248 114 28
30.000000 54.000000 10.927300 251 126 33
32.000000 54.000000 10.927100 251 126 33
34.000000 54.000000 11.041200 250 123 31
36.000000 54.000000 12.278700 242 96 20
38.000000 54.000000 11.629300 247 111 26
40.000000 54.000000 12.689900 239 88 17
42.000000 54.000000 13.103700 234 78 13
44.000000 54.000000 11.760900 246 108 25
46.000000 54.000000 11.551000 247 111 26
48.000000 54.000000 11.591300 247 111 26
50.000000 54.000000 12.742600 237 85 16
52.000000 54.000000 11.721100 246 108 25
54.000000 54.000000 10.560900 252 135 37
56.000000 54.000000 10.217500 254 144 41
58.000000 54.000000 11.749100 246 108 25
60.000000 54.000000 11.209400 249 120 30
62.000000 54.000000 11.976900 244 102 23
64.000000 54.000000 13.725100 226 67 10
66.000000 54.000000 13.226100 232 75 12
68.000000 54.000000 11.799800 245 105 24
70.000000 54.000000 11.819100 245 105 24
72.000000 54.000000 10.128000 254 144 41
74.000000 54.000000 10.345000 253 141 39
76.000000 54.000000 12.667200 239 88 17
78.000000 54.000000 13.229300 232 75 12
80.000000 54.000000 11.472800 248 114 28
82.000000 54.000000 10.995900 251 126 33
84.000000 54.000000 11.951000 244 102 23
86.000000 54.000000 12.041100 244 102 23
88.000000 54.000000 11.347100 249 117 29
90.000000 54.000000 11.212900 249 120 30
92.000000 54.000000 11.386800 249 117 29
94.000000 54.000000 11.449400 248 114 28
96.000000 54.000000 11.550500 247 111 26
98.000000 54.000000 11.149100 249 120 30
100.000000 54.000000 10.785600 251 129 34
102.000000 54.000000 9.977710 254 150 43
104.000000 54.000000 10.477400 253 138 38
106.000000 54.000000 11.797300 245 105 24
108.000000 54.000000 11.493600 248 114 28
110.000000 54.000000 11.809000 245 105 24
112.000000 54.000000 12.019900 244 102 23
114.000000 54.000000 11.645400 247 111 26
116.000000 54.000000 10.902900 251 126 33
118.000000 54.000000 9.308980 254 164 49
120.000000 54.000000 7.971220 249 188 57
122.000000 54.000000 9.807730 254 153 44
124.000000 54.000000 9.848340 254 153 44
126.000000 54.000000 8.136630 250 186 57
128.000000 54.000000 7.014950 239 205 58
130.000000 54.000000 7.331210 244 199 58
132.000000 54.000000 7.270240 242 201 58
134.000000 54.000000 6.624840 235 211 57
136.000000 54.000000 7.417020 245 197 58
138.000000 54.000000 8.419940 251 182 55
142.000000 54.000000 3.361700 177 249 54
-198.000000 52.000000 -4.161360 26 212 208
-196.000000 52.000000 -5.184330 35 195 228
-194.000000 52.000000 -4.632210 30 203 218
-192.000000 52.000000 -4.024560 25 213 205
-190.000000 52.000000 -3.650700 24 219 197
-188.000000 52.000000 -2.990290 25 227 185
-186.000000 52.000000 -4.240250 26 210 210
-184.000000 52.000000 -4.445510 27 208 213
-182.000000 52.000000 -4.044210 25 213 205
-180.000000 52.000000 -3.292460 24 222 192
-178.000000 52.000000 -4.337340 27 208 213
-176.000000 52.000000 -4.843240 32 199 223
-174.000000 52.000000 -4.709640 31 201 221
-172.000000 52.000000 -3.876470 24 215 202
-170.000000 52.000000 -2.508390 31 233 175
-168.000000 52.000000 -2.507880 31 233 175
-166.000000 52.000000 -3.508410 24 221 194
-164.000000 52.000000 -2.706330 28 230 180
-162.000000 52.000000 -3.677300 24 217 200
-160.000000 52.000000 -3.681620 24 217 200
-158.000000 52.000000 -3.072260 25 226 187
-156.000000 52.000000 -3.378160 24 222 192
-154.000000 52.000000 -3.245650 24 224 189
-152.000000 52.000000 -3.723830 24 217 200
-150.000000 52.000000 -3.737010 24 217 200
-148.000000 52.000000 -4.524910 28 205 216
-146.000000 52.000000 -4.242960 26 210 210
-144.000000 52.000000 -4.423960 27 208 213
-142.000000 52.000000 -4.155250 26 212 208
-140.000000 52.000000 -4.474800 28 205 216
-138.000000 52.000000 -4.905320 32 199 223
-136.000000 52.000000 -5.513810 40 188 235
-134.000000 52.000000 -5.679490 42 185 238
-132.000000 52.000000 -5.157260 35 195 228
-130.000000 52.000000 -4.956210 32 199 223
-128.000000 52.000000 -4.173100 26 212 208
-126.000000 52.000000 -4.454640 28 205 216
-124.000000 52.000000 -4.989280 34 197 226
-122.000000 52.000000 -5.685760 42 185 238
-120.000000 52.000000 -6.133540 49 175 245
-118.000000 52.000000 -5.889890 46 180 242
-116.000000 52.000000 -5.271710 37 192 231
-114.000000 52.000000 -4.883490 32 199 223
-112.000000 52.000000 -6.127500 49 175 245
-110.000000 52.000000 -6.467450 53 171 248
-108.000000 52.000000 -6.337860 51 173 247
-106.000000 52.000000 -6.451180 53 171 248
-104.000000 52.000000 -6.641930 56 165 251
-102.000000 52.000000 -6.924630 59 160 253
-100.000000 52.000000 -7.184550 62 155 254
-98.000000 52.000000 -6.340350 51 173 247
-96.000000 52.000000 -6.451170 53 171 248
-94.000000 52.000000 -6.135660 49 175 245
-92.000000 52.000000 -6.099500 47 178 244
-90.000000 52.000000 -5.767170 44 183 240
-88.000000 52.000000 -5.773190 44 183 240
-86.000000 52.000000 -4.431770 27 208 213
-84.000000 52.000000 -5.381320 39 190 233
-82.000000 52.000000 -5.562630 40 188 235
-80.000000 52.000000 -4.613280 30 203 218
-78.000000 52.000000 -4.249030 26 210 210
-76.000000 52.000000 -4.694480 30 203 218
-74.000000 52.000000 -4.087910 26 212 208
-72.000000 52.000000 -2.819230 26 228 182
-70.000000 52.000000 -1.811810 42 239 161
-68.000000 52.000000 -1.790460 42 239 161
-66.000000 52.000000 -2.255010 34 235 170
-64.000000 52.000000 -4.532270 28 205 216
-62.000000 52.000000 -3.916720 24 215 202
-60.000000 52.000000 -0.624699 70 248 132
-58.000000 52.000000 -0.333394 78 249 125
-56.000000 52.000000 0.225628 97 252 108
-54.000000 52.000000 0.188035 93 252 111
-52.000000 52.000000 -1.006810 60 245 142
-50.000000 52.000000 0.255790 97 252 108
-48.000000 52.000000 1.746870 143 255 73
-46.000000 52.000000 1.730810 139 255 75
-44.000000 52.000000 1.361460 132 255 81
-42.000000 52.000000 0.744809 113 254 95
-40.000000 52.000000 1.450900 132 255 81
-38.000000 52.000000 1.555730 136 255 78
-36.000000 52.000000 1.239150 128 255 83
-34.000000 52.000000 2.321320 156 254 64
-32.000000 52.000000 2.170220 153 254 66
-30.000000 52.000000 1.755720 143 255 73
-28.000000 52.000000 2.874420 167 252 58
-26.000000 52.000000 3.915160 188 245 52
-24.000000 52.000000 4.050790 190 244 52
-22.000000 52.000000 3.736950 185 246 53
-20.000000 52.000000 4.644660 203 237 52
-18.000000 52.000000 4.332480 198 240 52
-16.000000 52.000000 3.357810 177 249 54
-14.000000 52.000000 4.423590 198 240 52
-12.000000 52.000000 4.941380 208 234 52
-10.000000 52.000000 6.137810 229 217 56
-8.000000 52.000000 5.372380 217 228 54
-6.000000 52.000000 5.397500 217 228 54
-4.000000 52.000000 5.938870 225 221 55
-2.000000 52.000000 6.366670 231 215 57
0.000000 52.000000 5.804370 223 223 55
2.000000 52.000000 5.921810 225 221 55
4.000000 52.000000 6.591710 235 211 57
6.000000 52.000000 6.683610 236 209 58
8.000000 52.000000 4.958230 208 234 52
10.000000 52.000000 5.271510 215 229 53
12.000000 52.000000 4.741010 205 236 52
14.000000 52.000000 4.642270 203 237 52
16.000000 52.000000 5.475230 219 226 54
18.000000 52.000000 5.581990 219 226 54
20.000000 52.000000 5.824290 223 223 55
22.000000 52.000000 5.286690 215 229 53
24.000000 52.000000 6.729150 236 209 58
26.000000 52.000000 6.046370 227 219 56
28.000000 52.000000 5.923700 225 221 55
30.000000 52.000000 5.592480 219 226 54
32.000000 52.000000 2.248290 153 254 66
34.000000 52.000000 4.564960 200 239 52
36.000000 52.000000 4.186650 195 241 52
38.000000 52.000000 3.514090 180 248 54
40.000000 52.000000 4.173510 193 243 52
42.000000 52.000000 2.141870 153 254 66
44.000000 52.000000 4.953340 208 234 52
46.000000 52.000000 6.571970 235 211 57
48.000000 52.000000 4.523300 200 239 52
50.000000 52.000000 3.293730 177 249 54
52.000000 52.000000 3.932720 190 244 52
54.000000 52.000000 5.076420 210 233 53
56.000000 52.000000 5.180190 212 231 53
58.000000 52.000000 4.464060 200 239 52
60.000000 52.000000 3.931590 190 244 52
62.000000 52.000000 4.675240 203 237 52
64.000000 52.000000 3.200640 175 250 55
66.000000 52.000000 3.587550 183 247 53
68.000000 52.000000 3.913130 188 245 52
70.000000 52.000000 3.777860 185 246 53
72.000000 52.000000 6.454560 233 213 57
74.000000 52.000000 4.937200 208 234 52
76.000000 52.000000 3.946420 190 244 52
78.000000 52.000000 2.503190 159 253 63
80.000000 52.000000 1.585190 136 255 78
82.000000 52.000000 2.542090 161 253 61
84.000000 52.000000 2.224080 153 254 66
86.000000 52.000000 1.396880 132 255 81
88.000000 52.000000 3.122320 172 251 56
90.000000 52.000000 1.915370 146 255 71
92.000000 52.000000 0.866488 117 254 92
94.000000 52.000000 1.418290 132 255 81
96.000000 52.000000 0.600369 109 254 98
98.000000 52.000000 0.834972 117 254 92
100.000000 52.000000 1.226690 128 255 83
102.000000 52.000000 0.325605 101 253 105
104.000000 52.000000 0.235196 97 252 108
106.000000 52.000000 -0.882758 63 246 138
108.000000 52.000000 -1.588340 47 241 155
110.000000 52.000000 -1.181740 56 244 145
112.000000 52.000000 -1.902640 39 238 164
114.000000 52.000000 -1.031800 60 245 142
116.000000 52.000000 -1.180030 56 244 145
118.000000 52.000000 -0.809123 67 247 135
120.000000 52.000000 0.608467 109 254 98
122.000000 52.000000 -2.122720 37 236 167
124.000000 52.000000 -2.642370 29 231 178
126.000000 52.000000 -3.022200 25 227 185
128.000000 52.000000 -3.736990 24 217 200
130.000000 52.000000 -3.955130 25 213 205
132.000000 52.000000 -2.709970 28 230 180
134.000000 52.000000 -3.523590 24 221 194
136.000000 52.000000 -6.971870 59 160 253
138.000000 52.000000 -4.422280 27 208 213
140.000000 52.000000 -3.514620 24 221 194
142.000000 52.000000 -5.635050 42 185 238
144.000000 52.000000 -6.639720 55 168 250
146.000000 52.000000 -0.930922 63 246 138
148.000000 52.000000 -3.809490 24 215 202
-200.000000 50.000000 -17.135200 48 18 59
-198.000000 50.000000 -15.408700 48 18 59
-196.000000 50.000000 -13.370100 52 27 81
-194.000000 50.000000 -12.163900 62 56 145
-192.000000 50.000000 -11.017600 68 81 191
-190.000000 50.000000 -11.519300 65 70 172
-188.000000 50.000000 -11.084400 67 78 186
-186.000000 50.000000 -6.761260 56 165 251
-184.000000 50.000000 -6.615660 55 168 250
-182.000000 50.000000 -5.524090 40 188 235
-180.000000 50.000000 -7.364970 64 153 255
-178.000000 50.000000 -4.356640 27 208 213
-176.000000 50.000000 -1.452410 50 242 152
-174.000000 50.000000 -0.485109 74 248 128
-172.000000 50.000000 -1.910460 39 238 164
-170.000000 50.000000 -2.782310 26 228 182
-168.000000 50.000000 -1.541410 47 241 155
-166.000000 50.000000 -1.444710 50 242 152
-164.000000 50.000000 -0.476568 74 248 128
-162.000000 50.000000 1.120630 125 255 86
-160.000000 50.000000 2.320030 156 254 64
-158.000000 50.000000 1.899940 146 255 71
-156.000000 50.000000 1.722750 139 255 75
-154.000000 50.000000 2.180280 153 254 66
-152.000000 50.000000 2.345570 156 254 64
-150.000000 50.000000 4.019250 190 244 52
-148.000000 50.000000 3.884620 188 245 52
-146.000000 50.000000 3.436360 180 248 54
-144.000000 50.000000 3.827840 188 245 52
-142.000000 50.000000 3.993550 190 244 52
-140.000000 50.000000 4.825140 205 236 52
-138.000000 50.000000 4.818880 205 236 52
-136.000000 50.000000 5.411430 217 228 54
-134.000000 50.000000 4.967260 210 233 53
-132.000000 50.000000 4.811740 205 236 52
-130.000000 50.000000 5.228070 215 229 53
-128.000000 50.000000 5.211670 212 231 53
-126.000000 50.000000 3.546080 183 247 53
-124.000000 50.000000 4.350040 198 240 52
-122.000000 50.000000 5.801960 223 223 55
-120.000000 50.000000 4.951460 208 234 52
-118.000000 50.000000 5.059710 210 233 53
-116.000000 50.000000 4.507120 200 239 52
-114.000000 50.000000 4.210960 195 241 52
-112.000000 50.000000 4.572390 203 237 52
-110.000000 50.000000 3.783970 185 246 53
-108.000000 50.000000 4.402190 198 240 52
-106.000000 50.000000 4.339090 198 240 52
-104.000000 50.000000 2.944860 169 251 57
-102.000000 50.000000 3.163070 175 250 55
-100.000000 50.000000 2.775070 167 252 58
-98.000000 50.000000 3.576250 183 247 53
-96.000000 50.000000 3.980710 190 244 52
-94.000000 50.000000 2.675610 164 252 60
-92.000000 50.000000 2.770030 167 252 58
-90.000000 50.000000 2.502760 159 253 63
-88.000000 50.000000 3.173680 175 250 55
-86.000000 50.000000 3.361850 177 249 54
-84.000000 50.000000 2.490940 159 253 63
-82.000000 50.000000 2.461110 159 253 63
-80.000000 50.000000 1.994670 150 254 68
-78.000000 50.000000 1.715820 139 255 75
-76.000000 50.000000 2.120050 150 254 68
-74.000000 50.000000 2.515450 161 253 61
-72.000000 50.000000 2.064520 150 254 68
-70.000000 50.000000 1.962250 146 255 71
-68.000000 50.000000 1.838340 143 255 73
-66.000000 50.000000 1.706050 139 255 75
-64.000000 50.000000 2.173750 153 254 66
-62.000000 50.000000 1.720880 139 255 75
-60.000000 50.000000 1.358210 132 255 81
-58.000000 50.000000 1.007280 121 254 89
-56.000000 50.000000 1.490440 136 255 78
-54.000000 50.000000 1.339890 128 255 83
-52.000000 50.000000 1.240170 128 255 83
-50.000000 50.000000 1.301610 128 255 83
-48.000000 50.000000 1.293370 128 255 83
-46.000000 50.000000 1.188500 125 255 86
-44.000000 50.000000 0.923075 117 254 92
-42.000000 50.000000 1.068720 121 254 89
-40.000000 50.000000 1.030460 121 254 89
-38.000000 50.000000 1.471300 132 255 81
-36.000000 50.000000 1.740490 143 255 73
-34.000000 50.000000 1.512480 136 255 78
-32.000000 50.000000 0.467096 105 253 102
-30.000000 50.000000 0.995692 121 254 89
-28.000000 50.000000 1.478350 132 255 81
-26.000000 50.000000 1.805200 143 255 73
-24.000000 50.000000 0.977702 121 254 89
-22.000000 50.000000 0.191980 97 252 108
-20.000000 50.000000 0.378581 101 253 105
-18.000000 50.000000 1.823080 143 255 73
-16.000000 50.000000 1.221510 128 255 83
-14.000000 50.000000 0.967733 121 254 89
-12.000000 50.000000 1.272760 128 255 83
-10.000000 50.000000 1.396340 132 255 81
-8.000000 50.000000 0.688258 109 254 98
-6.000000 50.000000 0.445370 101 253 105
-4.000000 50.000000 1.310400 128 255 83
-2.000000 50.000000 2.360600 156 254 64
0.000000 50.000000 2.452590 159 253 63
2.000000 50.000000 2.156360 153 254 66
4.000000 50.000000 1.309360 128 255 83
6.000000 50.000000 1.180830 125 255 86
8.000000 50.000000 1.582750 136 255 78
10.000000 50.000000 1.336730 128 255 83
12.000000 50.000000 1.439100 132 255 81
14.000000 50.000000 2.651500 164 252 60
16.000000 50.000000 1.806620 143 255 73
18.000000 50.000000 2.143710 153 254 66
20.000000 50.000000 2.600290 161 253 61
22.000000 50.000000 0.630380 109 254 98
24.000000 50.000000 0.940968 117 254 92
26.000000 50.000000 1.928690 146 255 71
28.000000 50.000000 1.897440 146 255 71
30.000000 50.000000 0.930382 117 254 92
32.000000 50.000000 2.883010 167 252 58
34.000000 50.000000 0.261267 97 252 108
36.000000 50.000000 0.341924 101 253 105
38.000000 50.000000 2.377020 156 254 64
40.000000 50.000000 1.398950 132 255 81
42.000000 50.000000 1.616320 139 255 75
44.000000 50.000000 1.313970 128 255 83
46.000000 50.000000 0.214873 97 252 108
48.000000 50.000000 -0.163108 85 250 118
50.000000 50.000000 1.117570 125 255 86
52.000000 50.000000 0.969348 121 254 89
54.000000 50.000000 -2.356800 32 234 172
56.000000 50.000000 -1.437390 50 242 152
58.000000 50.000000 0.295611 97 252 108
60.000000 50.000000 -1.224520 56 244 145
62.000000 50.000000 -2.502160 31 233 175
64.000000 50.000000 -0.846848 63 246 138
66.000000 50.000000 -1.251670 53 243 148
68.000000 50.000000 -2.064030 37 236 167
70.000000 50.000000 -2.381640 32 234 172
72.000000 50.000000 -3.275060 24 224 189
74.000000 50.000000 -3.685730 24 217 200
76.000000 50.000000 -2.635480 29 231 178
78.000000 50.000000 -1.858860 42 239 161
80.000000 50.000000 -1.715620 44 240 158
82.000000 50.000000 -1.789020 42 239 161
84.000000 50.000000 -2.191340 34 235 170
86.000000 50.000000 -3.172860 24 224 189
88.000000 50.000000 -3.716540 24 217 200
90.000000 50.000000 -3.469110 24 221 194
92.000000 50.000000 -4.956770 32 199 223
94.000000 50.000000 -5.672320 42 185 238
96.000000 50.000000 -5.243640 37 192 231
98.000000 50.000000 -5.212460 35 195 228
100.000000 50.000000 -4.572420 28 205 216
102.000000 50.000000 -6.012080 47 178 244
104.000000 50.000000 -7.041960 61 158 254
106.000000 50.000000 -5.502120 40 188 235
108.000000 50.000000 -5.556730 40 188 235
110.000000 50.000000 -5.794810 44 183 240
112.000000 50.000000 -5.356350 39 190 233
114.000000 50.000000 -5.711990 42 185 238
116.000000 50.000000 -6.908740 59 160 253
118.000000 50.000000 -7.334550 64 153 255
120.000000 50.000000 -8.064810 69 138 252
122.000000 50.000000 -7.635860 66 148 255
124.000000 50.000000 -6.919490 59 160 253
126.000000 50.000000 -6.755350 56 165 251
128.000000 50.000000 -7.649480 66 148 255
130.000000 50.000000 -7.777000 67 145 254
132.000000 50.000000 -8.795900 70 125 244
134.000000 50.000000 -8.116110 69 138 252
136.000000 50.000000 -8.395740 70 133 250
138.000000 50.000000 -8.352470 70 133 250
140.000000 50.000000 -7.211510 62 155 254
142.000000 50.000000 -7.343460 64 153 255
144.000000 50.000000 -5.724640 42 185 238
146.000000 50.000000 -4.869970 32 199 223
148.000000 50.000000 -4.398900 27 208 213
150.000000 50.000000 -6.321000 51 173 247
152.000000 50.000000 -8.056440 69 140 253
-204.000000 48.000000 -20.842300 48 18 59
-202.000000 48.000000 -20.392000 48 18 59
-200.000000 48.000000 -21.460900 48 18 59
-198.000000 48.000000 -21.513400 48 18 59
-196.000000 48.000000 -21.570200 48 18 59
-194.000000 48.000000 -21.834700 48 18 59
-192.000000 48.000000 -20.453000 48 18 59
-190.000000 48.000000 -20.070800 48 18 59
-188.000000 48.000000 -21.239700 48 18 59
-186.000000 48.000000 -20.177300 48 18 59
-184.000000 48.000000 -20.118300 48 18 59
-182.000000 48.000000 -18.502500 48 18 59
-180.000000 48.000000 -16.802700 48 18 59
-178.000000 48.000000 -17.790800 48 18 59
-176.000000 48.000000 -20.825300 48 18 59
-174.000000 48.000000 -17.583700 48 18 59
-172.000000 48.000000 -16.535500 48 18 59
-170.000000 48.000000 -15.160000 48 18 59
-168.000000 48.000000 -17.982600 48 18 59
-166.000000 48.000000 -11.908600 63 62 156
-164.000000 48.000000 -12.830700 56 39 109
-162.000000 48.000000 -12.830500 56 39 109
-160.000000 48.000000 -12.600300 58 45 121
-158.000000 48.000000 -12.513600 59 47 128
-156.000000 48.000000 -10.031300 70 100 218
-154.000000 48.000000 -10.185400 70 97 214
-152.000000 48.000000 -9.119760 71 118 238
-150.000000 48.000000 -7.427400 65 150 255
-148.000000 48.000000 -5.197780 35 195 228
-146.000000 48.000000 -3.588250 24 219 197
-144.000000 48.000000 -2.316660 32 234 172
-142.000000 48.000000 -4.830650 31 201 221
-140.000000 48.000000 -5.259980 37 192 231
-138.000000 48.000000 -1.182350 56 244 145
-136.000000 48.000000 -3.105310 25 226 187
-134.000000 48.000000 -2.432690 31 233 175
-132.000000 48.000000 -0.998261 60 245 142
-130.000000 48.000000 -0.621917 70 248 132
-128.000000 48.000000 -1.574480 47 241 155
-126.000000 48.000000 1.373870 132 255 81
-124.000000 48.000000 2.523320 161 253 61
-122.000000 48.000000 4.210310 195 241 52
-120.000000 48.000000 3.505560 180 248 54
-118.000000 48.000000 2.374780 156 254 64
-116.000000 48.000000 5.275130 215 229 53
-114.000000 48.000000 5.663590 221 224 55
-112.000000 48.000000 4.396640 198 240 52
-110.000000 48.000000 4.299290 195 241 52
-108.000000 48.000000 2.702090 164 252 60
-106.000000 48.000000 5.241090 215 229 53
-104.000000 48.000000 8.435490 251 182 55
-102.000000 48.000000 8.291280 251 184 56
-100.000000 48.000000 6.991240 239 205 58
-98.000000 48.000000 6.843480 238 207 58
-96.000000 48.000000 7.058200 241 203 58
-94.000000 48.000000 8.779300 253 174 53
-92.000000 48.000000 8.145620 250 186 57
-90.000000 48.000000 9.381360 254 161 48
-88.000000 48.000000 7.357180 244 199 58
-86.000000 48.000000 9.073490 254 169 51
-84.000000 48.000000 11.360800 249 117 29
-82.000000 48.000000 9.700670 254 155 45
-80.000000 48.000000 9.748410 254 153 44
-78.000000 48.000000 10.388300 253 138 38
-76.000000 48.000000 10.534100 252 135 37
-74.000000 48.000000 9.736130 254 153 44
-72.000000 48.000000 9.965520 254 150 43
-70.000000 48.000000 9.547750 254 158 47
-68.000000 48.000000 9.887860 254 150 43
-66.000000 48.000000 10.017500 254 147 42
-64.000000 48.000000 8.905020 253 172 52
-62.000000 48.000000 11.078500 250 123 31
-60.000000 48.000000 9.797300 254 153 44
-58.000000 48.000000 8.824140 253 174 53
-56.000000 48.000000 8.963740 254 169 51
-54.000000 48.000000 9.052550 254 169 51
-52.000000 48.000000 9.526640 254 158 47
-50.000000 48.000000 9.503180 254 158 47
-48.000000 48.000000 7.847100 248 190 57
-46.000000 48.000000 9.797520 254 153 44
-44.000000 48.000000 8.252300 251 184 56
-42.000000 48.000000 9.407200 254 161 48
-40.000000 48.000000 9.397900 254 161 48
-38.000000 48.000000 8.842580 253 172 52
-36.000000 48.000000 9.873090 254 150 43
-34.000000 48.000000 9.625450 254 155 45
-32.000000 48.000000 9.287910 254 164 49
-30.000000 48.000000 8.948170 253 172 52
-28.000000 48.000000 9.232630 254 164 49
-26.000000 48.000000 8.098140 250 186 57
-24.000000 48.000000 8.366190 251 182 55
-22.000000 48.000000 8.937380 253 172 52
-20.000000 48.000000 9.605090 254 155 45
-18.000000 48.000000 7.822730 248 190 57
-16.000000 48.000000 7.608210 246 195 58
-14.000000 48.000000 8.422690 251 182 55
-12.000000 48.000000 7.691830 247 193 58
-10.000000 48.000000 7.869220 248 190 57
-8.000000 48.000000 8.137620 250 186 57
-6.000000 48.000000 7.140610 241 203 58
-4.000000 48.000000 7.891960 248 190 57
-2.000000 48.000000 7.667730 247 193 58
0.000000 48.000000 6.761400 236 209 58
2.000000 48.000000 7.524000 245 197 58
4.000000 48.000000 6.999180 239 205 58
6.000000 48.000000 7.366400 244 199 58
8.000000 48.000000 6.394000 233 213 57
10.000000 48.000000 7.038980 241 203 58
12.000000 48.000000 6.325060 231 215 57
14.000000 48.000000 6.597380 235 211 57
16.000000 48.000000 6.380420 233 213 57
18.000000 48.000000 6.846750 238 207 58
20.000000 48.000000 6.045980 227 219 56
22.000000 48.000000 7.984140 249 188 57
24.000000 48.000000 6.796900 238 207 58
26.000000 48.000000 6.816280 238 207 58
28.000000 48.000000 7.061800 241 203 58
30.000000 48.000000 6.162670 229 217 56
32.000000 48.000000 5.775410 223 223 55
34.000000 48.000000 5.142180 212 231 53
36.000000 48.000000 6.644700 236 209 58
38.000000 48.000000 5.114730 212 231 53
40.000000 48.000000 6.959190 239 205 58
42.000000 48.000000 5.191260 212 231 53
44.000000 48.000000 6.569280 235 211 57
46.000000 48.000000 4.568370 200 239 52
48.000000 48.000000 5.210390 212 231 53
50.000000 48.000000 4.969840 210 233 53
52.000000 48.000000 5.203350 212 231 53
54.000000 48.000000 5.341500 215 229 53
56.000000 48.000000 4.761520 205 236 52
58.000000 48.000000 5.464040 217 228 54
60.000000 48.000000 5.085890 210 233 53
62.000000 48.000000 6.915390 239 205 58
64.000000 48.000000 5.341960 215 229 53
66.000000 48.000000 4.717660 205 236 52
68.000000 48.000000 5.187410 212 231 53
70.000000 48.000000 4.361640 198 240 52
72.000000 48.000000 4.432500 198 240 52
74.000000 48.000000 4.549990 200 239 52
76.000000 48.000000 3.871350 188 245 52
78.000000 48.000000 4.318970 198 240 52
80.000000 48.000000 4.367080 198 240 52
82.000000 48.000000 4.080690 193 243 52
84.000000 48.000000 4.191890 195 241 52
86.000000 48.000000 3.627130 183 247 53
88.000000 48.000000 2.612630 161 253 61
90.000000 48.000000 3.093660 172 251 56
92.000000 48.000000 2.650180 164 252 60
94.000000 48.000000 4.212020 195 241 52
96.000000 48.000000 3.348780 177 249 54
98.000000 48.000000 2.823830 167 252 58
100.000000 48.000000 3.484100 180 248 54
102.000000 48.000000 3.482380 180 248 54
104.000000 48.000000 2.924240 169 251 57
106.000000 48.000000 2.821990 167 252 58
108.000000 48.000000 1.932620 146 255 71
110.000000 48.000000 2.862790 167 252 58
112.000000 48.000000 2.684620 164 252 60
114.000000 48.000000 2.828510 167 252 58
116.000000 48.000000 2.860160 167 252 58
118.000000 48.000000 2.516980 161 253 61
120.000000 48.000000 1.950630 146 255 71
122.000000 48.000000 2.417090 159 253 63
124.000000 48.000000 1.620780 139 255 75
126.000000 48.000000 1.414800 132 255 81
128.000000 48.000000 0.819506 113 254 95
130.000000 48.000000 2.592030 161 253 61
132.000000 48.000000 1.689020 139 255 75
134.000000 48.000000 1.230160 128 255 83
136.000000 48.000000 0.750780 113 254 95
138.000000 48.000000 1.322440 128 255 83
140.000000 48.000000 0.876447 117 254 92
142.000000 48.000000 0.238293 97 252 108
144.000000 48.000000 -0.266420 82 250 122
146.000000 48.000000 0.070851 93 252 111
148.000000 48.000000 -1.052170 60 245 142
150.000000 48.000000 0.888158 117 254 92
152.000000 48.000000 1.563870 136 255 78
154.000000 48.000000 1.293230 128 255 83
156.000000 48.000000 1.055150 121 254 89
158.000000 48.000000 0.038455 89 251 115
-206.000000 46.000000 -12.746100 57 42 115
-204.000000 46.000000 -12.602700 58 45 121
-202.000000 46.000000 -12.947100 56 39 109
-200.000000 46.000000 -13.487700 51 24 74
-198.000000 46.000000 -14.740900 48 18 59
-196.000000 46.000000 -14.737500 48 18 59
-194.000000 46.000000 -14.554200 48 18 59
-192.000000 46.000000 -14.555800 48 18 59
-190.000000 46.000000 -14.558900 48 18 59
-188.000000 46.000000 -13.710200 50 21 67
-186.000000 46.000000 -13.500000 51 24 74
-184.000000 46.000000 -13.229200 53 30 88
-182.000000 46.000000 -15.088000 48 18 59
-180.000000 46.000000 -15.591500 48 18 59
-178.000000 46.000000 -14.793400 48 18 59
-176.000000 46.000000 -14.307600 48 18 59
-174.000000 46.000000 -15.461200 48 18 59
-172.000000 46.000000 -14.332900 48 18 59
-170.000000 46.000000 -14.548600 48 18 59
-168.000000 46.000000 -15.658900 48 18 59
-166.000000 46.000000 -14.529500 48 18 59
-164.000000 46.000000 -15.686100 48 18 59
-162.000000 46.000000 -15.865100 48 18 59
-160.000000 46.000000 -14.524000 48 18 59
-158.000000 46.000000 -15.217200 48 18 59
-156.000000 46.000000 -15.351500 48 18 59
-154.000000 46.000000 -15.442200 48 18 59
-152.000000 46.000000 -15.295300 48 18 59
-150.000000 46.000000 -15.780100 48 18 59
-148.000000 46.000000 -16.131200 48 18 59
-146.000000 46.000000 -15.676200 48 18 59
-144.000000 46.000000 -15.112800 48 18 59
-142.000000 46.000000 -14.537700 48 18 59
-140.000000 46.000000 -13.454400 52 27 81
-138.000000 46.000000 -14.905100 48 18 59
-136.000000 46.000000 -13.448200 52 27 81
-134.000000 46.000000 -12.169500 62 56 145
-132.000000 46.000000 -11.626900 65 67 167
-130.000000 46.000000 -11.162600 66 75 181
-128.000000 46.000000 -10.205300 70 97 214
-126.000000 46.000000 -9.849740 70 105 224
-124.000000 46.000000 -10.708300 68 86 199
-122.000000 46.000000 -10.472200 69 92 207
-120.000000 46.000000 -8.991660 71 120 240
-118.000000 46.000000 -8.479100 70 130 248
-116.000000 46.000000 -7.318020 64 153 255
-114.000000 46.000000 -6.694930 56 165 251
-112.000000 46.000000 -6.255250 51 173 247
-110.000000 46.000000 -6.095290 47 178 244
-108.000000 46.000000 -5.585960 40 188 235
-106.000000 46.000000 -5.704640 42 185 238
-104.000000 46.000000 -4.611640 30 203 218
-102.000000 46.000000 -4.315990 26 210 210
-100.000000 46.000000 -5.220890 35 195 228
-98.000000 46.000000 -4.062570 25 213 205
-96.000000 46.000000 -3.247910 24 224 189
-94.000000 46.000000 -2.912310 25 227 185
-92.000000 46.000000 0.163861 93 252 111
-90.000000 46.000000 -0.665538 70 248 132
-88.000000 46.000000 -0.211573 82 250 122
-86.000000 46.000000 0.493678 105 253 102
-84.000000 46.000000 2.021290 150 254 68
-82.000000 46.000000 2.497660 159 253 63
-80.000000 46.000000 1.421550 132 255 81
-78.000000 46.000000 0.830763 113 254 95
-76.000000 46.000000 2.317420 156 254 64
-74.000000 46.000000 3.188250 175 250 55
-72.000000 46.000000 1.749360 143 255 73
-70.000000 46.000000 2.851890 167 252 58
-68.000000 46.000000 2.707400 164 252 60
-66.000000 46.000000 2.263850 156 254 64
-64.000000 46.000000 3.723160 185 246 53
-62.000000 46.000000 2.825180 167 252 58
-60.000000 46.000000 3.314850 177 249 54
-58.000000 46.000000 4.108670 193 243 52
-56.000000 46.000000 3.451480 180 248 54
-54.000000 46.000000 4.158030 193 243 52
-52.000000 46.000000 3.818050 188 245 52
-50.000000 46.000000 4.570050 200 239 52
-48.000000 46.000000 6.186420 229 217 56
-46.000000 46.000000 5.035460 210 233 53
-44.000000 46.000000 8.190570 251 184 56
-42.000000 46.000000 7.905520 248 190 57
-40.000000 46.000000 5.622970 221 224 55
-38.000000 46.000000 5.723660 221 224 55
-36.000000 46.000000 5.402820 217 228 54
-34.000000 46.000000 5.834060 223 223 55
-32.000000 46.000000 5.134480 212 231 53
-30.000000 46.000000 6.212670 229 217 56
-28.000000 46.000000 6.921130 239 205 58
-26.000000 46.000000 7.275250 242 201 58
-24.000000 46.000000 6.493870 233 213 57
-22.000000 46.000000 6.902470 239 205 58
-20.000000 46.000000 7.233530 242 201 58
-18.000000 46.000000 7.791050 247 193 58
-16.000000 46.000000 8.294790 251 184 56
-14.000000 46.000000 7.660310 246 195 58
-12.000000 46.000000 6.648770 236 209 58
-10.000000 46.000000 7.597540 246 195 58
-8.000000 46.000000 7.051780 241 203 58
-6.000000 46.000000 9.110110 254 167 50
-4.000000 46.000000 8.687290 252 177 54
-2.000000 46.000000 8.788740 253 174 53
0.000000 46.000000 8.416170 251 182 55
2.000000 46.000000 9.470630 254 158 47
4.000000 46.000000 10.886200 251 129 34
6.000000 46.000000 9.692620 254 155 45
8.000000 46.000000 8.723200 253 174 53
10.000000 46.000000 8.908230 253 172 52
12.000000 46.000000 9.464050 254 161 48
14.000000 46.000000 9.276310 254 164 49
16.000000 46.000000 9.390490 254 161 48
18.000000 46.000000 10.075400 254 147 42
20.000000 46.000000 11.085300 250 123 31
22.000000 46.000000 11.378300 249 117 29
24.000000 46.000000 10.325200 253 141 39
26.000000 46.000000 10.211200 254 144 41
28.000000 46.000000 11.120700 250 123 31
30.000000 46.000000 12.264200 242 96 20
32.000000 46.000000 12.044800 244 102 23
34.000000 46.000000 11.314900 249 117 29
36.000000 46.000000 10.480800 253 138 38
38.000000 46.000000 11.344900 249 117 29
40.000000 46.000000 11.407600 248 114 28
42.000000 46.000000 11.762400 246 108 25
44.000000 46.000000 11.320800 249 117 29
46.000000 46.000000 12.846400 236 83 15
48.000000 46.000000 12.926200 236 83 15
50.000000 46.000000 12.641700 239 88 17
52.000000 46.000000 12.256500 242 96 20
54.000000 46.000000 11.469800 248 114 28
56.000000 46.000000 11.095600 250 123 31
58.000000 46.000000 12.406700 241 93 19
60.000000 46.000000 13.004700 235 80 14
62.000000 46.000000 11.586700 247 111 26
64.000000 46.000000 10.572300 252 135 37
66.000000 46.000000 9.940160 254 150 43
68.000000 46.000000 9.594760 254 158 47
70.000000 46.000000 9.063050 254 169 51
72.000000 46.000000 11.390100 249 117 29
74.000000 46.000000 12.411600 241 93 19
76.000000 46.000000 12.786000 237 85 16
78.000000 46.000000 11.783400 246 108 25
80.000000 46.000000 11.662300 246 108 25
82.000000 46.000000 10.829200 251 129 34
84.000000 46.000000 9.714220 254 155 45
86.000000 46.000000 10.710300 252 132 35
88.000000 46.000000 10.877700 251 129 34
90.000000 46.000000 11.728400 246 108 25
92.000000 46.000000 12.044600 244 102 23
94.000000 46.000000 11.534300 247 111 26
96.000000 46.000000 10.398700 253 138 38
98.000000 46.000000 10.075400 254 147 42
100.000000 46.000000 10.440200 253 138 38
102.000000 46.000000 11.272900 249 120 30
104.000000 46.000000 11.668300 246 108 25
106.000000 46.000000 11.552100 247 111 26
108.000000 46.000000 11.166000 249 120 30
110.000000 46.000000 10.475900 253 138 38
112.000000 46.000000 10.713200 252 132 35
114.000000 46.000000 9.548510 254 158 47
116.000000 46.000000 9.161740 254 167 50
118.000000 46.000000 8.704840 253 174 53
120.000000 46.000000 9.939710 254 150 43
122.000000 46.000000 10.098800 254 147 42
124.000000 46.000000 9.584400 254 158 47
126.000000 46.000000 10.495300 253 138 38
128.000000 46.000000 9.567110 254 158 47
130.000000 46.000000 8.519640 252 179 54
132.000000 46.000000 8.198720 251 184 56
134.000000 46.000000 9.192420 254 167 50
136.000000 46.000000 9.271780 254 164 49
138.000000 46.000000 8.216430 251 184 56
140.000000 46.000000 8.029800 249 188 57
142.000000 46.000000 7.305360 244 199 58
144.000000 46.000000 7.263690 242 201 58
146.000000 46.000000 6.104610 227 219 56
148.000000 46.000000 6.153690 229 217 56
150.000000 46.000000 6.897850 239 205 58
152.000000 46.000000 5.228910 215 229 53
154.000000 46.000000 5.088740 212 231 53
156.000000 46.000000 4.572410 203 237 52
158.000000 46.000000 3.930350 190 244 52
160.000000 46.000000 3.543890 183 247 53
162.000000 46.000000 4.587020 203 237 52
164.000000 46.000000 4.337200 198 240 52
-208.000000 44.000000 -8.389830 70 133 250
-206.000000 44.000000 -6.660890 56 165 251
-204.000000 44.000000 -4.394620 27 208 213
-202.000000 44.000000 -5.232150 37 192 231
-200.000000 44.000000 -6.819020 58 163 252
-198.000000 44.000000 -5.909630 46 180 242
-196.000000 44.000000 -5.021520 34 197 226
-194.000000 44.000000 -5.169350 35 195 228
-192.000000 44.000000 -3.682080 24 217 200
-190.000000 44.000000 -4.926780 32 199 223
-188.000000 44.000000 -4.714690 31 201 221
-186.000000 44.000000 -5.636720 42 185 238
-184.000000 44.000000 -5.018680 34 197 226
-182.000000 44.000000 -3.715720 24 217 200
-180.000000 44.000000 -4.369010 27 208 213
-178.000000 44.000000 -6.972030 59 160 253
-176.000000 44.000000 -5.395540 39 190 233
-174.000000 44.000000 -5.606030 40 188 235
-172.000000 44.000000 -5.225610 37 192 231
-170.000000 44.000000 -5.072090 34 197 226
-168.000000 44.000000 -5.743590 44 183 240
-166.000000 44.000000 -6.210990 49 175 245
-164.000000 44.000000 -6.045020 47 178 244
-162.000000 44.000000 -6.218360 49 175 245
-160.000000 44.000000 -7.260510 62 155 254
-158.000000 44.000000 -6.974400 59 160 253
-156.000000 44.000000 -6.416270 53 171 248
-154.000000 44.000000 -6.406340 53 171 248
-152.000000 44.000000 -6.132100 49 175 245
-150.000000 44.000000 -6.012010 47 178 244
-148.000000 44.000000 -6.624570 55 168 250
-146.000000 44.000000 -7.073020 61 158 254
-144.000000 44.000000 -7.505090 65 150 255
-142.000000 44.000000 -7.845730 68 143 254
-140.000000 44.000000 -7.429060 65 150 255
-138.000000 44.000000 -6.870620 58 163 252
-136.000000 44.000000 -7.896360 68 143 254
-134.000000 44.000000 -8.428500 70 133 250
-132.000000 44.000000 -8.712150 70 125 244
-130.000000 44.000000 -8.740590 70 125 244
-128.000000 44.000000 -8.513410 70 130 248
-126.000000 44.000000 -8.658290 70 128 246
-124.000000 44.000000 -8.311990 70 135 251
-122.000000 44.000000 -8.345870 70 133 250
-120.000000 44.000000 -7.884630 68 143 254
-118.000000 44.000000 -8.411870 70 133 250
-116.000000 44.000000 -8.332280 70 133 250
-114.000000 44.000000 -8.491460 70 130 248
-112.000000 44.000000 -8.895810 71 123 242
-110.000000 44.000000 -9.309880 71 115 235
-108.000000 44.000000 -8.994970 71 120 240
-106.000000 44.000000 -8.873460 71 123 242
-104.000000 44.000000 -8.036000 69 140 253
-102.000000 44.000000 -8.582240 70 128 246
-100.000000 44.000000 -8.145810 69 138 252
-98.000000 44.000000 -7.246820 62 155 254
-96.000000 44.000000 -7.846090 68 143 254
-94.000000 44.000000 -8.330070 70 133 250
-92.000000 44.000000 -9.063130 71 120 240
-90.000000 44.000000 -7.831600 68 143 254
-88.000000 44.000000 -7.781320 67 145 254
-86.000000 44.000000 -7.023430 59 160 253
-84.000000 44.000000 -7.099770 61 158 254
-82.000000 44.000000 -7.323500 64 153 255
-80.000000 44.000000 -7.249890 62 155 254
-78.000000 44.000000 -5.904540 46 180 242
-76.000000 44.000000 -4.359620 27 208 213
-74.000000 44.000000 -5.270890 37 192 231
-72.000000 44.000000 -2.667750 28 230 180
-70.000000 44.000000 -2.646830 28 230 180
-68.000000 44.000000 -3.132980 25 226 187
-66.000000 44.000000 -1.419980 50 242 152
-64.000000 44.000000 -1.139840 56 244 145
-62.000000 44.000000 -1.750680 42 239 161
-60.000000 44.000000 -1.292480 53 243 148
-58.000000 44.000000 -0.958999 63 246 138
-56.000000 44.000000 0.309456 97 252 108
-54.000000 44.000000 -0.769719 67 247 135
-52.000000 44.000000 -1.237750 53 243 148
-50.000000 44.000000 -1.378050 50 242 152
-48.000000 44.000000 -1.375640 50 242 152
-46.000000 44.000000 0.057076 89 251 115
-44.000000 44.000000 0.467094 105 253 102
-42.000000 44.000000 1.341950 128 255 83
-40.000000 44.000000 2.391650 159 253 63
-38.000000 44.000000 4.438660 198 240 52
-36.000000 44.000000 4.359920 198 240 52
-34.000000 44.000000 3.335250 177 249 54
-32.000000 44.000000 4.060800 193 243 52
-30.000000 44.000000 3.747080 185 246 53
-28.000000 44.000000 2.612670 161 253 61
-26.000000 44.000000 2.444230 159 253 63
-24.000000 44.000000 5.001340 210 233 53
-22.000000 44.000000 3.399640 177 249 54
-20.000000 44.000000 4.895750 208 234 52
-18.000000 44.000000 4.291990 195 241 52
-16.000000 44.000000 3.314170 177 249 54
-14.000000 44.000000 5.189610 212 231 53
-12.000000 44.000000 6.317580 231 215 57
-10.000000 44.000000 5.161510 212 231 53
-8.000000 44.000000 5.648260 221 224 55
-6.000000 44.000000 4.532260 200 239 52
-4.000000 44.000000 4.431470 198 240 52
-2.000000 44.000000 3.811230 188 245 52
0.000000 44.000000 5.211180 212 231 53
2.000000 44.000000 5.218570 215 229 53
4.000000 44.000000 4.582830 203 237 52
6.000000 44.000000 4.800850 205 236 52
8.000000 44.000000 5.257570 215 229 53
10.000000 44.000000 5.150330 212 231 53
12.000000 44.000000 4.996720 210 233 53
14.000000 44.000000 5.683520 221 224 55
16.000000 44.000000 5.577860 219 226 54
18.000000 44.000000 4.849020 208 234 52
20.000000 44.000000 4.777860 205 236 52
22.000000 44.000000 4.814060 205 236 52
24.000000 44.000000 5.764780 223 223 55
26.000000 44.000000 5.622050 221 224 55
28.000000 44.000000 5.640400 221 224 55
30.000000 44.000000 4.334500 198 240 52
32.000000 44.000000 5.118620 212 231 53
34.000000 44.000000 5.060090 210 233 53
36.000000 44.000000 5.120510 212 231 53
38.000000 44.000000 5.308410 215 229 53
40.000000 44.000000 5.409610 217 228 54
42.000000 44.000000 4.869290 208 234 52
44.000000 44.000000 5.338220 215 229 53
46.000000 44.000000 5.278180 215 229 53
48.000000 44.000000 5.044790 210 233 53
50.000000 44.000000 3.831000 188 245 52
52.000000 44.000000 3.953890 190 244 52
54.000000 44.000000 5.194490 212 231 53
56.000000 44.000000 3.287820 177 249 54
58.000000 44.000000 5.150980 212 231 53
60.000000 44.000000 5.220720 215 229 53
62.000000 44.000000 3.645180 183 247 53
64.000000 44.000000 3.779050 185 246 53
66.000000 44.000000 4.894470 208 234 52
68.000000 44.000000 3.465690 180 248 54
70.000000 44.000000 4.384530 198 240 52
72.000000 44.000000 3.630720 183 247 53
74.000000 44.000000 3.007250 169 251 57
76.000000 44.000000 2.753020 164 252 60
78.000000 44.000000 2.350830 156 254 64
80.000000 44.000000 3.273180 175 250 55
82.000000 44.000000 3.582100 183 247 53
84.000000 44.000000 3.247740 175 250 55
86.000000 44.000000 4.120970 193 243 52
88.000000 44.000000 3.376900 177 249 54
90.000000 44.000000 2.024050 150 254 68
92.000000 44.000000 1.424230 132 255 81
94.000000 44.000000 2.266900 156 254 64
96.000000 44.000000 1.708550 139 255 75
98.000000 44.000000 1.161630 125 255 86
100.000000 44.000000 1.315380 128 255 83
102.000000 44.000000 0.728133 113 254 95
104.000000 44.000000 1.389380 132 255 81
106.000000 44.000000 0.295032 97 252 108
108.000000 44.000000 -1.029010 60 245 142
110.000000 44.000000 -1.990970 39 238 164
112.000000 44.000000 0.259543 97 252 108
114.000000 44.000000 -1.081680 60 245 142
116.000000 44.000000 -0.883434 63 246 138
118.000000 44.000000 -0.752087 67 247 135
120.000000 44.000000 -1.882290 39 238 164
122.000000 44.000000 -0.455164 74 248 128
124.000000 44.000000 -0.823782 67 247 135
126.000000 44.000000 -2.936870 25 227 185
128.000000 44.000000 -2.050960 37 236 167
130.000000 44.000000 -2.097110 37 236 167
132.000000 44.000000 -3.570410 24 219 197
134.000000 44.000000 -2.643420 29 231 178
136.000000 44.000000 -3.936350 25 213 205
138.000000 44.000000 -4.450950 28 205 216
140.000000 44.000000 -4.669550 30 203 218
142.000000 44.000000 -4.651580 30 203 218
144.000000 44.000000 -3.936490 25 213 205
146.000000 44.000000 -0.945612 63 246 138
148.000000 44.000000 -5.864470 44 183 240
150.000000 44.000000 -6.782240 58 163 252
152.000000 44.000000 -5.800630 44 183 240
154.000000 44.000000 -6.274380 51 173 247
156.000000 44.000000 -8.061250 69 138 252
158.000000 44.000000 -8.325490 70 133 250
160.000000 44.000000 -9.327780 71 115 235
162.000000 44.000000 -5.181970 35 195 228
164.000000 44.000000 -9.164850 71 118 238
166.000000 44.000000 -9.981370 70 102 221
168.000000 44.000000 -7.531700 65 150 255
170.000000 44.000000 -12.684600 58 45 121
174.000000 44.000000 -15.324100 48 18 59
-210.000000 42.000000 -16.703800 48 18 59
-208.000000 42.000000 -16.184600 48 18 59
-206.000000 42.000000 -15.132200 48 18 59
-204.000000 42.000000 -17.647400 48 18 59
-202.000000 42.000000 -12.019000 63 59 151
-200.000000 42.000000 -10.917300 68 81 191
-198.000000 42.000000 -10.403300 69 92 207
-196.000000 42.000000 -10.385800 69 92 207
-194.000000 42.000000 -6.954760 59 160 253
-192.000000 42.000000 -10.995500 68 81 191
-190.000000 42.000000 -9.345140 71 115 235
-188.000000 42.000000 -4.880240 32 199 223
-186.000000 42.000000 -4.360280 27 208 213
-184.000000 42.000000 -6.010110 47 178 244
-182.000000 42.000000 -5.303260 37 192 231
-180.000000 42.000000 -4.651480 30 203 218
-178.000000 42.000000 -1.363030 50 242 152
-176.000000 42.000000 -1.087180 60 245 142
-174.000000 42.000000 0.692861 109 254 98
-172.000000 42.000000 -0.050781 89 251 115
-170.000000 42.000000 -0.760751 67 247 135
-168.000000 42.000000 0.566559 105 253 102
-166.000000 42.000000 1.515610 136 255 78
-164.000000 42.000000 1.768990 143 255 73
-162.000000 42.000000 1.473030 132 255 81
-160.000000 42.000000 2.314460 156 254 64
-158.000000 42.000000 1.725460 139 255 75
-156.000000 42.000000 1.968500 146 255 71
-154.000000 42.000000 2.400920 159 253 63
-152.000000 42.000000 2.090500 150 254 68
-150.000000 42.000000 1.851500 143 255 73
-148.000000 42.000000 2.150010 153 254 66
-146.000000 42.000000 1.802270 143 255 73
-144.000000 42.000000 2.566490 161 253 61
-142.000000 42.000000 2.862100 167 252 58
-140.000000 42.000000 2.971190 169 251 57
-138.000000 42.000000 2.102080 150 254 68
-136.000000 42.000000 1.786100 143 255 73
-134.000000 42.000000 1.709300 139 255 75
-132.000000 42.000000 2.012630 150 254 68
-130.000000 42.000000 2.339300 156 254 64
-128.000000 42.000000 3.230350 175 250 55
-126.000000 42.000000 1.796610 143 255 73
-124.000000 42.000000 1.496440 136 255 78
-122.000000 42.000000 1.684070 139 255 75
-120.000000 42.000000 1.693380 139 255 75
-118.000000 42.000000 0.985539 121 254 89
-116.000000 42.000000 0.598795 109 254 98
-114.000000 42.000000 1.277130 128 255 83
-112.000000 42.000000 0.840661 117 254 92
-110.000000 42.000000 1.060390 121 254 89
-108.000000 42.000000 1.988050 146 255 71
-106.000000 42.000000 1.125180 125 255 86
-104.000000 42.000000 0.499343 105 253 102
-102.000000 42.000000 0.229629 97 252 108
-100.000000 42.000000 -0.029668 89 251 115
-98.000000 42.000000 0.270481 97 252 108
-96.000000 42.000000 0.120854 93 252 111
-94.000000 42.000000 -0.121861 85 250 118
-92.000000 42.000000 0.733823 113 254 95
-90.000000 42.000000 -0.440670 78 249 125
-88.000000 42.000000 -0.338614 78 249 125
-86.000000 42.000000 -0.949023 63 246 138
-84.000000 42.000000 -1.446920 50 242 152
-82.000000 42.000000 -0.931971 63 246 138
-80.000000 42.000000 -0.289842 82 250 122
-78.000000 42.000000 -0.663660 70 248 132
-76.000000 42.000000 -1.029350 60 245 142
-74.000000 42.000000 -1.406400 50 242 152
-72.000000 42.000000 -1.000870 60 245 142
-70.000000 42.000000 -0.266100 82 250 122
-68.000000 42.000000 -0.284075 82 250 122
-66.000000 42.000000 -0.899623 63 246 138
-64.000000 42.000000 -0.421147 78 249 125
-62.000000 42.000000 -0.524200 74 248 128
-60.000000 42.000000 -0.330954 78 249 125
-58.000000 42.000000 -0.948793 63 246 138
-56.000000 42.000000 -1.609520 47 241 155
-54.000000 42.000000 -1.047560 60 245 142
-52.000000 42.000000 -0.708925 70 248 132
-50.000000 42.000000 -0.977668 60 245 142
-48.000000 42.000000 -1.471850 50 242 152
-46.000000 42.000000 -1.035660 60 245 142
-44.000000 42.000000 -1.632640 44 240 158
-42.000000 42.000000 -1.269380 53 243 148
-40.000000 42.000000 -1.870190 42 239 161
-38.000000 42.000000 -1.345210 53 243 148
-36.000000 42.000000 -1.522650 47 241 155
-34.000000 42.000000 -0.037212 89 251 115
-32.000000 42.000000 -0.802236 67 247 135
-30.000000 42.000000 -1.190750 56 244 145
-28.000000 42.000000 0.182092 93 252 111
-26.000000 42.000000 0.355895 101 253 105
-24.000000 42.000000 -1.146020 56 244 145
-22.000000 42.000000 -1.305020 53 243 148
-20.000000 42.000000 0.517253 105 253 102
-18.000000 42.000000 2.286910 156 254 64
-16.000000 42.000000 1.554460 136 255 78
-14.000000 42.000000 0.206277 97 252 108
-12.000000 42.000000 0.241306 97 252 108
-10.000000 42.000000 0.368392 101 253 105
-8.000000 42.000000 -0.571894 74 248 128
-6.000000 42.000000 -0.542135 74 248 128
-4.000000 42.000000 0.630666 109 254 98
-2.000000 42.000000 1.924780 146 255 71
0.000000 42.000000 1.846880 143 255 73
2.000000 42.000000 1.261380 128 255 83
4.000000 42.000000 2.537360 161 253 61
6.000000 42.000000 1.564200 136 255 78
8.000000 42.000000 1.079380 121 254 89
10.000000 42.000000 1.528600 136 255 78
12.000000 42.000000 1.326590 128 255 83
14.000000 42.000000 -0.052202 89 251 115
16.000000 42.000000 1.766430 143 255 73
18.000000 42.000000 0.156043 93 252 111
20.000000 42.000000 2.140220 153 254 66
22.000000 42.000000 0.593119 109 254 98
24.000000 42.000000 1.555690 136 255 78
26.000000 42.000000 2.192580 153 254 66
28.000000 42.000000 0.672026 109 254 98
30.000000 42.000000 2.385180 159 253 63
32.000000 42.000000 0.187628 93 252 111
34.000000 42.000000 -0.906987 63 246 138
36.000000 42.000000 -0.561861 74 248 128
38.000000 42.000000 -1.681260 44 240 158
40.000000 42.000000 -0.524855 74 248 128
42.000000 42.000000 -0.073796 85 250 118
44.000000 42.000000 -0.561687 74 248 128
46.000000 42.000000 -0.899048 63 246 138
48.000000 42.000000 -0.615765 70 248 132
50.000000 42.000000 0.743982 113 254 95
52.000000 42.000000 -0.083412 85 250 118
54.000000 42.000000 -1.143090 56 244 145
56.000000 42.000000 -0.197361 82 250 122
58.000000 42.000000 -1.320020 53 243 148
60.000000 42.000000 -1.632880 44 240 158
62.000000 42.000000 -1.580240 47 241 155
64.000000 42.000000 -2.976490 25 227 185
66.000000 42.000000 -3.400890 24 222 192
68.000000 42.000000 -1.879160 39 238 164
70.000000 42.000000 -2.210510 34 235 170
72.000000 42.000000 -2.462230 31 233 175
74.000000 42.000000 -1.958540 39 238 164
76.000000 42.000000 -3.680120 24 217 200
78.000000 42.000000 -3.937380 25 213 205
80.000000 42.000000 -2.871690 26 228 182
82.000000 42.000000 -4.435760 27 208 213
84.000000 42.000000 -6.355850 51 173 247
86.000000 42.000000 -5.929790 46 180 242
88.000000 42.000000 -4.698500 30 203 218
90.000000 42.000000 -5.829430 44 183 240
92.000000 42.000000 -5.928990 46 180 242
94.000000 42.000000 -5.507450 40 188 235
96.000000 42.000000 -5.450570 39 190 233
98.000000 42.000000 -6.103360 47 178 244
100.000000 42.000000 -5.644410 42 185 238
102.000000 42.000000 -6.570740 55 168 250
104.000000 42.000000 -7.850150 68 143 254
106.000000 42.000000 -6.827020 58 163 252
108.000000 42.000000 -5.441760 39 190 233
110.000000 42.000000 -6.879860 58 163 252
112.000000 42.000000 -9.438270 71 113 233
114.000000 42.000000 -9.162000 71 118 238
116.000000 42.000000 -8.766700 70 125 244
118.000000 42.000000 -8.984380 71 120 240
120.000000 42.000000 -8.042630 69 140 253
122.000000 42.000000 -8.918610 71 123 242
124.000000 42.000000 -9.285330 71 115 235
126.000000 42.000000 -8.508070 70 130 248
128.000000 42.000000 -10.511100 69 89 203
130.000000 42.000000 -11.294400 66 73 177
132.000000 42.000000 -11.052800 67 78 186
134.000000 42.000000 -10.468800 69 92 207
136.000000 42.000000 -10.657700 68 86 199
138.000000 42.000000 -11.421400 65 70 172
140.000000 42.000000 -11.787600 64 64 162
142.000000 42.000000 -12.288800 61 53 139
144.000000 42.000000 -12.949100 56 39 109
146.000000 42.000000 -12.477600 59 47 128
148.000000 42.000000 -11.282000 66 73 177
150.000000 42.000000 -12.024900 63 59 151
152.000000 42.000000 -13.191900 54 33 95
154.000000 42.000000 -13.238300 53 30 88
156.000000 42.000000 -12.694000 58 45 121
158.000000 42.000000 -12.515100 59 47 128
160.000000 42.000000 -14.012200 48 18 59
162.000000 42.000000 -12.066000 62 56 145
164.000000 42.000000 -14.174900 48 18 59
166.000000 42.000000 -13.101100 54 33 95
168.000000 42.000000 -13.202500 54 33 95
170.000000 42.000000 -11.099600 67 78 186
172.000000 42.000000 -9.580540 71 110 230
174.000000 42.000000 -10.404700 69 92 207
176.000000 42.000000 -10.931700 68 81 191
-214.000000 40.000000 -19.836300 48 18 59
-212.000000 40.000000 -20.950700 48 18 59
-210.000000 40.000000 -21.315700 48 18 59
-208.000000 40.000000 -21.017900 48 18 59
-206.000000 40.000000 -21.042400 48 18 59
-204.000000 40.000000 -22.260300 48 18 59
-202.000000 40.000000 -21.525100 48 18 59
-200.000000 40.000000 -20.883400 48 18 59
-198.000000 40.000000 -20.657600 48 18 59
-196.000000 40.000000 -21.003100 48 18 59
-194.000000 40.000000 -20.865700 48 18 59
-192.000000 40.000000 -17.925600 48 18 59
-190.000000 40.000000 -17.991500 48 18 59
-188.000000 40.000000 -20.070800 48 18 59
-186.000000 40.000000 -19.976800 48 18 59
-184.000000 40.000000 -16.066800 48 18 59
-182.000000 40.000000 -15.698400 48 18 59
-180.000000 40.000000 -15.015500 48 18 59
-178.000000 40.000000 -16.938900 48 18 59
-176.000000 40.000000 -17.232200 48 18 59
-174.000000 40.000000 -16.049000 48 18 59
-172.000000 40.000000 -12.070700 62 56 145
-170.000000 40.000000 -12.529200 59 47 128
-168.000000 40.000000 -11.848900 63 62 156
-166.000000 40.000000 -11.412500 65 70 172
-164.000000 40.000000 -11.374600 66 73 177
-162.000000 40.000000 -5.672570 42 185 238
-160.000000 40.000000 -6.680960 56 165 251
-158.000000 40.000000 -7.447270 65 150 255
-156.000000 40.000000 -5.368170 39 190 233
-154.000000 40.000000 -4.180530 26 212 208
-152.000000 40.000000 -4.104820 26 212 208
-150.000000 40.000000 -4.276860 26 210 210
-148.000000 40.000000 -3.174010 24 224 189
-146.000000 40.000000 -2.173230 34 235 170
-144.000000 40.000000 -1.485310 47 241 155
-142.000000 40.000000 -0.974604 60 245 142
-140.000000 40.000000 -0.929808 63 246 138
-138.000000 40.000000 -1.083770 60 245 142
-136.000000 40.000000 0.231709 97 252 108
-134.000000 40.000000 -1.180570 56 244 145
-132.000000 40.000000 0.063098 93 252 111
-130.000000 40.000000 3.282170 175 250 55
-128.000000 40.000000 2.079810 150 254 68
-126.000000 40.000000 1.563490 136 255 78
-124.000000 40.000000 2.995560 169 251 57
-122.000000 40.000000 4.938840 208 234 52
-120.000000 40.000000 2.449240 159 253 63
-118.000000 40.000000 4.150030 193 243 52
-116.000000 40.000000 5.133670 212 231 53
-114.000000 40.000000 4.449450 200 239 52
-112.000000 40.000000 6.460150 233 213 57
-110.000000 40.000000 5.963840 225 221 55
-108.000000 40.000000 5.193990 212 231 53
-106.000000 40.000000 5.482810 219 226 54
-104.000000 40.000000 8.699480 253 174 53
-102.000000 40.000000 6.942710 239 205 58
-100.000000 40.000000 5.801410 223 223 55
-98.000000 40.000000 5.644700 221 224 55
-96.000000 40.000000 6.724650 236 209 58
-94.000000 40.000000 6.114520 227 219 56
-92.000000 40.000000 6.403460 233 213 57
-90.000000 40.000000 7.558170 246 195 58
-88.000000 40.000000 5.461060 217 228 54
-86.000000 40.000000 6.747110 236 209 58
-84.000000 40.000000 6.225540 229 217 56
-82.000000 40.000000 6.939320 239 205 58
-80.000000 40.000000 7.717360 247 193 58
-78.000000 40.000000 7.061030 241 203 58
-76.000000 40.000000 6.543740 235 211 57
-74.000000 40.000000 6.694240 236 209 58
-72.000000 40.000000 7.456880 245 197 58
-70.000000 40.000000 6.777640 238 207 58
-68.000000 40.000000 6.221770 229 217 56
-66.000000 40.000000 6.892410 239 205 58
-64.000000 40.000000 7.154580 242 201 58
-62.000000 40.000000 7.200400 242 201 58
-60.000000 40.000000 6.474360 233 213 57
-58.000000 40.000000 6.682430 236 209 58
-56.000000 40.000000 7.012770 239 205 58
-54.000000 40.000000 6.430040 233 213 57
-52.000000 40.000000 6.211730 229 217 56
-50.000000 40.000000 6.917510 239 205 58
-48.000000 40.000000 7.099170 241 203 58
-46.000000 40.000000 6.854520 238 207 58
-44.000000 40.000000 6.152020 229 217 56
-42.000000 40.000000 5.522660 219 226 54
-40.000000 40.000000 6.531170 235 211 57
-38.000000 40.000000 5.599570 219 226 54
-36.000000 40.000000 5.776010 223 223 55
-34.000000 40.000000 5.278810 215 229 53
-32.000000 40.000000 5.082960 210 233 53
-30.000000 40.000000 5.337800 215 229 53
-28.000000 40.000000 5.189170 212 231 53
-26.000000 40.000000 5.443450 217 228 54
-24.000000 40.000000 6.538520 235 211 57
-22.000000 40.000000 5.832520 223 223 55
-20.000000 40.000000 4.712090 205 236 52
-18.000000 40.000000 4.108340 193 243 52
-16.000000 40.000000 5.110250 212 231 53
-14.000000 40.000000 5.235290 215 229 53
-12.000000 40.000000 5.028510 210 233 53
-10.000000 40.000000 4.923540 208 234 52
-8.000000 40.000000 4.539220 200 239 52
-6.000000 40.000000 3.855870 188 245 52
-4.000000 40.000000 4.319740 198 240 52
-2.000000 40.000000 4.674780 203 237 52
0.000000 40.000000 4.167380 193 243 52
2.000000 40.000000 4.843380 208 234 52
4.000000 40.000000 3.451160 180 248 54
6.000000 40.000000 3.267070 175 250 55
8.000000 40.000000 4.476480 200 239 52
10.000000 40.000000 3.615980 183 247 53
12.000000 40.000000 3.843600 188 245 52
14.000000 40.000000 4.078030 193 243 52
16.000000 40.000000 2.567770 161 253 61
18.000000 40.000000 3.394040 177 249 54
20.000000 40.000000 3.347760 177 249 54
22.000000 40.000000 2.969950 169 251 57
24.000000 40.000000 3.076520 172 251 56
26.000000 40.000000 3.345830 177 249 54
28.000000 40.000000 3.236140 175 250 55
30.000000 40.000000 2.842800 167 252 58
32.000000 40.000000 4.045090 190 244 52
34.000000 40.000000 3.166120 175 250 55
36.000000 40.000000 3.143560 172 251 56
38.000000 40.000000 3.482850 180 248 54
40.000000 40.000000 3.625090 183 247 53
42.000000 40.000000 2.795520 167 252 58
44.000000 40.000000 2.283360 156 254 64
46.000000 40.000000 2.064820 150 254 68
48.000000 40.000000 2.068200 150 254 68
50.000000 40.000000 1.570660 136 255 78
52.000000 40.000000 2.227250 153 254 66
54.000000 40.000000 1.095350 125 255 86
56.000000 40.000000 1.415910 132 255 81
58.000000 40.000000 1.355790 132 255 81
60.000000 40.000000 1.783250 143 255 73
62.000000 40.000000 1.673720 139 255 75
64.000000 40.000000 0.470382 105 253 102
66.000000 40.000000 1.774450 143 255 73
68.000000 40.000000 1.032910 121 254 89
70.000000 40.000000 1.137710 125 255 86
72.000000 40.000000 1.341830 128 255 83
74.000000 40.000000 0.307445 97 252 108
76.000000 40.000000 0.501044 105 253 102
78.000000 40.000000 0.277290 97 252 108
80.000000 40.000000 0.169130 93 252 111
82.000000 40.000000 -0.246014 82 250 122
84.000000 40.000000 1.061300 121 254 89
86.000000 40.000000 0.516934 105 253 102
88.000000 40.000000 -0.343827 78 249 125
90.000000 40.000000 0.091581 93 252 111
92.000000 40.000000 -0.009099 89 251 115
94.000000 40.000000 -0.330582 78 249 125
96.000000 40.000000 -0.902394 63 246 138
98.000000 40.000000 -0.989168 60 245 142
100.000000 40.000000 -1.197200 56 244 145
102.000000 40.000000 -0.725047 67 247 135
104.000000 40.000000 -0.710679 70 248 132
106.000000 40.000000 -0.586646 70 248 132
108.000000 40.000000 -1.724670 44 240 158
110.000000 40.000000 -2.391810 31 233 175
112.000000 40.000000 -1.100030 56 244 145
114.000000 40.000000 -1.428460 50 242 152
116.000000 40.000000 -2.027970 37 236 167
118.000000 40.000000 -2.382400 32 234 172
120.000000 40.000000 -0.548452 74 248 128
122.000000 40.000000 -1.949990 39 238 164
124.000000 40.000000 -1.677010 44 240 158
126.000000 40.000000 -1.395250 50 242 152
128.000000 40.000000 -1.375430 50 242 152
130.000000 40.000000 -1.953500 39 238 164
132.000000 40.000000 -1.527300 47 241 155
134.000000 40.000000 -1.335970 53 243 148
136.000000 40.000000 -1.696310 44 240 158
138.000000 40.000000 -1.920270 39 238 164
140.000000 40.000000 -2.004470 37 236 167
142.000000 40.000000 -2.223740 34 235 170
144.000000 40.000000 -1.624270 44 240 158
146.000000 40.000000 -2.939240 25 227 185
148.000000 40.000000 -3.281390 24 224 189
150.000000 40.000000 -3.092510 25 226 187
152.000000 40.000000 -3.037570 25 226 187
154.000000 40.000000 -4.077410 26 212 208
156.000000 40.000000 -4.008150 25 213 205
158.000000 40.000000 -3.693380 24 217 200
160.000000 40.000000 -4.912370 32 199 223
162.000000 40.000000 -4.000580 25 213 205
164.000000 40.000000 -4.385200 27 208 213
166.000000 40.000000 -3.759380 24 217 200
168.000000 40.000000 -4.408230 27 208 213
170.000000 40.000000 -5.454570 39 190 233
172.000000 40.000000 -2.638650 29 231 178
174.000000 40.000000 -3.518530 24 221 194
176.000000 40.000000 -5.913750 46 180 242
-218.000000 38.000000 -10.217300 70 97 214
-216.000000 38.000000 -13.641500 50 21 67
-214.000000 38.000000 -14.580400 48 18 59
-212.000000 38.000000 -13.006600 55 36 102
-210.000000 38.000000 -14.680900 48 18 59
-208.000000 38.000000 -13.199200 54 33 95
-206.000000 38.000000 -13.945400 48 18 59
-204.000000 38.000000 -13.284400 53 30 88
-202.000000 38.000000 -13.986800 48 18 59
-200.000000 38.000000 -14.866300 48 18 59
-198.000000 38.000000 -14.200500 48 18 59
-196.000000 38.000000 -13.706200 50 21 67
-194.000000 38.000000 -14.221000 48 18 59
-192.000000 38.000000 -14.429800 48 18 59
-190.000000 38.000000 -14.959000 48 18 59
-188.000000 38.000000 -14.832000 48 18 59
-186.000000 38.000000 -14.503200 48 18 59
-184.000000 38.000000 -15.510300 48 18 59
-182.000000 38.000000 -15.862300 48 18 59
-180.000000 38.000000 -14.608700 48 18 59
-178.000000 38.000000 -13.913500 48 18 59
-176.000000 38.000000 -14.460200 48 18 59
-174.000000 38.000000 -15.086900 48 18 59
-172.000000 38.000000 -15.391100 48 18 59
-170.000000 38.000000 -15.897700 48 18 59
-168.000000 38.000000 -16.445300 48 18 59
-166.000000 38.000000 -15.447800 48 18 59
-164.000000 38.000000 -15.172000 48 18 59
-162.000000 38.000000 -15.849800 48 18 59
-160.000000 38.000000 -16.090300 48 18 59
-158.000000 38.000000 -14.921800 48 18 59
-156.000000 38.000000 -14.967300 48 18 59
-154.000000 38.000000 -14.962800 48 18 59
-152.000000 38.000000 -14.220700 48 18 59
-150.000000 38.000000 -14.816100 48 18 59
-148.000000 38.000000 -13.628300 50 21 67
-146.000000 38.000000 -13.502800 51 24 74
-144.000000 38.000000 -12.293100 61 53 139
-142.000000 38.000000 -11.767200 64 64 162
-140.000000 38.000000 -11.772400 64 64 162
-138.000000 38.000000 -10.380700 69 92 207
-136.000000 38.000000 -8.209220 70 135 251
-134.000000 38.000000 -8.335910 70 133 250
-132.000000 38.000000 -9.376330 71 113 233
-130.000000 38.000000 -9.685340 70 107 227
-128.000000 38.000000 -9.087710 71 120 240
-126.000000 38.000000 -7.961490 69 140 253
-124.000000 38.000000 -7.068240 61 158 254
-122.000000 38.000000 -6.199850 49 175 245
-120.000000 38.000000 -2.676620 28 230 180
-118.000000 38.000000 -5.993790 46 180 242
-116.000000 38.000000 -5.633730 42 185 238
-114.000000 38.000000 -5.002850 34 197 226
-112.000000 38.000000 -5.424300 39 190 233
-110.000000 38.000000 -3.860020 24 215 202
-108.000000 38.000000 -2.363900 32 234 172
-106.000000 38.000000 -2.096780 37 236 167
-104.000000 38.000000 -3.135880 25 226 187
-102.000000 38.000000 -1.741860 44 240 158
-100.000000 38.000000 -2.553930 29 231 178
-98.000000 38.000000 -1.432750 50 242 152
-96.000000 38.000000 -0.738620 67 247 135
-94.000000 38.000000 -0.247882 82 250 122
-92.000000 38.000000 -0.192679 85 250 118
-90.000000 38.000000 1.094090 125 255 86
-88.000000 38.000000 0.543716 105 253 102
-86.000000 38.000000 1.832440 143 255 73
-84.000000 38.000000 1.043420 121 254 89
-82.000000 38.000000 1.353820 132 255 81
-80.000000 38.000000 1.083000 121 254 89
-78.000000 38.000000 1.797390 143 255 73
-76.000000 38.000000 2.519360 161 253 61
-74.000000 38.000000 2.394710 159 253 63
-72.000000 38.000000 1.134120 125 255 86
-70.000000 38.000000 1.133830 125 255 86
-68.000000 38.000000 1.619070 139 255 75
-66.000000 38.000000 2.040340 150 254 68
-64.000000 38.000000 2.801070 167 252 58
-62.000000 38.000000 3.684700 185 246 53
-60.000000 38.000000 3.423010 180 248 54
-58.000000 38.000000 4.696560 203 237 52
-56.000000 38.000000 5.016280 210 233 53
-54.000000 38.000000 5.214160 212 231 53
-52.000000 38.000000 5.592040 219 226 54
-50.000000 38.000000 5.552110 219 226 54
-48.000000 38.000000 5.189790 212 231 53
-46.000000 38.000000 4.495460 200 239 52
-44.000000 38.000000 3.625580 183 247 53
-42.000000 38.000000 5.538810 219 226 54
-40.000000 38.000000 6.223560 229 217 56
-38.000000 38.000000 6.111820 227 219 56
-36.000000 38.000000 6.189380 229 217 56
-34.000000 38.000000 6.170160 229 217 56
-32.000000 38.000000 5.197610 212 231 53
-30.000000 38.000000 6.032490 227 219 56
-28.000000 38.000000 6.242010 229 217 56
-26.000000 38.000000 6.277840 231 215 57
-24.000000 38.000000 6.728350 236 209 58
-22.000000 38.000000 7.368930 244 199 58
-20.000000 38.000000 8.551680 252 179 54
-18.000000 38.000000 7.724440 247 193 58
-16.000000 38.000000 6.166300 229 217 56
-14.000000 38.000000 6.985020 239 205 58
-12.000000 38.000000 7.344120 244 199 58
-10.000000 38.000000 7.874640 248 190 57
-8.000000 38.000000 7.417240 245 197 58
-6.000000 38.000000 7.555620 246 195 58
-4.000000 38.000000 8.151710 250 186 57
-2.000000 38.000000 8.002100 249 188 57
0.000000 38.000000 8.000660 249 188 57
2.000000 38.000000 7.803430 248 190 57
4.000000 38.000000 8.641070 252 177 54
6.000000 38.000000 9.135100 254 167 50
8.000000 38.000000 7.875590 248 190 57
10.000000 38.000000 7.847090 248 190 57
12.000000 38.000000 7.814520 248 190 57
14.000000 38.000000 7.886510 248 190 57
16.000000 38.000000 8.575660 252 177 54
18.000000 38.000000 8.182390 251 184 56
20.000000 38.000000 8.755540 253 174 53
22.000000 38.000000 8.868580 253 172 52
24.000000 38.000000 8.065350 250 186 57
26.000000 38.000000 7.571870 246 195 58
28.000000 38.000000 8.911150 253 172 52
30.000000 38.000000 8.986870 254 169 51
32.000000 38.000000 9.614030 254 155 45
34.000000 38.000000 8.911300 253 172 52
36.000000 38.000000 8.357470 251 182 55
38.000000 38.000000 8.594850 252 177 54
40.000000 38.000000 9.040060 254 169 51
42.000000 38.000000 8.712640 253 174 53
44.000000 38.000000 7.699680 247 193 58
46.000000 38.000000 8.247640 251 184 56
48.000000 38.000000 9.383220 254 161 48
50.000000 38.000000 8.630830 252 177 54
52.000000 38.000000 8.654380 252 177 54
54.000000 38.000000 8.984360 254 169 51
56.000000 38.000000 8.815120 253 174 53
58.000000 38.000000 9.087740 254 167 50
60.000000 38.000000 9.680470 254 155 45
62.000000 38.000000 9.221050 254 164 49
64.000000 38.000000 9.111000 254 167 50
66.000000 38.000000 8.105480 250 186 57
68.000000 38.000000 9.287880 254 164 49
70.000000 38.000000 9.412350 254 161 48
72.000000 38.000000 8.951280 253 172 52
74.000000 38.000000 8.064810 250 186 57
76.000000 38.000000 8.503600 252 179 54
78.000000 38.000000 8.359450 251 182 55
80.000000 38.000000 8.141360 250 186 57
82.000000 38.000000 8.052770 250 186 57
84.000000 38.000000 7.898250 248 190 57
86.000000 38.000000 8.736570 253 174 53
88.000000 38.000000 8.021590 249 188 57
90.000000 38.000000 7.979110 249 188 57
92.000000 38.000000 7.899810 248 190 57
94.000000 38.000000 7.928600 249 188 57
96.000000 38.000000 8.608580 252 177 54
98.000000 38.000000 8.527500 252 179 54
100.000000 38.000000 8.160890 250 186 57
102.000000 38.000000 7.580320 246 195 58
104.000000 38.000000 8.494010 252 179 54
106.000000 38.000000 7.907710 248 190 57
108.000000 38.000000 8.173080 250 186 57
110.000000 38.000000 7.562720 246 195 58
112.000000 38.000000 7.813870 248 190 57
114.000000 38.000000 7.796770 248 190 57
116.000000 38.000000 7.362490 244 199 58
118.000000 38.000000 7.088340 241 203 58
120.000000 38.000000 6.613260 235 211 57
122.000000 38.000000 7.682370 247 193 58
124.000000 38.000000 7.209820 242 201 58
126.000000 38.000000 6.582260 235 211 57
128.000000 38.000000 7.130020 241 203 58
130.000000 38.000000 7.060460 241 203 58
132.000000 38.000000 6.525610 235 211 57
134.000000 38.000000 6.154090 229 217 56
136.000000 38.000000 6.269860 231 215 57
138.000000 38.000000 5.735020 223 223 55
140.000000 38.000000 6.067210 227 219 56
142.000000 38.000000 6.325920 231 215 57
144.000000 38.000000 5.893680 225 221 55
146.000000 38.000000 6.128870 229 217 56
148.000000 38.000000 5.890730 225 221 55
150.000000 38.000000 4.535800 200 239 52
152.000000 38.000000 4.084150 193 243 52
154.000000 38.000000 5.367790 217 228 54
156.000000 38.000000 4.864050 208 234 52
158.000000 38.000000 4.712100 205 236 52
160.000000 38.000000 5.546990 219 226 54
162.000000 38.000000 4.584330 203 237 52
164.000000 38.000000 4.122880 193 243 52
166.000000 38.000000 1.934910 146 255 71
168.000000 38.000000 2.889500 167 252 58
170.000000 38.000000 1.770710 143 255 73
172.000000 38.000000 1.517960 136 255 78
174.000000 38.000000 -2.513720 31 233 175
-220.000000 36.000000 -7.700460 67 145 254
-218.000000 36.000000 -7.273710 62 155 254
-216.000000 36.000000 -6.806000 58 163 252
-214.000000 36.000000 -5.832370 44 183 240
-212.000000 36.000000 -7.476910 65 150 255
-210.000000 36.000000 -6.337280 51 173 247
-208.000000 36.000000 -5.960200 46 180 242
-206.000000 36.000000 -6.150990 49 175 245
-204.000000 36.000000 -6.841880 58 163 252
-202.000000 36.000000 -6.016940 47 178 244
-200.000000 36.000000 -4.792040 31 201 221
-198.000000 36.000000 -4.713400 31 201 221
-196.000000 36.000000 -5.450710 39 190 233
-194.000000 36.000000 -5.088500 34 197 226
-192.000000 36.000000 -4.767710 31 201 221
-190.000000 36.000000 -4.937570 32 199 223
-188.000000 36.000000 -4.265920 26 210 210
-186.000000 36.000000 -3.640500 24 219 197
-184.000000 36.000000 -3.824810 24 215 202
-182.000000 36.000000 -5.319760 37 192 231
-180.000000 36.000000 -5.488700 40 188 235
-178.000000 36.000000 -6.162720 49 175 245
-176.000000 36.000000 -6.344670 51 173 247
-174.000000 36.000000 -5.090500 34 197 226
-172.000000 36.000000 -5.150070 35 195 228
-170.000000 36.000000 -5.457890 39 190 233
-168.000000 36.000000 -5.649960 42 185 238
-166.000000 36.000000 -5.235580 37 192 231
-164.000000 36.000000 -6.030900 47 178 244
-162.000000 36.000000 -5.363680 39 190 233
-160.000000 36.000000 -5.513230 40 188 235
-158.000000 36.000000 -6.002740 47 178 244
-156.000000 36.000000 -6.439000 53 171 248
-154.000000 36.000000 -6.193030 49 175 245
-152.000000 36.000000 -6.571000 55 168 250
-150.000000 36.000000 -7.012580 59 160 253
-148.000000 36.000000 -6.918980 59 160 253
-146.000000 36.000000 -6.982390 59 160 253
-144.000000 36.000000 -8.089790 69 138 252
-142.000000 36.000000 -7.465960 65 150 255
-140.000000 36.000000 -7.829850 68 143 254
-138.000000 36.000000 -8.505590 70 130 248
-136.000000 36.000000 -9.295060 71 115 235
-134.000000 36.000000 -8.964490 71 120 240
-132.000000 36.000000 -9.516450 71 110 230
-130.000000 36.000000 -8.662730 70 128 246
-128.000000 36.000000 -8.594700 70 128 246
-126.000000 36.000000 -8.798440 70 125 244
-124.000000 36.000000 -8.309680 70 135 251
-122.000000 36.000000 -8.784830 70 125 244
-120.000000 36.000000 -8.140420 69 138 252
-118.000000 36.000000 -8.196660 70 135 251
-116.000000 36.000000 -7.869710 68 143 254
-114.000000 36.000000 -7.589090 66 148 255
-112.000000 36.000000 -8.090170 69 138 252
-110.000000 36.000000 -8.466140 70 130 248
-108.000000 36.000000 -8.022350 69 140 253
-106.000000 36.000000 -7.967300 69 140 253
-104.000000 36.000000 -7.265960 62 155 254
-102.000000 36.000000 -7.594620 66 148 255
-100.000000 36.000000 -6.287560 51 173 247
-98.000000 36.000000 -6.100380 47 178 244
-96.000000 36.000000 -5.041520 34 197 226
-94.000000 36.000000 -6.215460 49 175 245
-92.000000 36.000000 -5.710610 42 185 238
-90.000000 36.000000 -5.362760 39 190 233
-88.000000 36.000000 -4.641100 30 203 218
-86.000000 36.000000 -4.258620 26 210 210
-84.000000 36.000000 -2.232490 34 235 170
-82.000000 36.000000 -1.840230 42 239 161
-80.000000 36.000000 -0.646905 70 248 132
-78.000000 36.000000 -2.288050 32 234 172
-76.000000 36.000000 -1.929930 39 238 164
-74.000000 36.000000 -1.067860 60 245 142
-72.000000 36.000000 -1.363690 50 242 152
-70.000000 36.000000 -0.820905 67 247 135
-68.000000 36.000000 0.123492 93 252 111
-66.000000 36.000000 1.265700 128 255 83
-64.000000 36.000000 0.651621 109 254 98
-62.000000 36.000000 1.935350 146 255 71
-60.000000 36.000000 1.267920 128 255 83
-58.000000 36.000000 1.679960 139 255 75
-56.000000 36.000000 3.121380 172 251 56
-54.000000 36.000000 2.773720 167 252 58
-52.000000 36.000000 3.254260 175 250 55
-50.000000 36.000000 3.201120 175 250 55
-48.000000 36.000000 2.451730 159 253 63
-46.000000 36.000000 3.649770 183 247 53
-44.000000 36.000000 3.799160 188 245 52
-42.000000 36.000000 4.445550 200 239 52
-40.000000 36.000000 2.246800 153 254 66
-38.000000 36.000000 2.785710 167 252 58
-36.000000 36.000000 2.940540 169 251 57
-34.000000 36.000000 3.711780 185 246 53
-32.000000 36.000000 3.604920 183 247 53
-30.000000 36.000000 3.802250 188 245 52
-28.000000 36.000000 4.122660 193 243 52
-26.000000 36.000000 3.996850 190 244 52
-24.000000 36.000000 4.752820 205 236 52
-22.000000 36.000000 4.748830 205 236 52
-20.000000 36.000000 4.282440 195 241 52
-18.000000 36.000000 4.304350 195 241 52
-16.000000 36.000000 3.689680 185 246 53
-14.000000 36.000000 3.707110 185 246 53
-12.000000 36.000000 3.922470 188 245 52
-10.000000 36.000000 4.487560 200 239 52
-8.000000 36.000000 5.349570 217 228 54
-6.000000 36.000000 3.870560 188 245 52
-4.000000 36.000000 4.245660 195 241 52
-2.000000 36.000000 4.783770 205 236 52
0.000000 36.000000 4.162830 193 243 52
2.000000 36.000000 4.685490 203 237 52
4.000000 36.000000 3.734210 185 246 53
6.000000 36.000000 3.769760 185 246 53
8.000000 36.000000 4.322870 198 240 52
10.000000 36.000000 3.684450 185 246 53
12.000000 36.000000 4.063510 193 243 52
14.000000 36.000000 5.606970 221 224 55
16.000000 36.000000 4.323240 198 240 52
18.000000 36.000000 4.187150 195 241 52
20.000000 36.000000 3.919610 188 245 52
22.000000 36.000000 3.781450 185 246 53
24.000000 36.000000 4.662820 203 237 52
26.000000 36.000000 4.509820 200 239 52
28.000000 36.000000 3.961410 190 244 52
30.000000 36.000000 3.770960 185 246 53
32.000000 36.000000 4.241240 195 241 52
34.000000 36.000000 4.067230 193 243 52
36.000000 36.000000 3.691390 185 246 53
38.000000 36.000000 3.508430 180 248 54
40.000000 36.000000 3.076060 172 251 56
42.000000 36.000000 3.949170 190 244 52
44.000000 36.000000 4.153300 193 243 52
46.000000 36.000000 2.968650 169 251 57
48.000000 36.000000 2.279480 156 254 64
50.000000 36.000000 3.060500 172 251 56
52.000000 36.000000 2.604920 161 253 61
54.000000 36.000000 3.368010 177 249 54
56.000000 36.000000 4.830190 208 234 52
58.000000 36.000000 3.642690 183 247 53
60.000000 36.000000 4.158720 193 243 52
62.000000 36.000000 3.652960 183 247 53
64.000000 36.000000 2.735450 164 252 60
66.000000 36.000000 3.186830 175 250 55
68.000000 36.000000 2.923090 169 251 57
70.000000 36.000000 2.090900 150 254 68
72.000000 36.000000 3.272560 175 250 55
74.000000 36.000000 3.054420 172 251 56
76.000000 36.000000 3.600760 183 247 53
78.000000 36.000000 3.518800 180 248 54
80.000000 36.000000 2.927080 169 251 57
82.000000 36.000000 2.732190 164 252 60
84.000000 36.000000 1.729160 139 255 75
86.000000 36.000000 2.321710 156 254 64
88.000000 36.000000 3.614460 183 247 53
90.000000 36.000000 2.675660 164 252 60
92.000000 36.000000 2.058370 150 254 68
94.000000 36.000000 2.453180 159 253 63
96.000000 36.000000 1.869350 146 255 71
98.000000 36.000000 2.759920 164 252 60
100.000000 36.000000 3.186410 175 250 55
102.000000 36.000000 1.588970 136 255 78
104.000000 36.000000 1.114660 125 255 86
106.000000 36.000000 -0.080785 85 250 118
108.000000 36.000000 0.917660 117 254 92
110.000000 36.000000 0.760612 113 254 95
112.000000 36.000000 0.761919 113 254 95
114.000000 36.000000 0.746692 113 254 95
116.000000 36.000000 0.589503 109 254 98
118.000000 36.000000 0.435474 101 253 105
120.000000 36.000000 0.440176 101 253 105
122.000000 36.000000 -0.634033 70 248 132
124.000000 36.000000 1.826740 143 255 73
126.000000 36.000000 0.641206 109 254 98
128.000000 36.000000 -0.536154 74 248 128
130.000000 36.000000 -1.478910 50 242 152
132.000000 36.000000 -0.762448 67 247 135
134.000000 36.000000 -0.590676 70 248 132
136.000000 36.000000 -1.442400 50 242 152
138.000000 36.000000 -0.729282 67 247 135
140.000000 36.000000 -0.346778 78 249 125
142.000000 36.000000 -3.150480 25 226 187
144.000000 36.000000 -4.014330 25 213 205
146.000000 36.000000 -4.096750 26 212 208
148.000000 36.000000 -3.661470 24 219 197
150.000000 36.000000 -2.476870 31 233 175
152.000000 36.000000 -3.324110 24 222 192
154.000000 36.000000 -4.978670 34 197 226
156.000000 36.000000 -6.603380 55 168 250
158.000000 36.000000 -7.286760 64 153 255
160.000000 36.000000 -5.731360 42 185 238
162.000000 36.000000 -6.073680 47 178 244
164.000000 36.000000 -7.651260 66 148 255
166.000000 36.000000 -7.505100 65 150 255
168.000000 36.000000 -9.093130 71 118 238
170.000000 36.000000 -4.840940 32 199 223
172.000000 36.000000 -6.202770 49 175 245
174.000000 36.000000 -9.381070 71 113 233
-222.000000 34.000000 -19.068800 48 18 59
-220.000000 34.000000 -19.346300 48 18 59
-218.000000 34.000000 -17.781400 48 18 59
-216.000000 34.000000 -18.672400 48 18 59
-214.000000 34.000000 -17.834900 48 18 59
-212.000000 34.000000 -14.343500 48 18 59
-210.000000 34.000000 -15.226100 48 18 59
-208.000000 34.000000 -14.384300 48 18 59
-206.000000 34.000000 -11.792900 64 64 162
-204.000000 34.000000 -8.922640 71 123 242
-202.000000 34.000000 -10.081700 70 100 218
-200.000000 34.000000 -10.913800 68 81 191
-198.000000 34.000000 -8.027330 69 140 253
-196.000000 34.000000 -6.421950 53 171 248
-194.000000 34.000000 -4.528890 28 205 216
-192.000000 34.000000 -3.980690 25 213 205
-190.000000 34.000000 -3.063760 25 226 187
-188.000000 34.000000 -3.250370 24 224 189
-186.000000 34.000000 -4.108430 26 212 208
-184.000000 34.000000 -2.174940 34 235 170
-182.000000 34.000000 -2.044780 37 236 167
-180.000000 34.000000 -0.743696 67 247 135
-178.000000 34.000000 0.167678 93 252 111
-176.000000 34.000000 0.261534 97 252 108
-174.000000 34.000000 0.897735 117 254 92
-172.000000 34.000000 0.650106 109 254 98
-170.000000 34.000000 2.194820 153 254 66
-168.000000 34.000000 1.712030 139 255 75
-166.000000 34.000000 2.821790 167 252 58
-164.000000 34.000000 2.252670 156 254 64
-162.000000 34.000000 2.384340 159 253 63
-160.000000 34.000000 1.555980 136 255 78
-158.000000 34.000000 2.358550 156 254 64
-156.000000 34.000000 3.295920 177 249 54
-154.000000 34.000000 3.286740 177 249 54
-152.000000 34.000000 3.238790 175 250 55
-150.000000 34.000000 3.364530 177 249 54
-148.000000 34.000000 3.192360 175 250 55
-146.000000 34.000000 3.572390 183 247 53
-144.000000 34.000000 2.351220 156 254 64
-142.000000 34.000000 2.298220 156 254 64
-140.000000 34.000000 1.994860 150 254 68
-138.000000 34.000000 2.466670 159 253 63
-136.000000 34.000000 2.563240 161 253 61
-134.000000 34.000000 1.231350 128 255 83
-132.000000 34.000000 1.332300 128 255 83
-130.000000 34.000000 1.659580 139 255 75
-128.000000 34.000000 1.616190 139 255 75
-126.000000 34.000000 1.691760 139 255 75
-124.000000 34.000000 1.040130 121 254 89
-122.000000 34.000000 1.585380 136 255 78
-120.000000 34.000000 0.946419 117 254 92
-118.000000 34.000000 1.009460 121 254 89
-116.000000 34.000000 0.615074 109 254 98
-114.000000 34.000000 0.901383 117 254 92
-112.000000 34.000000 0.286087 97 252 108
-110.000000 34.000000 0.343064 101 253 105
-108.000000 34.000000 -0.040541 89 251 115
-106.000000 34.000000 0.234952 97 252 108
-104.000000 34.000000 0.180586 93 252 111
-102.000000 34.000000 0.601226 109 254 98
-100.000000 34.000000 -0.152968 85 250 118
-98.000000 34.000000 -0.405650 78 249 125
-96.000000 34.000000 0.057114 89 251 115
-94.000000 34.000000 0.221748 97 252 108
-92.000000 34.000000 0.104028 93 252 111
-90.000000 34.000000 0.189955 93 252 111
-88.000000 34.000000 0.441694 101 253 105
-86.000000 34.000000 -0.228312 82 250 122
-84.000000 34.000000 -0.809452 67 247 135
-82.000000 34.000000 -1.692360 44 240 158
-80.000000 34.000000 -1.860910 42 239 161
-78.000000 34.000000 -1.289300 53 243 148
-76.000000 34.000000 -0.880283 63 246 138
-74.000000 34.000000 -1.572370 47 241 155
-72.000000 34.000000 -0.413820 78 249 125
-70.000000 34.000000 -0.722698 67 247 135
-68.000000 34.000000 -0.566240 74 248 128
-66.000000 34.000000 -0.337654 78 249 125
-64.000000 34.000000 -0.289817 82 250 122
-62.000000 34.000000 -1.124670 56 244 145
-60.000000 34.000000 -0.796228 67 247 135
-58.000000 34.000000 -0.538803 74 248 128
-56.000000 34.000000 -0.730671 67 247 135
-54.000000 34.000000 -0.921448 63 246 138
-52.000000 34.000000 -1.113140 56 244 145
-50.000000 34.000000 -1.235610 53 243 148
-48.000000 34.000000 -1.359200 50 242 152
-46.000000 34.000000 -0.432777 78 249 125
-44.000000 34.000000 -0.186116 85 250 118
-42.000000 34.000000 -0.050746 89 251 115
-40.000000 34.000000 2.092280 150 254 68
-38.000000 34.000000 1.974680 146 255 71
-36.000000 34.000000 0.999764 121 254 89
-34.000000 34.000000 1.251980 128 255 83
-32.000000 34.000000 1.724210 139 255 75
-30.000000 34.000000 1.073990 121 254 89
-28.000000 34.000000 0.980849 121 254 89
-26.000000 34.000000 1.350710 132 255 81
-24.000000 34.000000 1.304790 128 255 83
-22.000000 34.000000 2.301230 156 254 64
-20.000000 34.000000 2.625630 161 253 61
-18.000000 34.000000 2.952850 169 251 57
-16.000000 34.000000 2.172500 153 254 66
-14.000000 34.000000 2.551860 161 253 61
-12.000000 34.000000 2.415780 159 253 63
-10.000000 34.000000 2.150370 153 254 66
-8.000000 34.000000 0.584083 109 254 98
-6.000000 34.000000 1.420740 132 255 81
-4.000000 34.000000 2.821810 167 252 58
-2.000000 34.000000 3.379070 177 249 54
0.000000 34.000000 3.326880 177 249 54
2.000000 34.000000 3.712530 185 246 53
4.000000 34.000000 5.382030 217 228 54
6.000000 34.000000 4.568360 200 239 52
8.000000 34.000000 5.375700 217 228 54
10.000000 34.000000 5.898520 225 221 55
12.000000 34.000000 4.112100 193 243 52
14.000000 34.000000 3.565670 183 247 53
16.000000 34.000000 2.439310 159 253 63
18.000000 34.000000 3.109320 172 251 56
20.000000 34.000000 4.076050 193 243 52
22.000000 34.000000 5.446410 217 228 54
24.000000 34.000000 5.088640 212 231 53
26.000000 34.000000 4.190660 195 241 52
28.000000 34.000000 4.684270 203 237 52
30.000000 34.000000 5.723000 221 224 55
32.000000 34.000000 3.972770 190 244 52
34.000000 34.000000 3.899270 188 245 52
36.000000 34.000000 3.629320 183 247 53
38.000000 34.000000 4.470150 200 239 52
40.000000 34.000000 4.548840 200 239 52
42.000000 34.000000 1.799060 143 255 73
44.000000 34.000000 2.757240 164 252 60
46.000000 34.000000 3.087360 172 251 56
48.000000 34.000000 4.022540 190 244 52
50.000000 34.000000 3.731450 185 246 53
52.000000 34.000000 2.633540 161 253 61
54.000000 34.000000 1.628420 139 255 75
56.000000 34.000000 1.096150 125 255 86
58.000000 34.000000 1.104550 125 255 86
60.000000 34.000000 1.469990 132 255 81
62.000000 34.000000 0.959954 117 254 92
64.000000 34.000000 -0.417013 78 249 125
66.000000 34.000000 -0.660762 70 248 132
68.000000 34.000000 1.093280 125 255 86
70.000000 34.000000 1.129650 125 255 86
72.000000 34.000000 -0.117835 85 250 118
74.000000 34.000000 -0.660806 70 248 132
76.000000 34.000000 -1.839710 42 239 161
78.000000 34.000000 -2.576400 29 231 178
80.000000 34.000000 -2.090050 37 236 167
82.000000 34.000000 -1.896160 39 238 164
84.000000 34.000000 -2.428460 31 233 175
86.000000 34.000000 -2.472760 31 233 175
88.000000 34.000000 -0.975083 60 245 142
90.000000 34.000000 0.201405 97 252 108
92.000000 34.000000 -1.251600 53 243 148
94.000000 34.000000 -3.324860 24 222 192
96.000000 34.000000 -4.728760 31 201 221
98.000000 34.000000 -4.893190 32 199 223
100.000000 34.000000 -4.533050 28 205 216
102.000000 34.000000 -3.401500 24 222 192
104.000000 34.000000 -4.799870 31 201 221
106.000000 34.000000 -3.025690 25 227 185
108.000000 34.000000 -5.512460 40 188 235
110.000000 34.000000 -6.479790 53 171 248
112.000000 34.000000 -6.716900 56 165 251
114.000000 34.000000 -7.244540 62 155 254
116.000000 34.000000 -7.626750 66 148 255
118.000000 34.000000 -7.185710 62 155 254
120.000000 34.000000 -8.837200 71 123 242
122.000000 34.000000 -7.472690 65 150 255
124.000000 34.000000 -8.345310 70 133 250
126.000000 34.000000 -8.482840 70 130 248
128.000000 34.000000 -9.267660 71 115 235
130.000000 34.000000 -10.187900 70 97 214
132.000000 34.000000 -9.973410 70 102 221
134.000000 34.000000 -9.860930 70 105 224
136.000000 34.000000 -10.765200 68 84 195
138.000000 34.000000 -9.978370 70 102 221
140.000000 34.000000 -11.211500 66 75 181
142.000000 34.000000 -11.751600 64 64 162
144.000000 34.000000 -11.021300 68 81 191
146.000000 34.000000 -11.162500 66 75 181
148.000000 34.000000 -11.340200 66 73 177
150.000000 34.000000 -12.587100 58 45 121
152.000000 34.000000 -13.109400 54 33 95
154.000000 34.000000 -13.321300 53 30 88
156.000000 34.000000 -12.964500 55 36 102
158.000000 34.000000 -12.500200 59 47 128
160.000000 34.000000 -13.013000 55 36 102
162.000000 34.000000 -12.885200 56 39 109
164.000000 34.000000 -12.934600 56 39 109
166.000000 34.000000 -12.623800 58 45 121
168.000000 34.000000 -14.663000 48 18 59
170.000000 34.000000 -15.318200 48 18 59
172.000000 34.000000 -14.567100 48 18 59
-226.000000 32.000000 -14.503700 48 18 59
-224.000000 32.000000 -22.849000 48 18 59
-222.000000 32.000000 -23.349800 48 18 59
-220.000000 32.000000 -23.612700 48 18 59
-218.000000 32.000000 -23.571200 48 18 59
-216.000000 32.000000 -23.198900 48 18 59
-214.000000 32.000000 -23.715300 48 18 59
-212.000000 32.000000 -23.374600 48 18 59
-210.000000 32.000000 -23.519800 48 18 59
-208.000000 32.000000 -21.954300 48 18 59
-206.000000 32.000000 -21.884800 48 18 59
-204.000000 32.000000 -23.563600 48 18 59
-202.000000 32.000000 -23.122300 48 18 59
-200.000000 32.000000 -20.328000 48 18 59
-198.000000 32.000000 -18.926900 48 18 59
-196.000000 32.000000 -21.254200 48 18 59
-194.000000 32.000000 -20.489900 48 18 59
-192.000000 32.000000 -20.007900 48 18 59
-190.000000 32.000000 -18.228700 48 18 59
-188.000000 32.000000 -18.416500 48 18 59
-186.000000 32.000000 -16.304600 48 18 59
-184.000000 32.000000 -14.475900 48 18 59
-182.000000 32.000000 -15.734800 48 18 59
-180.000000 32.000000 -15.286800 48 18 59
-178.000000 32.000000 -13.960500 48 18 59
-176.000000 32.000000 -12.924800 56 39 109
-174.000000 32.000000 -13.108400 54 33 95
-172.000000 32.000000 -11.111700 67 78 186
-170.000000 32.000000 -9.817250 70 105 224
-168.000000 32.000000 -9.999080 70 100 218
-166.000000 32.000000 -8.718000 70 125 244
-164.000000 32.000000 -9.738760 70 105 224
-162.000000 32.000000 -6.236670 49 175 245
-160.000000 32.000000 -4.255840 26 210 210
-158.000000 32.000000 -5.430720 39 190 233
-156.000000 32.000000 -4.645090 30 203 218
-154.000000 32.000000 -4.758060 31 201 221
-152.000000 32.000000 -3.227730 24 224 189
-150.000000 32.000000 -3.966570 25 213 205
-148.000000 32.000000 -2.817860 26 228 182
-146.000000 32.000000 -1.091510 60 245 142
-144.000000 32.000000 -0.562298 74 248 128
-142.000000 32.000000 0.646765 109 254 98
-140.000000 32.000000 2.597360 161 253 61
-138.000000 32.000000 0.669287 109 254 98
-136.000000 32.000000 2.314000 156 254 64
-134.000000 32.000000 -0.156906 85 250 118
-132.000000 32.000000 1.353800 132 255 81
-130.000000 32.000000 3.172090 175 250 55
-128.000000 32.000000 2.317800 156 254 64
-126.000000 32.000000 2.440930 159 253 63
-124.000000 32.000000 2.673360 164 252 60
-122.000000 32.000000 4.157170 193 243 52
-120.000000 32.000000 4.291750 195 241 52
-118.000000 32.000000 4.321210 198 240 52
-116.000000 32.000000 5.162330 212 231 53
-114.000000 32.000000 5.650330 221 224 55
-112.000000 32.000000 6.093260 227 219 56
-110.000000 32.000000 5.773790 223 223 55
-108.000000 32.000000 5.209370 212 231 53
-106.000000 32.000000 5.867820 225 221 55
-104.000000 32.000000 6.361290 231 215 57
-102.000000 32.000000 6.862000 238 207 58
-100.000000 32.000000 8.181420 251 184 56
-98.000000 32.000000 7.989330 249 188 57
-96.000000 32.000000 7.371790 244 199 58
-94.000000 32.000000 7.370450 244 199 58
-92.000000 32.000000 6.771960 238 207 58
-90.000000 32.000000 6.020970 227 219 56
-88.000000 32.000000 7.445470 245 197 58
-86.000000 32.000000 4.922920 208 234 52
-84.000000 32.000000 6.502950 233 213 57
-82.000000 32.000000 7.651280 246 195 58
-80.000000 32.000000 7.109820 241 203 58
-78.000000 32.000000 6.365060 231 215 57
-76.000000 32.000000 6.389420 233 213 57
-74.000000 32.000000 6.943250 239 205 58
-72.000000 32.000000 6.609830 235 211 57
-70.000000 32.000000 6.268570 231 215 57
-68.000000 32.000000 6.328780 231 215 57
-66.000000 32.000000 6.016870 227 219 56
-64.000000 32.000000 5.520550 219 226 54
-62.000000 32.000000 6.673500 236 209 58
-60.000000 32.000000 5.945650 225 221 55
-58.000000 32.000000 6.205500 229 217 56
-56.000000 32.000000 5.165680 212 231 53
-54.000000 32.000000 6.379170 233 213 57
-52.000000 32.000000 5.797550 223 223 55
-50.000000 32.000000 6.971920 239 205 58
-48.000000 32.000000 5.293210 215 229 53
-46.000000 32.000000 5.739890 223 223 55
-44.000000 32.000000 5.341800 215 229 53
-42.000000 32.000000 5.738290 223 223 55
-40.000000 32.000000 5.689860 221 224 55
-38.000000 32.000000 5.266140 215 229 53
-36.000000 32.000000 5.407860 217 228 54
-34.000000 32.000000 4.676270 203 237 52
-32.000000 32.000000 4.693630 203 237 52
-30.000000 32.000000 4.557100 200 239 52
-28.000000 32.000000 4.594920 203 237 52
-26.000000 32.000000 5.153120 212 231 53
-24.000000 32.000000 5.642620 221 224 55
-22.000000 32.000000 4.243310 195 241 52
-20.000000 32.000000 4.214980 195 241 52
-18.000000 32.000000 4.509620 200 239 52
-16.000000 32.000000 4.721430 205 236 52
-14.000000 32.000000 4.585000 203 237 52
-12.000000 32.000000 4.013390 190 244 52
-10.000000 32.000000 4.224460 195 241 52
-8.000000 32.000000 4.177250 193 243 52
-6.000000 32.000000 4.469850 200 239 52
-4.000000 32.000000 3.983050 190 244 52
-2.000000 32.000000 3.598560 183 247 53
0.000000 32.000000 4.356110 198 240 52
2.000000 32.000000 4.430330 198 240 52
4.000000 32.000000 4.453960 200 239 52
6.000000 32.000000 3.695980 185 246 53
8.000000 32.000000 3.121240 172 251 56
10.000000 32.000000 3.346710 177 249 54
12.000000 32.000000 3.419670 180 248 54
14.000000 32.000000 4.087840 193 243 52
16.000000 32.000000 3.325230 177 249 54
18.000000 32.000000 3.468030 180 248 54
20.000000 32.000000 2.884140 167 252 58
22.000000 32.000000 3.101640 172 251 56
24.000000 32.000000 2.525230 161 253 61
26.000000 32.000000 3.006730 169 251 57
28.000000 32.000000 2.678080 164 252 60
30.000000 32.000000 3.157130 175 250 55
32.000000 32.000000 3.044800 172 251 56
34.000000 32.000000 3.325510 177 249 54
36.000000 32.000000 2.953000 169 251 57
38.000000 32.000000 2.820110 167 252 58
40.000000 32.000000 3.188340 175 250 55
42.000000 32.000000 3.002030 169 251 57
44.000000 32.000000 2.437190 159 253 63
46.000000 32.000000 2.137850 153 254 66
48.000000 32.000000 2.358800 156 254 64
50.000000 32.000000 2.000830 150 254 68
52.000000 32.000000 1.483520 136 255 78
54.000000 32.000000 1.186040 125 255 86
56.000000 32.000000 1.410360 132 255 81
58.000000 32.000000 1.751580 143 255 73
60.000000 32.000000 1.003910 121 254 89
62.000000 32.000000 0.881236 117 254 92
64.000000 32.000000 1.649730 139 255 75
66.000000 32.000000 1.673690 139 255 75
68.000000 32.000000 0.759739 113 254 95
70.000000 32.000000 0.428621 101 253 105
72.000000 32.000000 0.096061 93 252 111
74.000000 32.000000 0.788188 113 254 95
76.000000 32.000000 -0.407557 78 249 125
78.000000 32.000000 0.218207 97 252 108
80.000000 32.000000 0.792612 113 254 95
82.000000 32.000000 0.824900 113 254 95
84.000000 32.000000 -0.010893 89 251 115
86.000000 32.000000 -0.213083 82 250 122
88.000000 32.000000 0.016510 89 251 115
90.000000 32.000000 0.024206 89 251 115
92.000000 32.000000 -0.846880 63 246 138
94.000000 32.000000 -0.689247 70 248 132
96.000000 32.000000 -1.817520 42 239 161
98.000000 32.000000 -1.487990 47 241 155
100.000000 32.000000 -1.289350 53 243 148
102.000000 32.000000 -1.230150 53 243 148
104.000000 32.000000 -1.191540 56 244 145
106.000000 32.000000 -1.095150 60 245 142
108.000000 32.000000 -2.125680 37 236 167
110.000000 32.000000 -3.495890 24 221 194
112.000000 32.000000 -2.281020 32 234 172
114.000000 32.000000 -2.189670 34 235 170
116.000000 32.000000 -2.221950 34 235 170
118.000000 32.000000 -3.041420 25 226 187
120.000000 32.000000 -3.450950 24 221 194
122.000000 32.000000 -2.431090 31 233 175
124.000000 32.000000 -2.325410 32 234 172
126.000000 32.000000 -3.615490 24 219 197
128.000000 32.000000 -2.628700 29 231 178
130.000000 32.000000 -2.690530 28 230 180
132.000000 32.000000 -3.286790 24 224 189
134.000000 32.000000 -3.491160 24 221 194
136.000000 32.000000 -3.697720 24 217 200
138.000000 32.000000 -3.446850 24 221 194
140.000000 32.000000 -3.035280 25 226 187
142.000000 32.000000 -3.955150 25 213 205
144.000000 32.000000 -5.186220 35 195 228
146.000000 32.000000 -4.510640 28 205 216
148.000000 32.000000 -4.855700 32 199 223
150.000000 32.000000 -4.147500 26 212 208
152.000000 32.000000 -4.340120 27 208 213
154.000000 32.000000 -4.981150 34 197 226
156.000000 32.000000 -4.800870 31 201 221
158.000000 32.000000 -5.686590 42 185 238
160.000000 32.000000 -6.047790 47 178 244
162.000000 32.000000 -5.459780 39 190 233
164.000000 32.000000 -5.929970 46 180 242
166.000000 32.000000 -4.312130 26 210 210
168.000000 32.000000 -4.132340 26 212 208
170.000000 32.000000 -5.792000 44 183 240
172.000000 32.000000 -6.801120 58 163 252
-228.000000 30.000000 -12.951200 56 39 109
-226.000000 30.000000 -13.926700 48 18 59
-224.000000 30.000000 -14.339300 48 18 59
-222.000000 30.000000 -14.352300 48 18 59
-220.000000 30.000000 -15.092500 48 18 59
-218.000000 30.000000 -14.358500 48 18 59
-216.000000 30.000000 -14.555600 48 18 59
-214.000000 30.000000 -13.671200 50 21 67
-212.000000 30.000000 -14.959500 48 18 59
-210.000000 30.000000 -15.334500 48 18 59
-208.000000 30.000000 -15.529200 48 18 59
-206.000000 30.000000 -15.723400 48 18 59
-204.000000 30.000000 -16.084500 48 18 59
-202.000000 30.000000 -15.607200 48 18 59
-200.000000 30.000000 -15.464600 48 18 59
-198.000000 30.000000 -16.320700 48 18 59
-196.000000 30.000000 -15.525700 48 18 59
-194.000000 30.000000 -15.600100 48 18 59
-192.000000 30.000000 -16.739900 48 18 59
-190.000000 30.000000 -17.417600 48 18 59
-188.000000 30.000000 -17.603000 48 18 59
-186.000000 30.000000 -16.723700 48 18 59
-184.000000 30.000000 -17.358700 48 18 59
-182.000000 30.000000 -16.095000 48 18 59
-180.000000 30.000000 -16.751100 48 18 59
-178.000000 30.000000 -17.773700 48 18 59
-176.000000 30.000000 -17.993700 48 18 59
-174.000000 30.000000 -16.711000 48 18 59
-172.000000 30.000000 -16.654000 48 18 59
-170.000000 30.000000 -16.424700 48 18 59
-168.000000 30.000000 -16.856800 48 18 59
-166.000000 30.000000 -16.328600 48 18 59
-164.000000 30.000000 -16.344800 48 18 59
-162.000000 30.000000 -16.427700 48 18 59
-160.000000 30.000000 -17.006200 48 18 59
-158.000000 30.000000 -14.596900 48 18 59
-156.000000 30.000000 -14.776300 48 18 59
-154.000000 30.000000 -14.702800 48 18 59
-152.000000 30.000000 -14.080300 48 18 59
-150.000000 30.000000 -13.152900 54 33 95
-148.000000 30.000000 -12.943700 56 39 109
-146.000000 30.000000 -12.530300 59 47 128
-144.000000 30.000000 -12.007100 63 59 151
-142.000000 30.000000 -12.489800 59 47 128
-140.000000 30.000000 -13.071700 55 36 102
-138.000000 30.000000 -10.934500 68 81 191
-136.000000 30.000000 -10.043100 70 100 218
-134.000000 30.000000 -7.990430 69 140 253
-132.000000 30.000000 -10.068600 70 100 218
-130.000000 30.000000 -8.755050 70 125 244
-128.000000 30.000000 -6.456080 53 171 248
-126.000000 30.000000 -6.128300 49 175 245
-124.000000 30.000000 -4.907460 32 199 223
-122.000000 30.000000 -4.506140 28 205 216
-120.000000 30.000000 -5.262150 37 192 231
-118.000000 30.000000 -4.716710 31 201 221
-116.000000 30.000000 -4.384760 27 208 213
-114.000000 30.000000 -5.188370 35 195 228
-112.000000 30.000000 -3.419370 24 221 194
-110.000000 30.000000 -3.300790 24 222 192
-108.000000 30.000000 -1.158340 56 244 145
-106.000000 30.000000 -1.324430 53 243 148
-104.000000 30.000000 0.418679 101 253 105
-102.000000 30.000000 -0.990608 60 245 142
-100.000000 30.000000 -0.732360 67 247 135
-98.000000 30.000000 -0.342849 78 249 125
-96.000000 30.000000 0.119526 93 252 111
-94.000000 30.000000 0.147522 93 252 111
-92.000000 30.000000 1.320790 128 255 83
-90.000000 30.000000 0.774244 113 254 95
-88.000000 30.000000 1.989950 146 255 71
-86.000000 30.000000 4.250400 195 241 52
-84.000000 30.000000 3.471220 180 248 54
-82.000000 30.000000 1.343810 128 255 83
-80.000000 30.000000 0.825006 113 254 95
-78.000000 30.000000 2.674590 164 252 60
-76.000000 30.000000 2.718290 164 252 60
-74.000000 30.000000 2.952740 169 251 57
-72.000000 30.000000 5.097410 212 231 53
-70.000000 30.000000 3.554000 183 247 53
-68.000000 30.000000 3.575950 183 247 53
-66.000000 30.000000 5.723890 221 224 55
-64.000000 30.000000 5.272220 215 229 53
-62.000000 30.000000 4.430470 198 240 52
-60.000000 30.000000 3.983890 190 244 52
-58.000000 30.000000 4.193750 195 241 52
-56.000000 30.000000 4.013120 190 244 52
-54.000000 30.000000 3.133880 172 251 56
-52.000000 30.000000 2.631720 161 253 61
-50.000000 30.000000 3.111340 172 251 56
-48.000000 30.000000 3.627820 183 247 53
-46.000000 30.000000 4.087960 193 243 52
-44.000000 30.000000 2.953530 169 251 57
-42.000000 30.000000 3.418620 180 248 54
-40.000000 30.000000 7.026830 241 203 58
-38.000000 30.000000 6.803270 238 207 58
-36.000000 30.000000 5.890320 225 221 55
-34.000000 30.000000 6.319180 231 215 57
-32.000000 30.000000 6.606330 235 211 57
-30.000000 30.000000 5.592930 219 226 54
-28.000000 30.000000 6.047780 227 219 56
-26.000000 30.000000 6.281300 231 215 57
-24.000000 30.000000 5.337910 215 229 53
-22.000000 30.000000 5.460340 217 228 54
-20.000000 30.000000 5.870590 225 221 55
-18.000000 30.000000 5.603810 221 224 55
-16.000000 30.000000 5.075180 210 233 53
-14.000000 30.000000 6.251710 231 215 57
-12.000000 30.000000 6.595560 235 211 57
-10.000000 30.000000 7.355310 244 199 58
-8.000000 30.000000 6.504450 233 213 57
-6.000000 30.000000 6.473300 233 213 57
-4.000000 30.000000 6.281290 231 215 57
-2.000000 30.000000 6.869290 238 207 58
0.000000 30.000000 7.009890 239 205 58
2.000000 30.000000 6.825030 238 207 58
4.000000 30.000000 7.094430 241 203 58
6.000000 30.000000 7.851910 248 190 57
8.000000 30.000000 8.769760 253 174 53
10.000000 30.000000 8.995130 254 169 51
12.000000 30.000000 8.477810 252 179 54
14.000000 30.000000 8.094420 250 186 57
16.000000 30.000000 8.263300 251 184 56
18.000000 30.000000 8.135190 250 186 57
20.000000 30.000000 8.335370 251 182 55
22.000000 30.000000 8.114290 250 186 57
24.000000 30.000000 8.287570 251 184 56
26.000000 30.000000 9.005400 254 169 51
28.000000 30.000000 8.219980 251 184 56
30.000000 30.000000 8.590170 252 177 54
32.000000 30.000000 8.893100 253 172 52
34.000000 30.000000 8.018850 249 188 57
36.000000 30.000000 8.138130 250 186 57
38.000000 30.000000 7.880780 248 190 57
40.000000 30.000000 6.980830 239 205 58
42.000000 30.000000 7.944520 249 188 57
44.000000 30.000000 8.255460 251 184 56
46.000000 30.000000 7.961140 249 188 57
48.000000 30.000000 8.488660 252 179 54
50.000000 30.000000 8.661410 252 177 54
52.000000 30.000000 9.107490 254 167 50
54.000000 30.000000 9.334240 254 164 49
56.000000 30.000000 8.823580 253 174 53
58.000000 30.000000 7.806970 248 190 57
60.000000 30.000000 8.002850 249 188 57
62.000000 30.000000 7.658460 246 195 58
64.000000 30.000000 8.315360 251 182 55
66.000000 30.000000 8.201400 251 184 56
68.000000 30.000000 7.726420 247 193 58
70.000000 30.000000 8.144790 250 186 57
72.000000 30.000000 8.883440 253 172 52
74.000000 30.000000 7.672470 247 193 58
76.000000 30.000000 7.916570 248 190 57
78.000000 30.000000 8.250740 251 184 56
80.000000 30.000000 6.918070 239 205 58
82.000000 30.000000 6.568000 235 211 57
84.000000 30.000000 7.248820 242 201 58
86.000000 30.000000 7.681180 247 193 58
88.000000 30.000000 7.262900 242 201 58
90.000000 30.000000 6.897110 239 205 58
92.000000 30.000000 8.057490 250 186 57
94.000000 30.000000 7.928930 249 188 57
96.000000 30.000000 7.739420 247 193 58
98.000000 30.000000 6.982830 239 205 58
100.000000 30.000000 7.442210 245 197 58
102.000000 30.000000 6.686050 236 209 58
104.000000 30.000000 6.165460 229 217 56
106.000000 30.000000 5.233290 215 229 53
108.000000 30.000000 6.116300 227 219 56
110.000000 30.000000 6.565020 235 211 57
112.000000 30.000000 6.359230 231 215 57
114.000000 30.000000 6.353070 231 215 57
116.000000 30.000000 6.901410 239 205 58
118.000000 30.000000 6.802790 238 207 58
120.000000 30.000000 7.396600 244 199 58
122.000000 30.000000 6.132020 229 217 56
124.000000 30.000000 7.440390 245 197 58
126.000000 30.000000 7.344120 244 199 58
128.000000 30.000000 5.820950 223 223 55
130.000000 30.000000 5.995140 227 219 56
132.000000 30.000000 6.187740 229 217 56
134.000000 30.000000 6.465010 233 213 57
136.000000 30.000000 6.871640 238 207 58
138.000000 30.000000 6.533020 235 211 57
140.000000 30.000000 5.528560 219 226 54
142.000000 30.000000 5.653840 221 224 55
144.000000 30.000000 5.849350 223 223 55
146.000000 30.000000 5.480870 219 226 54
148.000000 30.000000 6.189600 229 217 56
150.000000 30.000000 5.824010 223 223 55
152.000000 30.000000 4.598410 203 237 52
154.000000 30.000000 4.826140 205 236 52
156.000000 30.000000 5.266810 215 229 53
158.000000 30.000000 4.763100 205 236 52
160.000000 30.000000 4.422660 198 240 52
162.000000 30.000000 4.349490 198 240 52
164.000000 30.000000 3.685400 185 246 53
166.000000 30.000000 3.624090 183 247 53
168.000000 30.000000 0.971980 121 254 89
170.000000 30.000000 -1.015830 60 245 142
-230.000000 28.000000 -9.133400 71 118 238
-228.000000 28.000000 -6.312670 51 173 247
-226.000000 28.000000 -8.453610 70 130 248
-224.000000 28.000000 -8.730710 70 125 244
-222.000000 28.000000 -8.033290 69 140 253
-220.000000 28.000000 -9.203430 71 118 238
-218.000000 28.000000 -7.951280 69 140 253
-216.000000 28.000000 -5.976150 46 180 242
-214.000000 28.000000 -7.269460 62 155 254
-212.000000 28.000000 -7.634420 66 148 255
-210.000000 28.000000 -5.852670 44 183 240
-208.000000 28.000000 -7.513210 65 150 255
-206.000000 28.000000 -6.320820 51 173 247
-204.000000 28.000000 -6.741750 56 165 251
-202.000000 28.000000 -7.117770 61 158 254
-200.000000 28.000000 -7.284630 64 153 255
-198.000000 28.000000 -5.970080 46 180 242
-196.000000 28.000000 -7.419840 65 150 255
-194.000000 28.000000 -8.285840 70 135 251
-192.000000 28.000000 -7.763780 67 145 254
-190.000000 28.000000 -7.244510 62 155 254
-188.000000 28.000000 -7.144170 61 158 254
-186.000000 28.000000 -7.976010 69 140 253
-184.000000 28.000000 -8.147320 69 138 252
-182.000000 28.000000 -8.425090 70 133 250
-180.000000 28.000000 -6.678780 56 165 251
-178.000000 28.000000 -7.476470 65 150 255
-176.000000 28.000000 -7.206090 62 155 254
-174.000000 28.000000 -7.848750 68 143 254
-172.000000 28.000000 -8.315960 70 133 250
-170.000000 28.000000 -8.515470 70 130 248
-168.000000 28.000000 -8.551910 70 130 248
-166.000000 28.000000 -8.129420 69 138 252
-164.000000 28.000000 -8.455860 70 130 248
-162.000000 28.000000 -8.353790 70 133 250
-160.000000 28.000000 -8.676350 70 128 246
-158.000000 28.000000 -8.995720 71 120 240
-156.000000 28.000000 -10.376400 69 94 211
-154.000000 28.000000 -10.386200 69 92 207
-152.000000 28.000000 -9.265170 71 115 235
-150.000000 28.000000 -10.214300 70 97 214
-148.000000 28.000000 -9.628750 70 107 227
-146.000000 28.000000 -10.431800 69 92 207
-144.000000 28.000000 -10.972800 68 81 191
-142.000000 28.000000 -9.559610 71 110 230
-140.000000 28.000000 -9.838780 70 105 224
-138.000000 28.000000 -10.003500 70 100 218
-136.000000 28.000000 -10.048400 70 100 218
-134.000000 28.000000 -10.862600 68 84 195
-132.000000 28.000000 -10.662700 68 86 199
-130.000000 28.000000 -9.974260 70 102 221
-128.000000 28.000000 -10.313800 69 94 211
-126.000000 28.000000 -9.466220 71 113 233
-124.000000 28.000000 -10.141000 70 97 214
-122.000000 28.000000 -10.530600 69 89 203
-120.000000 28.000000 -8.783830 70 125 244
-118.000000 28.000000 -9.203320 71 118 238
-116.000000 28.000000 -9.895730 70 102 221
-114.000000 28.000000 -9.070650 71 120 240
-112.000000 28.000000 -7.823800 68 143 254
-110.000000 28.000000 -8.880360 71 123 242
-108.000000 28.000000 -9.571580 71 110 230
-106.000000 28.000000 -8.445590 70 130 248
-104.000000 28.000000 -8.197150 70 135 251
-102.000000 28.000000 -7.311740 64 153 255
-100.000000 28.000000 -5.632660 42 185 238
-98.000000 28.000000 -4.938310 32 199 223
-96.000000 28.000000 -4.955990 32 199 223
-94.000000 28.000000 -4.284330 26 210 210
-92.000000 28.000000 -6.066930 47 178 244
-90.000000 28.000000 -6.404900 53 171 248
-88.000000 28.000000 -2.381030 32 234 172
-86.000000 28.000000 -2.144900 34 235 170
-84.000000 28.000000 -3.330130 24 222 192
-82.000000 28.000000 -1.510690 47 241 155
-80.000000 28.000000 -1.167490 56 244 145
-78.000000 28.000000 -1.187440 56 244 145
-76.000000 28.000000 -0.411410 78 249 125
-74.000000 28.000000 -0.357986 78 249 125
-72.000000 28.000000 -1.578790 47 241 155
-70.000000 28.000000 0.015419 89 251 115
-68.000000 28.000000 1.417200 132 255 81
-66.000000 28.000000 1.053000 121 254 89
-64.000000 28.000000 0.827994 113 254 95
-62.000000 28.000000 2.228620 153 254 66
-60.000000 28.000000 1.656450 139 255 75
-58.000000 28.000000 1.384680 132 255 81
-56.000000 28.000000 1.991960 146 255 71
-54.000000 28.000000 3.051600 172 251 56
-52.000000 28.000000 3.116740 172 251 56
-50.000000 28.000000 3.062960 172 251 56
-48.000000 28.000000 3.241950 175 250 55
-46.000000 28.000000 2.444900 159 253 63
-44.000000 28.000000 3.602550 183 247 53
-42.000000 28.000000 3.920460 188 245 52
-40.000000 28.000000 2.857060 167 252 58
-38.000000 28.000000 3.310320 177 249 54
-36.000000 28.000000 2.976520 169 251 57
-34.000000 28.000000 2.710220 164 252 60
-32.000000 28.000000 2.317330 156 254 64
-30.000000 28.000000 3.997960 190 244 52
-28.000000 28.000000 3.684740 185 246 53
-26.000000 28.000000 3.368250 177 249 54
-24.000000 28.000000 3.389030 177 249 54
-22.000000 28.000000 4.633030 203 237 52
-20.000000 28.000000 3.630760 183 247 53
-18.000000 28.000000 3.490920 180 248 54
-16.000000 28.000000 4.544210 200 239 52
-14.000000 28.000000 4.235320 195 241 52
-12.000000 28.000000 3.410090 177 249 54
-10.000000 28.000000 2.437460 159 253 63
-8.000000 28.000000 2.633860 161 253 61
-6.000000 28.000000 2.329030 156 254 64
-4.000000 28.000000 2.692420 164 252 60
-2.000000 28.000000 2.723020 164 252 60
0.000000 28.000000 3.087340 172 251 56
2.000000 28.000000 2.787750 167 252 58
4.000000 28.000000 2.326690 156 254 64
6.000000 28.000000 2.863950 167 252 58
8.000000 28.000000 3.517900 180 248 54
10.000000 28.000000 2.920070 169 251 57
12.000000 28.000000 2.946270 169 251 57
14.000000 28.000000 2.637080 161 253 61
16.000000 28.000000 2.719290 164 252 60
18.000000 28.000000 3.298980 177 249 54
20.000000 28.000000 2.976640 169 251 57
22.000000 28.000000 3.055020 172 251 56
24.000000 28.000000 1.547250 136 255 78
26.000000 28.000000 2.787950 167 252 58
28.000000 28.000000 2.120800 150 254 68
30.000000 28.000000 2.173490 153 254 66
32.000000 28.000000 2.288190 156 254 64
34.000000 28.000000 2.470460 159 253 63
36.000000 28.000000 2.578160 161 253 61
38.000000 28.000000 2.039090 150 254 68
40.000000 28.000000 2.086750 150 254 68
42.000000 28.000000 2.120350 150 254 68
44.000000 28.000000 1.970260 146 255 71
46.000000 28.000000 2.282670 156 254 64
48.000000 28.000000 2.891820 167 252 58
50.000000 28.000000 2.526360 161 253 61
52.000000 28.000000 2.844350 167 252 58
54.000000 28.000000 2.814330 167 252 58
56.000000 28.000000 2.010670 150 254 68
58.000000 28.000000 1.858110 143 255 73
60.000000 28.000000 1.943130 146 255 71
62.000000 28.000000 1.625000 139 255 75
64.000000 28.000000 2.400350 159 253 63
66.000000 28.000000 1.508500 136 255 78
68.000000 28.000000 2.101160 150 254 68
70.000000 28.000000 2.844900 167 252 58
72.000000 28.000000 2.193780 153 254 66
74.000000 28.000000 3.091000 172 251 56
76.000000 28.000000 2.320570 156 254 64
78.000000 28.000000 1.272910 128 255 83
80.000000 28.000000 1.091430 121 254 89
82.000000 28.000000 2.140840 153 254 66
84.000000 28.000000 2.483430 159 253 63
86.000000 28.000000 1.566140 136 255 78
88.000000 28.000000 0.677966 109 254 98
90.000000 28.000000 1.769320 143 255 73
92.000000 28.000000 2.668030 164 252 60
94.000000 28.000000 2.033410 150 254 68
96.000000 28.000000 2.237160 153 254 66
98.000000 28.000000 1.949190 146 255 71
100.000000 28.000000 1.600460 136 255 78
102.000000 28.000000 3.366720 177 249 54
104.000000 28.000000 2.515900 161 253 61
106.000000 28.000000 -0.051384 89 251 115
108.000000 28.000000 1.323200 128 255 83
110.000000 28.000000 1.563620 136 255 78
112.000000 28.000000 1.984420 146 255 71
114.000000 28.000000 2.656020 164 252 60
116.000000 28.000000 0.522400 105 253 102
118.000000 28.000000 -0.530625 74 248 128
120.000000 28.000000 -0.313567 82 250 122
122.000000 28.000000 -0.576067 74 248 128
124.000000 28.000000 -0.162365 85 250 118
126.000000 28.000000 -0.940924 63 246 138
128.000000 28.000000 -0.669994 70 248 132
130.000000 28.000000 -1.198030 56 244 145
132.000000 28.000000 0.035347 89 251 115
134.000000 28.000000 -0.614603 70 248 132
136.000000 28.000000 -1.687200 44 240 158
138.000000 28.000000 -3.409070 24 222 192
140.000000 28.000000 -3.178450 24 224 189
142.000000 28.000000 -1.827060 42 239 161
144.000000 28.000000 -2.558580 29 231 178
146.000000 28.000000 -1.103820 56 244 145
148.000000 28.000000 -2.499530 31 233 175
150.000000 28.000000 -4.049180 25 213 205
152.000000 28.000000 -4.157120 26 212 208
154.000000 28.000000 -4.026690 25 213 205
156.000000 28.000000 -6.418390 53 171 248
158.000000 28.000000 -7.832910 68 143 254
160.000000 28.000000 -7.704310 67 145 254
162.000000 28.000000 -7.521380 65 150 255
164.000000 28.000000 -7.577270 66 148 255
166.000000 28.000000 -5.501820 40 188 235
168.000000 28.000000 -3.925830 24 215 202
-232.000000 26.000000 -18.360400 48 18 59
-230.000000 26.000000 -20.062600 48 18 59
-228.000000 26.000000 -21.930400 48 18 59
-226.000000 26.000000 -19.909700 48 18 59
-224.000000 26.000000 -17.805200 48 18 59
-222.000000 26.000000 -18.189100 48 18 59
-220.000000 26.000000 -16.871500 48 18 59
-218.000000 26.000000 -15.349200 48 18 59
-216.000000 26.000000 -14.185900 48 18 59
-214.000000 26.000000 -12.352800 60 50 134
-212.000000 26.000000 -10.667300 68 86 199
-210.000000 26.000000 -9.583030 71 110 230
-208.000000 26.000000 -7.863440 68 143 254
-206.000000 26.000000 -7.175230 62 155 254
-204.000000 26.000000 -6.295660 51 173 247
-202.000000 26.000000 -4.350560 27 208 213
-200.000000 26.000000 -4.023350 25 213 205
-198.000000 26.000000 -3.933050 24 215 202
-196.000000 26.000000 -2.616990 29 231 178
-194.000000 26.000000 -2.387890 31 233 175
-192.000000 26.000000 -0.109457 85 250 118
-190.000000 26.000000 -1.467920 50 242 152
-188.000000 26.000000 -2.286570 32 234 172
-186.000000 26.000000 -0.477573 74 248 128
-184.000000 26.000000 -0.194353 85 250 118
-182.000000 26.000000 0.363345 101 253 105
-180.000000 26.000000 0.505162 105 253 102
-178.000000 26.000000 0.080800 93 252 111
-176.000000 26.000000 -0.292228 82 250 122
-174.000000 26.000000 -0.159602 85 250 118
-172.000000 26.000000 -0.010061 89 251 115
-170.000000 26.000000 0.304229 97 252 108
-168.000000 26.000000 1.171150 125 255 86
-166.000000 26.000000 1.003030 121 254 89
-164.000000 26.000000 1.225440 128 255 83
-162.000000 26.000000 0.359516 101 253 105
-160.000000 26.000000 1.570490 136 255 78
-158.000000 26.000000 1.150260 125 255 86
-156.000000 26.000000 1.206580 125 255 86
-154.000000 26.000000 0.787533 113 254 95
-152.000000 26.000000 -0.051599 89 251 115
-150.000000 26.000000 0.484281 105 253 102
-148.000000 26.000000 0.953438 117 254 92
-146.000000 26.000000 0.657697 109 254 98
-144.000000 26.000000 0.975184 121 254 89
-142.000000 26.000000 0.320320 101 253 105
-140.000000 26.000000 -0.100326 85 250 118
-138.000000 26.000000 -0.253477 82 250 122
-136.000000 26.000000 -1.078710 60 245 142
-134.000000 26.000000 0.103753 93 252 111
-132.000000 26.000000 -1.130460 56 244 145
-130.000000 26.000000 -1.274300 53 243 148
-128.000000 26.000000 -1.557970 47 241 155
-126.000000 26.000000 -1.936570 39 238 164
-124.000000 26.000000 -1.435120 50 242 152
-122.000000 26.000000 -1.835500 42 239 161
-120.000000 26.000000 -2.214530 34 235 170
-118.000000 26.000000 -1.590070 47 241 155
-116.000000 26.000000 -1.536940 47 241 155
-114.000000 26.000000 -2.152150 34 235 170
-112.000000 26.000000 -3.316050 24 222 192
-110.000000 26.000000 -2.246020 34 235 170
-108.000000 26.000000 -1.770690 42 239 161
-106.000000 26.000000 -1.937610 39 238 164
-104.000000 26.000000 -2.750660 28 230 180
-102.000000 26.000000 -2.583270 29 231 178
-100.000000 26.000000 -2.330300 32 234 172
-98.000000 26.000000 -2.704650 28 230 180
-96.000000 26.000000 -3.285260 24 224 189
-94.000000 26.000000 -2.398290 31 233 175
-92.000000 26.000000 -2.384170 32 234 172
-90.000000 26.000000 -2.133180 34 235 170
-88.000000 26.000000 -3.026840 25 227 185
-86.000000 26.000000 -2.857900 26 228 182
-84.000000 26.000000 -2.805980 26 228 182
-82.000000 26.000000 -2.562640 29 231 178
-80.000000 26.000000 -3.146010 25 226 187
-78.000000 26.000000 -2.543560 29 231 178
-76.000000 26.000000 -2.451930 31 233 175
-74.000000 26.000000 -2.361850 32 234 172
-72.000000 26.000000 -2.070450 37 236 167
-70.000000 26.000000 -1.515650 47 241 155
-68.000000 26.000000 -1.486660 47 241 155
-66.000000 26.000000 -2.137380 34 235 170
-64.000000 26.000000 -1.468690 50 242 152
-62.000000 26.000000 -1.447210 50 242 152
-60.000000 26.000000 -1.828150 42 239 161
-58.000000 26.000000 0.439973 101 253 105
-56.000000 26.000000 0.748827 113 254 95
-54.000000 26.000000 0.126915 93 252 111
-52.000000 26.000000 -0.486179 74 248 128
-50.000000 26.000000 -0.230972 82 250 122
-48.000000 26.000000 0.799912 113 254 95
-46.000000 26.000000 1.156360 125 255 86
-44.000000 26.000000 0.267461 97 252 108
-42.000000 26.000000 0.790719 113 254 95
-40.000000 26.000000 1.406940 132 255 81
-38.000000 26.000000 0.279667 97 252 108
-36.000000 26.000000 0.919152 117 254 92
-34.000000 26.000000 1.596020 136 255 78
-32.000000 26.000000 2.122220 150 254 68
-30.000000 26.000000 1.772390 143 255 73
-28.000000 26.000000 1.352450 132 255 81
-26.000000 26.000000 1.067670 121 254 89
-24.000000 26.000000 2.296090 156 254 64
-22.000000 26.000000 2.853850 167 252 58
-20.000000 26.000000 2.087950 150 254 68
-18.000000 26.000000 3.141590 172 251 56
-16.000000 26.000000 2.774390 167 252 58
-14.000000 26.000000 2.211100 153 254 66
-12.000000 26.000000 3.149500 172 251 56
-10.000000 26.000000 4.498580 200 239 52
-8.000000 26.000000 4.115870 193 243 52
-6.000000 26.000000 4.024620 190 244 52
-4.000000 26.000000 4.233110 195 241 52
-2.000000 26.000000 5.026790 210 233 53
0.000000 26.000000 3.815170 188 245 52
2.000000 26.000000 3.679300 185 246 53
4.000000 26.000000 3.991560 190 244 52
6.000000 26.000000 3.998620 190 244 52
8.000000 26.000000 4.459510 200 239 52
10.000000 26.000000 4.433290 198 240 52
12.000000 26.000000 4.629070 203 237 52
14.000000 26.000000 5.273720 215 229 53
16.000000 26.000000 5.769440 223 223 55
18.000000 26.000000 4.819270 205 236 52
20.000000 26.000000 4.273200 195 241 52
22.000000 26.000000 3.605800 183 247 53
24.000000 26.000000 4.198420 195 241 52
26.000000 26.000000 4.610650 203 237 52
28.000000 26.000000 2.828920 167 252 58
30.000000 26.000000 3.924270 188 245 52
32.000000 26.000000 4.758250 205 236 52
34.000000 26.000000 3.990800 190 244 52
36.000000 26.000000 3.582950 183 247 53
38.000000 26.000000 4.234140 195 241 52
40.000000 26.000000 3.617430 183 247 53
42.000000 26.000000 4.048640 190 244 52
44.000000 26.000000 3.852210 188 245 52
46.000000 26.000000 3.087190 172 251 56
48.000000 26.000000 3.646640 183 247 53
50.000000 26.000000 3.383680 177 249 54
52.000000 26.000000 3.136360 172 251 56
54.000000 26.000000 2.520930 161 253 61
56.000000 26.000000 3.005680 169 251 57
58.000000 26.000000 3.021990 169 251 57
60.000000 26.000000 2.716600 164 252 60
62.000000 26.000000 1.446740 132 255 81
64.000000 26.000000 0.615348 109 254 98
66.000000 26.000000 1.414060 132 255 81
68.000000 26.000000 1.003000 121 254 89
70.000000 26.000000 1.002080 121 254 89
72.000000 26.000000 0.332818 101 253 105
74.000000 26.000000 -0.851444 63 246 138
76.000000 26.000000 -0.156855 85 250 118
78.000000 26.000000 -0.229976 82 250 122
80.000000 26.000000 -0.081465 85 250 118
82.000000 26.000000 -2.343900 32 234 172
84.000000 26.000000 -1.817720 42 239 161
86.000000 26.000000 -1.841240 42 239 161
88.000000 26.000000 -3.639230 24 219 197
90.000000 26.000000 -3.851050 24 215 202
92.000000 26.000000 -4.593620 30 203 218
94.000000 26.000000 -2.936530 25 227 185
96.000000 26.000000 -3.990210 25 213 205
98.000000 26.000000 -4.580990 30 203 218
100.000000 26.000000 -4.222430 26 210 210
102.000000 26.000000 -5.014380 34 197 226
104.000000 26.000000 -4.539230 28 205 216
106.000000 26.000000 -3.987450 25 213 205
108.000000 26.000000 -5.383000 39 190 233
110.000000 26.000000 -5.639320 42 185 238
112.000000 26.000000 -6.649050 56 165 251
114.000000 26.000000 -8.768820 70 125 244
116.000000 26.000000 -7.859390 68 143 254
118.000000 26.000000 -7.353400 64 153 255
120.000000 26.000000 -6.860540 58 163 252
122.000000 26.000000 -7.307480 64 153 255
124.000000 26.000000 -10.341900 69 94 211
126.000000 26.000000 -11.269200 66 75 181
128.000000 26.000000 -10.677200 68 86 199
130.000000 26.000000 -10.560100 69 89 203
132.000000 26.000000 -11.322500 66 73 177
134.000000 26.000000 -11.869800 63 62 156
136.000000 26.000000 -11.063000 67 78 186
138.000000 26.000000 -9.130650 71 118 238
140.000000 26.000000 -10.329000 69 94 211
142.000000 26.000000 -11.183200 66 75 181
144.000000 26.000000 -12.452200 59 47 128
146.000000 26.000000 -12.651300 58 45 121
148.000000 26.000000 -12.686700 58 45 121
150.000000 26.000000 -13.169200 54 33 95
152.000000 26.000000 -14.039800 48 18 59
154.000000 26.000000 -13.978000 48 18 59
156.000000 26.000000 -13.414800 52 27 81
158.000000 26.000000 -13.517500 51 24 74
160.000000 26.000000 -15.440200 48 18 59
162.000000 26.000000 -15.562600 48 18 59
164.000000 26.000000 -15.940300 48 18 59
166.000000 26.000000 -14.536500 48 18 59
168.000000 26.000000 -14.919500 48 18 59
-234.000000 24.000000 -22.384900 48 18 59
-232.000000 24.000000 -21.857300 48 18 59
-228.000000 24.000000 -23.376500 48 18 59
-222.000000 24.000000 -22.048900 48 18 59
-220.000000 24.000000 -21.014300 48 18 59
-218.000000 24.000000 -22.480400 48 18 59
-216.000000 24.000000 -22.812300 48 18 59
-214.000000 24.000000 -22.812400 48 18 59
-212.000000 24.000000 -22.825600 48 18 59
-210.000000 24.000000 -22.632800 48 18 59
-208.000000 24.000000 -23.184100 48 18 59
-206.000000 24.000000 -22.581800 48 18 59
-204.000000 24.000000 -22.850500 48 18 59
-202.000000 24.000000 -21.868800 48 18 59
-200.000000 24.000000 -23.617400 48 18 59
-198.000000 24.000000 -21.216800 48 18 59
-196.000000 24.000000 -19.930400 48 18 59
-194.000000 24.000000 -18.413900 48 18 59
-192.000000 24.000000 -17.201400 48 18 59
-190.000000 24.000000 -17.555300 48 18 59
-188.000000 24.000000 -14.399700 48 18 59
-186.000000 24.000000 -15.497100 48 18 59
-184.000000 24.000000 -12.894600 56 39 109
-182.000000 24.000000 -11.429900 65 70 172
-180.000000 24.000000 -12.174700 62 56 145
-178.000000 24.000000 -14.338800 48 18 59
-176.000000 24.000000 -12.552600 59 47 128
-174.000000 24.000000 -10.506200 69 92 207
-172.000000 24.000000 -7.362860 64 153 255
-170.000000 24.000000 -5.446800 39 190 233
-168.000000 24.000000 -5.370850 39 190 233
-166.000000 24.000000 -5.326950 37 192 231
-164.000000 24.000000 -4.658870 30 203 218
-162.000000 24.000000 -4.664440 30 203 218
-160.000000 24.000000 -5.363260 39 190 233
-158.000000 24.000000 -3.757380 24 217 200
-156.000000 24.000000 -2.865670 26 228 182
-154.000000 24.000000 -2.214010 34 235 170
-152.000000 24.000000 -1.668250 44 240 158
-150.000000 24.000000 -1.823940 42 239 161
-148.000000 24.000000 -0.194152 85 250 118
-146.000000 24.000000 1.094690 125 255 86
-144.000000 24.000000 2.006730 150 254 68
-142.000000 24.000000 2.250010 153 254 66
-140.000000 24.000000 1.876280 146 255 71
-138.000000 24.000000 0.393817 101 253 105
-136.000000 24.000000 4.233700 195 241 52
-134.000000 24.000000 3.158300 175 250 55
-132.000000 24.000000 2.999290 169 251 57
-130.000000 24.000000 4.604420 203 237 52
-128.000000 24.000000 3.705410 185 246 53
-126.000000 24.000000 4.193770 195 241 52
-124.000000 24.000000 3.768770 185 246 53
-122.000000 24.000000 4.072170 193 243 52
-120.000000 24.000000 3.900000 188 245 52
-118.000000 24.000000 5.642450 221 224 55
-116.000000 24.000000 4.905280 208 234 52
-114.000000 24.000000 5.328760 215 229 53
-112.000000 24.000000 4.979900 210 233 53
-110.000000 24.000000 5.511590 219 226 54
-108.000000 24.000000 5.277670 215 229 53
-106.000000 24.000000 5.706190 221 224 55
-104.000000 24.000000 5.882190 225 221 55
-102.000000 24.000000 4.931220 208 234 52
-100.000000 24.000000 5.135580 212 231 53
-98.000000 24.000000 5.380210 217 228 54
-96.000000 24.000000 5.120330 212 231 53
-94.000000 24.000000 6.462800 233 213 57
-92.000000 24.000000 5.204100 212 231 53
-90.000000 24.000000 4.143340 193 243 52
-88.000000 24.000000 4.960080 210 233 53
-86.000000 24.000000 5.179870 212 231 53
-84.000000 24.000000 4.833490 208 234 52
-82.000000 24.000000 4.270720 195 241 52
-80.000000 24.000000 4.208740 195 241 52
-78.000000 24.000000 5.161900 212 231 53
-76.000000 24.000000 4.772630 205 236 52
-74.000000 24.000000 4.448340 200 239 52
-72.000000 24.000000 3.785150 185 246 53
-70.000000 24.000000 4.551560 200 239 52
-68.000000 24.000000 4.719470 205 236 52
-66.000000 24.000000 3.297570 177 249 54
-64.000000 24.000000 3.918960 188 245 52
-62.000000 24.000000 4.340080 198 240 52
-60.000000 24.000000 4.020460 190 244 52
-58.000000 24.000000 3.224130 175 250 55
-56.000000 24.000000 2.834930 167 252 58
-54.000000 24.000000 4.112730 193 243 52
-52.000000 24.000000 3.287400 177 249 54
-50.000000 24.000000 3.352290 177 249 54
-48.000000 24.000000 3.058640 172 251 56
-46.000000 24.000000 3.262520 175 250 55
-44.000000 24.000000 3.112760 172 251 56
-42.000000 24.000000 3.856660 188 245 52
-40.000000 24.000000 3.265300 175 250 55
-38.000000 24.000000 4.171300 193 243 52
-36.000000 24.000000 3.934930 190 244 52
-34.000000 24.000000 3.085350 172 251 56
-32.000000 24.000000 2.770940 167 252 58
-30.000000 24.000000 2.981960 169 251 57
-28.000000 24.000000 2.922860 169 251 57
-26.000000 24.000000 3.204790 175 250 55
-24.000000 24.000000 2.447050 159 253 63
-22.000000 24.000000 2.746230 164 252 60
-20.000000 24.000000 2.869030 167 252 58
-18.000000 24.000000 2.635870 161 253 61
-16.000000 24.000000 2.405420 159 253 63
-14.000000 24.000000 2.351450 156 254 64
-12.000000 24.000000 2.636930 161 253 61
-10.000000 24.000000 1.811010 143 255 73
-8.000000 24.000000 2.461460 159 253 63
-6.000000 24.000000 2.394750 159 253 63
-4.000000 24.000000 2.340230 156 254 64
-2.000000 24.000000 2.280490 156 254 64
0.000000 24.000000 2.422370 159 253 63
2.000000 24.000000 1.944810 146 255 71
4.000000 24.000000 1.719790 139 255 75
6.000000 24.000000 1.769750 143 255 73
8.000000 24.000000 1.555230 136 255 78
10.000000 24.000000 1.580170 136 255 78
12.000000 24.000000 1.346080 128 255 83
14.000000 24.000000 1.050610 121 254 89
16.000000 24.000000 1.194500 125 255 86
18.000000 24.000000 0.530895 105 253 102
20.000000 24.000000 1.010230 121 254 89
22.000000 24.000000 1.413280 132 255 81
24.000000 24.000000 0.678382 109 254 98
26.000000 24.000000 0.878966 117 254 92
28.000000 24.000000 0.576352 105 253 102
30.000000 24.000000 1.678830 139 255 75
32.000000 24.000000 -0.098198 85 250 118
34.000000 24.000000 0.486118 105 253 102
36.000000 24.000000 0.652924 109 254 98
38.000000 24.000000 0.913513 117 254 92
40.000000 24.000000 0.547217 105 253 102
42.000000 24.000000 0.566763 105 253 102
44.000000 24.000000 0.903876 117 254 92
46.000000 24.000000 -0.032964 89 251 115
48.000000 24.000000 -0.347983 78 249 125
50.000000 24.000000 0.325812 101 253 105
52.000000 24.000000 0.077920 93 252 111
54.000000 24.000000 1.079640 121 254 89
56.000000 24.000000 -0.108518 85 250 118
58.000000 24.000000 -0.465366 74 248 128
60.000000 24.000000 -0.672438 70 248 132
62.000000 24.000000 -0.351083 78 249 125
64.000000 24.000000 -0.596713 70 248 132
66.000000 24.000000 -0.567503 74 248 128
68.000000 24.000000 -1.452400 50 242 152
70.000000 24.000000 -0.860480 63 246 138
72.000000 24.000000 -1.930150 39 238 164
74.000000 24.000000 -0.699826 70 248 132
76.000000 24.000000 -1.697370 44 240 158
78.000000 24.000000 -1.879500 39 238 164
80.000000 24.000000 -1.702770 44 240 158
82.000000 24.000000 -2.313770 32 234 172
84.000000 24.000000 -2.124560 37 236 167
86.000000 24.000000 -2.907310 25 227 185
88.000000 24.000000 -3.322810 24 222 192
90.000000 24.000000 -3.439050 24 221 194
92.000000 24.000000 -3.629320 24 219 197
94.000000 24.000000 -3.929610 24 215 202
96.000000 24.000000 -3.341820 24 222 192
98.000000 24.000000 -3.750870 24 217 200
100.000000 24.000000 -4.672710 30 203 218
102.000000 24.000000 -3.943640 25 213 205
104.000000 24.000000 -4.163470 26 212 208
106.000000 24.000000 -4.768000 31 201 221
108.000000 24.000000 -4.564780 28 205 216
110.000000 24.000000 -4.875850 32 199 223
112.000000 24.000000 -4.430920 27 208 213
114.000000 24.000000 -4.665710 30 203 218
116.000000 24.000000 -5.395070 39 190 233
118.000000 24.000000 -5.817330 44 183 240
120.000000 24.000000 -5.247200 37 192 231
122.000000 24.000000 -6.019540 47 178 244
124.000000 24.000000 -6.119770 47 178 244
126.000000 24.000000 -5.677940 42 185 238
128.000000 24.000000 -6.645700 56 165 251
130.000000 24.000000 -6.307000 51 173 247
132.000000 24.000000 -6.514760 55 168 250
134.000000 24.000000 -6.612030 55 168 250
136.000000 24.000000 -6.232560 49 175 245
138.000000 24.000000 -6.572250 55 168 250
140.000000 24.000000 -7.134680 61 158 254
142.000000 24.000000 -6.411640 53 171 248
144.000000 24.000000 -7.450980 65 150 255
146.000000 24.000000 -7.805600 68 143 254
148.000000 24.000000 -7.150910 61 158 254
150.000000 24.000000 -7.245530 62 155 254
152.000000 24.000000 -7.219020 62 155 254
154.000000 24.000000 -6.814770 58 163 252
156.000000 24.000000 -7.643110 66 148 255
158.000000 24.000000 -8.376990 70 133 250
160.000000 24.000000 -7.550200 66 148 255
162.000000 24.000000 -7.078810 61 158 254
164.000000 24.000000 -6.966290 59 160 253
166.000000 24.000000 -6.548050 55 168 250
168.000000 24.000000 -9.674200 70 107 227
-234.000000 22.000000 -15.657200 48 18 59
-232.000000 22.000000 -16.094600 48 18 59
-230.000000 22.000000 -13.282900 53 30 88
-228.000000 22.000000 -15.142800 48 18 59
-226.000000 22.000000 -15.347300 48 18 59
-224.000000 22.000000 -16.147200 48 18 59
-222.000000 22.000000 -15.945700 48 18 59
-220.000000 22.000000 -16.698000 48 18 59
-218.000000 22.000000 -16.339300 48 18 59
-216.000000 22.000000 -16.181600 48 18 59
-214.000000 22.000000 -16.388800 48 18 59
-212.000000 22.000000 -15.351900 48 18 59
-210.000000 22.000000 -15.735100 48 18 59
-208.000000 22.000000 -16.274400 48 18 59
-206.000000 22.000000 -15.638100 48 18 59
-204.000000 22.000000 -16.720700 48 18 59
-202.000000 22.000000 -17.588300 48 18 59
-200.000000 22.000000 -17.432600 48 18 59
-198.000000 22.000000 -16.554800 48 18 59
-196.000000 22.000000 -17.055200 48 18 59
-194.000000 22.000000 -16.212900 48 18 59
-192.000000 22.000000 -14.661200 48 18 59
-190.000000 22.000000 -16.744700 48 18 59
-188.000000 22.000000 -17.164600 48 18 59
-186.000000 22.000000 -16.651300 48 18 59
-184.000000 22.000000 -17.410000 48 18 59
-182.000000 22.000000 -17.151100 48 18 59
-180.000000 22.000000 -17.394900 48 18 59
-178.000000 22.000000 -15.738200 48 18 59
-176.000000 22.000000 -16.012400 48 18 59
-174.000000 22.000000 -16.502100 48 18 59
-172.000000 22.000000 -17.195100 48 18 59
-170.000000 22.000000 -16.829300 48 18 59
-168.000000 22.000000 -16.386500 48 18 59
-166.000000 22.000000 -16.618800 48 18 59
-164.000000 22.000000 -16.104800 48 18 59
-162.000000 22.000000 -15.134300 48 18 59
-160.000000 22.000000 -14.016200 48 18 59
-158.000000 22.000000 -15.079000 48 18 59
-156.000000 22.000000 -13.806500 48 18 59
-154.000000 22.000000 -11.698300 64 64 162
-152.000000 22.000000 -11.286300 66 73 177
-150.000000 22.000000 -11.866100 63 62 156
-148.000000 22.000000 -12.428000 60 50 134
-146.000000 22.000000 -11.460300 65 70 172
-144.000000 22.000000 -10.145800 70 97 214
-142.000000 22.000000 -10.507200 69 89 203
-140.000000 22.000000 -8.977960 71 120 240
-138.000000 22.000000 -8.820040 70 125 244
-136.000000 22.000000 -9.242830 71 115 235
-134.000000 22.000000 -7.392730 64 153 255
-132.000000 22.000000 -7.569560 66 148 255
-130.000000 22.000000 -6.496770 53 171 248
-128.000000 22.000000 -5.936630 46 180 242
-126.000000 22.000000 -5.400980 39 190 233
-124.000000 22.000000 -3.982320 25 213 205
-122.000000 22.000000 -3.748370 24 217 200
-120.000000 22.000000 -3.190800 24 224 189
-118.000000 22.000000 -1.955140 39 238 164
-116.000000 22.000000 -2.739410 28 230 180
-114.000000 22.000000 -2.510040 31 233 175
-112.000000 22.000000 -1.476690 50 242 152
-110.000000 22.000000 -1.382040 50 242 152
-108.000000 22.000000 -1.560520 47 241 155
-106.000000 22.000000 -0.753322 67 247 135
-104.000000 22.000000 -0.653295 70 248 132
-102.000000 22.000000 -0.721996 67 247 135
-100.000000 22.000000 -0.570022 74 248 128
-98.000000 22.000000 -0.372491 78 249 125
-96.000000 22.000000 1.332910 128 255 83
-94.000000 22.000000 0.302806 97 252 108
-92.000000 22.000000 1.060240 121 254 89
-90.000000 22.000000 1.970530 146 255 71
-88.000000 22.000000 1.664370 139 255 75
-86.000000 22.000000 -0.627136 70 248 132
-84.000000 22.000000 0.181749 93 252 111
-82.000000 22.000000 0.716746 113 254 95
-80.000000 22.000000 0.271198 97 252 108
-78.000000 22.000000 0.394343 101 253 105
-76.000000 22.000000 2.114700 150 254 68
-74.000000 22.000000 2.278190 156 254 64
-72.000000 22.000000 2.106900 150 254 68
-70.000000 22.000000 0.990992 121 254 89
-68.000000 22.000000 3.216200 175 250 55
-66.000000 22.000000 4.116360 193 243 52
-64.000000 22.000000 1.801230 143 255 73
-62.000000 22.000000 1.602430 136 255 78
-60.000000 22.000000 2.945580 169 251 57
-58.000000 22.000000 3.439390 180 248 54
-56.000000 22.000000 2.176220 153 254 66
-54.000000 22.000000 2.225920 153 254 66
-52.000000 22.000000 1.744740 143 255 73
-50.000000 22.000000 2.515680 161 253 61
-48.000000 22.000000 4.098360 193 243 52
-46.000000 22.000000 4.087520 193 243 52
-44.000000 22.000000 4.216260 195 241 52
-42.000000 22.000000 4.901780 208 234 52
-40.000000 22.000000 6.391550 233 213 57
-38.000000 22.000000 5.721720 221 224 55
-36.000000 22.000000 6.012790 227 219 56
-34.000000 22.000000 6.372070 231 215 57
-32.000000 22.000000 5.664120 221 224 55
-30.000000 22.000000 6.960750 239 205 58
-28.000000 22.000000 5.720650 221 224 55
-26.000000 22.000000 5.403680 217 228 54
-24.000000 22.000000 5.684520 221 224 55
-22.000000 22.000000 5.341420 215 229 53
-20.000000 22.000000 4.650920 203 237 52
-18.000000 22.000000 4.761400 205 236 52
-16.000000 22.000000 5.353070 217 228 54
-14.000000 22.000000 5.899170 225 221 55
-12.000000 22.000000 7.265530 242 201 58
-10.000000 22.000000 6.535570 235 211 57
-8.000000 22.000000 6.946780 239 205 58
-6.000000 22.000000 7.922300 248 190 57
-4.000000 22.000000 7.708400 247 193 58
-2.000000 22.000000 6.605450 235 211 57
0.000000 22.000000 6.391620 233 213 57
2.000000 22.000000 6.977550 239 205 58
4.000000 22.000000 6.587540 235 211 57
6.000000 22.000000 6.597930 235 211 57
8.000000 22.000000 6.349530 231 215 57
10.000000 22.000000 6.320210 231 215 57
12.000000 22.000000 6.542640 235 211 57
14.000000 22.000000 7.126760 241 203 58
16.000000 22.000000 7.503660 245 197 58
18.000000 22.000000 7.527210 245 197 58
20.000000 22.000000 7.395210 244 199 58
22.000000 22.000000 7.464690 245 197 58
24.000000 22.000000 6.851870 238 207 58
26.000000 22.000000 7.520070 245 197 58
28.000000 22.000000 7.567070 246 195 58
30.000000 22.000000 7.084930 241 203 58
32.000000 22.000000 7.151690 242 201 58
34.000000 22.000000 7.008240 239 205 58
36.000000 22.000000 7.179760 242 201 58
38.000000 22.000000 6.653030 236 209 58
40.000000 22.000000 6.074210 227 219 56
42.000000 22.000000 6.518180 235 211 57
44.000000 22.000000 5.879330 225 221 55
46.000000 22.000000 5.833460 223 223 55
48.000000 22.000000 6.311110 231 215 57
50.000000 22.000000 6.063630 227 219 56
52.000000 22.000000 5.564160 219 226 54
54.000000 22.000000 5.621090 221 224 55
56.000000 22.000000 5.973790 225 221 55
58.000000 22.000000 5.317750 215 229 53
60.000000 22.000000 5.554870 219 226 54
62.000000 22.000000 5.532930 219 226 54
64.000000 22.000000 5.099780 212 231 53
66.000000 22.000000 4.650820 203 237 52
68.000000 22.000000 5.525330 219 226 54
70.000000 22.000000 4.793620 205 236 52
72.000000 22.000000 5.152510 212 231 53
74.000000 22.000000 4.636610 203 237 52
76.000000 22.000000 4.733330 205 236 52
78.000000 22.000000 4.523800 200 239 52
80.000000 22.000000 4.621250 203 237 52
82.000000 22.000000 4.852030 208 234 52
84.000000 22.000000 5.293450 215 229 53
86.000000 22.000000 4.771190 205 236 52
88.000000 22.000000 5.034510 210 233 53
90.000000 22.000000 3.794400 185 246 53
92.000000 22.000000 3.925620 188 245 52
94.000000 22.000000 3.487540 180 248 54
96.000000 22.000000 3.833540 188 245 52
98.000000 22.000000 4.170220 193 243 52
100.000000 22.000000 4.470840 200 239 52
102.000000 22.000000 4.297690 195 241 52
104.000000 22.000000 4.414390 198 240 52
106.000000 22.000000 4.070170 193 243 52
108.000000 22.000000 4.189730 195 241 52
110.000000 22.000000 3.759170 185 246 53
112.000000 22.000000 3.668560 183 247 53
114.000000 22.000000 3.142570 172 251 56
116.000000 22.000000 3.055860 172 251 56
118.000000 22.000000 2.610410 161 253 61
120.000000 22.000000 2.412490 159 253 63
122.000000 22.000000 3.851080 188 245 52
124.000000 22.000000 3.350340 177 249 54
126.000000 22.000000 2.807450 167 252 58
128.000000 22.000000 2.834860 167 252 58
130.000000 22.000000 2.441330 159 253 63
132.000000 22.000000 2.605450 161 253 61
134.000000 22.000000 2.721060 164 252 60
136.000000 22.000000 2.303540 156 254 64
138.000000 22.000000 2.327570 156 254 64
140.000000 22.000000 2.167330 153 254 66
142.000000 22.000000 1.819860 143 255 73
144.000000 22.000000 2.390010 159 253 63
146.000000 22.000000 2.536420 161 253 61
148.000000 22.000000 2.302290 156 254 64
150.000000 22.000000 2.790930 167 252 58
152.000000 22.000000 1.222480 128 255 83
154.000000 22.000000 2.309850 156 254 64
156.000000 22.000000 2.504900 159 253 63
158.000000 22.000000 2.014890 150 254 68
160.000000 22.000000 1.074820 121 254 89
162.000000 22.000000 1.898840 146 255 71
164.000000 22.000000 0.342921 101 253 105
166.000000 22.000000 -3.361100 24 222 192
-232.000000 20.000000 -15.412300 48 18 59
-230.000000 20.000000 -12.101100 62 56 145
-228.000000 20.000000 -7.963180 69 140 253
-226.000000 20.000000 -5.203300 35 195 228
-224.000000 20.000000 -7.070410 61 158 254
-222.000000 20.000000 -7.210100 62 155 254
-220.000000 20.000000 -6.710050 56 165 251
-218.000000 20.000000 -7.682100 67 145 254
-216.000000 20.000000 -7.089090 61 158 254
-214.000000 20.000000 -6.464700 53 171 248
-212.000000 20.000000 -6.666240 56 165 251
-210.000000 20.000000 -7.616710 66 148 255
-208.000000 20.000000 -7.128050 61 158 254
-206.000000 20.000000 -6.503790 53 171 248
-204.000000 20.000000 -6.369980 51 173 247
-202.000000 20.000000 -6.225540 49 175 245
-200.000000 20.000000 -7.236200 62 155 254
-198.000000 20.000000 -6.469410 53 171 248
-196.000000 20.000000 -6.672880 56 165 251
-194.000000 20.000000 -7.181600 62 155 254
-192.000000 20.000000 -7.680270 67 145 254
-190.000000 20.000000 -7.724580 67 145 254
-188.000000 20.000000 -7.922200 68 143 254
-186.000000 20.000000 -7.503820 65 150 255
-184.000000 20.000000 -6.281360 51 173 247
-182.000000 20.000000 -7.903300 68 143 254
-180.000000 20.000000 -7.543820 66 148 255
-178.000000 20.000000 -8.164260 69 138 252
-176.000000 20.000000 -8.486410 70 130 248
-174.000000 20.000000 -10.070100 70 100 218
-172.000000 20.000000 -9.442090 71 113 233
-170.000000 20.000000 -8.907940 71 123 242
-168.000000 20.000000 -9.408700 71 113 233
-166.000000 20.000000 -9.470490 71 113 233
-164.000000 20.000000 -8.844220 71 123 242
-162.000000 20.000000 -9.062690 71 120 240
-160.000000 20.000000 -10.557200 69 89 203
-158.000000 20.000000 -9.734540 70 105 224
-156.000000 20.000000 -9.772730 70 105 224
-154.000000 20.000000 -10.232600 70 97 214
-152.000000 20.000000 -10.422600 69 92 207
-150.000000 20.000000 -10.358100 69 94 211
-148.000000 20.000000 -9.501400 71 110 230
-146.000000 20.000000 -9.717230 70 107 227
-144.000000 20.000000 -10.912500 68 81 191
-142.000000 20.000000 -11.469500 65 70 172
-140.000000 20.000000 -10.523400 69 89 203
-138.000000 20.000000 -9.628590 70 107 227
-136.000000 20.000000 -10.162300 70 97 214
-134.000000 20.000000 -11.017800 68 81 191
-132.000000 20.000000 -10.758400 68 86 199
-130.000000 20.000000 -10.016000 70 100 218
-128.000000 20.000000 -9.953630 70 102 221
-126.000000 20.000000 -9.518130 71 110 230
-124.000000 20.000000 -9.828520 70 105 224
-122.000000 20.000000 -9.093560 71 118 238
-120.000000 20.000000 -8.998360 71 120 240
-118.000000 20.000000 -9.540530 71 110 230
-116.000000 20.000000 -8.968400 71 120 240
-114.000000 20.000000 -7.869720 68 143 254
-112.000000 20.000000 -8.159320 69 138 252
-110.000000 20.000000 -6.946330 59 160 253
-108.000000 20.000000 -7.477540 65 150 255
-106.000000 20.000000 -7.014170 59 160 253
-104.000000 20.000000 -5.516040 40 188 235
-102.000000 20.000000 -5.371480 39 190 233
-100.000000 20.000000 -4.670540 30 203 218
-98.000000 20.000000 -3.987520 25 213 205
-96.000000 20.000000 -4.398120 27 208 213
-94.000000 20.000000 -2.887400 26 228 182
-92.000000 20.000000 -3.443950 24 221 194
-90.000000 20.000000 -4.165160 26 212 208
-88.000000 20.000000 -2.220960 34 235 170
-86.000000 20.000000 -0.321509 82 250 122
-84.000000 20.000000 -0.139485 85 250 118
-82.000000 20.000000 0.142798 93 252 111
-80.000000 20.000000 0.483187 105 253 102
-78.000000 20.000000 0.675519 109 254 98
-76.000000 20.000000 -0.214324 82 250 122
-74.000000 20.000000 0.243124 97 252 108
-72.000000 20.000000 0.265597 97 252 108
-70.000000 20.000000 2.121220 150 254 68
-68.000000 20.000000 1.643870 139 255 75
-66.000000 20.000000 1.709970 139 255 75
-64.000000 20.000000 2.280500 156 254 64
-62.000000 20.000000 2.391270 159 253 63
-60.000000 20.000000 2.095630 150 254 68
-58.000000 20.000000 1.925780 146 255 71
-56.000000 20.000000 1.986260 146 255 71
-54.000000 20.000000 2.101360 150 254 68
-52.000000 20.000000 2.651630 164 252 60
-50.000000 20.000000 2.828760 167 252 58
-48.000000 20.000000 2.833190 167 252 58
-46.000000 20.000000 3.173040 175 250 55
-44.000000 20.000000 3.176950 175 250 55
-42.000000 20.000000 2.198090 153 254 66
-40.000000 20.000000 2.385740 159 253 63
-38.000000 20.000000 2.412460 159 253 63
-36.000000 20.000000 2.579330 161 253 61
-34.000000 20.000000 2.592440 161 253 61
-32.000000 20.000000 2.282690 156 254 64
-30.000000 20.000000 2.455670 159 253 63
-28.000000 20.000000 3.591550 183 247 53
-26.000000 20.000000 3.622170 183 247 53
-24.000000 20.000000 2.508080 159 253 63
-22.000000 20.000000 3.759930 185 246 53
-20.000000 20.000000 3.447910 180 248 54
-18.000000 20.000000 2.683650 164 252 60
-16.000000 20.000000 3.449850 180 248 54
-14.000000 20.000000 2.851200 167 252 58
-12.000000 20.000000 2.735830 164 252 60
-10.000000 20.000000 2.566660 161 253 61
-8.000000 20.000000 3.455790 180 248 54
-6.000000 20.000000 3.343160 177 249 54
-4.000000 20.000000 3.246290 175 250 55
-2.000000 20.000000 4.500690 200 239 52
0.000000 20.000000 3.278700 175 250 55
2.000000 20.000000 2.800160 167 252 58
4.000000 20.000000 2.175610 153 254 66
6.000000 20.000000 1.742500 143 255 73
8.000000 20.000000 2.900900 169 251 57
10.000000 20.000000 2.764830 164 252 60
12.000000 20.000000 2.131250 153 254 66
14.000000 20.000000 2.362020 156 254 64
16.000000 20.000000 3.206350 175 250 55
18.000000 20.000000 2.693520 164 252 60
20.000000 20.000000 2.285630 156 254 64
22.000000 20.000000 2.871260 167 252 58
24.000000 20.000000 1.846100 143 255 73
26.000000 20.000000 1.508800 136 255 78
28.000000 20.000000 1.759000 143 255 73
30.000000 20.000000 2.592920 161 253 61
32.000000 20.000000 1.793720 143 255 73
34.000000 20.000000 2.287820 156 254 64
36.000000 20.000000 1.187390 125 255 86
38.000000 20.000000 1.233230 128 255 83
40.000000 20.000000 1.404100 132 255 81
42.000000 20.000000 1.895810 146 255 71
44.000000 20.000000 2.297210 156 254 64
46.000000 20.000000 2.819430 167 252 58
48.000000 20.000000 2.384560 159 253 63
50.000000 20.000000 1.898850 146 255 71
52.000000 20.000000 1.513140 136 255 78
54.000000 20.000000 2.383650 159 253 63
56.000000 20.000000 1.964670 146 255 71
58.000000 20.000000 1.382530 132 255 81
60.000000 20.000000 2.044920 150 254 68
62.000000 20.000000 1.192650 125 255 86
64.000000 20.000000 0.883147 117 254 92
66.000000 20.000000 2.327350 156 254 64
68.000000 20.000000 1.434760 132 255 81
70.000000 20.000000 1.676670 139 255 75
72.000000 20.000000 1.972180 146 255 71
74.000000 20.000000 1.942360 146 255 71
76.000000 20.000000 1.753060 143 255 73
78.000000 20.000000 0.943439 117 254 92
80.000000 20.000000 0.589449 109 254 98
82.000000 20.000000 1.348970 128 255 83
84.000000 20.000000 1.211630 125 255 86
86.000000 20.000000 0.685400 109 254 98
88.000000 20.000000 -0.430258 78 249 125
90.000000 20.000000 -0.299839 82 250 122
92.000000 20.000000 0.029076 89 251 115
94.000000 20.000000 0.308204 97 252 108
96.000000 20.000000 1.652950 139 255 75
98.000000 20.000000 1.139430 125 255 86
100.000000 20.000000 0.629007 109 254 98
102.000000 20.000000 0.055482 89 251 115
104.000000 20.000000 0.608821 109 254 98
106.000000 20.000000 -0.190564 85 250 118
108.000000 20.000000 0.866265 117 254 92
110.000000 20.000000 1.081740 121 254 89
112.000000 20.000000 -0.470808 74 248 128
114.000000 20.000000 -2.041450 37 236 167
116.000000 20.000000 -1.790530 42 239 161
118.000000 20.000000 -1.702030 44 240 158
120.000000 20.000000 0.186844 93 252 111
122.000000 20.000000 -0.158295 85 250 118
124.000000 20.000000 -0.409686 78 249 125
126.000000 20.000000 -0.071854 85 250 118
128.000000 20.000000 -1.189700 56 244 145
130.000000 20.000000 -1.947230 39 238 164
132.000000 20.000000 -1.595680 47 241 155
134.000000 20.000000 -1.285450 53 243 148
136.000000 20.000000 0.341031 101 253 105
138.000000 20.000000 -1.717420 44 240 158
140.000000 20.000000 0.291154 97 252 108
142.000000 20.000000 -0.604773 70 248 132
144.000000 20.000000 -2.915960 25 227 185
146.000000 20.000000 -2.889240 26 228 182
148.000000 20.000000 -3.327620 24 222 192
150.000000 20.000000 -2.766770 28 230 180
152.000000 20.000000 -4.401440 27 208 213
154.000000 20.000000 -4.996320 34 197 226
156.000000 20.000000 -2.956730 25 227 185
158.000000 20.000000 -4.056790 25 213 205
160.000000 20.000000 -6.022490 47 178 244
162.000000 20.000000 -6.388900 53 171 248
164.000000 20.000000 -2.658500 28 230 180
166.000000 20.000000 -10.230200 70 97 214
-228.000000 18.000000 -18.920100 48 18 59
-226.000000 18.000000 -16.826100 48 18 59
-224.000000 18.000000 -14.903500 48 18 59
-222.000000 18.000000 -12.212000 61 53 139
-220.000000 18.000000 -11.595900 65 67 167
-218.000000 18.000000 -11.126000 67 78 186
-216.000000 18.000000 -8.566190 70 130 248
-214.000000 18.000000 -9.460080 71 113 233
-212.000000 18.000000 -9.375280 71 113 233
-210.000000 18.000000 -6.845230 58 163 252
-208.000000 18.000000 -6.100860 47 178 244
-206.000000 18.000000 -5.324110 37 192 231
-204.000000 18.000000 -5.383040 39 190 233
-202.000000 18.000000 -4.073420 26 212 208
-200.000000 18.000000 -4.013580 25 213 205
-198.000000 18.000000 -3.150440 25 226 187
-196.000000 18.000000 -2.459350 31 233 175
-194.000000 18.000000 -1.607050 47 241 155
-192.000000 18.000000 -2.488820 31 233 175
-190.000000 18.000000 -2.625780 29 231 178
-188.000000 18.000000 -2.471250 31 233 175
-186.000000 18.000000 -2.139280 34 235 170
-184.000000 18.000000 -1.732400 44 240 158
-182.000000 18.000000 -2.598450 29 231 178
-180.000000 18.000000 -1.256830 53 243 148
-178.000000 18.000000 -0.992498 60 245 142
-176.000000 18.000000 -0.966571 63 246 138
-174.000000 18.000000 -0.249263 82 250 122
-172.000000 18.000000 0.417966 101 253 105
-170.000000 18.000000 0.856818 117 254 92
-168.000000 18.000000 0.450566 105 253 102
-166.000000 18.000000 0.741367 113 254 95
-164.000000 18.000000 0.280012 97 252 108
-162.000000 18.000000 0.129093 93 252 111
-160.000000 18.000000 0.501955 105 253 102
-158.000000 18.000000 -0.186383 85 250 118
-156.000000 18.000000 -0.357072 78 249 125
-154.000000 18.000000 0.350719 101 253 105
-152.000000 18.000000 1.173770 125 255 86
-150.000000 18.000000 0.718928 113 254 95
-148.000000 18.000000 -0.322904 82 250 122
-146.000000 18.000000 -0.149408 85 250 118
-144.000000 18.000000 -0.203879 82 250 122
-142.000000 18.000000 -0.397331 78 249 125
-140.000000 18.000000 -0.816747 67 247 135
-138.000000 18.000000 -0.643821 70 248 132
-136.000000 18.000000 -0.704625 70 248 132
-134.000000 18.000000 -0.535253 74 248 128
-132.000000 18.000000 -0.840908 63 246 138
-130.000000 18.000000 -1.364930 50 242 152
-128.000000 18.000000 -1.011960 60 245 142
-126.000000 18.000000 -1.639810 44 240 158
-124.000000 18.000000 -1.598450 47 241 155
-122.000000 18.000000 -1.796140 42 239 161
-120.000000 18.000000 -2.168180 34 235 170
-118.000000 18.000000 -2.558870 29 231 178
-116.000000 18.000000 -2.956870 25 227 185
-114.000000 18.000000 -2.379730 32 234 172
-112.000000 18.000000 -2.227640 34 235 170
-110.000000 18.000000 -2.115050 37 236 167
-108.000000 18.000000 -2.187890 34 235 170
-106.000000 18.000000 -2.685140 28 230 180
-104.000000 18.000000 -2.224060 34 235 170
-102.000000 18.000000 -2.963330 25 227 185
-100.000000 18.000000 -3.229090 24 224 189
-98.000000 18.000000 -2.649550 28 230 180
-96.000000 18.000000 -3.239500 24 224 189
-94.000000 18.000000 -3.860370 24 215 202
-92.000000 18.000000 -2.301830 32 234 172
-90.000000 18.000000 -1.780040 42 239 161
-88.000000 18.000000 -2.099900 37 236 167
-86.000000 18.000000 -1.664210 44 240 158
-84.000000 18.000000 -2.103060 37 236 167
-82.000000 18.000000 -2.254000 34 235 170
-80.000000 18.000000 -3.311070 24 222 192
-78.000000 18.000000 -2.197750 34 235 170
-76.000000 18.000000 -2.280550 32 234 172
-74.000000 18.000000 -1.347950 53 243 148
-72.000000 18.000000 -0.466684 74 248 128
-70.000000 18.000000 -1.781690 42 239 161
-68.000000 18.000000 -1.570050 47 241 155
-66.000000 18.000000 -0.747556 67 247 135
-64.000000 18.000000 -1.278340 53 243 148
-62.000000 18.000000 -1.663910 44 240 158
-60.000000 18.000000 -1.667860 44 240 158
-58.000000 18.000000 -0.750634 67 247 135
-56.000000 18.000000 0.302146 97 252 108
-54.000000 18.000000 -0.680169 70 248 132
-52.000000 18.000000 -1.613740 47 241 155
-50.000000 18.000000 -0.945941 63 246 138
-48.000000 18.000000 -0.581805 74 248 128
-46.000000 18.000000 -0.595832 70 248 132
-44.000000 18.000000 0.053527 89 251 115
-42.000000 18.000000 0.087469 93 252 111
-40.000000 18.000000 1.256150 128 255 83
-38.000000 18.000000 1.507300 136 255 78
-36.000000 18.000000 1.763950 143 255 73
-34.000000 18.000000 1.613770 139 255 75
-32.000000 18.000000 1.581270 136 255 78
-30.000000 18.000000 0.666793 109 254 98
-28.000000 18.000000 -0.128586 85 250 118
-26.000000 18.000000 0.429495 101 253 105
-24.000000 18.000000 1.914920 146 255 71
-22.000000 18.000000 2.088600 150 254 68
-20.000000 18.000000 1.839570 143 255 73
-18.000000 18.000000 2.475150 159 253 63
-16.000000 18.000000 2.193770 153 254 66
-14.000000 18.000000 2.877240 167 252 58
-12.000000 18.000000 2.832700 167 252 58
-10.000000 18.000000 2.782400 167 252 58
-8.000000 18.000000 2.882110 167 252 58
-6.000000 18.000000 2.447300 159 253 63
-4.000000 18.000000 1.791290 143 255 73
-2.000000 18.000000 1.650550 139 255 75
0.000000 18.000000 2.065520 150 254 68
2.000000 18.000000 1.881160 146 255 71
4.000000 18.000000 3.116290 172 251 56
6.000000 18.000000 3.228250 175 250 55
8.000000 18.000000 2.879240 167 252 58
10.000000 18.000000 2.496270 159 253 63
12.000000 18.000000 3.436290 180 248 54
14.000000 18.000000 3.228800 175 250 55
16.000000 18.000000 2.946130 169 251 57
18.000000 18.000000 3.219170 175 250 55
20.000000 18.000000 3.746690 185 246 53
22.000000 18.000000 3.431990 180 248 54
24.000000 18.000000 3.989760 190 244 52
26.000000 18.000000 3.050640 172 251 56
28.000000 18.000000 3.333410 177 249 54
30.000000 18.000000 3.500690 180 248 54
32.000000 18.000000 3.281650 175 250 55
34.000000 18.000000 2.791670 167 252 58
36.000000 18.000000 2.868790 167 252 58
38.000000 18.000000 3.168670 175 250 55
40.000000 18.000000 3.251230 175 250 55
42.000000 18.000000 2.542680 161 253 61
44.000000 18.000000 2.539470 161 253 61
46.000000 18.000000 2.412880 159 253 63
48.000000 18.000000 2.569600 161 253 61
50.000000 18.000000 2.759510 164 252 60
52.000000 18.000000 2.067680 150 254 68
54.000000 18.000000 1.535090 136 255 78
56.000000 18.000000 2.071510 150 254 68
58.000000 18.000000 0.736287 113 254 95
60.000000 18.000000 1.064090 121 254 89
62.000000 18.000000 1.516050 136 255 78
64.000000 18.000000 2.920180 169 251 57
66.000000 18.000000 0.626225 109 254 98
68.000000 18.000000 0.871450 117 254 92
70.000000 18.000000 0.907605 117 254 92
72.000000 18.000000 0.001440 89 251 115
74.000000 18.000000 0.153660 93 252 111
76.000000 18.000000 -0.272075 82 250 122
78.000000 18.000000 0.702839 109 254 98
80.000000 18.000000 -0.505790 74 248 128
82.000000 18.000000 -2.007360 37 236 167
84.000000 18.000000 -2.800270 26 228 182
86.000000 18.000000 -2.635250 29 231 178
88.000000 18.000000 -2.038770 37 236 167
90.000000 18.000000 -1.985520 39 238 164
92.000000 18.000000 -2.644230 29 231 178
94.000000 18.000000 -1.962880 39 238 164
96.000000 18.000000 -2.456360 31 233 175
98.000000 18.000000 -3.664960 24 219 197
100.000000 18.000000 -5.199620 35 195 228
102.000000 18.000000 -4.798920 31 201 221
104.000000 18.000000 -4.144120 26 212 208
106.000000 18.000000 -4.727110 31 201 221
108.000000 18.000000 -4.830910 31 201 221
110.000000 18.000000 -4.709720 31 201 221
112.000000 18.000000 -6.591820 55 168 250
114.000000 18.000000 -7.267910 62 155 254
116.000000 18.000000 -7.311500 64 153 255
118.000000 18.000000 -7.928090 68 143 254
120.000000 18.000000 -8.516590 70 130 248
122.000000 18.000000 -10.107600 70 100 218
124.000000 18.000000 -8.557010 70 130 248
126.000000 18.000000 -8.174020 69 138 252
128.000000 18.000000 -9.084440 71 120 240
130.000000 18.000000 -9.447520 71 113 233
132.000000 18.000000 -9.020500 71 120 240
134.000000 18.000000 -9.636630 70 107 227
136.000000 18.000000 -12.963900 55 36 102
138.000000 18.000000 -13.472600 51 24 74
140.000000 18.000000 -12.310900 60 50 134
142.000000 18.000000 -12.740000 57 42 115
144.000000 18.000000 -14.175600 48 18 59
146.000000 18.000000 -15.094800 48 18 59
148.000000 18.000000 -14.771700 48 18 59
150.000000 18.000000 -14.310100 48 18 59
152.000000 18.000000 -13.255900 53 30 88
154.000000 18.000000 -13.803100 48 18 59
156.000000 18.000000 -12.684100 58 45 121
158.000000 18.000000 -14.336200 48 18 59
160.000000 18.000000 -15.821200 48 18 59
162.000000 18.000000 -14.688200 48 18 59
164.000000 18.000000 -14.050100 48 18 59
-226.000000 16.000000 -23.823100 48 18 59
-224.000000 16.000000 -22.772800 48 18 59
-222.000000 16.000000 -22.406000 48 18 59
-218.000000 16.000000 -23.556800 48 18 59
-216.000000 16.000000 -22.331000 48 18 59
-214.000000 16.000000 -21.182500 48 18 59
-212.000000 16.000000 -20.001900 48 18 59
-210.000000 16.000000 -21.269100 48 18 59
-208.000000 16.000000 -20.280800 48 18 59
-206.000000 16.000000 -19.828100 48 18 59
-204.000000 16.000000 -19.441200 48 18 59
-202.000000 16.000000 -17.898900 48 18 59
-200.000000 16.000000 -18.099200 48 18 59
-198.000000 16.000000 -16.025700 48 18 59
-196.000000 16.000000 -15.616600 48 18 59
-194.000000 16.000000 -14.839000 48 18 59
-192.000000 16.000000 -15.515100 48 18 59
-190.000000 16.000000 -12.386800 60 50 134
-188.000000 16.000000 -10.723600 68 86 199
-186.000000 16.000000 -8.531840 70 130 248
-184.000000 16.000000 -9.288880 71 115 235
-182.000000 16.000000 -7.235300 62 155 254
-180.000000 16.000000 -6.185070 49 175 245
-178.000000 16.000000 -6.251180 49 175 245
-176.000000 16.000000 -6.721520 56 165 251
-174.000000 16.000000 -7.242810 62 155 254
-172.000000 16.000000 -5.537900 40 188 235
-170.000000 16.000000 -4.761430 31 201 221
-168.000000 16.000000 -2.529150 29 231 178
-166.000000 16.000000 -2.950900 25 227 185
-164.000000 16.000000 -3.405000 24 222 192
-162.000000 16.000000 -2.339380 32 234 172
-160.000000 16.000000 -5.118460 35 195 228
-158.000000 16.000000 -2.953290 25 227 185
-156.000000 16.000000 -1.515320 47 241 155
-154.000000 16.000000 -0.110573 85 250 118
-152.000000 16.000000 -2.340650 32 234 172
-150.000000 16.000000 -2.526150 29 231 178
-148.000000 16.000000 1.671470 139 255 75
-146.000000 16.000000 2.064340 150 254 68
-144.000000 16.000000 2.716450 164 252 60
-142.000000 16.000000 3.399940 177 249 54
-140.000000 16.000000 2.378090 156 254 64
-138.000000 16.000000 1.919120 146 255 71
-136.000000 16.000000 1.620620 139 255 75
-134.000000 16.000000 0.670412 109 254 98
-132.000000 16.000000 3.689260 185 246 53
-130.000000 16.000000 4.887000 208 234 52
-128.000000 16.000000 3.069200 172 251 56
-126.000000 16.000000 3.053290 172 251 56
-124.000000 16.000000 2.321700 156 254 64
-122.000000 16.000000 1.609510 139 255 75
-120.000000 16.000000 4.676060 203 237 52
-118.000000 16.000000 3.749140 185 246 53
-116.000000 16.000000 4.486530 200 239 52
-114.000000 16.000000 4.978910 210 233 53
-112.000000 16.000000 5.032240 210 233 53
-110.000000 16.000000 4.504990 200 239 52
-108.000000 16.000000 4.790520 205 236 52
-106.000000 16.000000 4.678250 203 237 52
-104.000000 16.000000 3.286610 177 249 54
-102.000000 16.000000 4.394190 198 240 52
-100.000000 16.000000 3.778500 185 246 53
-98.000000 16.000000 4.668100 203 237 52
-96.000000 16.000000 3.970360 190 244 52
-94.000000 16.000000 4.532830 200 239 52
-92.000000 16.000000 4.033360 190 244 52
-90.000000 16.000000 3.775330 185 246 53
-88.000000 16.000000 3.766240 185 246 53
-86.000000 16.000000 3.086860 172 251 56
-84.000000 16.000000 2.557220 161 253 61
-82.000000 16.000000 4.200080 195 241 52
-80.000000 16.000000 4.195480 195 241 52
-78.000000 16.000000 3.002740 169 251 57
-76.000000 16.000000 3.590930 183 247 53
-74.000000 16.000000 4.116870 193 243 52
-72.000000 16.000000 3.972500 190 244 52
-70.000000 16.000000 3.093310 172 251 56
-68.000000 16.000000 2.924150 169 251 57
-66.000000 16.000000 2.763410 164 252 60
-64.000000 16.000000 3.625340 183 247 53
-62.000000 16.000000 3.640630 183 247 53
-60.000000 16.000000 4.382910 198 240 52
-58.000000 16.000000 3.502420 180 248 54
-56.000000 16.000000 2.818850 167 252 58
-54.000000 16.000000 3.361330 177 249 54
-52.000000 16.000000 3.932970 190 244 52
-50.000000 16.000000 3.413090 180 248 54
-48.000000 16.000000 2.806330 167 252 58
-46.000000 16.000000 2.215190 153 254 66
-44.000000 16.000000 2.670630 164 252 60
-42.000000 16.000000 2.694410 164 252 60
-40.000000 16.000000 1.841670 143 255 73
-38.000000 16.000000 2.119010 150 254 68
-36.000000 16.000000 1.275960 128 255 83
-34.000000 16.000000 2.001860 150 254 68
-32.000000 16.000000 2.106260 150 254 68
-30.000000 16.000000 2.415280 159 253 63
-28.000000 16.000000 3.047530 172 251 56
-26.000000 16.000000 2.957160 169 251 57
-24.000000 16.000000 2.646210 164 252 60
-22.000000 16.000000 2.058350 150 254 68
-20.000000 16.000000 1.911180 146 255 71
-18.000000 16.000000 2.215430 153 254 66
-16.000000 16.000000 2.280740 156 254 64
-14.000000 16.000000 1.692030 139 255 75
-12.000000 16.000000 1.575060 136 255 78
-10.000000 16.000000 1.705820 139 255 75
-8.000000 16.000000 2.082680 150 254 68
-6.000000 16.000000 1.698640 139 255 75
-4.000000 16.000000 2.350760 156 254 64
-2.000000 16.000000 2.752690 164 252 60
0.000000 16.000000 2.358190 156 254 64
2.000000 16.000000 1.819540 143 255 73
4.000000 16.000000 1.421640 132 255 81
6.000000 16.000000 1.377070 132 255 81
8.000000 16.000000 1.481660 136 255 78
10.000000 16.000000 2.532870 161 253 61
12.000000 16.000000 2.040070 150 254 68
14.000000 16.000000 1.288420 128 255 83
16.000000 16.000000 1.537680 136 255 78
18.000000 16.000000 0.584536 109 254 98
20.000000 16.000000 0.899330 117 254 92
22.000000 16.000000 1.018910 121 254 89
24.000000 16.000000 0.022944 89 251 115
26.000000 16.000000 0.061366 93 252 111
28.000000 16.000000 0.344915 101 253 105
30.000000 16.000000 -0.218876 82 250 122
32.000000 16.000000 -0.335917 78 249 125
34.000000 16.000000 -0.673722 70 248 132
36.000000 16.000000 -0.064465 89 251 115
38.000000 16.000000 -0.758835 67 247 135
40.000000 16.000000 -1.293440 53 243 148
42.000000 16.000000 -0.745324 67 247 135
44.000000 16.000000 -0.987045 60 245 142
46.000000 16.000000 -0.506451 74 248 128
48.000000 16.000000 -1.399800 50 242 152
50.000000 16.000000 -1.083090 60 245 142
52.000000 16.000000 -0.769848 67 247 135
54.000000 16.000000 -1.234350 53 243 148
56.000000 16.000000 -1.217050 56 244 145
58.000000 16.000000 -1.077790 60 245 142
60.000000 16.000000 -1.362350 50 242 152
62.000000 16.000000 -1.749580 42 239 161
64.000000 16.000000 -1.812100 42 239 161
66.000000 16.000000 -1.893890 39 238 164
68.000000 16.000000 -1.253080 53 243 148
70.000000 16.000000 -1.800010 42 239 161
72.000000 16.000000 -2.010690 37 236 167
74.000000 16.000000 -1.982230 39 238 164
76.000000 16.000000 -1.414490 50 242 152
78.000000 16.000000 -2.733980 28 230 180
80.000000 16.000000 -2.231100 34 235 170
82.000000 16.000000 -1.672220 44 240 158
84.000000 16.000000 -3.128000 25 226 187
86.000000 16.000000 -2.708670 28 230 180
88.000000 16.000000 -2.462570 31 233 175
90.000000 16.000000 -3.659390 24 219 197
92.000000 16.000000 -2.953130 25 227 185
94.000000 16.000000 -4.067670 26 212 208
96.000000 16.000000 -3.074460 25 226 187
98.000000 16.000000 -3.664150 24 219 197
100.000000 16.000000 -4.687160 30 203 218
102.000000 16.000000 -6.033120 47 178 244
104.000000 16.000000 -5.552230 40 188 235
106.000000 16.000000 -5.404840 39 190 233
108.000000 16.000000 -4.611960 30 203 218
110.000000 16.000000 -3.828890 24 215 202
112.000000 16.000000 -5.078540 34 197 226
114.000000 16.000000 -5.222470 35 195 228
116.000000 16.000000 -5.952730 46 180 242
118.000000 16.000000 -7.172520 62 155 254
120.000000 16.000000 -6.493960 53 171 248
122.000000 16.000000 -5.467540 39 190 233
124.000000 16.000000 -6.126070 49 175 245
126.000000 16.000000 -7.091030 61 158 254
128.000000 16.000000 -7.147900 61 158 254
130.000000 16.000000 -7.536740 65 150 255
132.000000 16.000000 -6.930710 59 160 253
134.000000 16.000000 -7.164920 62 155 254
136.000000 16.000000 -7.163140 62 155 254
138.000000 16.000000 -6.977740 59 160 253
140.000000 16.000000 -7.829910 68 143 254
142.000000 16.000000 -6.536390 55 168 250
144.000000 16.000000 -6.972530 59 160 253
146.000000 16.000000 -7.451340 65 150 255
148.000000 16.000000 -9.020330 71 120 240
150.000000 16.000000 -8.744610 70 125 244
152.000000 16.000000 -9.003760 71 120 240
154.000000 16.000000 -9.199730 71 118 238
156.000000 16.000000 -10.239800 70 97 214
158.000000 16.000000 -8.828120 70 125 244
160.000000 16.000000 -9.233000 71 115 235
162.000000 16.000000 -10.924300 68 81 191
164.000000 16.000000 -8.434340 70 133 250
-222.000000 14.000000 -16.848400 48 18 59
-220.000000 14.000000 -18.975600 48 18 59
-218.000000 14.000000 -18.165600 48 18 59
-216.000000 14.000000 -18.359700 48 18 59
-214.000000 14.000000 -18.224300 48 18 59
-212.000000 14.000000 -18.926400 48 18 59
-210.000000 14.000000 -19.141900 48 18 59
-208.000000 14.000000 -18.514700 48 18 59
-206.000000 14.000000 -18.083300 48 18 59
-204.000000 14.000000 -18.771800 48 18 59
-202.000000 14.000000 -18.517400 48 18 59
-200.000000 14.000000 -18.535700 48 18 59
-198.000000 14.000000 -18.584600 48 18 59
-196.000000 14.000000 -19.447300 48 18 59
-194.000000 14.000000 -18.930600 48 18 59
-192.000000 14.000000 -18.410100 48 18 59
-190.000000 14.000000 -18.249400 48 18 59
-188.000000 14.000000 -19.026100 48 18 59
-186.000000 14.000000 -18.921600 48 18 59
-184.000000 14.000000 -17.444100 48 18 59
-182.000000 14.000000 -18.213700 48 18 59
-180.000000 14.000000 -18.907700 48 18 59
-178.000000 14.000000 -18.335600 48 18 59
-176.000000 14.000000 -16.872200 48 18 59
-174.000000 14.000000 -16.288500 48 18 59
-172.000000 14.000000 -16.161800 48 18 59
-170.000000 14.000000 -16.105800 48 18 59
-168.000000 14.000000 -15.936600 48 18 59
-166.000000 14.000000 -15.019300 48 18 59
-164.000000 14.000000 -14.164900 48 18 59
-162.000000 14.000000 -14.008700 48 18 59
-160.000000 14.000000 -12.398500 60 50 134
-158.000000 14.000000 -13.165000 54 33 95
-156.000000 14.000000 -12.364500 60 50 134
-154.000000 14.000000 -12.136000 62 56 145
-152.000000 14.000000 -8.987530 71 120 240
-150.000000 14.000000 -8.276220 70 135 251
-148.000000 14.000000 -9.746390 70 105 224
-146.000000 14.000000 -10.803100 68 84 195
-144.000000 14.000000 -9.390120 71 113 233
-142.000000 14.000000 -8.155300 69 138 252
-140.000000 14.000000 -7.207040 62 155 254
-138.000000 14.000000 -6.988690 59 160 253
-136.000000 14.000000 -6.976380 59 160 253
-134.000000 14.000000 -5.257600 37 192 231
-132.000000 14.000000 -5.406210 39 190 233
-130.000000 14.000000 -4.883120 32 199 223
-128.000000 14.000000 -3.627720 24 219 197
-126.000000 14.000000 -4.423890 27 208 213
-124.000000 14.000000 -2.397340 31 233 175
-122.000000 14.000000 -1.888280 39 238 164
-120.000000 14.000000 -2.760220 28 230 180
-118.000000 14.000000 -1.211620 56 244 145
-116.000000 14.000000 -1.462210 50 242 152
-114.000000 14.000000 -1.387660 50 242 152
-112.000000 14.000000 -1.732310 44 240 158
-110.000000 14.000000 -1.566530 47 241 155
-108.000000 14.000000 -1.912150 39 238 164
-106.000000 14.000000 -1.608810 47 241 155
-104.000000 14.000000 -0.883600 63 246 138
-102.000000 14.000000 -1.199310 56 244 145
-100.000000 14.000000 -0.515899 74 248 128
-98.000000 14.000000 -0.518435 74 248 128
-96.000000 14.000000 -0.693026 70 248 132
-94.000000 14.000000 -0.364188 78 249 125
-92.000000 14.000000 -0.007927 89 251 115
-90.000000 14.000000 1.236210 128 255 83
-88.000000 14.000000 0.276601 97 252 108
-86.000000 14.000000 -0.279683 82 250 122
-84.000000 14.000000 0.076020 93 252 111
-82.000000 14.000000 0.513112 105 253 102
-80.000000 14.000000 1.739820 143 255 73
-78.000000 14.000000 1.349750 128 255 83
-76.000000 14.000000 0.812806 113 254 95
-74.000000 14.000000 0.695700 109 254 98
-72.000000 14.000000 0.151022 93 252 111
-70.000000 14.000000 0.633615 109 254 98
-68.000000 14.000000 0.624652 109 254 98
-66.000000 14.000000 0.462796 105 253 102
-64.000000 14.000000 0.365742 101 253 105
-62.000000 14.000000 1.660090 139 255 75
-60.000000 14.000000 0.988990 121 254 89
-58.000000 14.000000 1.778020 143 255 73
-56.000000 14.000000 1.914350 146 255 71
-54.000000 14.000000 1.553390 136 255 78
-52.000000 14.000000 1.395660 132 255 81
-50.000000 14.000000 2.479240 159 253 63
-48.000000 14.000000 2.322690 156 254 64
-46.000000 14.000000 3.438630 180 248 54
-44.000000 14.000000 3.276090 175 250 55
-42.000000 14.000000 3.106500 172 251 56
-40.000000 14.000000 3.494190 180 248 54
-38.000000 14.000000 4.177750 193 243 52
-36.000000 14.000000 3.256190 175 250 55
-34.000000 14.000000 3.872320 188 245 52
-32.000000 14.000000 4.291320 195 241 52
-30.000000 14.000000 4.221350 195 241 52
-28.000000 14.000000 4.897230 208 234 52
-26.000000 14.000000 4.263390 195 241 52
-24.000000 14.000000 4.129980 193 243 52
-22.000000 14.000000 4.377860 198 240 52
-20.000000 14.000000 4.420040 198 240 52
-18.000000 14.000000 4.529150 200 239 52
-16.000000 14.000000 4.965280 210 233 53
-14.000000 14.000000 4.298330 195 241 52
-12.000000 14.000000 4.744340 205 236 52
-10.000000 14.000000 4.782830 205 236 52
-8.000000 14.000000 3.519070 180 248 54
-6.000000 14.000000 3.517460 180 248 54
-4.000000 14.000000 3.158310 175 250 55
-2.000000 14.000000 2.071200 150 254 68
0.000000 14.000000 3.279310 175 250 55
2.000000 14.000000 4.218380 195 241 52
4.000000 14.000000 4.264020 195 241 52
6.000000 14.000000 4.048110 190 244 52
8.000000 14.000000 4.756140 205 236 52
10.000000 14.000000 3.508040 180 248 54
12.000000 14.000000 3.217570 175 250 55
14.000000 14.000000 3.934610 190 244 52
16.000000 14.000000 4.154770 193 243 52
18.000000 14.000000 4.394280 198 240 52
20.000000 14.000000 3.761660 185 246 53
22.000000 14.000000 4.121870 193 243 52
24.000000 14.000000 5.790650 223 223 55
26.000000 14.000000 5.261590 215 229 53
28.000000 14.000000 5.264290 215 229 53
30.000000 14.000000 5.112120 212 231 53
32.000000 14.000000 5.255270 215 229 53
34.000000 14.000000 5.575710 219 226 54
36.000000 14.000000 5.377080 217 228 54
38.000000 14.000000 5.119400 212 231 53
40.000000 14.000000 5.550530 219 226 54
42.000000 14.000000 5.052130 210 233 53
44.000000 14.000000 5.479370 219 226 54
46.000000 14.000000 5.256660 215 229 53
48.000000 14.000000 5.177550 212 231 53
50.000000 14.000000 5.335470 215 229 53
52.000000 14.000000 4.671620 203 237 52
54.000000 14.000000 4.393980 198 240 52
56.000000 14.000000 3.965220 190 244 52
58.000000 14.000000 4.254750 195 241 52
60.000000 14.000000 4.385490 198 240 52
62.000000 14.000000 4.175670 193 243 52
64.000000 14.000000 3.697640 185 246 53
66.000000 14.000000 3.563100 183 247 53
68.000000 14.000000 4.076490 193 243 52
70.000000 14.000000 3.834020 188 245 52
72.000000 14.000000 2.983270 169 251 57
74.000000 14.000000 3.757830 185 246 53
76.000000 14.000000 3.926360 188 245 52
78.000000 14.000000 3.806960 188 245 52
80.000000 14.000000 3.447110 180 248 54
82.000000 14.000000 3.668530 183 247 53
84.000000 14.000000 3.362650 177 249 54
86.000000 14.000000 3.475860 180 248 54
88.000000 14.000000 3.138570 172 251 56
90.000000 14.000000 2.964420 169 251 57
92.000000 14.000000 2.735790 164 252 60
94.000000 14.000000 3.376550 177 249 54
96.000000 14.000000 1.714620 139 255 75
98.000000 14.000000 2.579990 161 253 61
100.000000 14.000000 2.308830 156 254 64
102.000000 14.000000 1.909160 146 255 71
104.000000 14.000000 2.503160 159 253 63
106.000000 14.000000 1.877170 146 255 71
108.000000 14.000000 2.577740 161 253 61
110.000000 14.000000 3.395320 177 249 54
112.000000 14.000000 2.258950 156 254 64
114.000000 14.000000 1.330190 128 255 83
116.000000 14.000000 2.426220 159 253 63
118.000000 14.000000 1.574460 136 255 78
120.000000 14.000000 1.835880 143 255 73
122.000000 14.000000 1.539800 136 255 78
124.000000 14.000000 1.878630 146 255 71
126.000000 14.000000 1.562470 136 255 78
128.000000 14.000000 1.581370 136 255 78
130.000000 14.000000 1.005470 121 254 89
132.000000 14.000000 1.548090 136 255 78
134.000000 14.000000 1.779600 143 255 73
136.000000 14.000000 1.792230 143 255 73
138.000000 14.000000 1.225600 128 255 83
140.000000 14.000000 1.816670 143 255 73
142.000000 14.000000 0.935656 117 254 92
144.000000 14.000000 1.616210 139 255 75
146.000000 14.000000 1.396380 132 255 81
148.000000 14.000000 0.810906 113 254 95
150.000000 14.000000 0.344678 101 253 105
152.000000 14.000000 0.247101 97 252 108
154.000000 14.000000 0.295553 97 252 108
156.000000 14.000000 1.153460 125 255 86
158.000000 14.000000 1.061930 121 254 89
160.000000 14.000000 0.210434 97 252 108
162.000000 14.000000 -3.292300 24 222 192
-220.000000 12.000000 -11.041300 67 78 186
-218.000000 12.000000 -11.267100 66 75 181
-216.000000 12.000000 -8.037290 69 140 253
-214.000000 12.000000 -7.843480 68 143 254
-212.000000 12.000000 -7.716650 67 145 254
-210.000000 12.000000 -8.399500 70 133 250
-208.000000 12.000000 -8.940190 71 123 242
-206.000000 12.000000 -8.304610 70 135 251
-204.000000 12.000000 -9.273450 71 115 235
-202.000000 12.000000 -9.836960 70 105 224
-200.000000 12.000000 -10.058100 70 100 218
-198.000000 12.000000 -8.197290 70 135 251
-196.000000 12.000000 -8.998590 71 120 240
-194.000000 12.000000 -9.652920 70 107 227
-192.000000 12.000000 -10.676900 68 86 199
-190.000000 12.000000 -10.726500 68 86 199
-188.000000 12.000000 -10.618900 69 89 203
-186.000000 12.000000 -10.114900 70 100 218
-184.000000 12.000000 -11.927200 63 59 151
-182.000000 12.000000 -11.312300 66 73 177
-180.000000 12.000000 -11.128800 67 78 186
-178.000000 12.000000 -11.168700 66 75 181
-176.000000 12.000000 -12.270700 61 53 139
-174.000000 12.000000 -11.558900 65 67 167
-172.000000 12.000000 -11.985100 63 59 151
-170.000000 12.000000 -12.278500 61 53 139
-168.000000 12.000000 -12.251300 61 53 139
-166.000000 12.000000 -11.388900 66 73 177
-164.000000 12.000000 -12.855900 56 39 109
-162.000000 12.000000 -12.157200 62 56 145
-160.000000 12.000000 -12.096900 62 56 145
-158.000000 12.000000 -13.143000 54 33 95
-156.000000 12.000000 -12.844900 56 39 109
-154.000000 12.000000 -12.542000 59 47 128
-152.000000 12.000000 -12.041000 63 59 151
-150.000000 12.000000 -12.190700 61 53 139
-148.000000 12.000000 -12.985800 55 36 102
-146.000000 12.000000 -12.668600 58 45 121
-144.000000 12.000000 -12.122300 62 56 145
-142.000000 12.000000 -12.148400 62 56 145
-140.000000 12.000000 -11.559600 65 67 167
-138.000000 12.000000 -11.806400 63 62 156
-136.000000 12.000000 -11.461700 65 70 172
-134.000000 12.000000 -9.711970 70 107 227
-132.000000 12.000000 -9.756140 70 105 224
-130.000000 12.000000 -9.993410 70 100 218
-128.000000 12.000000 -10.070200 70 100 218
-126.000000 12.000000 -9.549770 71 110 230
-124.000000 12.000000 -9.386080 71 113 233
-122.000000 12.000000 -8.928560 71 123 242
-120.000000 12.000000 -8.622430 70 128 246
-118.000000 12.000000 -7.493700 65 150 255
-116.000000 12.000000 -7.511420 65 150 255
-114.000000 12.000000 -7.274610 62 155 254
-112.000000 12.000000 -6.968620 59 160 253
-110.000000 12.000000 -6.033970 47 178 244
-108.000000 12.000000 -5.392300 39 190 233
-106.000000 12.000000 -5.683730 42 185 238
-104.000000 12.000000 -4.735500 31 201 221
-102.000000 12.000000 -4.122300 26 212 208
-100.000000 12.000000 -4.061600 25 213 205
-98.000000 12.000000 -3.040170 25 226 187
-96.000000 12.000000 -1.799660 42 239 161
-94.000000 12.000000 -1.082270 60 245 142
-92.000000 12.000000 -0.610960 70 248 132
-90.000000 12.000000 -0.090276 85 250 118
-88.000000 12.000000 0.302645 97 252 108
-86.000000 12.000000 0.232717 97 252 108
-84.000000 12.000000 0.036758 89 251 115
-82.000000 12.000000 0.026808 89 251 115
-80.000000 12.000000 0.577619 109 254 98
-78.000000 12.000000 0.986401 121 254 89
-76.000000 12.000000 0.727217 113 254 95
-74.000000 12.000000 1.027060 121 254 89
-72.000000 12.000000 1.068770 121 254 89
-70.000000 12.000000 1.217650 125 255 86
-68.000000 12.000000 2.153870 153 254 66
-66.000000 12.000000 1.997000 150 254 68
-64.000000 12.000000 1.681340 139 255 75
-62.000000 12.000000 1.713690 139 255 75
-60.000000 12.000000 1.872100 146 255 71
-58.000000 12.000000 1.540160 136 255 78
-56.000000 12.000000 2.237040 153 254 66
-54.000000 12.000000 1.583140 136 255 78
-52.000000 12.000000 1.103730 125 255 86
-50.000000 12.000000 1.593830 136 255 78
-48.000000 12.000000 1.602820 136 255 78
-46.000000 12.000000 1.610570 139 255 75
-44.000000 12.000000 1.289240 128 255 83
-42.000000 12.000000 1.939600 146 255 71
-40.000000 12.000000 1.930090 146 255 71
-38.000000 12.000000 2.235880 153 254 66
-36.000000 12.000000 2.238420 153 254 66
-34.000000 12.000000 2.586800 161 253 61
-32.000000 12.000000 1.956920 146 255 71
-30.000000 12.000000 2.112520 150 254 68
-28.000000 12.000000 0.860486 117 254 92
-26.000000 12.000000 1.493180 136 255 78
-24.000000 12.000000 1.482600 136 255 78
-22.000000 12.000000 1.656200 139 255 75
-20.000000 12.000000 1.652370 139 255 75
-18.000000 12.000000 1.635440 139 255 75
-16.000000 12.000000 1.693920 139 255 75
-14.000000 12.000000 1.831530 143 255 73
-12.000000 12.000000 1.385950 132 255 81
-10.000000 12.000000 1.494670 136 255 78
-8.000000 12.000000 1.858460 143 255 73
-6.000000 12.000000 2.233920 153 254 66
-4.000000 12.000000 2.965670 169 251 57
-2.000000 12.000000 2.672840 164 252 60
0.000000 12.000000 2.252530 156 254 64
2.000000 12.000000 2.959050 169 251 57
4.000000 12.000000 3.065130 172 251 56
6.000000 12.000000 2.448190 159 253 63
8.000000 12.000000 1.947900 146 255 71
10.000000 12.000000 2.847320 167 252 58
12.000000 12.000000 2.150990 153 254 66
14.000000 12.000000 2.238810 153 254 66
16.000000 12.000000 1.320280 128 255 83
18.000000 12.000000 1.788410 143 255 73
20.000000 12.000000 1.208520 125 255 86
22.000000 12.000000 0.953102 117 254 92
24.000000 12.000000 0.399326 101 253 105
26.000000 12.000000 0.657854 109 254 98
28.000000 12.000000 0.326740 101 253 105
30.000000 12.000000 1.198580 125 255 86
32.000000 12.000000 1.545320 136 255 78
34.000000 12.000000 1.322020 128 255 83
36.000000 12.000000 0.544790 105 253 102
38.000000 12.000000 0.620993 109 254 98
40.000000 12.000000 0.658458 109 254 98
42.000000 12.000000 0.202413 97 252 108
44.000000 12.000000 0.509318 105 253 102
46.000000 12.000000 -0.161775 85 250 118
48.000000 12.000000 0.138299 93 252 111
50.000000 12.000000 1.074420 121 254 89
52.000000 12.000000 0.961368 117 254 92
54.000000 12.000000 0.200203 97 252 108
56.000000 12.000000 -0.459614 74 248 128
58.000000 12.000000 -0.470276 74 248 128
60.000000 12.000000 -0.654594 70 248 132
62.000000 12.000000 -1.420560 50 242 152
64.000000 12.000000 0.107102 93 252 111
66.000000 12.000000 0.815759 113 254 95
68.000000 12.000000 0.409225 101 253 105
70.000000 12.000000 0.160651 93 252 111
72.000000 12.000000 0.274494 97 252 108
74.000000 12.000000 -0.909450 63 246 138
76.000000 12.000000 -1.374430 50 242 152
78.000000 12.000000 -0.748913 67 247 135
80.000000 12.000000 0.172825 93 252 111
82.000000 12.000000 -1.075380 60 245 142
84.000000 12.000000 -2.365150 32 234 172
86.000000 12.000000 -1.478520 50 242 152
88.000000 12.000000 -2.022290 37 236 167
90.000000 12.000000 -2.172660 34 235 170
92.000000 12.000000 -0.711094 70 248 132
94.000000 12.000000 -1.404680 50 242 152
96.000000 12.000000 -2.240400 34 235 170
98.000000 12.000000 -1.101760 56 244 145
100.000000 12.000000 -1.304240 53 243 148
102.000000 12.000000 -1.805510 42 239 161
104.000000 12.000000 0.014592 89 251 115
106.000000 12.000000 -0.112091 85 250 118
108.000000 12.000000 0.476893 105 253 102
110.000000 12.000000 -1.019400 60 245 142
112.000000 12.000000 -1.359960 50 242 152
114.000000 12.000000 -1.714860 44 240 158
116.000000 12.000000 -1.672530 44 240 158
118.000000 12.000000 -0.823215 67 247 135
120.000000 12.000000 -1.530440 47 241 155
122.000000 12.000000 -0.958693 63 246 138
124.000000 12.000000 0.553831 105 253 102
126.000000 12.000000 0.461952 105 253 102
128.000000 12.000000 -0.914324 63 246 138
130.000000 12.000000 -2.969550 25 227 185
132.000000 12.000000 -2.238030 34 235 170
134.000000 12.000000 0.334405 101 253 105
136.000000 12.000000 -1.761660 42 239 161
138.000000 12.000000 -1.477790 50 242 152
140.000000 12.000000 -2.480570 31 233 175
142.000000 12.000000 -4.002780 25 213 205
144.000000 12.000000 -3.068160 25 226 187
146.000000 12.000000 -1.759460 42 239 161
148.000000 12.000000 -1.929680 39 238 164
150.000000 12.000000 -4.210550 26 210 210
152.000000 12.000000 -4.119860 26 212 208
154.000000 12.000000 -4.920000 32 199 223
156.000000 12.000000 -4.711370 31 201 221
158.000000 12.000000 -5.855890 44 183 240
160.000000 12.000000 -5.242300 37 192 231
-216.000000 10.000000 -9.137500 71 118 238
-214.000000 10.000000 -7.749590 67 145 254
-212.000000 10.000000 -3.772340 24 217 200
-210.000000 10.000000 -1.699830 44 240 158
-208.000000 10.000000 -2.194270 34 235 170
-206.000000 10.000000 -3.030940 25 227 185
-204.000000 10.000000 -1.934980 39 238 164
-202.000000 10.000000 -2.536420 29 231 178
-200.000000 10.000000 -2.403470 31 233 175
-198.000000 10.000000 -0.901050 63 246 138
-196.000000 10.000000 -2.518380 29 231 178
-194.000000 10.000000 -1.627640 44 240 158
-192.000000 10.000000 -1.835670 42 239 161
-190.000000 10.000000 -1.241650 53 243 148
-188.000000 10.000000 -2.326310 32 234 172
-186.000000 10.000000 -2.779090 26 228 182
-184.000000 10.000000 -0.551913 74 248 128
-182.000000 10.000000 -1.422170 50 242 152
-180.000000 10.000000 -0.892623 63 246 138
-178.000000 10.000000 -1.472120 50 242 152
-176.000000 10.000000 -1.396140 50 242 152
-174.000000 10.000000 -1.160540 56 244 145
-172.000000 10.000000 -1.608420 47 241 155
-170.000000 10.000000 -1.754460 42 239 161
-168.000000 10.000000 -1.141360 56 244 145
-166.000000 10.000000 -1.062040 60 245 142
-164.000000 10.000000 -1.771150 42 239 161
-162.000000 10.000000 -2.202540 34 235 170
-160.000000 10.000000 -2.860010 26 228 182
-158.000000 10.000000 -2.792310 26 228 182
-156.000000 10.000000 -2.141430 34 235 170
-154.000000 10.000000 -2.310680 32 234 172
-152.000000 10.000000 -3.529550 24 221 194
-150.000000 10.000000 -3.218950 24 224 189
-148.000000 10.000000 -3.327450 24 222 192
-146.000000 10.000000 -3.349110 24 222 192
-144.000000 10.000000 -3.771620 24 217 200
-142.000000 10.000000 -3.152990 25 226 187
-140.000000 10.000000 -3.111020 25 226 187
-138.000000 10.000000 -4.192770 26 210 210
-136.000000 10.000000 -5.369600 39 190 233
-134.000000 10.000000 -4.391480 27 208 213
-132.000000 10.000000 -5.007280 34 197 226
-130.000000 10.000000 -4.977950 34 197 226
-128.000000 10.000000 -4.735340 31 201 221
-126.000000 10.000000 -4.285270 26 210 210
-124.000000 10.000000 -4.574750 28 205 216
-122.000000 10.000000 -5.438960 39 190 233
-120.000000 10.000000 -5.127110 35 195 228
-118.000000 10.000000 -5.299460 37 192 231
-116.000000 10.000000 -5.167750 35 195 228
-114.000000 10.000000 -5.649660 42 185 238
-112.000000 10.000000 -5.623320 42 185 238
-110.000000 10.000000 -5.603210 40 188 235
-108.000000 10.000000 -5.366620 39 190 233
-106.000000 10.000000 -5.438020 39 190 233
-104.000000 10.000000 -5.450240 39 190 233
-102.000000 10.000000 -5.412510 39 190 233
-100.000000 10.000000 -5.176570 35 195 228
-98.000000 10.000000 -4.658290 30 203 218
-96.000000 10.000000 -4.252770 26 210 210
-94.000000 10.000000 -4.923930 32 199 223
-92.000000 10.000000 -4.962970 32 199 223
-90.000000 10.000000 -4.718400 31 201 221
-88.000000 10.000000 -4.309010 26 210 210
-86.000000 10.000000 -4.124270 26 212 208
-84.000000 10.000000 -4.164850 26 212 208
-82.000000 10.000000 -3.352090 24 222 192
-80.000000 10.000000 -3.909970 24 215 202
-78.000000 10.000000 -4.079520 26 212 208
-76.000000 10.000000 -2.539250 29 231 178
-74.000000 10.000000 -1.029300 60 245 142
-72.000000 10.000000 -2.303650 32 234 172
-70.000000 10.000000 -1.914220 39 238 164
-68.000000 10.000000 -2.798940 26 228 182
-66.000000 10.000000 -3.042120 25 226 187
-64.000000 10.000000 -1.219100 56 244 145
-62.000000 10.000000 -0.778560 67 247 135
-60.000000 10.000000 -0.347583 78 249 125
-58.000000 10.000000 -0.641168 70 248 132
-56.000000 10.000000 0.190956 97 252 108
-54.000000 10.000000 1.758550 143 255 73
-52.000000 10.000000 1.768710 143 255 73
-50.000000 10.000000 1.407590 132 255 81
-48.000000 10.000000 0.180103 93 252 111
-46.000000 10.000000 0.599926 109 254 98
-44.000000 10.000000 0.856169 117 254 92
-42.000000 10.000000 0.781428 113 254 95
-40.000000 10.000000 2.347710 156 254 64
-38.000000 10.000000 2.568930 161 253 61
-36.000000 10.000000 3.514150 180 248 54
-34.000000 10.000000 2.358150 156 254 64
-32.000000 10.000000 1.630230 139 255 75
-30.000000 10.000000 3.197170 175 250 55
-28.000000 10.000000 3.559910 183 247 53
-26.000000 10.000000 3.077880 172 251 56
-24.000000 10.000000 11.006200 251 126 33
-22.000000 10.000000 3.468760 180 248 54
-20.000000 10.000000 3.061780 172 251 56
-18.000000 10.000000 2.765700 164 252 60
-16.000000 10.000000 3.455360 180 248 54
-14.000000 10.000000 3.646780 183 247 53
-12.000000 10.000000 3.397120 177 249 54
-10.000000 10.000000 3.532420 180 248 54
-8.000000 10.000000 5.054030 210 233 53
-6.000000 10.000000 3.978870 190 244 52
-4.000000 10.000000 3.359600 177 249 54
-2.000000 10.000000 3.664990 183 247 53
0.000000 10.000000 3.689450 185 246 53
2.000000 10.000000 2.931760 169 251 57
4.000000 10.000000 3.642820 183 247 53
6.000000 10.000000 4.267510 195 241 52
8.000000 10.000000 2.885140 167 252 58
10.000000 10.000000 2.772190 167 252 58
12.000000 10.000000 2.096430 150 254 68
14.000000 10.000000 2.675180 164 252 60
16.000000 10.000000 2.506810 159 253 63
18.000000 10.000000 3.027110 172 251 56
20.000000 10.000000 2.762910 164 252 60
22.000000 10.000000 2.624760 161 253 61
24.000000 10.000000 3.129560 172 251 56
26.000000 10.000000 2.577910 161 253 61
28.000000 10.000000 2.724670 164 252 60
30.000000 10.000000 2.565210 161 253 61
32.000000 10.000000 3.383560 177 249 54
34.000000 10.000000 3.286230 177 249 54
36.000000 10.000000 3.306340 177 249 54
38.000000 10.000000 3.119060 172 251 56
40.000000 10.000000 3.004340 169 251 57
42.000000 10.000000 2.501040 159 253 63
44.000000 10.000000 1.401320 132 255 81
46.000000 10.000000 2.258450 156 254 64
48.000000 10.000000 2.883220 167 252 58
50.000000 10.000000 2.348960 156 254 64
52.000000 10.000000 2.515110 161 253 61
54.000000 10.000000 3.135090 172 251 56
56.000000 10.000000 2.266110 156 254 64
58.000000 10.000000 2.468600 159 253 63
60.000000 10.000000 1.846890 143 255 73
62.000000 10.000000 1.556000 136 255 78
64.000000 10.000000 0.096014 93 252 111
66.000000 10.000000 -0.138276 85 250 118
68.000000 10.000000 -0.042046 89 251 115
70.000000 10.000000 0.140719 93 252 111
72.000000 10.000000 -0.423951 78 249 125
74.000000 10.000000 -0.284999 82 250 122
76.000000 10.000000 0.872735 117 254 92
78.000000 10.000000 -0.570867 74 248 128
80.000000 10.000000 -0.995050 60 245 142
82.000000 10.000000 -0.074387 85 250 118
84.000000 10.000000 -0.716688 67 247 135
86.000000 10.000000 -1.413640 50 242 152
88.000000 10.000000 -2.470610 31 233 175
90.000000 10.000000 -0.716150 67 247 135
92.000000 10.000000 -2.264000 32 234 172
94.000000 10.000000 -2.472700 31 233 175
96.000000 10.000000 -1.972080 39 238 164
98.000000 10.000000 -2.179560 34 235 170
100.000000 10.000000 -3.652910 24 219 197
102.000000 10.000000 -3.548430 24 219 197
104.000000 10.000000 -3.096660 25 226 187
106.000000 10.000000 -5.085660 34 197 226
108.000000 10.000000 -4.328090 27 208 213
110.000000 10.000000 -3.737300 24 217 200
112.000000 10.000000 -3.735710 24 217 200
114.000000 10.000000 -7.007490 59 160 253
116.000000 10.000000 -7.552070 66 148 255
118.000000 10.000000 -6.495620 53 171 248
120.000000 10.000000 -7.618370 66 148 255
122.000000 10.000000 -9.852570 70 105 224
124.000000 10.000000 -9.012570 71 120 240
126.000000 10.000000 -9.360930 71 113 233
128.000000 10.000000 -8.898990 71 123 242
130.000000 10.000000 -8.377220 70 133 250
132.000000 10.000000 -9.178260 71 118 238
134.000000 10.000000 -10.531100 69 89 203
136.000000 10.000000 -12.221100 61 53 139
138.000000 10.000000 -12.105800 62 56 145
140.000000 10.000000 -11.077300 67 78 186
142.000000 10.000000 -10.738200 68 86 199
144.000000 10.000000 -11.429100 65 70 172
146.000000 10.000000 -11.223800 66 75 181
148.000000 10.000000 -13.106500 54 33 95
150.000000 10.000000 -12.082500 62 56 145
152.000000 10.000000 -13.007700 55 36 102
154.000000 10.000000 -13.745200 48 18 59
156.000000 10.000000 -13.848700 48 18 59
158.000000 10.000000 -13.592800 51 24 74
160.000000 10.000000 -11.777700 64 64 162
-214.000000 8.000000 -22.822900 48 18 59
-212.000000 8.000000 -18.427700 48 18 59
-210.000000 8.000000 -19.783600 48 18 59
-208.000000 8.000000 -17.906200 48 18 59
-206.000000 8.000000 -18.555200 48 18 59
-204.000000 8.000000 -17.995200 48 18 59
-202.000000 8.000000 -14.823600 48 18 59
-200.000000 8.000000 -13.847400 48 18 59
-198.000000 8.000000 -14.322200 48 18 59
-196.000000 8.000000 -13.601000 50 21 67
-194.000000 8.000000 -10.296000 69 94 211
-192.000000 8.000000 -8.673160 70 128 246
-190.000000 8.000000 -11.221500 66 75 181
-188.000000 8.000000 -11.175900 66 75 181
-186.000000 8.000000 -9.068950 71 120 240
-184.000000 8.000000 -7.790230 67 145 254
-182.000000 8.000000 -6.832440 58 163 252
-180.000000 8.000000 -5.403510 39 190 233
-178.000000 8.000000 -6.179440 49 175 245
-176.000000 8.000000 -6.222150 49 175 245
-174.000000 8.000000 -4.362880 27 208 213
-172.000000 8.000000 -6.483710 53 171 248
-170.000000 8.000000 -5.271650 37 192 231
-168.000000 8.000000 -4.511730 28 205 216
-166.000000 8.000000 -2.901390 26 228 182
-164.000000 8.000000 -1.373270 50 242 152
-162.000000 8.000000 -1.097830 60 245 142
-160.000000 8.000000 -0.773845 67 247 135
-158.000000 8.000000 0.397396 101 253 105
-156.000000 8.000000 0.013482 89 251 115
-154.000000 8.000000 1.190280 125 255 86
-152.000000 8.000000 1.428120 132 255 81
-150.000000 8.000000 1.291880 128 255 83
-148.000000 8.000000 1.701300 139 255 75
-146.000000 8.000000 1.266850 128 255 83
-144.000000 8.000000 1.986970 146 255 71
-142.000000 8.000000 1.932950 146 255 71
-140.000000 8.000000 0.144809 93 252 111
-138.000000 8.000000 2.087770 150 254 68
-136.000000 8.000000 3.068130 172 251 56
-134.000000 8.000000 3.056740 172 251 56
-132.000000 8.000000 3.005600 169 251 57
-130.000000 8.000000 2.894150 167 252 58
-128.000000 8.000000 3.258830 175 250 55
-126.000000 8.000000 3.145610 172 251 56
-124.000000 8.000000 1.494920 136 255 78
-122.000000 8.000000 2.096890 150 254 68
-120.000000 8.000000 1.807540 143 255 73
-118.000000 8.000000 2.794410 167 252 58
-116.000000 8.000000 2.901050 169 251 57
-114.000000 8.000000 3.060130 172 251 56
-112.000000 8.000000 2.191150 153 254 66
-110.000000 8.000000 3.400700 177 249 54
-108.000000 8.000000 1.996340 150 254 68
-106.000000 8.000000 1.600700 136 255 78
-104.000000 8.000000 0.783120 113 254 95
-102.000000 8.000000 2.473990 159 253 63
-100.000000 8.000000 3.017250 169 251 57
-98.000000 8.000000 2.351220 156 254 64
-96.000000 8.000000 1.324380 128 255 83
-94.000000 8.000000 1.789100 143 255 73
-92.000000 8.000000 1.081690 121 254 89
-90.000000 8.000000 1.227640 128 255 83
-88.000000 8.000000 1.461650 132 255 81
-86.000000 8.000000 1.276110 128 255 83
-84.000000 8.000000 1.523510 136 255 78
-82.000000 8.000000 0.206745 97 252 108
-80.000000 8.000000 1.028490 121 254 89
-78.000000 8.000000 2.152790 153 254 66
-76.000000 8.000000 0.234763 97 252 108
-74.000000 8.000000 0.620096 109 254 98
-72.000000 8.000000 1.315650 128 255 83
-70.000000 8.000000 1.404800 132 255 81
-68.000000 8.000000 1.657190 139 255 75
-66.000000 8.000000 1.589700 136 255 78
-64.000000 8.000000 1.943860 146 255 71
-62.000000 8.000000 1.094140 125 255 86
-60.000000 8.000000 1.100080 125 255 86
-58.000000 8.000000 0.932175 117 254 92
-56.000000 8.000000 0.856325 117 254 92
-54.000000 8.000000 1.477750 132 255 81
-52.000000 8.000000 0.970364 121 254 89
-50.000000 8.000000 0.984761 121 254 89
-48.000000 8.000000 1.369760 132 255 81
-46.000000 8.000000 0.839413 117 254 92
-44.000000 8.000000 1.032910 121 254 89
-42.000000 8.000000 0.793524 113 254 95
-40.000000 8.000000 0.880907 117 254 92
-38.000000 8.000000 1.175740 125 255 86
-36.000000 8.000000 0.837128 117 254 92
-34.000000 8.000000 0.946751 117 254 92
-32.000000 8.000000 0.826974 113 254 95
-30.000000 8.000000 1.007310 121 254 89
-28.000000 8.000000 0.482927 105 253 102
-26.000000 8.000000 0.852485 117 254 92
-24.000000 8.000000 0.711389 113 254 95
-22.000000 8.000000 0.734230 113 254 95
-20.000000 8.000000 0.476720 105 253 102
-18.000000 8.000000 0.606438 109 254 98
-16.000000 8.000000 1.984410 146 255 71
-14.000000 8.000000 1.216270 125 255 86
-12.000000 8.000000 0.872751 117 254 92
-10.000000 8.000000 0.520294 105 253 102
-8.000000 8.000000 0.612511 109 254 98
-6.000000 8.000000 1.864370 143 255 73
-4.000000 8.000000 1.893100 146 255 71
-2.000000 8.000000 1.073440 121 254 89
0.000000 8.000000 3.052920 172 251 56
2.000000 8.000000 1.681220 139 255 75
4.000000 8.000000 1.492290 136 255 78
6.000000 8.000000 1.634900 139 255 75
8.000000 8.000000 1.846200 143 255 73
10.000000 8.000000 1.821150 143 255 73
12.000000 8.000000 1.779230 143 255 73
14.000000 8.000000 1.344820 128 255 83
16.000000 8.000000 1.391820 132 255 81
18.000000 8.000000 0.632851 109 254 98
20.000000 8.000000 0.492986 105 253 102
22.000000 8.000000 1.073990 121 254 89
24.000000 8.000000 0.664821 109 254 98
26.000000 8.000000 0.690870 109 254 98
28.000000 8.000000 0.014928 89 251 115
30.000000 8.000000 0.386935 101 253 105
32.000000 8.000000 -0.424462 78 249 125
34.000000 8.000000 -0.622184 70 248 132
36.000000 8.000000 -1.545810 47 241 155
38.000000 8.000000 -0.845528 63 246 138
40.000000 8.000000 -0.856343 63 246 138
42.000000 8.000000 -1.236370 53 243 148
44.000000 8.000000 -1.369160 50 242 152
46.000000 8.000000 -1.332380 53 243 148
48.000000 8.000000 -2.027010 37 236 167
50.000000 8.000000 -3.291320 24 222 192
52.000000 8.000000 -3.441760 24 221 194
54.000000 8.000000 -3.551590 24 219 197
56.000000 8.000000 -3.348640 24 222 192
58.000000 8.000000 -3.325130 24 222 192
60.000000 8.000000 -4.064290 26 212 208
62.000000 8.000000 -3.777310 24 217 200
64.000000 8.000000 -3.273470 24 224 189
66.000000 8.000000 -3.181870 24 224 189
68.000000 8.000000 -4.229330 26 210 210
70.000000 8.000000 -3.628060 24 219 197
72.000000 8.000000 -2.734730 28 230 180
74.000000 8.000000 -3.791960 24 217 200
76.000000 8.000000 -5.584340 40 188 235
78.000000 8.000000 -5.322150 37 192 231
80.000000 8.000000 -2.990840 25 227 185
82.000000 8.000000 -5.492270 40 188 235
84.000000 8.000000 -6.176320 49 175 245
86.000000 8.000000 -4.830430 31 201 221
88.000000 8.000000 -4.325980 27 208 213
90.000000 8.000000 -5.640520 42 185 238
92.000000 8.000000 -5.976700 46 180 242
94.000000 8.000000 -6.979540 59 160 253
96.000000 8.000000 -6.716300 56 165 251
98.000000 8.000000 -7.153500 61 158 254
100.000000 8.000000 -7.163640 62 155 254
102.000000 8.000000 -8.024260 69 140 253
104.000000 8.000000 -7.893230 68 143 254
106.000000 8.000000 -7.705720 67 145 254
108.000000 8.000000 -9.235590 71 115 235
110.000000 8.000000 -8.455240 70 130 248
112.000000 8.000000 -8.077840 69 138 252
114.000000 8.000000 -8.596270 70 128 246
116.000000 8.000000 -9.574870 71 110 230
118.000000 8.000000 -9.771140 70 105 224
120.000000 8.000000 -9.723030 70 107 227
122.000000 8.000000 -9.982580 70 102 221
124.000000 8.000000 -10.662300 68 86 199
126.000000 8.000000 -11.532400 65 70 172
128.000000 8.000000 -11.199200 66 75 181
130.000000 8.000000 -11.306700 66 73 177
132.000000 8.000000 -11.306700 66 73 177
134.000000 8.000000 -10.838100 68 84 195
136.000000 8.000000 -10.850700 68 84 195
138.000000 8.000000 -10.513400 69 89 203
140.000000 8.000000 -11.400200 66 73 177
142.000000 8.000000 -11.938900 63 59 151
144.000000 8.000000 -12.152100 62 56 145
146.000000 8.000000 -12.026300 63 59 151
148.000000 8.000000 -12.363700 60 50 134
150.000000 8.000000 -12.712900 57 42 115
152.000000 8.000000 -14.114400 48 18 59
154.000000 8.000000 -12.929600 56 39 109
156.000000 8.000000 -13.531700 51 24 74
158.000000 8.000000 -13.495900 51 24 74
162.000000 8.000000 -15.326700 48 18 59
-210.000000 6.000000 -17.149400 48 18 59
-208.000000 6.000000 -17.155800 48 18 59
-206.000000 6.000000 -19.000800 48 18 59
-204.000000 6.000000 -18.934800 48 18 59
-202.000000 6.000000 -19.860700 48 18 59
-200.000000 6.000000 -18.527100 48 18 59
-198.000000 6.000000 -17.838900 48 18 59
-196.000000 6.000000 -18.600900 48 18 59
-194.000000 6.000000 -18.894700 48 18 59
-192.000000 6.000000 -20.550600 48 18 59
-190.000000 6.000000 -18.224800 48 18 59
-188.000000 6.000000 -18.014800 48 18 59
-186.000000 6.000000 -18.715200 48 18 59
-184.000000 6.000000 -18.994100 48 18 59
-182.000000 6.000000 -18.952000 48 18 59
-180.000000 6.000000 -16.650600 48 18 59
-178.000000 6.000000 -16.296300 48 18 59
-176.000000 6.000000 -15.819500 48 18 59
-174.000000 6.000000 -16.317100 48 18 59
-172.000000 6.000000 -13.859700 48 18 59
-170.000000 6.000000 -11.601000 65 67 167
-168.000000 6.000000 -11.094100 67 78 186
-166.000000 6.000000 -12.959900 55 36 102
-164.000000 6.000000 -14.035400 48 18 59
-162.000000 6.000000 -12.137100 62 56 145
-160.000000 6.000000 -9.896340 70 102 221
-158.000000 6.000000 -10.356600 69 94 211
-156.000000 6.000000 -9.171490 71 118 238
-154.000000 6.000000 -8.617680 70 128 246
-152.000000 6.000000 -7.901250 68 143 254
-150.000000 6.000000 -8.131500 69 138 252
-148.000000 6.000000 -8.028630 69 140 253
-146.000000 6.000000 -7.231520 62 155 254
-144.000000 6.000000 -7.632530 66 148 255
-142.000000 6.000000 -5.837320 44 183 240
-140.000000 6.000000 -5.179520 35 195 228
-138.000000 6.000000 -4.731610 31 201 221
-136.000000 6.000000 -4.494220 28 205 216
-134.000000 6.000000 -3.472680 24 221 194
-132.000000 6.000000 -3.663920 24 219 197
-130.000000 6.000000 -4.046290 25 213 205
-128.000000 6.000000 -2.868090 26 228 182
-126.000000 6.000000 -3.039110 25 226 187
-124.000000 6.000000 -2.679940 28 230 180
-122.000000 6.000000 -2.173800 34 235 170
-120.000000 6.000000 -0.804390 67 247 135
-118.000000 6.000000 -1.441060 50 242 152
-116.000000 6.000000 -1.411920 50 242 152
-114.000000 6.000000 -1.219700 56 244 145
-112.000000 6.000000 -0.690117 70 248 132
-110.000000 6.000000 -0.448608 78 249 125
-108.000000 6.000000 -0.170224 85 250 118
-106.000000 6.000000 0.181381 93 252 111
-104.000000 6.000000 -0.853523 63 246 138
-102.000000 6.000000 -0.533611 74 248 128
-100.000000 6.000000 -2.054720 37 236 167
-98.000000 6.000000 -1.488320 47 241 155
-96.000000 6.000000 -0.527787 74 248 128
-94.000000 6.000000 0.347642 101 253 105
-92.000000 6.000000 -0.555358 74 248 128
-90.000000 6.000000 0.178751 93 252 111
-88.000000 6.000000 0.423836 101 253 105
-86.000000 6.000000 0.442686 101 253 105
-84.000000 6.000000 0.657094 109 254 98
-82.000000 6.000000 1.644570 139 255 75
-80.000000 6.000000 1.826300 143 255 73
-78.000000 6.000000 1.848380 143 255 73
-76.000000 6.000000 3.114490 172 251 56
-74.000000 6.000000 3.209830 175 250 55
-72.000000 6.000000 2.222460 153 254 66
-70.000000 6.000000 2.033580 150 254 68
-68.000000 6.000000 2.413100 159 253 63
-66.000000 6.000000 2.468790 159 253 63
-64.000000 6.000000 3.284730 177 249 54
-62.000000 6.000000 4.704390 205 236 52
-60.000000 6.000000 4.331550 198 240 52
-58.000000 6.000000 5.374980 217 228 54
-56.000000 6.000000 5.919340 225 221 55
-54.000000 6.000000 5.093800 212 231 53
-52.000000 6.000000 5.070460 210 233 53
-50.000000 6.000000 4.769960 205 236 52
-48.000000 6.000000 3.737330 185 246 53
-46.000000 6.000000 3.623740 183 247 53
-44.000000 6.000000 4.891050 208 234 52
-42.000000 6.000000 5.597780 219 226 54
-40.000000 6.000000 4.077790 193 243 52
-38.000000 6.000000 4.207500 195 241 52
-36.000000 6.000000 4.698450 203 237 52
-34.000000 6.000000 4.718130 205 236 52
-32.000000 6.000000 3.317940 177 249 54
-30.000000 6.000000 3.368960 177 249 54
-28.000000 6.000000 4.321690 198 240 52
-26.000000 6.000000 4.273400 195 241 52
-24.000000 6.000000 4.441730 198 240 52
-22.000000 6.000000 3.422950 180 248 54
-20.000000 6.000000 4.074200 193 243 52
-18.000000 6.000000 4.268140 195 241 52
-16.000000 6.000000 3.649130 183 247 53
-14.000000 6.000000 3.252220 175 250 55
-12.000000 6.000000 4.458010 200 239 52
-10.000000 6.000000 4.642300 203 237 52
-8.000000 6.000000 4.045920 190 244 52
-6.000000 6.000000 3.665310 183 247 53
-4.000000 6.000000 3.398590 177 249 54
-2.000000 6.000000 3.355790 177 249 54
0.000000 6.000000 3.519780 180 248 54
2.000000 6.000000 4.057750 193 243 52
4.000000 6.000000 4.043750 190 244 52
6.000000 6.000000 4.475300 200 239 52
8.000000 6.000000 5.156970 212 231 53
10.000000 6.000000 4.303340 195 241 52
12.000000 6.000000 3.905910 188 245 52
14.000000 6.000000 3.489830 180 248 54
16.000000 6.000000 4.228780 195 241 52
18.000000 6.000000 4.287430 195 241 52
20.000000 6.000000 4.420780 198 240 52
22.000000 6.000000 4.134230 193 243 52
24.000000 6.000000 3.810860 188 245 52
26.000000 6.000000 3.278590 175 250 55
28.000000 6.000000 3.193330 175 250 55
30.000000 6.000000 2.760660 164 252 60
32.000000 6.000000 2.623210 161 253 61
34.000000 6.000000 3.382090 177 249 54
36.000000 6.000000 3.663260 183 247 53
38.000000 6.000000 3.630920 183 247 53
40.000000 6.000000 3.205520 175 250 55
42.000000 6.000000 3.095530 172 251 56
44.000000 6.000000 3.173120 175 250 55
46.000000 6.000000 3.155260 175 250 55
48.000000 6.000000 3.134690 172 251 56
50.000000 6.000000 2.879980 167 252 58
52.000000 6.000000 3.018340 169 251 57
54.000000 6.000000 2.370150 156 254 64
56.000000 6.000000 2.022950 150 254 68
58.000000 6.000000 2.268380 156 254 64
60.000000 6.000000 2.288780 156 254 64
62.000000 6.000000 2.038150 150 254 68
64.000000 6.000000 1.523130 136 255 78
66.000000 6.000000 1.966650 146 255 71
68.000000 6.000000 1.820500 143 255 73
70.000000 6.000000 0.869843 117 254 92
72.000000 6.000000 1.136610 125 255 86
74.000000 6.000000 0.810204 113 254 95
76.000000 6.000000 1.411390 132 255 81
78.000000 6.000000 0.349178 101 253 105
80.000000 6.000000 -1.069430 60 245 142
82.000000 6.000000 1.097920 125 255 86
84.000000 6.000000 1.069390 121 254 89
86.000000 6.000000 -0.051762 89 251 115
88.000000 6.000000 0.365032 101 253 105
90.000000 6.000000 0.244686 97 252 108
92.000000 6.000000 -0.639296 70 248 132
94.000000 6.000000 -0.894210 63 246 138
96.000000 6.000000 -0.725350 67 247 135
98.000000 6.000000 -0.906571 63 246 138
100.000000 6.000000 -0.331381 78 249 125
102.000000 6.000000 -0.413808 78 249 125
104.000000 6.000000 -1.969060 39 238 164
106.000000 6.000000 -1.081580 60 245 142
108.000000 6.000000 -1.301610 53 243 148
110.000000 6.000000 -1.020820 60 245 142
112.000000 6.000000 -1.096140 60 245 142
114.000000 6.000000 -0.902331 63 246 138
116.000000 6.000000 -1.634790 44 240 158
118.000000 6.000000 -2.938920 25 227 185
120.000000 6.000000 -2.560000 29 231 178
122.000000 6.000000 -2.357450 32 234 172
124.000000 6.000000 -1.560260 47 241 155
126.000000 6.000000 -2.202830 34 235 170
128.000000 6.000000 -2.327690 32 234 172
130.000000 6.000000 -2.273120 32 234 172
132.000000 6.000000 -1.891730 39 238 164
134.000000 6.000000 -2.831890 26 228 182
136.000000 6.000000 -2.026830 37 236 167
138.000000 6.000000 -2.617200 29 231 178
140.000000 6.000000 -2.576330 29 231 178
142.000000 6.000000 -2.459080 31 233 175
144.000000 6.000000 -1.934430 39 238 164
146.000000 6.000000 -3.435260 24 221 194
148.000000 6.000000 -2.821700 26 228 182
150.000000 6.000000 -2.978690 25 227 185
152.000000 6.000000 -3.828330 24 215 202
154.000000 6.000000 -2.072210 37 236 167
156.000000 6.000000 -4.078340 26 212 208
158.000000 6.000000 -6.476500 53 171 248
160.000000 6.000000 -18.799200 48 18 59
-208.000000 4.000000 -13.562500 51 24 74
-206.000000 4.000000 -10.145600 70 97 214
-204.000000 4.000000 -10.652100 68 86 199
-202.000000 4.000000 -9.420970 71 113 233
-200.000000 4.000000 -9.193840 71 118 238
-198.000000 4.000000 -9.838120 70 105 224
-196.000000 4.000000 -11.280300 66 73 177
-194.000000 4.000000 -12.060900 62 56 145
-192.000000 4.000000 -9.923290 70 102 221
-190.000000 4.000000 -10.425000 69 92 207
-188.000000 4.000000 -10.885900 68 84 195
-186.000000 4.000000 -11.085400 67 78 186
-184.000000 4.000000 -10.488500 69 92 207
-182.000000 4.000000 -11.343300 66 73 177
-180.000000 4.000000 -11.054800 67 78 186
-178.000000 4.000000 -11.772100 64 64 162
-176.000000 4.000000 -12.103900 62 56 145
-174.000000 4.000000 -11.569100 65 67 167
-172.000000 4.000000 -13.122300 54 33 95
-170.000000 4.000000 -12.836600 56 39 109
-168.000000 4.000000 -12.560000 59 47 128
-166.000000 4.000000 -12.621100 58 45 121
-164.000000 4.000000 -12.722900 57 42 115
-162.000000 4.000000 -12.358700 60 50 134
-160.000000 4.000000 -12.896200 56 39 109
-158.000000 4.000000 -12.504000 59 47 128
-156.000000 4.000000 -13.163700 54 33 95
-154.000000 4.000000 -12.877700 56 39 109
-152.000000 4.000000 -12.820500 57 42 115
-150.000000 4.000000 -13.360500 52 27 81
-148.000000 4.000000 -12.732700 57 42 115
-146.000000 4.000000 -13.228100 53 30 88
-144.000000 4.000000 -11.997400 63 59 151
-142.000000 4.000000 -10.853800 68 84 195
-140.000000 4.000000 -10.150600 70 97 214
-138.000000 4.000000 -10.898800 68 81 191
-136.000000 4.000000 -9.832840 70 105 224
-134.000000 4.000000 -9.630070 70 107 227
-132.000000 4.000000 -10.388000 69 92 207
-130.000000 4.000000 -9.446540 71 113 233
-128.000000 4.000000 -7.143310 61 158 254
-126.000000 4.000000 -7.249210 62 155 254
-124.000000 4.000000 -8.515920 70 130 248
-122.000000 4.000000 -8.304610 70 135 251
-120.000000 4.000000 -6.423070 53 171 248
-118.000000 4.000000 -5.262800 37 192 231
-116.000000 4.000000 -5.568490 40 188 235
-114.000000 4.000000 -5.984980 46 180 242
-112.000000 4.000000 -6.675300 56 165 251
-110.000000 4.000000 -5.475140 39 190 233
-108.000000 4.000000 -5.125090 35 195 228
-106.000000 4.000000 -4.385440 27 208 213
-104.000000 4.000000 -1.744630 42 239 161
-102.000000 4.000000 -0.799456 67 247 135
-100.000000 4.000000 -0.120922 85 250 118
-98.000000 4.000000 -0.297827 82 250 122
-96.000000 4.000000 -0.222833 82 250 122
-94.000000 4.000000 -0.886841 63 246 138
-92.000000 4.000000 -0.922043 63 246 138
-90.000000 4.000000 0.398540 101 253 105
-88.000000 4.000000 -0.431883 78 249 125
-86.000000 4.000000 0.442459 101 253 105
-84.000000 4.000000 0.305333 97 252 108
-82.000000 4.000000 0.418511 101 253 105
-80.000000 4.000000 0.713500 113 254 95
-78.000000 4.000000 0.414469 101 253 105
-76.000000 4.000000 -0.084198 85 250 118
-74.000000 4.000000 0.021778 89 251 115
-72.000000 4.000000 0.536997 105 253 102
-70.000000 4.000000 0.692389 109 254 98
-68.000000 4.000000 1.162530 125 255 86
-66.000000 4.000000 0.837174 117 254 92
-64.000000 4.000000 0.667758 109 254 98
-62.000000 4.000000 1.143140 125 255 86
-60.000000 4.000000 0.496202 105 253 102
-58.000000 4.000000 0.331092 101 253 105
-56.000000 4.000000 2.029460 150 254 68
-54.000000 4.000000 0.624317 109 254 98
-52.000000 4.000000 1.195160 125 255 86
-50.000000 4.000000 0.731393 113 254 95
-48.000000 4.000000 1.187780 125 255 86
-46.000000 4.000000 1.339710 128 255 83
-44.000000 4.000000 0.690593 109 254 98
-42.000000 4.000000 1.244170 128 255 83
-40.000000 4.000000 1.010880 121 254 89
-38.000000 4.000000 2.015610 150 254 68
-36.000000 4.000000 1.589100 136 255 78
-34.000000 4.000000 1.732210 139 255 75
-32.000000 4.000000 2.041370 150 254 68
-30.000000 4.000000 2.048350 150 254 68
-28.000000 4.000000 2.427700 159 253 63
-26.000000 4.000000 1.481840 136 255 78
-24.000000 4.000000 2.445370 159 253 63
-22.000000 4.000000 1.801270 143 255 73
-20.000000 4.000000 2.884440 167 252 58
-18.000000 4.000000 3.131440 172 251 56
-16.000000 4.000000 -2.999960 25 227 185
-14.000000 4.000000 1.041480 121 254 89
-12.000000 4.000000 1.242510 128 255 83
-10.000000 4.000000 2.070310 150 254 68
-8.000000 4.000000 1.422080 132 255 81
-6.000000 4.000000 1.151050 125 255 86
-4.000000 4.000000 3.969850 190 244 52
-2.000000 4.000000 3.998460 190 244 52
0.000000 4.000000 3.888980 188 245 52
2.000000 4.000000 3.210710 175 250 55
4.000000 4.000000 2.405310 159 253 63
6.000000 4.000000 2.226730 153 254 66
8.000000 4.000000 0.504323 105 253 102
10.000000 4.000000 1.134240 125 255 86
12.000000 4.000000 2.585300 161 253 61
14.000000 4.000000 2.792750 167 252 58
16.000000 4.000000 0.381697 101 253 105
18.000000 4.000000 0.589550 109 254 98
20.000000 4.000000 1.210010 125 255 86
22.000000 4.000000 3.408320 177 249 54
24.000000 4.000000 2.826650 167 252 58
26.000000 4.000000 3.133830 172 251 56
28.000000 4.000000 2.395190 159 253 63
30.000000 4.000000 1.384530 132 255 81
32.000000 4.000000 0.510474 105 253 102
34.000000 4.000000 1.071350 121 254 89
36.000000 4.000000 1.872890 146 255 71
38.000000 4.000000 1.332840 128 255 83
40.000000 4.000000 0.900693 117 254 92
42.000000 4.000000 0.917072 117 254 92
44.000000 4.000000 0.111729 93 252 111
46.000000 4.000000 -0.268412 82 250 122
48.000000 4.000000 0.158624 93 252 111
50.000000 4.000000 1.020690 121 254 89
52.000000 4.000000 1.356290 132 255 81
54.000000 4.000000 1.217210 125 255 86
56.000000 4.000000 0.981258 121 254 89
58.000000 4.000000 0.751868 113 254 95
60.000000 4.000000 0.147312 93 252 111
62.000000 4.000000 0.317992 97 252 108
64.000000 4.000000 0.550990 105 253 102
66.000000 4.000000 0.323591 101 253 105
68.000000 4.000000 -0.266678 82 250 122
70.000000 4.000000 -0.410602 78 249 125
72.000000 4.000000 0.796867 113 254 95
74.000000 4.000000 -0.892578 63 246 138
76.000000 4.000000 -1.144290 56 244 145
78.000000 4.000000 0.235861 97 252 108
80.000000 4.000000 -0.569052 74 248 128
82.000000 4.000000 -0.738490 67 247 135
84.000000 4.000000 -2.274070 32 234 172
86.000000 4.000000 -1.721560 44 240 158
88.000000 4.000000 -2.591200 29 231 178
90.000000 4.000000 -2.554970 29 231 178
92.000000 4.000000 -1.825710 42 239 161
94.000000 4.000000 -1.946000 39 238 164
96.000000 4.000000 -2.262350 32 234 172
98.000000 4.000000 -2.491020 31 233 175
100.000000 4.000000 -2.030930 37 236 167
102.000000 4.000000 -1.110300 56 244 145
104.000000 4.000000 -0.494530 74 248 128
106.000000 4.000000 -1.859880 42 239 161
108.000000 4.000000 -2.944990 25 227 185
110.000000 4.000000 -3.474520 24 221 194
112.000000 4.000000 -2.918130 25 227 185
114.000000 4.000000 -2.170580 34 235 170
116.000000 4.000000 -2.013090 37 236 167
118.000000 4.000000 -1.397650 50 242 152
120.000000 4.000000 -0.856201 63 246 138
122.000000 4.000000 -1.248680 53 243 148
124.000000 4.000000 -2.733690 28 230 180
126.000000 4.000000 -2.514060 31 233 175
128.000000 4.000000 -2.570770 29 231 178
130.000000 4.000000 -2.062590 37 236 167
132.000000 4.000000 -3.128850 25 226 187
134.000000 4.000000 -2.010460 37 236 167
136.000000 4.000000 -5.171240 35 195 228
138.000000 4.000000 -5.592710 40 188 235
140.000000 4.000000 -5.289580 37 192 231
142.000000 4.000000 -3.793050 24 217 200
144.000000 4.000000 -2.140830 34 235 170
146.000000 4.000000 -3.355060 24 222 192
148.000000 4.000000 -2.633610 29 231 178
150.000000 4.000000 -3.089390 25 226 187
152.000000 4.000000 -3.243170 24 224 189
154.000000 4.000000 -6.050480 47 178 244
156.000000 4.000000 -4.818790 31 201 221
-206.000000 2.000000 -6.532320 55 168 250
-204.000000 2.000000 -4.848510 32 199 223
-202.000000 2.000000 -3.682950 24 217 200
-200.000000 2.000000 -2.397820 31 233 175
-198.000000 2.000000 -1.844550 42 239 161
-196.000000 2.000000 -0.697160 70 248 132
-194.000000 2.000000 -0.320896 82 250 122
-192.000000 2.000000 -0.972942 60 245 142
-190.000000 2.000000 -1.124790 56 244 145
-188.000000 2.000000 -1.460890 50 242 152
-186.000000 2.000000 -1.736860 44 240 158
-184.000000 2.000000 -1.558930 47 241 155
-182.000000 2.000000 -1.082530 60 245 142
-180.000000 2.000000 -1.403070 50 242 152
-178.000000 2.000000 -1.477120 50 242 152
-176.000000 2.000000 -1.549450 47 241 155
-174.000000 2.000000 -1.869660 42 239 161
-172.000000 2.000000 -1.293590 53 243 148
-170.000000 2.000000 -1.369750 50 242 152
-168.000000 2.000000 -2.075140 37 236 167
-166.000000 2.000000 -2.511280 31 233 175
-164.000000 2.000000 -2.582770 29 231 178
-162.000000 2.000000 -2.889310 26 228 182
-160.000000 2.000000 -2.517860 29 231 178
-158.000000 2.000000 -2.134740 34 235 170
-156.000000 2.000000 -3.018440 25 227 185
-154.000000 2.000000 -3.094430 25 226 187
-152.000000 2.000000 -3.169830 24 224 189
-150.000000 2.000000 -3.145840 25 226 187
-148.000000 2.000000 -3.033220 25 226 187
-146.000000 2.000000 -3.097710 25 226 187
-144.000000 2.000000 -3.101930 25 226 187
-142.000000 2.000000 -4.378380 27 208 213
-140.000000 2.000000 -4.358280 27 208 213
-138.000000 2.000000 -4.024930 25 213 205
-136.000000 2.000000 -4.019030 25 213 205
-134.000000 2.000000 -4.825110 31 201 221
-132.000000 2.000000 -4.791600 31 201 221
-130.000000 2.000000 -4.359250 27 208 213
-128.000000 2.000000 -5.101920 35 195 228
-126.000000 2.000000 -5.195890 35 195 228
-124.000000 2.000000 -4.968710 34 197 226
-122.000000 2.000000 -4.243520 26 210 210
-120.000000 2.000000 -5.539380 40 188 235
-118.000000 2.000000 -4.955400 32 199 223
-116.000000 2.000000 -5.150300 35 195 228
-114.000000 2.000000 -4.822850 31 201 221
-112.000000 2.000000 -5.160190 35 195 228
-110.000000 2.000000 -4.670070 30 203 218
-108.000000 2.000000 -4.833100 31 201 221
-106.000000 2.000000 -4.754590 31 201 221
-104.000000 2.000000 -4.849300 32 199 223
-102.000000 2.000000 -5.304020 37 192 231
-100.000000 2.000000 -5.207110 35 195 228
-98.000000 2.000000 -4.145000 26 212 208
-96.000000 2.000000 -4.402950 27 208 213
-94.000000 2.000000 -3.606250 24 219 197
-92.000000 2.000000 -4.143500 26 212 208
-90.000000 2.000000 -4.494410 28 205 216
-88.000000 2.000000 -3.187780 24 224 189
-86.000000 2.000000 -3.442210 24 221 194
-84.000000 2.000000 -3.352480 24 222 192
-82.000000 2.000000 -3.680060 24 217 200
-80.000000 2.000000 -3.812920 24 215 202
-78.000000 2.000000 -3.236510 24 224 189
-76.000000 2.000000 -2.174460 34 235 170
-74.000000 2.000000 -1.290000 53 243 148
-72.000000 2.000000 -1.763060 42 239 161
-70.000000 2.000000 -2.111710 37 236 167
-68.000000 2.000000 -2.224120 34 235 170
-66.000000 2.000000 -2.206470 34 235 170
-64.000000 2.000000 -1.882880 39 238 164
-62.000000 2.000000 -2.300030 32 234 172
-60.000000 2.000000 -1.768940 42 239 161
-58.000000 2.000000 -0.914370 63 246 138
-56.000000 2.000000 -2.362260 32 234 172
-54.000000 2.000000 -0.850871 63 246 138
-52.000000 2.000000 1.534050 136 255 78
-50.000000 2.000000 1.887540 146 255 71
-48.000000 2.000000 1.475440 132 255 81
-46.000000 2.000000 2.113540 150 254 68
-44.000000 2.000000 1.753660 143 255 73
-42.000000 2.000000 1.314610 128 255 83
-40.000000 2.000000 2.068320 150 254 68
-38.000000 2.000000 2.021450 150 254 68
-36.000000 2.000000 1.162520 125 255 86
-34.000000 2.000000 1.251860 128 255 83
-32.000000 2.000000 2.167990 153 254 66
-30.000000 2.000000 2.441760 159 253 63
-28.000000 2.000000 2.250490 153 254 66
-26.000000 2.000000 3.640280 183 247 53
-24.000000 2.000000 3.457540 180 248 54
-22.000000 2.000000 3.448720 180 248 54
-20.000000 2.000000 3.081250 172 251 56
-18.000000 2.000000 1.748640 143 255 73
-16.000000 2.000000 0.675565 109 254 98
-14.000000 2.000000 1.901220 146 255 71
-12.000000 2.000000 3.145120 172 251 56
-10.000000 2.000000 2.674460 164 252 60
-8.000000 2.000000 2.865070 167 252 58
-6.000000 2.000000 3.467960 180 248 54
-4.000000 2.000000 7.569420 246 195 58
-2.000000 2.000000 2.662660 164 252 60
0.000000 2.000000 0.621265 109 254 98
2.000000 2.000000 0.780530 113 254 95
4.000000 2.000000 1.549480 136 255 78
6.000000 2.000000 1.305920 128 255 83
8.000000 2.000000 1.854580 143 255 73
10.000000 2.000000 1.408290 132 255 81
12.000000 2.000000 1.735480 139 255 75
14.000000 2.000000 2.172000 153 254 66
16.000000 2.000000 3.011400 169 251 57
18.000000 2.000000 2.454560 159 253 63
20.000000 2.000000 1.121020 125 255 86
22.000000 2.000000 0.251156 97 252 108
24.000000 2.000000 0.645021 109 254 98
26.000000 2.000000 0.503557 105 253 102
28.000000 2.000000 0.741880 113 254 95
30.000000 2.000000 0.999343 121 254 89
32.000000 2.000000 1.060590 121 254 89
34.000000 2.000000 0.011391 89 251 115
36.000000 2.000000 -0.092497 85 250 118
38.000000 2.000000 0.067684 93 252 111
40.000000 2.000000 0.747974 113 254 95
42.000000 2.000000 0.316913 97 252 108
44.000000 2.000000 0.125099 93 252 111
46.000000 2.000000 0.706812 113 254 95
48.000000 2.000000 1.215620 125 255 86
50.000000 2.000000 0.603635 109 254 98
52.000000 2.000000 0.823032 113 254 95
54.000000 2.000000 0.528371 105 253 102
56.000000 2.000000 0.298638 97 252 108
58.000000 2.000000 0.166608 93 252 111
60.000000 2.000000 -0.241167 82 250 122
62.000000 2.000000 -0.557271 74 248 128
64.000000 2.000000 -0.410584 78 249 125
66.000000 2.000000 -1.258320 53 243 148
68.000000 2.000000 -0.841126 63 246 138
70.000000 2.000000 -0.671862 70 248 132
72.000000 2.000000 -1.021530 60 245 142
74.000000 2.000000 -1.506150 47 241 155
76.000000 2.000000 -0.619364 70 248 132
78.000000 2.000000 -1.510900 47 241 155
80.000000 2.000000 -1.759290 42 239 161
82.000000 2.000000 -1.345750 53 243 148
84.000000 2.000000 -1.322510 53 243 148
86.000000 2.000000 -1.579030 47 241 155
88.000000 2.000000 -2.380800 32 234 172
90.000000 2.000000 -2.413870 31 233 175
92.000000 2.000000 -2.307950 32 234 172
94.000000 2.000000 -2.376720 32 234 172
96.000000 2.000000 -2.280630 32 234 172
98.000000 2.000000 -2.688370 28 230 180
100.000000 2.000000 -3.234570 24 224 189
102.000000 2.000000 -4.223700 26 210 210
104.000000 2.000000 -4.444110 27 208 213
106.000000 2.000000 -3.722460 24 217 200
108.000000 2.000000 -4.036030 25 213 205
110.000000 2.000000 -4.574690 28 205 216
112.000000 2.000000 -5.280450 37 192 231
114.000000 2.000000 -6.422720 53 171 248
116.000000 2.000000 -5.773920 44 183 240
118.000000 2.000000 -6.110280 47 178 244
120.000000 2.000000 -6.802000 58 163 252
122.000000 2.000000 -6.303410 51 173 247
124.000000 2.000000 -6.810940 58 163 252
126.000000 2.000000 -7.642290 66 148 255
128.000000 2.000000 -7.814030 68 143 254
130.000000 2.000000 -7.505680 65 150 255
132.000000 2.000000 -7.401050 64 153 255
134.000000 2.000000 -9.593860 71 110 230
136.000000 2.000000 -10.580700 69 89 203
138.000000 2.000000 -10.294200 69 94 211
140.000000 2.000000 -10.727900 68 86 199
142.000000 2.000000 -11.944900 63 59 151
144.000000 2.000000 -9.512160 71 110 230
146.000000 2.000000 -9.808710 70 105 224
148.000000 2.000000 -11.343800 66 73 177
150.000000 2.000000 -13.565200 51 24 74
152.000000 2.000000 -16.143200 48 18 59
154.000000 2.000000 -10.954200 68 81 191
156.000000 2.000000 -9.963060 70 102 221
-202.000000 0.000000 -13.646300 50 21 67
-200.000000 0.000000 -7.367240 64 153 255
-198.000000 0.000000 -9.282990 71 115 235
-196.000000 0.000000 -8.527290 70 130 248
-194.000000 0.000000 -10.794000 68 84 195
-192.000000 0.000000 -5.579800 40 188 235
-190.000000 0.000000 -7.099170 61 158 254
-188.000000 0.000000 -6.155820 49 175 245
-186.000000 0.000000 -7.630670 66 148 255
-184.000000 0.000000 -5.235640 37 192 231
-182.000000 0.000000 -2.449500 31 233 175
-180.000000 0.000000 -2.201040 34 235 170
-178.000000 0.000000 -1.316350 53 243 148
-176.000000 0.000000 -0.732666 67 247 135
-174.000000 0.000000 -0.305612 82 250 122
-172.000000 0.000000 1.482050 136 255 78
-170.000000 0.000000 0.205436 97 252 108
-168.000000 0.000000 1.477750 132 255 81
-166.000000 0.000000 -0.399499 78 249 125
-164.000000 0.000000 -0.226698 82 250 122
-162.000000 0.000000 -0.329009 78 249 125
-160.000000 0.000000 -0.365219 78 249 125
-158.000000 0.000000 1.125060 125 255 86
-156.000000 0.000000 0.924997 117 254 92
-154.000000 0.000000 -0.126487 85 250 118
-152.000000 0.000000 -1.045760 60 245 142
-150.000000 0.000000 0.241211 97 252 108
-148.000000 0.000000 1.171790 125 255 86
-146.000000 0.000000 1.281510 128 255 83
-144.000000 0.000000 2.299780 156 254 64
-142.000000 0.000000 3.199840 175 250 55
-140.000000 0.000000 3.590550 183 247 53
-138.000000 0.000000 3.366980 177 249 54
-136.000000 0.000000 3.586040 183 247 53
-134.000000 0.000000 3.610020 183 247 53
-132.000000 0.000000 3.563630 183 247 53
-130.000000 0.000000 2.408190 159 253 63
-128.000000 0.000000 1.801050 143 255 73
-126.000000 0.000000 3.229190 175 250 55
-124.000000 0.000000 2.550830 161 253 61
-122.000000 0.000000 2.304900 156 254 64
-120.000000 0.000000 3.688230 185 246 53
-118.000000 0.000000 2.575920 161 253 61
-116.000000 0.000000 2.163880 153 254 66
-114.000000 0.000000 2.058760 150 254 68
-112.000000 0.000000 2.244810 153 254 66
-110.000000 0.000000 2.073550 150 254 68
-108.000000 0.000000 1.722260 139 255 75
-106.000000 0.000000 2.277600 156 254 64
-104.000000 0.000000 1.781540 143 255 73
-102.000000 0.000000 1.272950 128 255 83
-100.000000 0.000000 1.104250 125 255 86
-98.000000 0.000000 1.563430 136 255 78
-96.000000 0.000000 1.363150 132 255 81
-94.000000 0.000000 0.983692 121 254 89
-92.000000 0.000000 0.965274 121 254 89
-90.000000 0.000000 1.252450 128 255 83
-88.000000 0.000000 1.680770 139 255 75
-86.000000 0.000000 1.416180 132 255 81
-84.000000 0.000000 1.238070 128 255 83
-82.000000 0.000000 1.154700 125 255 86
-80.000000 0.000000 0.982865 121 254 89
-78.000000 0.000000 1.239900 128 255 83
-76.000000 0.000000 0.374614 101 253 105
-74.000000 0.000000 0.123065 93 252 111
-72.000000 0.000000 0.465815 105 253 102
-70.000000 0.000000 0.552797 105 253 102
-68.000000 0.000000 0.902549 117 254 92
-66.000000 0.000000 0.826756 113 254 95
-64.000000 0.000000 0.837985 117 254 92
-62.000000 0.000000 0.557118 105 253 102
-60.000000 0.000000 0.296549 97 252 108
-58.000000 0.000000 0.570563 105 253 102
-56.000000 0.000000 0.382050 101 253 105
-54.000000 0.000000 0.417594 101 253 105
-52.000000 0.000000 0.342724 101 253 105
-50.000000 0.000000 0.592666 109 254 98
-48.000000 0.000000 0.439611 101 253 105
-46.000000 0.000000 0.114062 93 252 111
-44.000000 0.000000 0.309733 97 252 108
-42.000000 0.000000 0.227507 97 252 108
-40.000000 0.000000 0.275339 97 252 108
-38.000000 0.000000 0.552046 105 253 102
-36.000000 0.000000 1.155190 125 255 86
-34.000000 0.000000 1.149530 125 255 86
-32.000000 0.000000 1.119190 125 255 86
-30.000000 0.000000 1.109950 125 255 86
-28.000000 0.000000 0.350702 101 253 105
-26.000000 0.000000 0.218375 97 252 108
-24.000000 0.000000 1.376810 132 255 81
-22.000000 0.000000 2.038700 150 254 68
-20.000000 0.000000 0.547548 105 253 102
-18.000000 0.000000 1.980610 146 255 71
-16.000000 0.000000 2.907250 169 251 57
-14.000000 0.000000 3.771710 185 246 53
-12.000000 0.000000 1.780950 143 255 73
-10.000000 0.000000 1.544340 136 255 78
-8.000000 0.000000 0.288872 97 252 108
-6.000000 0.000000 -0.041763 89 251 115
-4.000000 0.000000 1.018370 121 254 89
-2.000000 0.000000 1.928060 146 255 71
0.000000 0.000000 2.860520 167 252 58
2.000000 0.000000 3.128250 172 251 56
4.000000 0.000000 3.101840 172 251 56
6.000000 0.000000 2.775370 167 252 58
8.000000 0.000000 2.615840 161 253 61
10.000000 0.000000 2.480170 159 253 63
12.000000 0.000000 1.700130 139 255 75
14.000000 0.000000 1.044890 121 254 89
16.000000 0.000000 1.525530 136 255 78
18.000000 0.000000 1.549790 136 255 78
20.000000 0.000000 1.709730 139 255 75
22.000000 0.000000 1.861740 143 255 73
24.000000 0.000000 1.410910 132 255 81
26.000000 0.000000 0.573107 105 253 102
28.000000 0.000000 0.372746 101 253 105
30.000000 0.000000 0.440662 101 253 105
32.000000 0.000000 0.594896 109 254 98
34.000000 0.000000 0.258524 97 252 108
36.000000 0.000000 1.858050 143 255 73
38.000000 0.000000 1.285780 128 255 83
40.000000 0.000000 0.594399 109 254 98
42.000000 0.000000 0.418989 101 253 105
44.000000 0.000000 -1.188130 56 244 145
46.000000 0.000000 -2.826740 26 228 182
48.000000 0.000000 -1.080610 60 245 142
50.000000 0.000000 0.473160 105 253 102
52.000000 0.000000 -0.638881 70 248 132
54.000000 0.000000 -2.456740 31 233 175
64.000000 0.000000 -4.245400 26 210 210
66.000000 0.000000 -3.726940 24 217 200
68.000000 0.000000 -4.693300 30 203 218
70.000000 0.000000 -4.897490 32 199 223
72.000000 0.000000 -4.960570 32 199 223
74.000000 0.000000 -5.413260 39 190 233
76.000000 0.000000 -5.134150 35 195 228
78.000000 0.000000 -5.821700 44 183 240
80.000000 0.000000 -5.840440 44 183 240
82.000000 0.000000 -6.151930 49 175 245
84.000000 0.000000 -6.757870 56 165 251
86.000000 0.000000 -6.652020 56 165 251
88.000000 0.000000 -5.308160 37 192 231
90.000000 0.000000 -6.203850 49 175 245
92.000000 0.000000 -6.260920 51 173 247
94.000000 0.000000 -5.256540 37 192 231
96.000000 0.000000 -5.991310 46 180 242
98.000000 0.000000 -7.217340 62 155 254
100.000000 0.000000 -7.897020 68 143 254
102.000000 0.000000 -8.047460 69 140 253
104.000000 0.000000 -7.438950 65 150 255
106.000000 0.000000 -6.880120 58 163 252
108.000000 0.000000 -8.125520 69 138 252
110.000000 0.000000 -9.034440 71 120 240
112.000000 0.000000 -8.614730 70 128 246
114.000000 0.000000 -9.584530 71 110 230
116.000000 0.000000 -10.176400 70 97 214
118.000000 0.000000 -9.074360 71 120 240
120.000000 0.000000 -8.965610 71 120 240
122.000000 0.000000 -9.790360 70 105 224
124.000000 0.000000 -10.091000 70 100 218
126.000000 0.000000 -10.341300 69 94 211
128.000000 0.000000 -10.254100 69 94 211
130.000000 0.000000 -11.036000 67 78 186
132.000000 0.000000 -12.349900 60 50 134
134.000000 0.000000 -10.996000 68 81 191
136.000000 0.000000 -11.448100 65 70 172
138.000000 0.000000 -11.922200 63 62 156
140.000000 0.000000 -12.212300 61 53 139
142.000000 0.000000 -12.240600 61 53 139
144.000000 0.000000 -11.863200 63 62 156
146.000000 0.000000 -12.551000 59 47 128
148.000000 0.000000 -13.308700 53 30 88
150.000000 0.000000 -13.599300 51 24 74
152.000000 0.000000 -13.944900 48 18 59
154.000000 0.000000 -12.917100 56 39 109
156.000000 0.000000 -9.201770 71 118 238
158.000000 0.000000 -19.224100 48 18 59
-202.000000 -2.000000 -21.546800 48 18 59
-200.000000 -2.000000 -20.058700 48 18 59
-198.000000 -2.000000 -17.986700 48 18 59
-196.000000 -2.000000 -18.556300 48 18 59
-194.000000 -2.000000 -16.026700 48 18 59
-192.000000 -2.000000 -15.957700 48 18 59
-190.000000 -2.000000 -17.109800 48 18 59
-188.000000 -2.000000 -15.457100 48 18 59
-186.000000 -2.000000 -14.155100 48 18 59
-184.000000 -2.000000 -15.273800 48 18 59
-182.000000 -2.000000 -15.868200 48 18 59
-180.000000 -2.000000 -16.993900 48 18 59
-178.000000 -2.000000 -14.768200 48 18 59
-176.000000 -2.000000 -14.196100 48 18 59
-174.000000 -2.000000 -13.902700 48 18 59
-172.000000 -2.000000 -12.712700 57 42 115
-170.000000 -2.000000 -10.752300 68 86 199
-168.000000 -2.000000 -10.340400 69 94 211
-166.000000 -2.000000 -9.992640 70 100 218
-164.000000 -2.000000 -10.205800 70 97 214
-162.000000 -2.000000 -9.406790 71 113 233
-160.000000 -2.000000 -7.357300 64 153 255
-158.000000 -2.000000 -6.679050 56 165 251
-156.000000 -2.000000 -6.876420 58 163 252
-154.000000 -2.000000 -6.526990 55 168 250
-152.000000 -2.000000 -5.347450 37 192 231
-150.000000 -2.000000 -4.667380 30 203 218
-148.000000 -2.000000 -6.185070 49 175 245
-146.000000 -2.000000 -4.395160 27 208 213
-144.000000 -2.000000 -4.792670 31 201 221
-142.000000 -2.000000 -4.548640 28 205 216
-140.000000 -2.000000 -4.333020 27 208 213
-138.000000 -2.000000 -4.438880 27 208 213
-136.000000 -2.000000 -3.125880 25 226 187
-134.000000 -2.000000 -3.043980 25 226 187
-132.000000 -2.000000 -2.526850 29 231 178
-130.000000 -2.000000 -2.278820 32 234 172
-128.000000 -2.000000 -2.765760 28 230 180
-126.000000 -2.000000 -3.101300 25 226 187
-124.000000 -2.000000 -2.758800 28 230 180
-122.000000 -2.000000 -2.980040 25 227 185
-120.000000 -2.000000 -1.491140 47 241 155
-118.000000 -2.000000 -0.807173 67 247 135
-116.000000 -2.000000 -0.222349 82 250 122
-114.000000 -2.000000 -0.874806 63 246 138
-112.000000 -2.000000 -0.524220 74 248 128
-110.000000 -2.000000 -0.499380 74 248 128
-108.000000 -2.000000 -0.190240 85 250 118
-106.000000 -2.000000 -2.017480 37 236 167
-104.000000 -2.000000 -2.238190 34 235 170
-102.000000 -2.000000 -1.270360 53 243 148
-100.000000 -2.000000 -1.349870 53 243 148
-98.000000 -2.000000 -1.197070 56 244 145
-96.000000 -2.000000 -2.022530 37 236 167
-94.000000 -2.000000 -1.600890 47 241 155
-92.000000 -2.000000 -0.581064 74 248 128
-90.000000 -2.000000 -0.314618 82 250 122
-88.000000 -2.000000 -0.491938 74 248 128
-86.000000 -2.000000 0.519269 105 253 102
-84.000000 -2.000000 0.458314 105 253 102
-82.000000 -2.000000 0.923026 117 254 92
-80.000000 -2.000000 0.907336 117 254 92
-78.000000 -2.000000 1.362700 132 255 81
-76.000000 -2.000000 1.848570 143 255 73
-74.000000 -2.000000 1.860710 143 255 73
-72.000000 -2.000000 1.688100 139 255 75
-70.000000 -2.000000 1.520180 136 255 78
-68.000000 -2.000000 2.098920 150 254 68
-66.000000 -2.000000 2.221790 153 254 66
-64.000000 -2.000000 2.058270 150 254 68
-62.000000 -2.000000 0.849766 117 254 92
-60.000000 -2.000000 0.485507 105 253 102
-58.000000 -2.000000 2.426840 159 253 63
-56.000000 -2.000000 2.695010 164 252 60
-54.000000 -2.000000 2.715060 164 252 60
-52.000000 -2.000000 2.481750 159 253 63
-50.000000 -2.000000 2.289700 156 254 64
-48.000000 -2.000000 2.124170 153 254 66
-46.000000 -2.000000 1.959230 146 255 71
-44.000000 -2.000000 1.565570 136 255 78
-42.000000 -2.000000 1.631130 139 255 75
-40.000000 -2.000000 2.614910 161 253 61
-38.000000 -2.000000 2.600450 161 253 61
-36.000000 -2.000000 2.329440 156 254 64
-34.000000 -2.000000 1.615250 139 255 75
-32.000000 -2.000000 1.140200 125 255 86
-30.000000 -2.000000 1.025020 121 254 89
-28.000000 -2.000000 1.829240 143 255 73
-26.000000 -2.000000 2.994320 169 251 57
-24.000000 -2.000000 3.053220 172 251 56
-22.000000 -2.000000 2.736650 164 252 60
-20.000000 -2.000000 3.214370 175 250 55
-18.000000 -2.000000 2.610000 161 253 61
-16.000000 -2.000000 2.975420 169 251 57
-14.000000 -2.000000 3.366290 177 249 54
-12.000000 -2.000000 3.308900 177 249 54
-10.000000 -2.000000 2.095430 150 254 68
-8.000000 -2.000000 -0.230008 82 250 122
-6.000000 -2.000000 0.014419 89 251 115
-4.000000 -2.000000 1.471120 132 255 81
-2.000000 -2.000000 2.141330 153 254 66
0.000000 -2.000000 1.595350 136 255 78
2.000000 -2.000000 1.966500 146 255 71
4.000000 -2.000000 2.486540 159 253 63
6.000000 -2.000000 2.848470 167 252 58
8.000000 -2.000000 2.730230 164 252 60
10.000000 -2.000000 2.677510 164 252 60
12.000000 -2.000000 2.706070 164 252 60
14.000000 -2.000000 2.760160 164 252 60
16.000000 -2.000000 2.588720 161 253 61
18.000000 -2.000000 2.252450 156 254 64
20.000000 -2.000000 1.982060 146 255 71
22.000000 -2.000000 2.328990 156 254 64
24.000000 -2.000000 2.484090 159 253 63
26.000000 -2.000000 2.291220 156 254 64
28.000000 -2.000000 1.923810 146 255 71
30.000000 -2.000000 2.099640 150 254 68
32.000000 -2.000000 2.335920 156 254 64
34.000000 -2.000000 2.019470 150 254 68
36.000000 -2.000000 1.821040 143 255 73
38.000000 -2.000000 1.672470 139 255 75
40.000000 -2.000000 0.992806 121 254 89
42.000000 -2.000000 1.649260 139 255 75
44.000000 -2.000000 1.619750 139 255 75
46.000000 -2.000000 1.400430 132 255 81
48.000000 -2.000000 1.850830 143 255 73
50.000000 -2.000000 1.208090 125 255 86
52.000000 -2.000000 1.324330 128 255 83
54.000000 -2.000000 1.090230 121 254 89
56.000000 -2.000000 1.216520 125 255 86
58.000000 -2.000000 0.821096 113 254 95
60.000000 -2.000000 0.873398 117 254 92
62.000000 -2.000000 1.336480 128 255 83
64.000000 -2.000000 0.599046 109 254 98
66.000000 -2.000000 0.558895 105 253 102
68.000000 -2.000000 0.174737 93 252 111
70.000000 -2.000000 0.285025 97 252 108
72.000000 -2.000000 1.106270 125 255 86
74.000000 -2.000000 0.718848 113 254 95
76.000000 -2.000000 0.160115 93 252 111
78.000000 -2.000000 0.205104 97 252 108
80.000000 -2.000000 -0.448709 78 249 125
82.000000 -2.000000 0.119576 93 252 111
84.000000 -2.000000 0.507247 105 253 102
86.000000 -2.000000 -0.305448 82 250 122
88.000000 -2.000000 -1.133280 56 244 145
90.000000 -2.000000 -0.639195 70 248 132
92.000000 -2.000000 -0.850364 63 246 138
94.000000 -2.000000 -1.073610 60 245 142
96.000000 -2.000000 -1.618010 44 240 158
98.000000 -2.000000 -1.237520 53 243 148
100.000000 -2.000000 -0.633054 70 248 132
102.000000 -2.000000 -1.565470 47 241 155
104.000000 -2.000000 -1.427240 50 242 152
106.000000 -2.000000 -2.377600 32 234 172
108.000000 -2.000000 -1.959300 39 238 164
110.000000 -2.000000 -2.262120 32 234 172
112.000000 -2.000000 -2.297170 32 234 172
114.000000 -2.000000 -2.795570 26 228 182
116.000000 -2.000000 -2.717050 28 230 180
118.000000 -2.000000 -2.648680 28 230 180
120.000000 -2.000000 -2.485190 31 233 175
122.000000 -2.000000 -2.718510 28 230 180
124.000000 -2.000000 -2.532400 29 231 178
126.000000 -2.000000 -3.054700 25 226 187
128.000000 -2.000000 -3.555810 24 219 197
130.000000 -2.000000 -3.947140 25 213 205
132.000000 -2.000000 -3.581490 24 219 197
134.000000 -2.000000 -4.109080 26 212 208
136.000000 -2.000000 -4.614000 30 203 218
138.000000 -2.000000 -3.319560 24 222 192
140.000000 -2.000000 -3.426920 24 221 194
142.000000 -2.000000 -4.256290 26 210 210
144.000000 -2.000000 -4.577470 28 205 216
146.000000 -2.000000 -4.461130 28 205 216
148.000000 -2.000000 -4.082560 26 212 208
150.000000 -2.000000 -3.657300 24 219 197
152.000000 -2.000000 -3.873750 24 215 202
154.000000 -2.000000 -7.832920 68 143 254
156.000000 -2.000000 -13.629700 50 21 67
158.000000 -2.000000 -23.954100 48 18 59
-196.000000 -4.000000 -12.896900 56 39 109
-194.000000 -4.000000 -13.408400 52 27 81
-192.000000 -4.000000 -14.041300 48 18 59
-190.000000 -4.000000 -13.135700 54 33 95
-188.000000 -4.000000 -13.982800 48 18 59
-186.000000 -4.000000 -14.795500 48 18 59
-184.000000 -4.000000 -14.253300 48 18 59
-182.000000 -4.000000 -13.961800 48 18 59
-180.000000 -4.000000 -14.399100 48 18 59
-178.000000 -4.000000 -13.651500 50 21 67
-176.000000 -4.000000 -14.782600 48 18 59
-174.000000 -4.000000 -14.778400 48 18 59
-172.000000 -4.000000 -14.477400 48 18 59
-170.000000 -4.000000 -14.442500 48 18 59
-168.000000 -4.000000 -14.061000 48 18 59
-166.000000 -4.000000 -14.138400 48 18 59
-164.000000 -4.000000 -14.812900 48 18 59
-162.000000 -4.000000 -13.693800 50 21 67
-160.000000 -4.000000 -14.161900 48 18 59
-158.000000 -4.000000 -13.796700 48 18 59
-156.000000 -4.000000 -13.684800 50 21 67
-154.000000 -4.000000 -13.543900 51 24 74
-152.000000 -4.000000 -12.615100 58 45 121
-150.000000 -4.000000 -12.774400 57 42 115
-148.000000 -4.000000 -11.942300 63 59 151
-146.000000 -4.000000 -11.790000 64 64 162
-144.000000 -4.000000 -10.467700 69 92 207
-142.000000 -4.000000 -9.899110 70 102 221
-140.000000 -4.000000 -8.645000 70 128 246
-138.000000 -4.000000 -8.443470 70 133 250
-136.000000 -4.000000 -8.556490 70 130 248
-134.000000 -4.000000 -7.353860 64 153 255
-132.000000 -4.000000 -7.803950 68 143 254
-130.000000 -4.000000 -7.101130 61 158 254
-128.000000 -4.000000 -5.755810 44 183 240
-126.000000 -4.000000 -4.790090 31 201 221
-124.000000 -4.000000 -4.824810 31 201 221
-122.000000 -4.000000 -4.062790 26 212 208
-120.000000 -4.000000 -3.552750 24 219 197
-118.000000 -4.000000 -2.639690 29 231 178
-116.000000 -4.000000 -2.759430 28 230 180
-114.000000 -4.000000 -2.056890 37 236 167
-112.000000 -4.000000 -3.350530 24 222 192
-110.000000 -4.000000 -2.013890 37 236 167
-108.000000 -4.000000 -1.285890 53 243 148
-106.000000 -4.000000 -0.923329 63 246 138
-104.000000 -4.000000 -1.241250 53 243 148
-102.000000 -4.000000 -0.550783 74 248 128
-100.000000 -4.000000 -1.220690 56 244 145
-98.000000 -4.000000 -0.710422 70 248 132
-96.000000 -4.000000 0.359443 101 253 105
-94.000000 -4.000000 -0.194237 85 250 118
-92.000000 -4.000000 -0.526996 74 248 128
-90.000000 -4.000000 -0.649381 70 248 132
-88.000000 -4.000000 0.500099 105 253 102
-86.000000 -4.000000 -1.325060 53 243 148
-84.000000 -4.000000 -1.173860 56 244 145
-82.000000 -4.000000 -0.355910 78 249 125
-80.000000 -4.000000 -0.521536 74 248 128
-78.000000 -4.000000 0.104155 93 252 111
-76.000000 -4.000000 -0.074885 85 250 118
-74.000000 -4.000000 0.056865 89 251 115
-72.000000 -4.000000 0.046546 89 251 115
-70.000000 -4.000000 0.037791 89 251 115
-68.000000 -4.000000 0.028016 89 251 115
-66.000000 -4.000000 0.146809 93 252 111
-64.000000 -4.000000 -0.625757 70 248 132
-62.000000 -4.000000 1.366150 132 255 81
-60.000000 -4.000000 2.178530 153 254 66
-58.000000 -4.000000 0.350472 101 253 105
-56.000000 -4.000000 0.635497 109 254 98
-54.000000 -4.000000 0.904701 117 254 92
-52.000000 -4.000000 0.185453 93 252 111
-50.000000 -4.000000 0.339433 101 253 105
-48.000000 -4.000000 0.669712 109 254 98
-46.000000 -4.000000 1.114390 125 255 86
-44.000000 -4.000000 1.097040 125 255 86
-42.000000 -4.000000 1.185210 125 255 86
-40.000000 -4.000000 -0.023273 89 251 115
-38.000000 -4.000000 1.416600 132 255 81
-36.000000 -4.000000 2.000900 150 254 68
-34.000000 -4.000000 1.720850 139 255 75
-32.000000 -4.000000 0.157183 93 252 111
-30.000000 -4.000000 0.316431 97 252 108
-28.000000 -4.000000 -0.057552 89 251 115
-26.000000 -4.000000 -0.434743 78 249 125
-24.000000 -4.000000 0.065245 93 252 111
-22.000000 -4.000000 -0.961902 63 246 138
-20.000000 -4.000000 -0.297541 82 250 122
-18.000000 -4.000000 0.005666 89 251 115
-16.000000 -4.000000 -0.497334 74 248 128
-14.000000 -4.000000 -1.253070 53 243 148
-12.000000 -4.000000 -0.685004 70 248 132
-10.000000 -4.000000 -0.692201 70 248 132
-8.000000 -4.000000 1.804840 143 255 73
-6.000000 -4.000000 2.084740 150 254 68
-4.000000 -4.000000 0.052161 89 251 115
-2.000000 -4.000000 -1.160080 56 244 145
0.000000 -4.000000 0.021006 89 251 115
2.000000 -4.000000 -0.699207 70 248 132
4.000000 -4.000000 -2.209250 34 235 170
6.000000 -4.000000 -2.110500 37 236 167
8.000000 -4.000000 -1.768910 42 239 161
10.000000 -4.000000 -2.978880 25 227 185
12.000000 -4.000000 -3.042110 25 226 187
14.000000 -4.000000 -1.687860 44 240 158
16.000000 -4.000000 -1.452150 50 242 152
18.000000 -4.000000 -1.575880 47 241 155
20.000000 -4.000000 -1.806700 42 239 161
22.000000 -4.000000 -1.230040 53 243 148
24.000000 -4.000000 -1.441620 50 242 152
26.000000 -4.000000 -0.737459 67 247 135
28.000000 -4.000000 -0.045021 89 251 115
30.000000 -4.000000 -0.605407 70 248 132
32.000000 -4.000000 -2.082320 37 236 167
34.000000 -4.000000 -2.649700 28 230 180
36.000000 -4.000000 -2.057780 37 236 167
38.000000 -4.000000 -1.302320 53 243 148
40.000000 -4.000000 -1.378230 50 242 152
42.000000 -4.000000 -2.514100 31 233 175
44.000000 -4.000000 -2.475490 31 233 175
46.000000 -4.000000 -0.645012 70 248 132
48.000000 -4.000000 0.232052 97 252 108
50.000000 -4.000000 -0.175383 85 250 118
52.000000 -4.000000 -0.962380 63 246 138
54.000000 -4.000000 -1.702950 44 240 158
56.000000 -4.000000 -1.279160 53 243 148
58.000000 -4.000000 -0.859879 63 246 138
60.000000 -4.000000 -1.274760 53 243 148
62.000000 -4.000000 -1.458280 50 242 152
64.000000 -4.000000 -1.126690 56 244 145
66.000000 -4.000000 -1.122890 56 244 145
68.000000 -4.000000 -2.089880 37 236 167
70.000000 -4.000000 -1.800420 42 239 161
72.000000 -4.000000 -1.743890 42 239 161
74.000000 -4.000000 -1.255630 53 243 148
76.000000 -4.000000 -2.193200 34 235 170
78.000000 -4.000000 -2.795820 26 228 182
80.000000 -4.000000 -2.450850 31 233 175
82.000000 -4.000000 -3.206900 24 224 189
84.000000 -4.000000 -3.963020 25 213 205
86.000000 -4.000000 -3.082680 25 226 187
88.000000 -4.000000 -2.765880 28 230 180
90.000000 -4.000000 -2.495540 31 233 175
92.000000 -4.000000 -2.920610 25 227 185
94.000000 -4.000000 -2.693330 28 230 180
96.000000 -4.000000 -1.125560 56 244 145
98.000000 -4.000000 -2.793420 26 228 182
100.000000 -4.000000 -3.011260 25 227 185
102.000000 -4.000000 -3.526100 24 221 194
104.000000 -4.000000 -4.337510 27 208 213
106.000000 -4.000000 -1.374270 50 242 152
108.000000 -4.000000 -1.803170 42 239 161
110.000000 -4.000000 -3.155680 25 226 187
112.000000 -4.000000 -2.338570 32 234 172
114.000000 -4.000000 -2.741960 28 230 180
116.000000 -4.000000 -2.625880 29 231 178
118.000000 -4.000000 -3.174880 24 224 189
120.000000 -4.000000 -3.869080 24 215 202
122.000000 -4.000000 -3.779440 24 217 200
124.000000 -4.000000 -4.920700 32 199 223
126.000000 -4.000000 -3.169830 24 224 189
128.000000 -4.000000 -3.689630 24 217 200
130.000000 -4.000000 -2.166190 34 235 170
132.000000 -4.000000 -2.341900 32 234 172
134.000000 -4.000000 -3.190600 24 224 189
136.000000 -4.000000 -1.927420 39 238 164
138.000000 -4.000000 -3.880320 24 215 202
140.000000 -4.000000 -4.094210 26 212 208
142.000000 -4.000000 -2.278670 32 234 172
144.000000 -4.000000 -1.698540 44 240 158
146.000000 -4.000000 -1.708180 44 240 158
148.000000 -4.000000 -4.244160 26 210 210
150.000000 -4.000000 -5.127380 35 195 228
152.000000 -4.000000 -5.168430 35 195 228
154.000000 -4.000000 -5.712320 42 185 238
-194.000000 -6.000000 -7.318380 64 153 255
-192.000000 -6.000000 -6.305240 51 173 247
-190.000000 -6.000000 -5.577060 40 188 235
-188.000000 -6.000000 -3.319810 24 222 192
-186.000000 -6.000000 -3.568280 24 219 197
-184.000000 -6.000000 -3.296410 24 222 192
-182.000000 -6.000000 -3.843570 24 215 202
-180.000000 -6.000000 -2.973210 25 227 185
-178.000000 -6.000000 -3.781160 24 217 200
-176.000000 -6.000000 -3.655080 24 219 197
-174.000000 -6.000000 -3.577750 24 219 197
-172.000000 -6.000000 -4.336400 27 208 213
-170.000000 -6.000000 -5.074880 34 197 226
-168.000000 -6.000000 -5.905860 46 180 242
-166.000000 -6.000000 -4.853450 32 199 223
-164.000000 -6.000000 -5.049010 34 197 226
-162.000000 -6.000000 -5.012560 34 197 226
-160.000000 -6.000000 -4.520210 28 205 216
-158.000000 -6.000000 -4.947690 32 199 223
-156.000000 -6.000000 -5.820440 44 183 240
-154.000000 -6.000000 -6.007860 47 178 244
-152.000000 -6.000000 -5.875980 46 180 242
-150.000000 -6.000000 -5.629410 42 185 238
-148.000000 -6.000000 -6.368130 51 173 247
-146.000000 -6.000000 -6.236100 49 175 245
-144.000000 -6.000000 -5.689430 42 185 238
-142.000000 -6.000000 -6.414900 53 171 248
-140.000000 -6.000000 -6.609800 55 168 250
-138.000000 -6.000000 -6.804110 58 163 252
-136.000000 -6.000000 -7.792340 67 145 254
-134.000000 -6.000000 -7.290630 64 153 255
-132.000000 -6.000000 -7.383490 64 153 255
-130.000000 -6.000000 -6.641490 56 165 251
-128.000000 -6.000000 -6.851840 58 163 252
-126.000000 -6.000000 -6.789340 58 163 252
-124.000000 -6.000000 -6.987040 59 160 253
-122.000000 -6.000000 -6.379350 51 173 247
-120.000000 -6.000000 -6.330280 51 173 247
-118.000000 -6.000000 -6.212220 49 175 245
-116.000000 -6.000000 -6.721000 56 165 251
-114.000000 -6.000000 -6.010970 47 178 244
-112.000000 -6.000000 -5.521360 40 188 235
-110.000000 -6.000000 -5.682640 42 185 238
-108.000000 -6.000000 -5.090530 34 197 226
-106.000000 -6.000000 -5.629800 42 185 238
-104.000000 -6.000000 -5.842330 44 183 240
-102.000000 -6.000000 -6.292060 51 173 247
-100.000000 -6.000000 -4.774550 31 201 221
-98.000000 -6.000000 -4.050200 25 213 205
-96.000000 -6.000000 -2.923650 25 227 185
-94.000000 -6.000000 -3.430340 24 221 194
-92.000000 -6.000000 -3.031970 25 226 187
-90.000000 -6.000000 -2.026830 37 236 167
-88.000000 -6.000000 -2.083130 37 236 167
-86.000000 -6.000000 -0.214580 82 250 122
-84.000000 -6.000000 -0.451248 78 249 125
-82.000000 -6.000000 -0.840931 63 246 138
-80.000000 -6.000000 -1.061250 60 245 142
-78.000000 -6.000000 -0.731469 67 247 135
-76.000000 -6.000000 -1.042860 60 245 142
-74.000000 -6.000000 -0.842400 63 246 138
-72.000000 -6.000000 0.976871 121 254 89
-70.000000 -6.000000 -0.345974 78 249 125
-68.000000 -6.000000 0.086101 93 252 111
-66.000000 -6.000000 0.971676 121 254 89
-64.000000 -6.000000 2.203040 153 254 66
-62.000000 -6.000000 1.081360 121 254 89
-60.000000 -6.000000 1.392490 132 255 81
-58.000000 -6.000000 2.811330 167 252 58
-56.000000 -6.000000 2.392350 159 253 63
-54.000000 -6.000000 2.486230 159 253 63
-52.000000 -6.000000 2.302710 156 254 64
-50.000000 -6.000000 2.782410 167 252 58
-48.000000 -6.000000 2.584800 161 253 61
-46.000000 -6.000000 2.417620 159 253 63
-44.000000 -6.000000 2.308910 156 254 64
-42.000000 -6.000000 2.971730 169 251 57
-40.000000 -6.000000 2.389490 159 253 63
-38.000000 -6.000000 2.317510 156 254 64
-36.000000 -6.000000 3.329870 177 249 54
-34.000000 -6.000000 3.296600 177 249 54
-32.000000 -6.000000 2.644230 164 252 60
-30.000000 -6.000000 2.777990 167 252 58
-28.000000 -6.000000 2.764560 164 252 60
-26.000000 -6.000000 3.049810 172 251 56
-24.000000 -6.000000 3.438690 180 248 54
-22.000000 -6.000000 3.597850 183 247 53
-20.000000 -6.000000 3.244990 175 250 55
-18.000000 -6.000000 3.188450 175 250 55
-16.000000 -6.000000 3.044900 172 251 56
-14.000000 -6.000000 3.318550 177 249 54
-12.000000 -6.000000 4.065120 193 243 52
-10.000000 -6.000000 4.049960 190 244 52
-8.000000 -6.000000 3.871200 188 245 52
-6.000000 -6.000000 4.182510 193 243 52
-4.000000 -6.000000 3.400640 177 249 54
-2.000000 -6.000000 3.399050 177 249 54
0.000000 -6.000000 3.865910 188 245 52
2.000000 -6.000000 3.428300 180 248 54
4.000000 -6.000000 3.263880 175 250 55
6.000000 -6.000000 3.865180 188 245 52
8.000000 -6.000000 2.960770 169 251 57
10.000000 -6.000000 3.265640 175 250 55
12.000000 -6.000000 2.947320 169 251 57
14.000000 -6.000000 2.339330 156 254 64
16.000000 -6.000000 2.658200 164 252 60
18.000000 -6.000000 2.514450 161 253 61
20.000000 -6.000000 2.513570 161 253 61
22.000000 -6.000000 2.520920 161 253 61
24.000000 -6.000000 1.777950 143 255 73
26.000000 -6.000000 1.191200 125 255 86
28.000000 -6.000000 1.037660 121 254 89
30.000000 -6.000000 0.867836 117 254 92
32.000000 -6.000000 0.689047 109 254 98
34.000000 -6.000000 0.869820 117 254 92
36.000000 -6.000000 1.033990 121 254 89
38.000000 -6.000000 0.750435 113 254 95
40.000000 -6.000000 -0.008230 89 251 115
42.000000 -6.000000 0.776169 113 254 95
44.000000 -6.000000 0.467875 105 253 102
46.000000 -6.000000 -0.724121 67 247 135
48.000000 -6.000000 -0.383517 78 249 125
50.000000 -6.000000 -0.991742 60 245 142
52.000000 -6.000000 -0.969355 63 246 138
54.000000 -6.000000 -1.126870 56 244 145
56.000000 -6.000000 -0.808678 67 247 135
58.000000 -6.000000 -0.351194 78 249 125
60.000000 -6.000000 -0.802396 67 247 135
62.000000 -6.000000 -0.950726 63 246 138
64.000000 -6.000000 -1.407160 50 242 152
66.000000 -6.000000 -1.876120 39 238 164
68.000000 -6.000000 -1.196370 56 244 145
70.000000 -6.000000 -0.546141 74 248 128
72.000000 -6.000000 -1.836970 42 239 161
74.000000 -6.000000 -1.937290 39 238 164
76.000000 -6.000000 -1.748230 42 239 161
78.000000 -6.000000 -2.519050 29 231 178
80.000000 -6.000000 -3.502700 24 221 194
82.000000 -6.000000 -2.340950 32 234 172
84.000000 -6.000000 -1.476170 50 242 152
86.000000 -6.000000 -2.272580 32 234 172
88.000000 -6.000000 -2.924730 25 227 185
90.000000 -6.000000 -3.400260 24 222 192
92.000000 -6.000000 -3.829140 24 215 202
94.000000 -6.000000 -3.631670 24 219 197
96.000000 -6.000000 -3.971100 25 213 205
98.000000 -6.000000 -3.236370 24 224 189
100.000000 -6.000000 -4.016270 25 213 205
102.000000 -6.000000 -3.942750 25 213 205
104.000000 -6.000000 -3.933510 24 215 202
106.000000 -6.000000 -5.147970 35 195 228
108.000000 -6.000000 -6.449850 53 171 248
110.000000 -6.000000 -5.276320 37 192 231
112.000000 -6.000000 -4.713660 31 201 221
114.000000 -6.000000 -5.641380 42 185 238
116.000000 -6.000000 -5.862360 44 183 240
118.000000 -6.000000 -5.913000 46 180 242
120.000000 -6.000000 -6.150120 49 175 245
122.000000 -6.000000 -5.726570 42 185 238
124.000000 -6.000000 -7.157190 62 155 254
126.000000 -6.000000 -7.717220 67 145 254
128.000000 -6.000000 -6.928860 59 160 253
130.000000 -6.000000 -7.789320 67 145 254
132.000000 -6.000000 -8.152230 69 138 252
134.000000 -6.000000 -8.203900 70 135 251
136.000000 -6.000000 -10.367500 69 94 211
138.000000 -6.000000 -8.309470 70 135 251
140.000000 -6.000000 -8.295680 70 135 251
142.000000 -6.000000 -9.219390 71 115 235
144.000000 -6.000000 -9.845200 70 105 224
146.000000 -6.000000 -10.332500 69 94 211
148.000000 -6.000000 -10.465200 69 92 207
150.000000 -6.000000 -10.181300 70 97 214
152.000000 -6.000000 -15.652700 48 18 59
-190.000000 -8.000000 -6.546380 55 168 250
-188.000000 -8.000000 -7.330140 64 153 255
-186.000000 -8.000000 -5.436380 39 190 233
-184.000000 -8.000000 -3.910910 24 215 202
-182.000000 -8.000000 -4.988640 34 197 226
-180.000000 -8.000000 -3.310830 24 222 192
-178.000000 -8.000000 -1.440880 50 242 152
-176.000000 -8.000000 -1.047290 60 245 142
-174.000000 -8.000000 -3.562550 24 219 197
-172.000000 -8.000000 -1.855270 42 239 161
-170.000000 -8.000000 -0.836591 67 247 135
-168.000000 -8.000000 0.196370 97 252 108
-166.000000 -8.000000 -0.431321 78 249 125
-164.000000 -8.000000 -1.128980 56 244 145
-162.000000 -8.000000 0.164875 93 252 111
-160.000000 -8.000000 -0.037042 89 251 115
-158.000000 -8.000000 -0.022880 89 251 115
-156.000000 -8.000000 -0.893090 63 246 138
-154.000000 -8.000000 0.043340 89 251 115
-152.000000 -8.000000 -0.104851 85 250 118
-150.000000 -8.000000 0.260219 97 252 108
-148.000000 -8.000000 1.245240 128 255 83
-146.000000 -8.000000 -0.558790 74 248 128
-144.000000 -8.000000 1.125500 125 255 86
-142.000000 -8.000000 0.840904 117 254 92
-140.000000 -8.000000 1.045270 121 254 89
-138.000000 -8.000000 1.046980 121 254 89
-136.000000 -8.000000 1.646930 139 255 75
-134.000000 -8.000000 0.112349 93 252 111
-132.000000 -8.000000 0.674425 109 254 98
-130.000000 -8.000000 0.667096 109 254 98
-128.000000 -8.000000 1.039660 121 254 89
-126.000000 -8.000000 1.192880 125 255 86
-124.000000 -8.000000 0.341664 101 253 105
-122.000000 -8.000000 -0.593298 70 248 132
-120.000000 -8.000000 -0.020786 89 251 115
-118.000000 -8.000000 0.744351 113 254 95
-116.000000 -8.000000 0.254722 97 252 108
-114.000000 -8.000000 -0.276896 82 250 122
-112.000000 -8.000000 -0.230752 82 250 122
-110.000000 -8.000000 0.026246 89 251 115
-108.000000 -8.000000 -0.149247 85 250 118
-106.000000 -8.000000 -0.558656 74 248 128
-104.000000 -8.000000 -0.324507 82 250 122
-102.000000 -8.000000 0.370621 101 253 105
-100.000000 -8.000000 0.360739 101 253 105
-98.000000 -8.000000 -0.548971 74 248 128
-96.000000 -8.000000 -0.098489 85 250 118
-94.000000 -8.000000 -0.899794 63 246 138
-92.000000 -8.000000 -0.820176 67 247 135
-90.000000 -8.000000 -0.734092 67 247 135
-88.000000 -8.000000 -0.555837 74 248 128
-86.000000 -8.000000 -1.001290 60 245 142
-84.000000 -8.000000 -0.826509 67 247 135
-82.000000 -8.000000 -0.494037 74 248 128
-80.000000 -8.000000 -1.011350 60 245 142
-78.000000 -8.000000 -1.017660 60 245 142
-76.000000 -8.000000 -0.602919 70 248 132
-74.000000 -8.000000 -1.112520 56 244 145
-72.000000 -8.000000 -0.665895 70 248 132
-70.000000 -8.000000 -0.857992 63 246 138
-68.000000 -8.000000 -0.949398 63 246 138
-66.000000 -8.000000 -0.598384 70 248 132
-64.000000 -8.000000 -0.753792 67 247 135
-62.000000 -8.000000 -0.269643 82 250 122
-60.000000 -8.000000 -0.131542 85 250 118
-58.000000 -8.000000 -0.572254 74 248 128
-56.000000 -8.000000 -0.525595 74 248 128
-54.000000 -8.000000 -0.375256 78 249 125
-52.000000 -8.000000 -0.040850 89 251 115
-50.000000 -8.000000 -0.425454 78 249 125
-48.000000 -8.000000 0.139622 93 252 111
-46.000000 -8.000000 0.115131 93 252 111
-44.000000 -8.000000 0.322204 101 253 105
-42.000000 -8.000000 0.618384 109 254 98
-40.000000 -8.000000 0.217672 97 252 108
-38.000000 -8.000000 -0.072351 85 250 118
-36.000000 -8.000000 1.081110 121 254 89
-34.000000 -8.000000 1.345990 128 255 83
-32.000000 -8.000000 1.592270 136 255 78
-30.000000 -8.000000 2.417780 159 253 63
-28.000000 -8.000000 2.925890 169 251 57
-26.000000 -8.000000 3.942780 190 244 52
-24.000000 -8.000000 4.161930 193 243 52
-22.000000 -8.000000 6.579080 235 211 57
-20.000000 -8.000000 3.650990 183 247 53
-18.000000 -8.000000 2.147650 153 254 66
-16.000000 -8.000000 3.267380 175 250 55
-14.000000 -8.000000 5.012420 210 233 53
-12.000000 -8.000000 3.652540 183 247 53
-10.000000 -8.000000 4.219350 195 241 52
-8.000000 -8.000000 5.551250 219 226 54
-6.000000 -8.000000 6.102410 227 219 56
-4.000000 -8.000000 5.238820 215 229 53
-2.000000 -8.000000 4.206960 195 241 52
0.000000 -8.000000 4.543640 200 239 52
2.000000 -8.000000 5.432310 217 228 54
4.000000 -8.000000 2.915280 169 251 57
6.000000 -8.000000 3.591540 183 247 53
8.000000 -8.000000 4.574970 203 237 52
10.000000 -8.000000 3.967580 190 244 52
12.000000 -8.000000 4.222230 195 241 52
14.000000 -8.000000 4.156700 193 243 52
16.000000 -8.000000 2.981290 169 251 57
18.000000 -8.000000 3.043880 172 251 56
20.000000 -8.000000 3.435370 180 248 54
22.000000 -8.000000 4.022710 190 244 52
24.000000 -8.000000 3.160390 175 250 55
26.000000 -8.000000 3.907300 188 245 52
28.000000 -8.000000 4.511650 200 239 52
30.000000 -8.000000 3.712140 185 246 53
32.000000 -8.000000 2.493670 159 253 63
34.000000 -8.000000 1.299380 128 255 83
36.000000 -8.000000 2.655880 164 252 60
38.000000 -8.000000 2.009470 150 254 68
40.000000 -8.000000 0.205404 97 252 108
42.000000 -8.000000 -0.089200 85 250 118
44.000000 -8.000000 1.105700 125 255 86
46.000000 -8.000000 0.682006 109 254 98
48.000000 -8.000000 0.541418 105 253 102
50.000000 -8.000000 1.461450 132 255 81
52.000000 -8.000000 0.835122 117 254 92
54.000000 -8.000000 0.089510 93 252 111
56.000000 -8.000000 0.151043 93 252 111
58.000000 -8.000000 -0.820000 67 247 135
60.000000 -8.000000 -1.599210 47 241 155
62.000000 -8.000000 -0.963571 63 246 138
64.000000 -8.000000 -2.928340 25 227 185
66.000000 -8.000000 -3.130590 25 226 187
68.000000 -8.000000 -3.573800 24 219 197
70.000000 -8.000000 -4.016270 25 213 205
72.000000 -8.000000 -3.914810 24 215 202
74.000000 -8.000000 -3.546230 24 221 194
76.000000 -8.000000 -3.301140 24 222 192
78.000000 -8.000000 -3.627960 24 219 197
82.000000 -8.000000 -6.228160 49 175 245
84.000000 -8.000000 -5.625750 42 185 238
86.000000 -8.000000 -6.631790 55 168 250
88.000000 -8.000000 -7.303670 64 153 255
90.000000 -8.000000 -7.967150 69 140 253
92.000000 -8.000000 -7.146350 61 158 254
94.000000 -8.000000 -6.248370 49 175 245
96.000000 -8.000000 -7.033920 61 158 254
98.000000 -8.000000 -7.722060 67 145 254
100.000000 -8.000000 -8.638680 70 128 246
102.000000 -8.000000 -8.289080 70 135 251
104.000000 -8.000000 -7.554120 66 148 255
106.000000 -8.000000 -9.537160 71 110 230
108.000000 -8.000000 -7.658310 66 148 255
110.000000 -8.000000 -9.174030 71 118 238
112.000000 -8.000000 -10.023700 70 100 218
114.000000 -8.000000 -11.677600 64 64 162
116.000000 -8.000000 -10.070900 70 100 218
118.000000 -8.000000 -10.138300 70 97 214
120.000000 -8.000000 -11.246000 66 75 181
122.000000 -8.000000 -12.742100 57 42 115
124.000000 -8.000000 -12.651500 58 45 121
126.000000 -8.000000 -12.767600 57 42 115
128.000000 -8.000000 -13.240700 53 30 88
130.000000 -8.000000 -13.291200 53 30 88
132.000000 -8.000000 -13.726200 50 21 67
134.000000 -8.000000 -13.042400 55 36 102
136.000000 -8.000000 -12.027500 63 59 151
138.000000 -8.000000 -14.024000 48 18 59
140.000000 -8.000000 -13.499700 51 24 74
142.000000 -8.000000 -13.999600 48 18 59
144.000000 -8.000000 -14.259400 48 18 59
146.000000 -8.000000 -15.690000 48 18 59
148.000000 -8.000000 -14.630000 48 18 59
150.000000 -8.000000 -15.992100 48 18 59
-188.000000 -10.000000 -12.583800 58 45 121
-186.000000 -10.000000 -13.020300 55 36 102
-184.000000 -10.000000 -13.621800 50 21 67
-182.000000 -10.000000 -13.269600 53 30 88
-180.000000 -10.000000 -13.120500 54 33 95
-178.000000 -10.000000 -13.258900 53 30 88
-176.000000 -10.000000 -12.208100 61 53 139
-174.000000 -10.000000 -9.709590 70 107 227
-172.000000 -10.000000 -9.250580 71 115 235
-170.000000 -10.000000 -10.539700 69 89 203
-168.000000 -10.000000 -10.745100 68 86 199
-166.000000 -10.000000 -8.932600 71 123 242
-164.000000 -10.000000 -8.069180 69 138 252
-162.000000 -10.000000 -8.013850 69 140 253
-160.000000 -10.000000 -7.494710 65 150 255
-158.000000 -10.000000 -6.661360 56 165 251
-156.000000 -10.000000 -6.434910 53 171 248
-154.000000 -10.000000 -6.414190 53 171 248
-152.000000 -10.000000 -6.609000 55 168 250
-150.000000 -10.000000 -4.937240 32 199 223
-148.000000 -10.000000 -4.750110 31 201 221
-146.000000 -10.000000 -4.474130 28 205 216
-144.000000 -10.000000 -4.052630 25 213 205
-142.000000 -10.000000 -3.988580 25 213 205
-140.000000 -10.000000 -4.010940 25 213 205
-138.000000 -10.000000 -4.035260 25 213 205
-136.000000 -10.000000 -4.136630 26 212 208
-134.000000 -10.000000 -3.898540 24 215 202
-132.000000 -10.000000 -3.755010 24 217 200
-130.000000 -10.000000 -3.796580 24 217 200
-128.000000 -10.000000 -4.130820 26 212 208
-126.000000 -10.000000 -3.343290 24 222 192
-124.000000 -10.000000 -3.124290 25 226 187
-122.000000 -10.000000 -3.008760 25 227 185
-120.000000 -10.000000 -4.152640 26 212 208
-118.000000 -10.000000 -3.801590 24 217 200
-116.000000 -10.000000 -1.494660 47 241 155
-114.000000 -10.000000 -1.086430 60 245 142
-112.000000 -10.000000 -1.091600 60 245 142
-110.000000 -10.000000 -2.087430 37 236 167
-108.000000 -10.000000 -1.771520 42 239 161
-106.000000 -10.000000 -1.104770 56 244 145
-104.000000 -10.000000 -1.690010 44 240 158
-102.000000 -10.000000 -2.409440 31 233 175
-100.000000 -10.000000 -1.760310 42 239 161
-98.000000 -10.000000 -1.750900 42 239 161
-96.000000 -10.000000 -2.513830 31 233 175
-94.000000 -10.000000 -1.360750 50 242 152
-92.000000 -10.000000 -0.733128 67 247 135
-90.000000 -10.000000 -0.675107 70 248 132
-88.000000 -10.000000 -0.098608 85 250 118
-86.000000 -10.000000 0.834346 113 254 95
-84.000000 -10.000000 -0.633463 70 248 132
-82.000000 -10.000000 -1.243470 53 243 148
-80.000000 -10.000000 0.799014 113 254 95
-78.000000 -10.000000 -0.187832 85 250 118
-76.000000 -10.000000 0.687258 109 254 98
-74.000000 -10.000000 1.287070 128 255 83
-72.000000 -10.000000 0.971177 121 254 89
-70.000000 -10.000000 0.576441 105 253 102
-68.000000 -10.000000 0.520050 105 253 102
-66.000000 -10.000000 0.582237 109 254 98
-64.000000 -10.000000 0.278753 97 252 108
-62.000000 -10.000000 0.556447 105 253 102
-60.000000 -10.000000 0.969081 121 254 89
-58.000000 -10.000000 0.998152 121 254 89
-56.000000 -10.000000 0.452075 105 253 102
-54.000000 -10.000000 -0.379832 78 249 125
-52.000000 -10.000000 -0.026318 89 251 115
-50.000000 -10.000000 -0.012636 89 251 115
-48.000000 -10.000000 -0.399539 78 249 125
-46.000000 -10.000000 0.088207 93 252 111
-44.000000 -10.000000 1.495640 136 255 78
-42.000000 -10.000000 2.045880 150 254 68
-40.000000 -10.000000 2.318540 156 254 64
-38.000000 -10.000000 2.074350 150 254 68
-36.000000 -10.000000 0.720690 113 254 95
-34.000000 -10.000000 0.933356 117 254 92
-32.000000 -10.000000 2.045330 150 254 68
-30.000000 -10.000000 2.189600 153 254 66
-28.000000 -10.000000 2.509600 159 253 63
-26.000000 -10.000000 2.130030 153 254 66
-24.000000 -10.000000 1.960010 146 255 71
-22.000000 -10.000000 1.730920 139 255 75
-20.000000 -10.000000 0.742479 113 254 95
-18.000000 -10.000000 1.652100 139 255 75
-16.000000 -10.000000 1.791280 143 255 73
-14.000000 -10.000000 1.246370 128 255 83
-12.000000 -10.000000 1.892510 146 255 71
-10.000000 -10.000000 2.245970 153 254 66
-8.000000 -10.000000 1.328790 128 255 83
-6.000000 -10.000000 1.313600 128 255 83
-4.000000 -10.000000 1.483110 136 255 78
-2.000000 -10.000000 1.486310 136 255 78
0.000000 -10.000000 2.690530 164 252 60
2.000000 -10.000000 2.174810 153 254 66
4.000000 -10.000000 2.374600 156 254 64
6.000000 -10.000000 2.424370 159 253 63
8.000000 -10.000000 2.084680 150 254 68
10.000000 -10.000000 1.543240 136 255 78
12.000000 -10.000000 1.767740 143 255 73
14.000000 -10.000000 2.373900 156 254 64
16.000000 -10.000000 2.129320 153 254 66
18.000000 -10.000000 2.164510 153 254 66
20.000000 -10.000000 1.469220 132 255 81
22.000000 -10.000000 1.419190 132 255 81
24.000000 -10.000000 0.800468 113 254 95
26.000000 -10.000000 1.030530 121 254 89
28.000000 -10.000000 1.145390 125 255 86
30.000000 -10.000000 0.643696 109 254 98
32.000000 -10.000000 0.596965 109 254 98
34.000000 -10.000000 0.623768 109 254 98
36.000000 -10.000000 -0.055783 89 251 115
38.000000 -10.000000 -0.113655 85 250 118
40.000000 -10.000000 -0.095838 85 250 118
42.000000 -10.000000 -0.029528 89 251 115
44.000000 -10.000000 -0.078402 85 250 118
46.000000 -10.000000 -0.046323 89 251 115
48.000000 -10.000000 0.069841 93 252 111
50.000000 -10.000000 0.013228 89 251 115
52.000000 -10.000000 -0.813448 67 247 135
54.000000 -10.000000 -0.786501 67 247 135
56.000000 -10.000000 -0.491097 74 248 128
58.000000 -10.000000 -0.803268 67 247 135
60.000000 -10.000000 -1.457560 50 242 152
62.000000 -10.000000 -1.252410 53 243 148
64.000000 -10.000000 -1.218040 56 244 145
66.000000 -10.000000 -1.441380 50 242 152
68.000000 -10.000000 -1.834990 42 239 161
70.000000 -10.000000 -2.055140 37 236 167
72.000000 -10.000000 -1.842540 42 239 161
74.000000 -10.000000 -2.241910 34 235 170
76.000000 -10.000000 -2.195000 34 235 170
78.000000 -10.000000 -2.490590 31 233 175
80.000000 -10.000000 -2.460140 31 233 175
82.000000 -10.000000 -2.589870 29 231 178
84.000000 -10.000000 -2.640930 29 231 178
86.000000 -10.000000 -3.200110 24 224 189
88.000000 -10.000000 -2.725470 28 230 180
90.000000 -10.000000 -3.374920 24 222 192
92.000000 -10.000000 -4.292890 26 210 210
94.000000 -10.000000 -4.604180 30 203 218
96.000000 -10.000000 -4.284150 26 210 210
98.000000 -10.000000 -4.082210 26 212 208
100.000000 -10.000000 -4.380700 27 208 213
102.000000 -10.000000 -4.883820 32 199 223
104.000000 -10.000000 -4.308630 26 210 210
106.000000 -10.000000 -4.933060 32 199 223
108.000000 -10.000000 -5.241620 37 192 231
110.000000 -10.000000 -5.466650 39 190 233
112.000000 -10.000000 -5.969420 46 180 242
114.000000 -10.000000 -5.793400 44 183 240
116.000000 -10.000000 -6.093670 47 178 244
118.000000 -10.000000 -5.928050 46 180 242
120.000000 -10.000000 -5.992830 46 180 242
122.000000 -10.000000 -5.812680 44 183 240
124.000000 -10.000000 -5.912170 46 180 242
126.000000 -10.000000 -5.559240 40 188 235
128.000000 -10.000000 -5.971840 46 180 242
130.000000 -10.000000 -6.111680 47 178 244
132.000000 -10.000000 -6.586790 55 168 250
134.000000 -10.000000 -6.711040 56 165 251
136.000000 -10.000000 -7.344180 64 153 255
138.000000 -10.000000 -7.437840 65 150 255
140.000000 -10.000000 -7.481660 65 150 255
142.000000 -10.000000 -7.640550 66 148 255
144.000000 -10.000000 -7.396610 64 153 255
146.000000 -10.000000 -6.984580 59 160 253
148.000000 -10.000000 -7.952040 69 140 253
150.000000 -10.000000 -10.842000 68 84 195
-186.000000 -12.000000 -16.342000 48 18 59
-184.000000 -12.000000 -13.104400 54 33 95
-182.000000 -12.000000 -13.242500 53 30 88
-180.000000 -12.000000 -13.235600 53 30 88
-178.000000 -12.000000 -13.260600 53 30 88
-176.000000 -12.000000 -14.832000 48 18 59
-174.000000 -12.000000 -14.246500 48 18 59
-172.000000 -12.000000 -14.630800 48 18 59
-170.000000 -12.000000 -13.682000 50 21 67
-168.000000 -12.000000 -13.777100 48 18 59
-166.000000 -12.000000 -12.482700 59 47 128
-164.000000 -12.000000 -13.370200 52 27 81
-162.000000 -12.000000 -13.011400 55 36 102
-160.000000 -12.000000 -13.253900 53 30 88
-158.000000 -12.000000 -13.315400 53 30 88
-156.000000 -12.000000 -13.070800 55 36 102
-154.000000 -12.000000 -13.809700 48 18 59
-152.000000 -12.000000 -12.611600 58 45 121
-150.000000 -12.000000 -11.884200 63 62 156
-148.000000 -12.000000 -10.378800 69 92 207
-146.000000 -12.000000 -10.165700 70 97 214
-144.000000 -12.000000 -9.821180 70 105 224
-142.000000 -12.000000 -9.070490 71 120 240
-140.000000 -12.000000 -7.260020 62 155 254
-138.000000 -12.000000 -6.548660 55 168 250
-136.000000 -12.000000 -8.017930 69 140 253
-134.000000 -12.000000 -6.878730 58 163 252
-132.000000 -12.000000 -6.478290 53 171 248
-130.000000 -12.000000 -6.943870 59 160 253
-128.000000 -12.000000 -4.793660 31 201 221
-126.000000 -12.000000 -3.536870 24 221 194
-124.000000 -12.000000 -2.528780 29 231 178
-122.000000 -12.000000 -2.202180 34 235 170
-120.000000 -12.000000 -0.042702 89 251 115
-118.000000 -12.000000 -2.202620 34 235 170
-116.000000 -12.000000 -3.142860 25 226 187
-114.000000 -12.000000 -2.605740 29 231 178
-112.000000 -12.000000 -2.063060 37 236 167
-110.000000 -12.000000 -0.905200 63 246 138
-108.000000 -12.000000 -1.094030 60 245 142
-106.000000 -12.000000 -1.263390 53 243 148
-104.000000 -12.000000 -1.066330 60 245 142
-102.000000 -12.000000 -0.778881 67 247 135
-100.000000 -12.000000 -0.978853 60 245 142
-98.000000 -12.000000 -0.999088 60 245 142
-96.000000 -12.000000 0.130565 93 252 111
-94.000000 -12.000000 0.108810 93 252 111
-92.000000 -12.000000 -0.569475 74 248 128
-90.000000 -12.000000 -0.756390 67 247 135
-88.000000 -12.000000 -0.778088 67 247 135
-86.000000 -12.000000 -0.810933 67 247 135
-84.000000 -12.000000 -0.067851 85 250 118
-82.000000 -12.000000 0.070536 93 252 111
-80.000000 -12.000000 -0.733326 67 247 135
-78.000000 -12.000000 -0.155279 85 250 118
-76.000000 -12.000000 -0.804864 67 247 135
-74.000000 -12.000000 -1.321420 53 243 148
-72.000000 -12.000000 -0.643400 70 248 132
-70.000000 -12.000000 -0.516968 74 248 128
-68.000000 -12.000000 -1.135100 56 244 145
-66.000000 -12.000000 -1.282840 53 243 148
-64.000000 -12.000000 -0.999074 60 245 142
-62.000000 -12.000000 -0.244795 82 250 122
-60.000000 -12.000000 -0.419472 78 249 125
-58.000000 -12.000000 -0.013003 89 251 115
-56.000000 -12.000000 1.093890 125 255 86
-54.000000 -12.000000 0.605431 109 254 98
-52.000000 -12.000000 0.648725 109 254 98
-50.000000 -12.000000 1.073730 121 254 89
-48.000000 -12.000000 0.848348 117 254 92
-46.000000 -12.000000 -0.248812 82 250 122
-44.000000 -12.000000 -1.382880 50 242 152
-42.000000 -12.000000 -1.570800 47 241 155
-40.000000 -12.000000 -1.611060 47 241 155
-38.000000 -12.000000 -1.193610 56 244 145
-36.000000 -12.000000 -1.633140 44 240 158
-34.000000 -12.000000 -1.506320 47 241 155
-32.000000 -12.000000 -2.162890 34 235 170
-30.000000 -12.000000 -2.299400 32 234 172
-28.000000 -12.000000 -3.100150 25 226 187
-26.000000 -12.000000 -3.332780 24 222 192
-24.000000 -12.000000 -3.277040 24 224 189
-22.000000 -12.000000 -2.555890 29 231 178
-20.000000 -12.000000 -2.347730 32 234 172
-18.000000 -12.000000 -3.311320 24 222 192
-16.000000 -12.000000 -3.473020 24 221 194
-14.000000 -12.000000 -3.503880 24 221 194
-12.000000 -12.000000 -4.417890 27 208 213
-10.000000 -12.000000 -4.354430 27 208 213
-8.000000 -12.000000 -3.522930 24 221 194
-6.000000 -12.000000 -3.446930 24 221 194
-4.000000 -12.000000 -4.502890 28 205 216
-2.000000 -12.000000 -4.814990 31 201 221
0.000000 -12.000000 -3.792710 24 217 200
2.000000 -12.000000 -3.108460 25 226 187
4.000000 -12.000000 -2.960620 25 227 185
6.000000 -12.000000 -3.357230 24 222 192
8.000000 -12.000000 -2.767470 28 230 180
10.000000 -12.000000 -3.424500 24 221 194
12.000000 -12.000000 -4.004830 25 213 205
14.000000 -12.000000 -3.093170 25 226 187
16.000000 -12.000000 -1.690650 44 240 158
18.000000 -12.000000 -2.721970 28 230 180
20.000000 -12.000000 -3.780370 24 217 200
22.000000 -12.000000 -3.537820 24 221 194
24.000000 -12.000000 -4.099030 26 212 208
26.000000 -12.000000 -3.287000 24 224 189
28.000000 -12.000000 -2.935050 25 227 185
30.000000 -12.000000 -3.620400 24 219 197
32.000000 -12.000000 -2.884620 26 228 182
34.000000 -12.000000 -1.739410 44 240 158
36.000000 -12.000000 -3.239540 24 224 189
38.000000 -12.000000 -4.387480 27 208 213
40.000000 -12.000000 -2.176740 34 235 170
42.000000 -12.000000 -1.775370 42 239 161
44.000000 -12.000000 -2.784820 26 228 182
46.000000 -12.000000 -4.002160 25 213 205
48.000000 -12.000000 -3.514480 24 221 194
50.000000 -12.000000 -2.620010 29 231 178
52.000000 -12.000000 -2.944030 25 227 185
54.000000 -12.000000 -1.830420 42 239 161
56.000000 -12.000000 -3.136540 25 226 187
58.000000 -12.000000 -3.229290 24 224 189
60.000000 -12.000000 -3.366490 24 222 192
62.000000 -12.000000 -3.005240 25 227 185
64.000000 -12.000000 -2.851280 26 228 182
66.000000 -12.000000 -2.181890 34 235 170
68.000000 -12.000000 -1.960300 39 238 164
70.000000 -12.000000 -1.624680 44 240 158
72.000000 -12.000000 -2.538510 29 231 178
74.000000 -12.000000 -3.652660 24 219 197
76.000000 -12.000000 -4.372290 27 208 213
78.000000 -12.000000 -3.969670 25 213 205
80.000000 -12.000000 -2.259190 32 234 172
82.000000 -12.000000 -1.577820 47 241 155
84.000000 -12.000000 -2.130880 34 235 170
86.000000 -12.000000 -3.252410 24 224 189
88.000000 -12.000000 -4.197230 26 210 210
90.000000 -12.000000 -3.465520 24 221 194
92.000000 -12.000000 -3.754670 24 217 200
94.000000 -12.000000 -3.938650 25 213 205
96.000000 -12.000000 -3.877250 24 215 202
98.000000 -12.000000 -4.276570 26 210 210
100.000000 -12.000000 -3.870920 24 215 202
102.000000 -12.000000 -3.779750 24 217 200
104.000000 -12.000000 -4.321490 27 208 213
106.000000 -12.000000 -4.423270 27 208 213
108.000000 -12.000000 -4.621910 30 203 218
110.000000 -12.000000 -3.824370 24 215 202
112.000000 -12.000000 -5.013270 34 197 226
114.000000 -12.000000 -5.480610 40 188 235
116.000000 -12.000000 -3.265710 24 224 189
118.000000 -12.000000 -3.661530 24 219 197
120.000000 -12.000000 -4.935990 32 199 223
122.000000 -12.000000 -4.636090 30 203 218
124.000000 -12.000000 -4.691080 30 203 218
126.000000 -12.000000 -6.226620 49 175 245
128.000000 -12.000000 -7.372600 64 153 255
130.000000 -12.000000 -6.458110 53 171 248
132.000000 -12.000000 -6.582580 55 168 250
134.000000 -12.000000 -6.726950 56 165 251
136.000000 -12.000000 -6.105930 47 178 244
138.000000 -12.000000 -4.604840 30 203 218
140.000000 -12.000000 -6.508310 53 171 248
142.000000 -12.000000 -5.634660 42 185 238
144.000000 -12.000000 -6.775320 58 163 252
146.000000 -12.000000 -5.413070 39 190 233
148.000000 -12.000000 -6.723370 56 165 251
-184.000000 -14.000000 -9.626270 70 107 227
-182.000000 -14.000000 -6.902460 59 160 253
-180.000000 -14.000000 -6.318580 51 173 247
-178.000000 -14.000000 -4.223230 26 210 210
-176.000000 -14.000000 -3.552280 24 219 197
-174.000000 -14.000000 -3.427040 24 221 194
-172.000000 -14.000000 -4.207800 26 210 210
-170.000000 -14.000000 -5.052020 34 197 226
-168.000000 -14.000000 -4.926580 32 199 223
-166.000000 -14.000000 -5.605740 40 188 235
-164.000000 -14.000000 -5.817400 44 183 240
-162.000000 -14.000000 -5.691350 42 185 238
-160.000000 -14.000000 -5.473760 39 190 233
-158.000000 -14.000000 -6.003800 47 178 244
-156.000000 -14.000000 -5.549480 40 188 235
-154.000000 -14.000000 -5.867450 46 180 242
-152.000000 -14.000000 -5.934720 46 180 242
-150.000000 -14.000000 -6.625220 55 168 250
-148.000000 -14.000000 -7.275600 62 155 254
-146.000000 -14.000000 -6.975520 59 160 253
-144.000000 -14.000000 -7.071090 61 158 254
-142.000000 -14.000000 -6.626520 55 168 250
-140.000000 -14.000000 -6.189520 49 175 245
-138.000000 -14.000000 -6.640870 56 165 251
-136.000000 -14.000000 -7.081790 61 158 254
-134.000000 -14.000000 -7.172790 62 155 254
-132.000000 -14.000000 -7.233730 62 155 254
-130.000000 -14.000000 -6.801110 58 163 252
-128.000000 -14.000000 -7.438260 65 150 255
-126.000000 -14.000000 -7.247980 62 155 254
-124.000000 -14.000000 -7.767550 67 145 254
-122.000000 -14.000000 -7.830050 68 143 254
-120.000000 -14.000000 -5.955400 46 180 242
-118.000000 -14.000000 -6.014260 47 178 244
-116.000000 -14.000000 -6.400550 53 171 248
-114.000000 -14.000000 -6.842590 58 163 252
-112.000000 -14.000000 -6.235690 49 175 245
-110.000000 -14.000000 -6.711230 56 165 251
-108.000000 -14.000000 -5.998920 47 178 244
-106.000000 -14.000000 -5.069690 34 197 226
-104.000000 -14.000000 -5.841530 44 183 240
-102.000000 -14.000000 -5.884460 46 180 242
-100.000000 -14.000000 -6.072050 47 178 244
-98.000000 -14.000000 -5.939580 46 180 242
-96.000000 -14.000000 -4.120430 26 212 208
-94.000000 -14.000000 -4.123370 26 212 208
-92.000000 -14.000000 -3.738400 24 217 200
-90.000000 -14.000000 -3.601150 24 219 197
-88.000000 -14.000000 -2.826190 26 228 182
-86.000000 -14.000000 -2.276710 32 234 172
-84.000000 -14.000000 -2.554300 29 231 178
-82.000000 -14.000000 -2.736580 28 230 180
-80.000000 -14.000000 -2.420450 31 233 175
-78.000000 -14.000000 -0.839544 67 247 135
-76.000000 -14.000000 -1.424740 50 242 152
-74.000000 -14.000000 -0.654541 70 248 132
-72.000000 -14.000000 -1.383490 50 242 152
-70.000000 -14.000000 -0.720203 67 247 135
-68.000000 -14.000000 0.292770 97 252 108
-66.000000 -14.000000 0.944271 117 254 92
-64.000000 -14.000000 -0.002914 89 251 115
-62.000000 -14.000000 -0.151434 85 250 118
-60.000000 -14.000000 -0.467825 74 248 128
-58.000000 -14.000000 -0.007984 89 251 115
-56.000000 -14.000000 1.382170 132 255 81
-54.000000 -14.000000 2.468790 159 253 63
-52.000000 -14.000000 1.535350 136 255 78
-50.000000 -14.000000 6.611310 235 211 57
-48.000000 -14.000000 0.488200 105 253 102
-46.000000 -14.000000 0.661899 109 254 98
-44.000000 -14.000000 1.313130 128 255 83
-42.000000 -14.000000 1.243390 128 255 83
-40.000000 -14.000000 2.119010 150 254 68
-38.000000 -14.000000 2.384530 159 253 63
-36.000000 -14.000000 3.138010 172 251 56
-34.000000 -14.000000 2.365270 156 254 64
-32.000000 -14.000000 2.077220 150 254 68
-30.000000 -14.000000 2.754050 164 252 60
-28.000000 -14.000000 2.267520 156 254 64
-26.000000 -14.000000 2.291660 156 254 64
-24.000000 -14.000000 2.777780 167 252 58
-22.000000 -14.000000 2.855390 167 252 58
-20.000000 -14.000000 2.407430 159 253 63
-18.000000 -14.000000 2.702110 164 252 60
-16.000000 -14.000000 2.867840 167 252 58
-14.000000 -14.000000 2.988700 169 251 57
-12.000000 -14.000000 3.125090 172 251 56
-10.000000 -14.000000 2.814280 167 252 58
-8.000000 -14.000000 2.817710 167 252 58
-6.000000 -14.000000 2.957820 169 251 57
-4.000000 -14.000000 2.489270 159 253 63
-2.000000 -14.000000 2.481110 159 253 63
0.000000 -14.000000 2.013020 150 254 68
2.000000 -14.000000 2.011730 150 254 68
4.000000 -14.000000 2.011850 150 254 68
6.000000 -14.000000 1.691820 139 255 75
8.000000 -14.000000 1.393710 132 255 81
10.000000 -14.000000 1.700050 139 255 75
12.000000 -14.000000 1.545480 136 255 78
14.000000 -14.000000 1.391500 132 255 81
16.000000 -14.000000 1.238110 128 255 83
18.000000 -14.000000 1.391430 132 255 81
20.000000 -14.000000 2.020710 150 254 68
22.000000 -14.000000 0.625238 109 254 98
24.000000 -14.000000 0.324348 101 253 105
26.000000 -14.000000 0.480019 105 253 102
28.000000 -14.000000 -0.119799 85 250 118
30.000000 -14.000000 0.331659 101 253 105
32.000000 -14.000000 -0.275444 82 250 122
34.000000 -14.000000 -0.744026 67 247 135
36.000000 -14.000000 -0.417974 78 249 125
38.000000 -14.000000 -0.257954 82 250 122
40.000000 -14.000000 -1.438650 50 242 152
42.000000 -14.000000 -1.901630 39 238 164
44.000000 -14.000000 -1.435560 50 242 152
46.000000 -14.000000 -1.286050 53 243 148
48.000000 -14.000000 -2.196060 34 235 170
50.000000 -14.000000 -1.879180 39 238 164
52.000000 -14.000000 -0.819102 67 247 135
54.000000 -14.000000 -1.717280 44 240 158
56.000000 -14.000000 -2.605540 29 231 178
58.000000 -14.000000 -2.283680 32 234 172
60.000000 -14.000000 -2.428380 31 233 175
62.000000 -14.000000 -3.171410 24 224 189
64.000000 -14.000000 -2.113230 37 236 167
66.000000 -14.000000 -2.558000 29 231 178
68.000000 -14.000000 -2.542990 29 231 178
70.000000 -14.000000 -3.141960 25 226 187
72.000000 -14.000000 -2.968090 25 227 185
74.000000 -14.000000 -2.953620 25 227 185
76.000000 -14.000000 -2.630170 29 231 178
78.000000 -14.000000 -2.910300 25 227 185
80.000000 -14.000000 -3.358940 24 222 192
82.000000 -14.000000 -4.420410 27 208 213
84.000000 -14.000000 -5.024160 34 197 226
86.000000 -14.000000 -4.071440 26 212 208
88.000000 -14.000000 -3.417470 24 222 192
90.000000 -14.000000 -4.660880 30 203 218
92.000000 -14.000000 -4.481520 28 205 216
94.000000 -14.000000 -4.936120 32 199 223
96.000000 -14.000000 -5.381260 39 190 233
98.000000 -14.000000 -4.870920 32 199 223
100.000000 -14.000000 -5.334560 37 192 231
102.000000 -14.000000 -5.469990 39 190 233
104.000000 -14.000000 -5.264220 37 192 231
106.000000 -14.000000 -6.393890 53 171 248
108.000000 -14.000000 -6.527670 55 168 250
110.000000 -14.000000 -6.322490 51 173 247
112.000000 -14.000000 -6.268790 51 173 247
114.000000 -14.000000 -6.549620 55 168 250
116.000000 -14.000000 -7.247750 62 155 254
118.000000 -14.000000 -7.718720 67 145 254
120.000000 -14.000000 -6.622990 55 168 250
122.000000 -14.000000 -7.810250 68 143 254
124.000000 -14.000000 -8.321110 70 133 250
126.000000 -14.000000 -7.177390 62 155 254
128.000000 -14.000000 -7.155630 61 158 254
130.000000 -14.000000 -8.576720 70 128 246
132.000000 -14.000000 -8.814310 70 125 244
134.000000 -14.000000 -9.126760 71 118 238
136.000000 -14.000000 -9.428910 71 113 233
138.000000 -14.000000 -9.723210 70 107 227
140.000000 -14.000000 -8.539300 70 130 248
142.000000 -14.000000 -9.699280 70 107 227
144.000000 -14.000000 -10.876200 68 84 195
146.000000 -14.000000 -11.867200 63 62 156
148.000000 -14.000000 -12.739800 57 42 115
-180.000000 -16.000000 -2.839310 26 228 182
-178.000000 -16.000000 -2.406950 31 233 175
-176.000000 -16.000000 -4.167910 26 212 208
-174.000000 -16.000000 0.851951 117 254 92
-172.000000 -16.000000 2.422160 159 253 63
-170.000000 -16.000000 2.145840 153 254 66
-168.000000 -16.000000 0.620370 109 254 98
-166.000000 -16.000000 -0.077391 85 250 118
-164.000000 -16.000000 0.695049 109 254 98
-162.000000 -16.000000 1.037940 121 254 89
-160.000000 -16.000000 -0.083026 85 250 118
-158.000000 -16.000000 0.223203 97 252 108
-156.000000 -16.000000 -0.518074 74 248 128
-154.000000 -16.000000 1.212710 125 255 86
-152.000000 -16.000000 2.609560 161 253 61
-150.000000 -16.000000 0.805204 113 254 95
-148.000000 -16.000000 0.755204 113 254 95
-146.000000 -16.000000 0.326890 101 253 105
-144.000000 -16.000000 0.147536 93 252 111
-142.000000 -16.000000 1.052630 121 254 89
-140.000000 -16.000000 0.865275 117 254 92
-138.000000 -16.000000 0.992304 121 254 89
-136.000000 -16.000000 0.237183 97 252 108
-134.000000 -16.000000 1.566730 136 255 78
-132.000000 -16.000000 1.481070 136 255 78
-130.000000 -16.000000 0.782303 113 254 95
-128.000000 -16.000000 1.297600 128 255 83
-126.000000 -16.000000 1.203590 125 255 86
-124.000000 -16.000000 0.596238 109 254 98
-122.000000 -16.000000 0.118414 93 252 111
-120.000000 -16.000000 -0.207314 82 250 122
-118.000000 -16.000000 0.341369 101 253 105
-116.000000 -16.000000 -0.846779 63 246 138
-114.000000 -16.000000 -0.524332 74 248 128
-112.000000 -16.000000 -0.244106 82 250 122
-110.000000 -16.000000 -0.153591 85 250 118
-108.000000 -16.000000 -0.811952 67 247 135
-106.000000 -16.000000 -0.976276 60 245 142
-104.000000 -16.000000 -0.726717 67 247 135
-102.000000 -16.000000 -0.279525 82 250 122
-100.000000 -16.000000 -0.374905 78 249 125
-98.000000 -16.000000 -0.596503 70 248 132
-96.000000 -16.000000 -0.625782 70 248 132
-94.000000 -16.000000 -0.735646 67 247 135
-92.000000 -16.000000 -0.993640 60 245 142
-90.000000 -16.000000 -1.096030 60 245 142
-88.000000 -16.000000 -1.519000 47 241 155
-86.000000 -16.000000 -0.849353 63 246 138
-84.000000 -16.000000 -1.042850 60 245 142
-82.000000 -16.000000 -1.125040 56 244 145
-80.000000 -16.000000 -1.746560 42 239 161
-78.000000 -16.000000 -1.821590 42 239 161
-76.000000 -16.000000 -1.519920 47 241 155
-74.000000 -16.000000 -1.461850 50 242 152
-72.000000 -16.000000 -0.185650 85 250 118
-70.000000 -16.000000 -0.102771 85 250 118
-68.000000 -16.000000 -1.286050 53 243 148
-66.000000 -16.000000 -1.148620 56 244 145
-64.000000 -16.000000 -0.433482 78 249 125
-62.000000 -16.000000 -1.058120 60 245 142
-60.000000 -16.000000 -0.664160 70 248 132
-58.000000 -16.000000 -0.692013 70 248 132
-56.000000 -16.000000 -2.129460 37 236 167
-54.000000 -16.000000 -1.620290 44 240 158
-52.000000 -16.000000 -0.877996 63 246 138
-50.000000 -16.000000 -0.449430 78 249 125
-48.000000 -16.000000 -0.010084 89 251 115
-46.000000 -16.000000 0.191599 97 252 108
-44.000000 -16.000000 -0.650587 70 248 132
-42.000000 -16.000000 -0.268848 82 250 122
-40.000000 -16.000000 0.291336 97 252 108
-38.000000 -16.000000 -0.265895 82 250 122
-36.000000 -16.000000 -0.061458 89 251 115
-34.000000 -16.000000 0.328495 101 253 105
-32.000000 -16.000000 0.185193 93 252 111
-30.000000 -16.000000 0.593464 109 254 98
-28.000000 -16.000000 0.511148 105 253 102
-26.000000 -16.000000 1.508750 136 255 78
-24.000000 -16.000000 1.918200 146 255 71
-22.000000 -16.000000 2.209330 153 254 66
-20.000000 -16.000000 1.522850 136 255 78
-18.000000 -16.000000 1.560910 136 255 78
-16.000000 -16.000000 2.174250 153 254 66
-14.000000 -16.000000 1.415260 132 255 81
-12.000000 -16.000000 0.547653 105 253 102
-10.000000 -16.000000 0.770573 113 254 95
-8.000000 -16.000000 1.806560 143 255 73
-6.000000 -16.000000 0.575332 105 253 102
-4.000000 -16.000000 1.363910 132 255 81
-2.000000 -16.000000 1.656300 139 255 75
0.000000 -16.000000 1.654250 139 255 75
2.000000 -16.000000 2.304070 156 254 64
4.000000 -16.000000 2.286040 156 254 64
6.000000 -16.000000 2.356710 156 254 64
8.000000 -16.000000 1.060200 121 254 89
10.000000 -16.000000 1.314660 128 255 83
12.000000 -16.000000 0.748232 113 254 95
14.000000 -16.000000 0.663738 109 254 98
16.000000 -16.000000 2.873470 167 252 58
18.000000 -16.000000 1.547720 136 255 78
20.000000 -16.000000 0.436453 101 253 105
22.000000 -16.000000 -1.247590 53 243 148
24.000000 -16.000000 -1.648430 44 240 158
26.000000 -16.000000 -0.894869 63 246 138
28.000000 -16.000000 -0.194895 85 250 118
30.000000 -16.000000 0.057797 89 251 115
32.000000 -16.000000 0.013990 89 251 115
34.000000 -16.000000 -0.269041 82 250 122
36.000000 -16.000000 -1.471070 50 242 152
38.000000 -16.000000 -3.016020 25 227 185
40.000000 -16.000000 -2.459610 31 233 175
42.000000 -16.000000 -1.258600 53 243 148
44.000000 -16.000000 -1.272450 53 243 148
46.000000 -16.000000 -0.697719 70 248 132
48.000000 -16.000000 -2.634850 29 231 178
50.000000 -16.000000 -2.178720 34 235 170
52.000000 -16.000000 -2.006900 37 236 167
54.000000 -16.000000 -1.965910 39 238 164
56.000000 -16.000000 -2.956200 25 227 185
58.000000 -16.000000 -3.903260 24 215 202
60.000000 -16.000000 -3.466910 24 221 194
62.000000 -16.000000 -4.251800 26 210 210
64.000000 -16.000000 -4.762190 31 201 221
66.000000 -16.000000 -5.939690 46 180 242
68.000000 -16.000000 8.840440 253 172 52
70.000000 -16.000000 8.481270 252 179 54
72.000000 -16.000000 8.565490 252 179 54
74.000000 -16.000000 7.976850 249 188 57
76.000000 -16.000000 8.299800 251 184 56
78.000000 -16.000000 7.932810 249 188 57
80.000000 -16.000000 7.576580 246 195 58
82.000000 -16.000000 -7.671860 67 145 254
84.000000 -16.000000 -8.133430 69 138 252
86.000000 -16.000000 -8.628320 70 128 246
88.000000 -16.000000 -8.088310 69 138 252
90.000000 -16.000000 -8.616050 70 128 246
92.000000 -16.000000 -8.683810 70 128 246
94.000000 -16.000000 -8.606310 70 128 246
96.000000 -16.000000 -8.270080 70 135 251
98.000000 -16.000000 -8.887160 71 123 242
100.000000 -16.000000 -9.187880 71 118 238
102.000000 -16.000000 -10.251300 69 94 211
104.000000 -16.000000 -9.801330 70 105 224
106.000000 -16.000000 -9.929310 70 102 221
108.000000 -16.000000 -9.267120 71 115 235
110.000000 -16.000000 -9.497140 71 110 230
112.000000 -16.000000 -10.432200 69 92 207
114.000000 -16.000000 -10.079600 70 100 218
116.000000 -16.000000 -10.117900 70 100 218
118.000000 -16.000000 -11.395600 66 73 177
120.000000 -16.000000 -12.274000 61 53 139
122.000000 -16.000000 -12.475800 59 47 128
124.000000 -16.000000 -14.088500 48 18 59
126.000000 -16.000000 -13.648700 50 21 67
128.000000 -16.000000 -12.880600 56 39 109
130.000000 -16.000000 -13.248600 53 30 88
132.000000 -16.000000 -14.586100 48 18 59
134.000000 -16.000000 -14.038400 48 18 59
136.000000 -16.000000 -15.441000 48 18 59
138.000000 -16.000000 -15.801200 48 18 59
140.000000 -16.000000 -15.854600 48 18 59
142.000000 -16.000000 -15.539800 48 18 59
144.000000 -16.000000 -14.996500 48 18 59
146.000000 -16.000000 -18.031900 48 18 59
-178.000000 -18.000000 -15.070900 48 18 59
-176.000000 -18.000000 -7.090060 61 158 254
-174.000000 -18.000000 -5.870340 46 180 242
-172.000000 -18.000000 -7.241800 62 155 254
-170.000000 -18.000000 -6.255620 51 173 247
-168.000000 -18.000000 -6.717600 56 165 251
-166.000000 -18.000000 -5.275030 37 192 231
-164.000000 -18.000000 -5.534080 40 188 235
-162.000000 -18.000000 -4.149740 26 212 208
-160.000000 -18.000000 -4.831460 31 201 221
-158.000000 -18.000000 -4.413910 27 208 213
-156.000000 -18.000000 -4.887140 32 199 223
-154.000000 -18.000000 -4.922180 32 199 223
-152.000000 -18.000000 -4.862210 32 199 223
-150.000000 -18.000000 -2.139500 34 235 170
-148.000000 -18.000000 -1.692850 44 240 158
-146.000000 -18.000000 -3.700400 24 217 200
-144.000000 -18.000000 -3.069720 25 226 187
-142.000000 -18.000000 -4.304830 26 210 210
-140.000000 -18.000000 -3.550450 24 219 197
-138.000000 -18.000000 -2.445790 31 233 175
-136.000000 -18.000000 -3.841780 24 215 202
-134.000000 -18.000000 -4.273600 26 210 210
-132.000000 -18.000000 -3.185780 24 224 189
-130.000000 -18.000000 -2.485920 31 233 175
-128.000000 -18.000000 -3.536340 24 221 194
-126.000000 -18.000000 -3.548050 24 219 197
-124.000000 -18.000000 -3.428120 24 221 194
-122.000000 -18.000000 -3.904690 24 215 202
-120.000000 -18.000000 -3.275910 24 224 189
-118.000000 -18.000000 -2.961510 25 227 185
-116.000000 -18.000000 -2.482140 31 233 175
-114.000000 -18.000000 -3.105800 25 226 187
-112.000000 -18.000000 -2.278510 32 234 172
-110.000000 -18.000000 -2.471290 31 233 175
-108.000000 -18.000000 -2.175430 34 235 170
-106.000000 -18.000000 -1.762070 42 239 161
-104.000000 -18.000000 -2.037760 37 236 167
-102.000000 -18.000000 -1.984660 39 238 164
-100.000000 -18.000000 -2.116770 37 236 167
-98.000000 -18.000000 -2.016340 37 236 167
-96.000000 -18.000000 -2.379970 32 234 172
-94.000000 -18.000000 -1.343030 53 243 148
-92.000000 -18.000000 -1.396820 50 242 152
-90.000000 -18.000000 -0.341912 78 249 125
-88.000000 -18.000000 0.350870 101 253 105
-86.000000 -18.000000 0.276150 97 252 108
-84.000000 -18.000000 -0.076518 85 250 118
-82.000000 -18.000000 -0.577913 74 248 128
-80.000000 -18.000000 0.306847 97 252 108
-78.000000 -18.000000 -0.113463 85 250 118
-76.000000 -18.000000 -0.348268 78 249 125
-74.000000 -18.000000 -0.880862 63 246 138
-72.000000 -18.000000 -1.448670 50 242 152
-70.000000 -18.000000 -0.321133 82 250 122
-68.000000 -18.000000 -0.407193 78 249 125
-66.000000 -18.000000 -0.565559 74 248 128
-64.000000 -18.000000 -0.675920 70 248 132
-62.000000 -18.000000 -0.949094 63 246 138
-60.000000 -18.000000 -1.009940 60 245 142
-58.000000 -18.000000 -0.668258 70 248 132
-56.000000 -18.000000 0.737187 113 254 95
-54.000000 -18.000000 1.420080 132 255 81
-52.000000 -18.000000 0.259760 97 252 108
-50.000000 -18.000000 0.339063 101 253 105
-48.000000 -18.000000 1.177450 125 255 86
-46.000000 -18.000000 0.486758 105 253 102
-44.000000 -18.000000 0.304368 97 252 108
-42.000000 -18.000000 -0.593730 70 248 132
-40.000000 -18.000000 -0.147328 85 250 118
-38.000000 -18.000000 0.417305 101 253 105
-36.000000 -18.000000 1.035810 121 254 89
-34.000000 -18.000000 1.225240 128 255 83
-32.000000 -18.000000 0.737115 113 254 95
-30.000000 -18.000000 -0.416769 78 249 125
-28.000000 -18.000000 -0.990887 60 245 142
-26.000000 -18.000000 -0.539404 74 248 128
-24.000000 -18.000000 -0.868297 63 246 138
-22.000000 -18.000000 -0.603460 70 248 132
-20.000000 -18.000000 0.438892 101 253 105
-18.000000 -18.000000 0.799009 113 254 95
-16.000000 -18.000000 0.844788 117 254 92
-14.000000 -18.000000 0.866638 117 254 92
-12.000000 -18.000000 0.682760 109 254 98
-10.000000 -18.000000 0.589636 109 254 98
-8.000000 -18.000000 -0.175180 85 250 118
-6.000000 -18.000000 -0.700618 70 248 132
-4.000000 -18.000000 0.565934 105 253 102
-2.000000 -18.000000 0.024285 89 251 115
0.000000 -18.000000 -0.268817 82 250 122
2.000000 -18.000000 -0.001373 89 251 115
4.000000 -18.000000 0.057084 89 251 115
6.000000 -18.000000 -0.009918 89 251 115
8.000000 -18.000000 -0.173315 85 250 118
10.000000 -18.000000 -0.247827 82 250 122
12.000000 -18.000000 -0.218778 82 250 122
14.000000 -18.000000 -0.683584 70 248 132
16.000000 -18.000000 -0.132344 85 250 118
18.000000 -18.000000 -0.191561 85 250 118
20.000000 -18.000000 -0.626952 70 248 132
22.000000 -18.000000 -0.878980 63 246 138
24.000000 -18.000000 -0.653153 70 248 132
26.000000 -18.000000 -0.993916 60 245 142
28.000000 -18.000000 -0.959127 63 246 138
30.000000 -18.000000 -1.108850 56 244 145
32.000000 -18.000000 -1.166310 56 244 145
34.000000 -18.000000 -0.950796 63 246 138
36.000000 -18.000000 -1.827800 42 239 161
38.000000 -18.000000 -1.343620 53 243 148
40.000000 -18.000000 -1.404810 50 242 152
42.000000 -18.000000 -1.641780 44 240 158
44.000000 -18.000000 -2.148970 34 235 170
46.000000 -18.000000 -2.028690 37 236 167
48.000000 -18.000000 -2.175930 34 235 170
50.000000 -18.000000 -2.149180 34 235 170
52.000000 -18.000000 -2.383660 32 234 172
54.000000 -18.000000 -2.345000 32 234 172
56.000000 -18.000000 -1.885200 39 238 164
58.000000 -18.000000 -2.145260 34 235 170
60.000000 -18.000000 -2.523680 29 231 178
62.000000 -18.000000 -2.581340 29 231 178
64.000000 -18.000000 -2.566200 29 231 178
66.000000 -18.000000 -2.712360 28 230 180
68.000000 -18.000000 -3.017230 25 227 185
70.000000 -18.000000 -3.407410 24 222 192
72.000000 -18.000000 -3.626010 24 219 197
74.000000 -18.000000 -3.416860 24 222 192
76.000000 -18.000000 -3.990430 25 213 205
78.000000 -18.000000 -3.781070 24 217 200
80.000000 -18.000000 -4.006240 25 213 205
82.000000 -18.000000 -4.145880 26 212 208
84.000000 -18.000000 -4.281470 26 210 210
86.000000 -18.000000 -4.675260 30 203 218
88.000000 -18.000000 -4.720250 31 201 221
90.000000 -18.000000 -4.592800 30 203 218
92.000000 -18.000000 -5.074730 34 197 226
94.000000 -18.000000 -5.294300 37 192 231
96.000000 -18.000000 -5.169980 35 195 228
98.000000 -18.000000 -5.383420 39 190 233
100.000000 -18.000000 -5.272490 37 192 231
102.000000 -18.000000 -5.391210 39 190 233
104.000000 -18.000000 -6.638740 55 168 250
106.000000 -18.000000 -6.161170 49 175 245
108.000000 -18.000000 -6.284450 51 173 247
110.000000 -18.000000 -6.682640 56 165 251
112.000000 -18.000000 -5.615540 42 185 238
114.000000 -18.000000 -5.735470 42 185 238
116.000000 -18.000000 -6.052260 47 178 244
118.000000 -18.000000 -6.455670 53 171 248
120.000000 -18.000000 -6.584540 55 168 250
122.000000 -18.000000 -6.798400 58 163 252
124.000000 -18.000000 -6.828800 58 163 252
126.000000 -18.000000 -7.594110 66 148 255
128.000000 -18.000000 -7.620250 66 148 255
130.000000 -18.000000 -8.028600 69 140 253
132.000000 -18.000000 -7.861150 68 143 254
134.000000 -18.000000 -7.589240 66 148 255
136.000000 -18.000000 -8.588320 70 128 246
138.000000 -18.000000 -7.424170 65 150 255
140.000000 -18.000000 -6.852060 58 163 252
142.000000 -18.000000 -7.860910 68 143 254
144.000000 -18.000000 -8.954980 71 123 242
146.000000 -18.000000 -8.329290 70 133 250
-174.000000 -20.000000 -16.117000 48 18 59
-172.000000 -20.000000 -13.633300 50 21 67
-170.000000 -20.000000 -16.683300 48 18 59
-168.000000 -20.000000 -16.177400 48 18 59
-166.000000 -20.000000 -14.006000 48 18 59
-164.000000 -20.000000 -13.115100 54 33 95
-162.000000 -20.000000 -12.432700 60 50 134
-160.000000 -20.000000 -12.511600 59 47 128
-158.000000 -20.000000 -12.558300 59 47 128
-156.000000 -20.000000 -12.537200 59 47 128
-154.000000 -20.000000 -12.047000 63 59 151
-152.000000 -20.000000 -11.349800 66 73 177
-150.000000 -20.000000 -11.860000 63 62 156
-148.000000 -20.000000 -11.245300 66 75 181
-146.000000 -20.000000 -8.807080 70 125 244
-144.000000 -20.000000 -8.329390 70 133 250
-142.000000 -20.000000 -7.585650 66 148 255
-140.000000 -20.000000 -7.972450 69 140 253
-138.000000 -20.000000 -7.191360 62 155 254
-136.000000 -20.000000 -6.025630 47 178 244
-134.000000 -20.000000 -6.464490 53 171 248
-132.000000 -20.000000 -6.191400 49 175 245
-130.000000 -20.000000 -4.342470 27 208 213
-128.000000 -20.000000 -3.648820 24 219 197
-126.000000 -20.000000 -3.953680 25 213 205
-124.000000 -20.000000 -3.302560 24 222 192
-122.000000 -20.000000 -2.535290 29 231 178
-120.000000 -20.000000 -1.939950 39 238 164
-118.000000 -20.000000 -2.273970 32 234 172
-116.000000 -20.000000 -3.139130 25 226 187
-114.000000 -20.000000 -1.676090 44 240 158
-112.000000 -20.000000 -1.832610 42 239 161
-110.000000 -20.000000 -2.330510 32 234 172
-108.000000 -20.000000 -2.946040 25 227 185
-106.000000 -20.000000 -2.221910 34 235 170
-104.000000 -20.000000 -2.221580 34 235 170
-102.000000 -20.000000 -2.571520 29 231 178
-100.000000 -20.000000 -2.425580 31 233 175
-98.000000 -20.000000 -1.927300 39 238 164
-96.000000 -20.000000 -1.614750 44 240 158
-94.000000 -20.000000 -2.161270 34 235 170
-92.000000 -20.000000 -2.194090 34 235 170
-90.000000 -20.000000 -1.730890 44 240 158
-88.000000 -20.000000 -1.612400 47 241 155
-86.000000 -20.000000 -1.977120 39 238 164
-84.000000 -20.000000 -1.080520 60 245 142
-82.000000 -20.000000 -1.266180 53 243 148
-80.000000 -20.000000 -2.411450 31 233 175
-78.000000 -20.000000 -1.831420 42 239 161
-76.000000 -20.000000 -1.749280 42 239 161
-74.000000 -20.000000 -1.245060 53 243 148
-72.000000 -20.000000 -1.188840 56 244 145
-70.000000 -20.000000 -1.504610 47 241 155
-68.000000 -20.000000 -1.381520 50 242 152
-66.000000 -20.000000 -1.430700 50 242 152
-64.000000 -20.000000 -2.118280 37 236 167
-62.000000 -20.000000 -1.869820 42 239 161
-60.000000 -20.000000 -1.139580 56 244 145
-58.000000 -20.000000 -1.195070 56 244 145
-56.000000 -20.000000 -1.689780 44 240 158
-54.000000 -20.000000 -2.286880 32 234 172
-52.000000 -20.000000 -1.555510 47 241 155
-50.000000 -20.000000 -0.911617 63 246 138
-48.000000 -20.000000 -2.326690 32 234 172
-46.000000 -20.000000 -3.158480 25 226 187
-44.000000 -20.000000 -2.118430 37 236 167
-42.000000 -20.000000 -1.810770 42 239 161
-40.000000 -20.000000 -3.385820 24 222 192
-38.000000 -20.000000 -3.771590 24 217 200
-36.000000 -20.000000 -4.205700 26 210 210
-34.000000 -20.000000 -5.171320 35 195 228
-32.000000 -20.000000 -5.073170 34 197 226
-30.000000 -20.000000 -3.708080 24 217 200
-28.000000 -20.000000 -2.987890 25 227 185
-26.000000 -20.000000 -4.710810 31 201 221
-24.000000 -20.000000 -6.251730 49 175 245
-22.000000 -20.000000 -5.953350 46 180 242
-20.000000 -20.000000 -5.929540 46 180 242
-18.000000 -20.000000 -6.304480 51 173 247
-16.000000 -20.000000 -6.180580 49 175 245
-14.000000 -20.000000 -5.887260 46 180 242
-12.000000 -20.000000 -6.511190 53 171 248
-10.000000 -20.000000 -6.793620 58 163 252
-8.000000 -20.000000 -6.957460 59 160 253
-6.000000 -20.000000 -7.666820 66 148 255
-4.000000 -20.000000 -6.934440 59 160 253
-2.000000 -20.000000 -6.784510 58 163 252
0.000000 -20.000000 -6.702840 56 165 251
2.000000 -20.000000 -7.657210 66 148 255
4.000000 -20.000000 -7.402310 64 153 255
6.000000 -20.000000 -6.805600 58 163 252
8.000000 -20.000000 -6.835230 58 163 252
10.000000 -20.000000 -6.659920 56 165 251
12.000000 -20.000000 -5.627760 42 185 238
14.000000 -20.000000 -5.334000 37 192 231
16.000000 -20.000000 -7.158710 62 155 254
18.000000 -20.000000 -7.416030 65 150 255
20.000000 -20.000000 -7.078760 61 158 254
22.000000 -20.000000 -6.801280 58 163 252
24.000000 -20.000000 -7.984440 69 140 253
26.000000 -20.000000 -6.987910 59 160 253
28.000000 -20.000000 -5.969380 46 180 242
30.000000 -20.000000 -7.386590 64 153 255
32.000000 -20.000000 -8.319290 70 133 250
34.000000 -20.000000 -7.840280 68 143 254
36.000000 -20.000000 -8.170540 69 138 252
38.000000 -20.000000 -7.786030 67 145 254
40.000000 -20.000000 -6.659600 56 165 251
42.000000 -20.000000 -6.771850 58 163 252
44.000000 -20.000000 -6.385210 53 171 248
46.000000 -20.000000 -5.868600 46 180 242
48.000000 -20.000000 -6.758090 56 165 251
50.000000 -20.000000 -6.343660 51 173 247
52.000000 -20.000000 -5.840520 44 183 240
54.000000 -20.000000 -4.353920 27 208 213
56.000000 -20.000000 -4.019020 25 213 205
58.000000 -20.000000 -5.047160 34 197 226
60.000000 -20.000000 -5.871500 46 180 242
62.000000 -20.000000 -4.559090 28 205 216
64.000000 -20.000000 -6.112210 47 178 244
66.000000 -20.000000 -7.046580 61 158 254
68.000000 -20.000000 -6.397740 53 171 248
70.000000 -20.000000 -5.230070 37 192 231
72.000000 -20.000000 -6.176770 49 175 245
74.000000 -20.000000 -5.844020 44 183 240
76.000000 -20.000000 -4.041200 25 213 205
78.000000 -20.000000 -5.362440 39 190 233
80.000000 -20.000000 -6.396660 53 171 248
82.000000 -20.000000 -7.135840 61 158 254
84.000000 -20.000000 -6.743840 56 165 251
86.000000 -20.000000 -5.934150 46 180 242
88.000000 -20.000000 -6.017140 47 178 244
90.000000 -20.000000 -6.016710 47 178 244
92.000000 -20.000000 -5.651820 42 185 238
94.000000 -20.000000 -6.359790 51 173 247
96.000000 -20.000000 -6.689210 56 165 251
98.000000 -20.000000 -5.254410 37 192 231
100.000000 -20.000000 -5.205990 35 195 228
102.000000 -20.000000 -5.069250 34 197 226
104.000000 -20.000000 -5.058810 34 197 226
106.000000 -20.000000 -5.396120 39 190 233
108.000000 -20.000000 -6.905550 59 160 253
110.000000 -20.000000 -6.247520 49 175 245
112.000000 -20.000000 -5.447890 39 190 233
114.000000 -20.000000 -5.936940 46 180 242
116.000000 -20.000000 -7.235580 62 155 254
118.000000 -20.000000 -7.363100 64 153 255
120.000000 -20.000000 -7.424050 65 150 255
122.000000 -20.000000 -7.036930 61 158 254
124.000000 -20.000000 -6.504580 53 171 248
126.000000 -20.000000 -6.735420 56 165 251
128.000000 -20.000000 -7.300270 64 153 255
130.000000 -20.000000 -7.127900 61 158 254
132.000000 -20.000000 -6.796450 58 163 252
134.000000 -20.000000 -7.139340 61 158 254
136.000000 -20.000000 -7.785230 67 145 254
138.000000 -20.000000 -8.800560 70 125 244
140.000000 -20.000000 -7.719080 67 145 254
142.000000 -20.000000 -7.095030 61 158 254
144.000000 -20.000000 -9.920610 70 102 221
-174.000000 -22.000000 -22.580600 48 18 59
-172.000000 -22.000000 -11.369700 66 73 177
-170.000000 -22.000000 -9.067830 71 120 240
-168.000000 -22.000000 -7.929730 69 140 253
-166.000000 -22.000000 -8.028950 69 140 253
-164.000000 -22.000000 -8.905450 71 123 242
-162.000000 -22.000000 -9.295850 71 115 235
-160.000000 -22.000000 -9.086550 71 120 240
-158.000000 -22.000000 -8.754280 70 125 244
-156.000000 -22.000000 -9.076090 71 120 240
-154.000000 -22.000000 -9.061790 71 120 240
-152.000000 -22.000000 -9.269990 71 115 235
-150.000000 -22.000000 -9.023380 71 120 240
-148.000000 -22.000000 -8.837610 71 123 242
-146.000000 -22.000000 -9.158060 71 118 238
-144.000000 -22.000000 -9.363110 71 113 233
-142.000000 -22.000000 -9.130690 71 118 238
-140.000000 -22.000000 -9.223480 71 115 235
-138.000000 -22.000000 -9.839290 70 105 224
-136.000000 -22.000000 -10.482600 69 92 207
-134.000000 -22.000000 -9.123990 71 118 238
-132.000000 -22.000000 -8.306240 70 135 251
-130.000000 -22.000000 -8.458630 70 130 248
-128.000000 -22.000000 -8.906280 71 123 242
-126.000000 -22.000000 -8.653410 70 128 246
-124.000000 -22.000000 -9.142770 71 118 238
-122.000000 -22.000000 -9.145570 71 118 238
-120.000000 -22.000000 -9.819100 70 105 224
-118.000000 -22.000000 -6.496950 53 171 248
-116.000000 -22.000000 -5.200040 35 195 228
-114.000000 -22.000000 -5.650500 42 185 238
-112.000000 -22.000000 -6.233320 49 175 245
-110.000000 -22.000000 -6.196140 49 175 245
-108.000000 -22.000000 -4.071030 26 212 208
-106.000000 -22.000000 -4.624790 30 203 218
-104.000000 -22.000000 -4.879720 32 199 223
-102.000000 -22.000000 -3.964480 25 213 205
-100.000000 -22.000000 -3.374440 24 222 192
-98.000000 -22.000000 -3.787490 24 217 200
-96.000000 -22.000000 -3.369980 24 222 192
-94.000000 -22.000000 -2.410940 31 233 175
-92.000000 -22.000000 -0.568708 74 248 128
-90.000000 -22.000000 -1.995790 39 238 164
-88.000000 -22.000000 -2.034740 37 236 167
-86.000000 -22.000000 -1.307570 53 243 148
-84.000000 -22.000000 -1.405890 50 242 152
-82.000000 -22.000000 -0.784350 67 247 135
-80.000000 -22.000000 -0.239859 82 250 122
-78.000000 -22.000000 0.096879 93 252 111
-76.000000 -22.000000 -0.019404 89 251 115
-74.000000 -22.000000 -0.203819 82 250 122
-72.000000 -22.000000 0.301011 97 252 108
-70.000000 -22.000000 -0.092280 85 250 118
-68.000000 -22.000000 0.053181 89 251 115
-66.000000 -22.000000 -0.417358 78 249 125
-64.000000 -22.000000 -0.774274 67 247 135
-62.000000 -22.000000 0.037976 89 251 115
-60.000000 -22.000000 0.350081 101 253 105
-58.000000 -22.000000 0.487109 105 253 102
-56.000000 -22.000000 0.558370 105 253 102
-54.000000 -22.000000 -0.016886 89 251 115
-52.000000 -22.000000 -0.683967 70 248 132
-50.000000 -22.000000 -0.101306 85 250 118
-48.000000 -22.000000 1.326280 128 255 83
-46.000000 -22.000000 1.301070 128 255 83
-44.000000 -22.000000 1.427820 132 255 81
-42.000000 -22.000000 1.717180 139 255 75
-40.000000 -22.000000 1.433770 132 255 81
-38.000000 -22.000000 1.218170 125 255 86
-36.000000 -22.000000 1.957270 146 255 71
-34.000000 -22.000000 2.076610 150 254 68
-32.000000 -22.000000 2.208940 153 254 66
-30.000000 -22.000000 2.494270 159 253 63
-28.000000 -22.000000 2.169600 153 254 66
-26.000000 -22.000000 1.846300 143 255 73
-24.000000 -22.000000 1.829660 143 255 73
-22.000000 -22.000000 2.118970 150 254 68
-20.000000 -22.000000 1.798200 143 255 73
-18.000000 -22.000000 1.939560 146 255 71
-16.000000 -22.000000 1.616040 139 255 75
-14.000000 -22.000000 1.296260 128 255 83
-12.000000 -22.000000 1.130120 125 255 86
-10.000000 -22.000000 0.647136 109 254 98
-8.000000 -22.000000 0.310543 97 252 108
-6.000000 -22.000000 0.314419 97 252 108
-4.000000 -22.000000 0.000324 89 251 115
-2.000000 -22.000000 -0.165340 85 250 118
0.000000 -22.000000 -0.313438 82 250 122
2.000000 -22.000000 -0.482579 74 248 128
4.000000 -22.000000 -0.177712 85 250 118
6.000000 -22.000000 -0.500698 74 248 128
8.000000 -22.000000 -0.498774 74 248 128
10.000000 -22.000000 -0.658423 70 248 132
12.000000 -22.000000 -0.972114 60 245 142
14.000000 -22.000000 -1.129780 56 244 145
16.000000 -22.000000 -1.133820 56 244 145
18.000000 -22.000000 -1.608550 47 241 155
20.000000 -22.000000 -1.916520 39 238 164
22.000000 -22.000000 -2.077560 37 236 167
24.000000 -22.000000 -1.759440 42 239 161
26.000000 -22.000000 -2.371180 32 234 172
28.000000 -22.000000 -2.224950 34 235 170
30.000000 -22.000000 -2.376290 32 234 172
32.000000 -22.000000 -2.527120 29 231 178
34.000000 -22.000000 -2.528180 29 231 178
36.000000 -22.000000 -2.978650 25 227 185
38.000000 -22.000000 -3.288370 24 224 189
40.000000 -22.000000 -3.439170 24 221 194
42.000000 -22.000000 -2.529620 29 231 178
44.000000 -22.000000 -2.094680 37 236 167
46.000000 -22.000000 -2.985700 25 227 185
48.000000 -22.000000 -3.125140 25 226 187
50.000000 -22.000000 -3.118450 25 226 187
52.000000 -22.000000 -3.415620 24 222 192
54.000000 -22.000000 -3.108020 25 226 187
56.000000 -22.000000 -4.167530 26 212 208
58.000000 -22.000000 -4.468450 28 205 216
60.000000 -22.000000 -3.227840 24 224 189
62.000000 -22.000000 -3.402870 24 222 192
64.000000 -22.000000 -4.286810 26 210 210
66.000000 -22.000000 -3.971010 25 213 205
68.000000 -22.000000 -3.478620 24 221 194
70.000000 -22.000000 -5.018950 34 197 226
72.000000 -22.000000 -5.164200 35 195 228
74.000000 -22.000000 -5.003510 34 197 226
76.000000 -22.000000 -6.198850 49 175 245
78.000000 -22.000000 -5.581670 40 188 235
80.000000 -22.000000 -5.408230 39 190 233
82.000000 -22.000000 -5.231860 37 192 231
84.000000 -22.000000 -5.218420 35 195 228
86.000000 -22.000000 -5.973880 46 180 242
88.000000 -22.000000 -6.748950 56 165 251
90.000000 -22.000000 -6.879840 58 163 252
92.000000 -22.000000 -7.668800 66 148 255
94.000000 -22.000000 -7.322810 64 153 255
96.000000 -22.000000 -6.630150 55 168 250
98.000000 -22.000000 -7.099040 61 158 254
100.000000 -22.000000 -7.571110 66 148 255
102.000000 -22.000000 -8.054190 69 140 253
104.000000 -22.000000 -8.186120 69 138 252
106.000000 -22.000000 -6.926300 59 160 253
108.000000 -22.000000 -7.223020 62 155 254
110.000000 -22.000000 -7.888840 68 143 254
112.000000 -22.000000 -9.412750 71 113 233
114.000000 -22.000000 -8.857320 71 123 242
116.000000 -22.000000 -8.457600 70 130 248
118.000000 -22.000000 -8.773940 70 125 244
120.000000 -22.000000 -9.050970 71 120 240
122.000000 -22.000000 -9.219850 71 115 235
124.000000 -22.000000 -10.282200 69 94 211
126.000000 -22.000000 -10.254100 69 94 211
128.000000 -22.000000 -9.224820 71 115 235
130.000000 -22.000000 -8.964460 71 120 240
132.000000 -22.000000 -10.207300 70 97 214
134.000000 -22.000000 -10.724700 68 86 199
136.000000 -22.000000 -10.430600 69 92 207
138.000000 -22.000000 -11.302700 66 73 177
140.000000 -22.000000 -12.011200 63 59 151
142.000000 -22.000000 -11.707200 64 64 162
-170.000000 -24.000000 -12.417300 60 50 134
-168.000000 -24.000000 -4.736470 31 201 221
-166.000000 -24.000000 -3.818120 24 215 202
-164.000000 -24.000000 -0.162417 85 250 118
-162.000000 -24.000000 -0.401224 78 249 125
-160.000000 -24.000000 -0.026484 89 251 115
-158.000000 -24.000000 -1.192100 56 244 145
-156.000000 -24.000000 -0.785136 67 247 135
-154.000000 -24.000000 -1.142350 56 244 145
-152.000000 -24.000000 -1.660000 44 240 158
-150.000000 -24.000000 -1.164270 56 244 145
-148.000000 -24.000000 -1.083230 60 245 142
-146.000000 -24.000000 -1.236430 53 243 148
-144.000000 -24.000000 -1.374580 50 242 152
-142.000000 -24.000000 -2.277620 32 234 172
-140.000000 -24.000000 -1.835840 42 239 161
-138.000000 -24.000000 -2.093060 37 236 167
-136.000000 -24.000000 -2.563840 29 231 178
-134.000000 -24.000000 -2.413280 31 233 175
-132.000000 -24.000000 -2.658240 28 230 180
-130.000000 -24.000000 -2.368160 32 234 172
-128.000000 -24.000000 -2.310460 32 234 172
-126.000000 -24.000000 -2.500050 31 233 175
-124.000000 -24.000000 -3.058830 25 226 187
-122.000000 -24.000000 -2.888900 26 228 182
-120.000000 -24.000000 -2.380420 32 234 172
-118.000000 -24.000000 -2.757020 28 230 180
-116.000000 -24.000000 -2.586130 29 231 178
-114.000000 -24.000000 -2.799080 26 228 182
-112.000000 -24.000000 -4.121730 26 212 208
-110.000000 -24.000000 -3.128240 25 226 187
-108.000000 -24.000000 -3.952090 25 213 205
-106.000000 -24.000000 -3.813720 24 215 202
-104.000000 -24.000000 -3.741330 24 217 200
-102.000000 -24.000000 -3.479530 24 221 194
-100.000000 -24.000000 -3.581640 24 219 197
-98.000000 -24.000000 -2.993150 25 227 185
-96.000000 -24.000000 -3.525890 24 221 194
-94.000000 -24.000000 -3.544970 24 221 194
-92.000000 -24.000000 -3.302200 24 222 192
-90.000000 -24.000000 -3.397940 24 222 192
-88.000000 -24.000000 -2.586420 29 231 178
-86.000000 -24.000000 -3.607540 24 219 197
-84.000000 -24.000000 -2.677210 28 230 180
-82.000000 -24.000000 -2.130000 34 235 170
-80.000000 -24.000000 -2.995870 25 227 185
-78.000000 -24.000000 -3.169380 24 224 189
-76.000000 -24.000000 -2.805390 26 228 182
-74.000000 -24.000000 -2.596160 29 231 178
-72.000000 -24.000000 -3.370090 24 222 192
-70.000000 -24.000000 -2.198690 34 235 170
-68.000000 -24.000000 -2.020180 37 236 167
-66.000000 -24.000000 -0.517091 74 248 128
-64.000000 -24.000000 1.547980 136 255 78
-62.000000 -24.000000 -0.143064 85 250 118
-60.000000 -24.000000 -0.699222 70 248 132
-58.000000 -24.000000 0.412674 101 253 105
-56.000000 -24.000000 1.868430 146 255 71
-54.000000 -24.000000 1.356340 132 255 81
-52.000000 -24.000000 1.191720 125 255 86
-50.000000 -24.000000 -0.236433 82 250 122
-48.000000 -24.000000 -0.163106 85 250 118
-46.000000 -24.000000 1.155270 125 255 86
-44.000000 -24.000000 2.454060 159 253 63
-42.000000 -24.000000 3.346800 177 249 54
-40.000000 -24.000000 4.461490 200 239 52
-38.000000 -24.000000 4.418760 198 240 52
-36.000000 -24.000000 3.440860 180 248 54
-34.000000 -24.000000 4.355750 198 240 52
-32.000000 -24.000000 4.948690 208 234 52
-30.000000 -24.000000 3.005430 169 251 57
-28.000000 -24.000000 2.402830 159 253 63
-26.000000 -24.000000 4.242350 195 241 52
-24.000000 -24.000000 4.030640 190 244 52
-22.000000 -24.000000 4.225290 195 241 52
-20.000000 -24.000000 3.913110 188 245 52
-18.000000 -24.000000 3.516270 180 248 54
-16.000000 -24.000000 4.037020 190 244 52
-14.000000 -24.000000 3.706980 185 246 53
-12.000000 -24.000000 4.750470 205 236 52
-10.000000 -24.000000 5.155450 212 231 53
-8.000000 -24.000000 5.485550 219 226 54
-6.000000 -24.000000 3.961680 190 244 52
-4.000000 -24.000000 3.913670 188 245 52
-2.000000 -24.000000 4.856500 208 234 52
0.000000 -24.000000 5.785200 223 223 55
2.000000 -24.000000 5.010960 210 233 53
4.000000 -24.000000 3.623980 183 247 53
6.000000 -24.000000 3.763790 185 246 53
8.000000 -24.000000 5.262990 215 229 53
10.000000 -24.000000 5.387860 217 228 54
12.000000 -24.000000 3.550290 183 247 53
14.000000 -24.000000 2.438860 159 253 63
16.000000 -24.000000 3.196120 175 250 55
18.000000 -24.000000 4.059290 193 243 52
20.000000 -24.000000 3.474340 180 248 54
22.000000 -24.000000 1.599710 136 255 78
24.000000 -24.000000 1.995260 150 254 68
26.000000 -24.000000 2.865160 167 252 58
28.000000 -24.000000 2.267990 156 254 64
30.000000 -24.000000 1.346130 128 255 83
32.000000 -24.000000 0.508997 105 253 102
34.000000 -24.000000 1.588460 136 255 78
36.000000 -24.000000 0.345528 101 253 105
38.000000 -24.000000 0.169710 93 252 111
40.000000 -24.000000 0.262682 97 252 108
42.000000 -24.000000 0.933566 117 254 92
44.000000 -24.000000 1.581780 136 255 78
46.000000 -24.000000 1.272490 128 255 83
48.000000 -24.000000 -0.350996 78 249 125
50.000000 -24.000000 -2.489730 31 233 175
52.000000 -24.000000 -3.032780 25 226 187
54.000000 -24.000000 -0.772855 67 247 135
56.000000 -24.000000 0.895689 117 254 92
58.000000 -24.000000 -0.325253 82 250 122
60.000000 -24.000000 -1.405940 50 242 152
62.000000 -24.000000 -2.912380 25 227 185
64.000000 -24.000000 -2.249250 34 235 170
66.000000 -24.000000 -2.787550 26 228 182
68.000000 -24.000000 -3.897900 24 215 202
70.000000 -24.000000 -2.794410 26 228 182
72.000000 -24.000000 -3.630720 24 219 197
74.000000 -24.000000 -5.364750 39 190 233
76.000000 -24.000000 -6.085320 47 178 244
78.000000 -24.000000 -6.195310 49 175 245
80.000000 -24.000000 -7.009760 59 160 253
82.000000 -24.000000 -7.298640 64 153 255
84.000000 -24.000000 -8.334000 70 133 250
86.000000 -24.000000 -7.526830 65 150 255
88.000000 -24.000000 -5.909680 46 180 242
90.000000 -24.000000 -7.528550 65 150 255
92.000000 -24.000000 -5.796310 44 183 240
94.000000 -24.000000 -5.889670 46 180 242
96.000000 -24.000000 -8.844160 71 123 242
98.000000 -24.000000 -8.663100 70 128 246
100.000000 -24.000000 -8.996580 71 120 240
102.000000 -24.000000 -9.937000 70 102 221
104.000000 -24.000000 -10.410200 69 92 207
106.000000 -24.000000 -9.938930 70 102 221
108.000000 -24.000000 -10.606200 69 89 203
110.000000 -24.000000 -11.031200 67 78 186
112.000000 -24.000000 -9.931120 70 102 221
114.000000 -24.000000 -10.859500 68 84 195
116.000000 -24.000000 -11.280100 66 73 177
118.000000 -24.000000 -12.477000 59 47 128
120.000000 -24.000000 -13.937400 48 18 59
122.000000 -24.000000 -13.639700 50 21 67
124.000000 -24.000000 -12.502700 59 47 128
126.000000 -24.000000 -13.017400 55 36 102
128.000000 -24.000000 -14.001500 48 18 59
130.000000 -24.000000 -17.147500 48 18 59
132.000000 -24.000000 -16.351000 48 18 59
134.000000 -24.000000 -16.989700 48 18 59
136.000000 -24.000000 -18.166100 48 18 59
138.000000 -24.000000 -18.167500 48 18 59
140.000000 -24.000000 -16.516900 48 18 59
142.000000 -24.000000 -17.260200 48 18 59
-166.000000 -26.000000 -0.721616 67 247 135
-164.000000 -26.000000 -4.114060 26 212 208
-162.000000 -26.000000 -4.097510 26 212 208
-160.000000 -26.000000 -3.188450 24 224 189
-158.000000 -26.000000 -1.494180 47 241 155
-156.000000 -26.000000 -2.950720 25 227 185
-154.000000 -26.000000 -3.495200 24 221 194
-152.000000 -26.000000 -4.394630 27 208 213
-150.000000 -26.000000 -3.206060 24 224 189
-148.000000 -26.000000 -0.580052 74 248 128
-146.000000 -26.000000 -0.867596 63 246 138
-144.000000 -26.000000 -2.497390 31 233 175
-142.000000 -26.000000 -3.397340 24 222 192
-140.000000 -26.000000 -2.592580 29 231 178
-138.000000 -26.000000 -1.160120 56 244 145
-136.000000 -26.000000 -1.803010 42 239 161
-134.000000 -26.000000 -1.310220 53 243 148
-132.000000 -26.000000 -1.791460 42 239 161
-130.000000 -26.000000 -2.590030 29 231 178
-128.000000 -26.000000 -1.507130 47 241 155
-126.000000 -26.000000 -0.937948 63 246 138
-124.000000 -26.000000 -0.260344 82 250 122
-122.000000 -26.000000 -0.744748 67 247 135
-120.000000 -26.000000 -0.767633 67 247 135
-118.000000 -26.000000 -1.274250 53 243 148
-116.000000 -26.000000 -0.664963 70 248 132
-114.000000 -26.000000 -0.417471 78 249 125
-112.000000 -26.000000 1.232570 128 255 83
-110.000000 -26.000000 0.847801 117 254 92
-108.000000 -26.000000 0.787873 113 254 95
-106.000000 -26.000000 0.471522 105 253 102
-104.000000 -26.000000 -0.167492 85 250 118
-102.000000 -26.000000 0.340317 101 253 105
-100.000000 -26.000000 0.670776 109 254 98
-98.000000 -26.000000 0.149565 93 252 111
-96.000000 -26.000000 0.948158 117 254 92
-94.000000 -26.000000 1.388360 132 255 81
-92.000000 -26.000000 1.599850 136 255 78
-90.000000 -26.000000 0.820436 113 254 95
-88.000000 -26.000000 0.629648 109 254 98
-86.000000 -26.000000 0.843677 117 254 92
-84.000000 -26.000000 1.319530 128 255 83
-82.000000 -26.000000 1.617260 139 255 75
-80.000000 -26.000000 1.482760 136 255 78
-78.000000 -26.000000 1.268110 128 255 83
-76.000000 -26.000000 1.155670 125 255 86
-74.000000 -26.000000 0.947507 117 254 92
-72.000000 -26.000000 0.910145 117 254 92
-70.000000 -26.000000 1.175480 125 255 86
-68.000000 -26.000000 0.516563 105 253 102
-66.000000 -26.000000 0.630868 109 254 98
-64.000000 -26.000000 -0.140690 85 250 118
-62.000000 -26.000000 -0.039868 89 251 115
-60.000000 -26.000000 -0.534787 74 248 128
-58.000000 -26.000000 -0.668576 70 248 132
-56.000000 -26.000000 -0.170487 85 250 118
-54.000000 -26.000000 0.539175 105 253 102
-52.000000 -26.000000 0.521443 105 253 102
-50.000000 -26.000000 1.237980 128 255 83
-48.000000 -26.000000 1.179690 125 255 86
-46.000000 -26.000000 0.392960 101 253 105
-44.000000 -26.000000 0.435124 101 253 105
-42.000000 -26.000000 0.816422 113 254 95
-40.000000 -26.000000 0.554431 105 253 102
-38.000000 -26.000000 0.810717 113 254 95
-36.000000 -26.000000 -0.181626 85 250 118
-34.000000 -26.000000 1.288530 128 255 83
-32.000000 -26.000000 -0.389509 78 249 125
-30.000000 -26.000000 -0.121411 85 250 118
-28.000000 -26.000000 0.664773 109 254 98
-26.000000 -26.000000 0.683211 109 254 98
-24.000000 -26.000000 1.164880 125 255 86
-22.000000 -26.000000 0.619728 109 254 98
-20.000000 -26.000000 0.636489 109 254 98
-18.000000 -26.000000 1.409430 132 255 81
-16.000000 -26.000000 0.772930 113 254 95
-14.000000 -26.000000 -0.165336 85 250 118
-12.000000 -26.000000 -0.040560 89 251 115
-10.000000 -26.000000 0.866108 117 254 92
-8.000000 -26.000000 0.408587 101 253 105
-6.000000 -26.000000 0.247135 97 252 108
-4.000000 -26.000000 -0.300036 82 250 122
-2.000000 -26.000000 -0.261445 82 250 122
0.000000 -26.000000 0.036014 89 251 115
2.000000 -26.000000 -0.329153 78 249 125
4.000000 -26.000000 0.384901 101 253 105
6.000000 -26.000000 0.713939 113 254 95
8.000000 -26.000000 0.082339 93 252 111
10.000000 -26.000000 -0.693085 70 248 132
12.000000 -26.000000 -0.123917 85 250 118
14.000000 -26.000000 0.579572 109 254 98
16.000000 -26.000000 -0.549964 74 248 128
18.000000 -26.000000 -0.550143 74 248 128
20.000000 -26.000000 -0.232488 82 250 122
22.000000 -26.000000 0.049812 89 251 115
24.000000 -26.000000 -0.797670 67 247 135
26.000000 -26.000000 -1.042450 60 245 142
28.000000 -26.000000 -1.088210 60 245 142
30.000000 -26.000000 0.459193 105 253 102
32.000000 -26.000000 -0.076549 85 250 118
34.000000 -26.000000 -1.115770 56 244 145
36.000000 -26.000000 -1.558410 47 241 155
38.000000 -26.000000 -1.476870 50 242 152
40.000000 -26.000000 -0.747250 67 247 135
42.000000 -26.000000 -1.207840 56 244 145
44.000000 -26.000000 -2.212560 34 235 170
46.000000 -26.000000 -3.042070 25 226 187
48.000000 -26.000000 -3.012620 25 227 185
50.000000 -26.000000 -2.214780 34 235 170
52.000000 -26.000000 -1.291990 53 243 148
54.000000 -26.000000 -2.878610 26 228 182
56.000000 -26.000000 -4.165240 26 212 208
58.000000 -26.000000 -4.167920 26 212 208
60.000000 -26.000000 -4.663310 30 203 218
62.000000 -26.000000 -5.150210 35 195 228
64.000000 -26.000000 -5.124980 35 195 228
66.000000 -26.000000 -5.082660 34 197 226
68.000000 -26.000000 -4.478740 28 205 216
70.000000 -26.000000 -5.208910 35 195 228
72.000000 -26.000000 -5.085540 34 197 226
74.000000 -26.000000 -5.033320 34 197 226
76.000000 -26.000000 -6.003520 47 178 244
78.000000 -26.000000 -6.579870 55 168 250
80.000000 -26.000000 -6.450900 53 171 248
82.000000 -26.000000 -6.432200 53 171 248
84.000000 -26.000000 -6.743580 56 165 251
86.000000 -26.000000 -7.217800 62 155 254
88.000000 -26.000000 -8.054350 69 140 253
90.000000 -26.000000 -8.109770 69 138 252
92.000000 -26.000000 -8.157980 69 138 252
94.000000 -26.000000 -8.294090 70 135 251
96.000000 -26.000000 -8.257220 70 135 251
98.000000 -26.000000 -8.744020 70 125 244
100.000000 -26.000000 -8.702930 70 125 244
102.000000 -26.000000 -8.925660 71 123 242
104.000000 -26.000000 -9.317630 71 115 235
106.000000 -26.000000 -9.727310 70 107 227
108.000000 -26.000000 -9.940980 70 102 221
110.000000 -26.000000 -10.254800 69 94 211
112.000000 -26.000000 -11.027900 67 78 186
114.000000 -26.000000 -11.211900 66 75 181
116.000000 -26.000000 -10.803300 68 84 195
118.000000 -26.000000 -10.699000 68 86 199
120.000000 -26.000000 -10.480200 69 92 207
122.000000 -26.000000 -10.620600 69 89 203
124.000000 -26.000000 -10.737300 68 86 199
126.000000 -26.000000 -10.786500 68 84 195
128.000000 -26.000000 -11.281500 66 73 177
130.000000 -26.000000 -12.867100 56 39 109
132.000000 -26.000000 -12.122100 62 56 145
134.000000 -26.000000 -12.457200 59 47 128
136.000000 -26.000000 -12.300600 61 53 139
138.000000 -26.000000 -12.515500 59 47 128
140.000000 -26.000000 -10.838200 68 84 195
142.000000 -26.000000 -12.345300 60 50 134
-162.000000 -28.000000 -10.273700 69 94 211
-160.000000 -28.000000 -5.500460 40 188 235
-158.000000 -28.000000 -5.792000 44 183 240
-156.000000 -28.000000 -6.755240 56 165 251
-154.000000 -28.000000 -6.591000 55 168 250
-152.000000 -28.000000 -4.500830 28 205 216
-150.000000 -28.000000 -6.285410 51 173 247
-148.000000 -28.000000 -7.204770 62 155 254
-146.000000 -28.000000 -6.109260 47 178 244
-144.000000 -28.000000 -5.156320 35 195 228
-142.000000 -28.000000 -3.690850 24 217 200
-140.000000 -28.000000 -4.529070 28 205 216
-138.000000 -28.000000 -5.091820 34 197 226
-136.000000 -28.000000 -4.226140 26 210 210
-134.000000 -28.000000 -4.568000 28 205 216
-132.000000 -28.000000 -3.706200 24 217 200
-130.000000 -28.000000 -2.643290 29 231 178
-128.000000 -28.000000 -3.555010 24 219 197
-126.000000 -28.000000 -2.331410 32 234 172
-124.000000 -28.000000 -2.533940 29 231 178
-122.000000 -28.000000 -2.732850 28 230 180
-120.000000 -28.000000 -2.250080 34 235 170
-118.000000 -28.000000 -3.447890 24 221 194
-116.000000 -28.000000 -3.153910 25 226 187
-114.000000 -28.000000 -2.679330 28 230 180
-112.000000 -28.000000 -2.375730 32 234 172
-110.000000 -28.000000 -2.920140 25 227 185
-108.000000 -28.000000 -2.950470 25 227 185
-106.000000 -28.000000 -2.308170 32 234 172
-104.000000 -28.000000 -2.365830 32 234 172
-102.000000 -28.000000 -3.869930 24 215 202
-100.000000 -28.000000 -2.176860 34 235 170
-98.000000 -28.000000 -1.912810 39 238 164
-96.000000 -28.000000 -3.990690 25 213 205
-94.000000 -28.000000 -3.251990 24 224 189
-92.000000 -28.000000 -3.308040 24 222 192
-90.000000 -28.000000 -2.629900 29 231 178
-88.000000 -28.000000 -2.170750 34 235 170
-86.000000 -28.000000 -1.849130 42 239 161
-84.000000 -28.000000 -2.059130 37 236 167
-82.000000 -28.000000 -2.230010 34 235 170
-80.000000 -28.000000 -1.888000 39 238 164
-78.000000 -28.000000 -1.551580 47 241 155
-76.000000 -28.000000 -1.259610 53 243 148
-74.000000 -28.000000 -1.616740 44 240 158
-72.000000 -28.000000 -1.544470 47 241 155
-70.000000 -28.000000 -0.902698 63 246 138
-68.000000 -28.000000 -0.692557 70 248 132
-66.000000 -28.000000 -1.175380 56 244 145
-64.000000 -28.000000 -0.049125 89 251 115
-62.000000 -28.000000 -0.291697 82 250 122
-60.000000 -28.000000 -1.857540 42 239 161
-58.000000 -28.000000 -0.600085 70 248 132
-56.000000 -28.000000 0.060214 89 251 115
-54.000000 -28.000000 -0.398398 78 249 125
-52.000000 -28.000000 -1.247380 53 243 148
-50.000000 -28.000000 -2.307520 32 234 172
-48.000000 -28.000000 -0.820226 67 247 135
-46.000000 -28.000000 0.698015 109 254 98
-44.000000 -28.000000 0.558439 105 253 102
-42.000000 -28.000000 -2.064290 37 236 167
-40.000000 -28.000000 -2.563630 29 231 178
-38.000000 -28.000000 -0.782446 67 247 135
-36.000000 -28.000000 -1.383020 50 242 152
-34.000000 -28.000000 -1.184020 56 244 145
-32.000000 -28.000000 -0.289350 82 250 122
-30.000000 -28.000000 -0.883038 63 246 138
-28.000000 -28.000000 -1.385880 50 242 152
-26.000000 -28.000000 -1.511670 47 241 155
-24.000000 -28.000000 -1.496340 47 241 155
-22.000000 -28.000000 -2.097920 37 236 167
-20.000000 -28.000000 -2.222250 34 235 170
-18.000000 -28.000000 -2.441050 31 233 175
-16.000000 -28.000000 -2.514650 31 233 175
-14.000000 -28.000000 -2.637040 29 231 178
-12.000000 -28.000000 -3.096550 25 226 187
-10.000000 -28.000000 -2.977060 25 227 185
-8.000000 -28.000000 -3.294960 24 222 192
-6.000000 -28.000000 -2.719750 28 230 180
-4.000000 -28.000000 -2.101320 37 236 167
-2.000000 -28.000000 -2.267870 32 234 172
0.000000 -28.000000 -3.811950 24 215 202
2.000000 -28.000000 -3.393590 24 222 192
4.000000 -28.000000 -3.413670 24 222 192
6.000000 -28.000000 -2.983610 25 227 185
8.000000 -28.000000 -2.658280 28 230 180
10.000000 -28.000000 -2.089730 37 236 167
12.000000 -28.000000 -4.596640 30 203 218
14.000000 -28.000000 -4.858810 32 199 223
16.000000 -28.000000 -3.761740 24 217 200
18.000000 -28.000000 -5.230130 37 192 231
20.000000 -28.000000 -4.813340 31 201 221
22.000000 -28.000000 -3.900840 24 215 202
24.000000 -28.000000 -3.945870 25 213 205
26.000000 -28.000000 -2.695430 28 230 180
28.000000 -28.000000 -1.896950 39 238 164
30.000000 -28.000000 -3.781350 24 217 200
32.000000 -28.000000 -2.585440 29 231 178
34.000000 -28.000000 -2.363800 32 234 172
36.000000 -28.000000 -2.392570 31 233 175
38.000000 -28.000000 -2.293090 32 234 172
40.000000 -28.000000 -2.701490 28 230 180
42.000000 -28.000000 -2.418500 31 233 175
44.000000 -28.000000 -2.698790 28 230 180
46.000000 -28.000000 -3.160450 25 226 187
48.000000 -28.000000 -3.375820 24 222 192
50.000000 -28.000000 -3.650580 24 219 197
52.000000 -28.000000 -3.738070 24 217 200
54.000000 -28.000000 -3.031100 25 227 185
56.000000 -28.000000 -4.347450 27 208 213
58.000000 -28.000000 -3.069030 25 226 187
60.000000 -28.000000 -4.649110 30 203 218
62.000000 -28.000000 -4.731830 31 201 221
64.000000 -28.000000 -3.677300 24 217 200
66.000000 -28.000000 -3.940670 25 213 205
68.000000 -28.000000 -4.374550 27 208 213
70.000000 -28.000000 -4.287270 26 210 210
72.000000 -28.000000 -4.432000 27 208 213
74.000000 -28.000000 -5.657170 42 185 238
76.000000 -28.000000 -5.619060 42 185 238
78.000000 -28.000000 -4.682180 30 203 218
80.000000 -28.000000 -4.473490 28 205 216
82.000000 -28.000000 -5.741920 44 183 240
84.000000 -28.000000 -4.496400 28 205 216
86.000000 -28.000000 -3.194130 24 224 189
88.000000 -28.000000 -4.396140 27 208 213
90.000000 -28.000000 -5.293030 37 192 231
92.000000 -28.000000 -4.854210 32 199 223
94.000000 -28.000000 -4.476180 28 205 216
96.000000 -28.000000 -5.286190 37 192 231
98.000000 -28.000000 -5.911990 46 180 242
100.000000 -28.000000 -5.748750 44 183 240
102.000000 -28.000000 -5.710920 42 185 238
104.000000 -28.000000 -5.913460 46 180 242
106.000000 -28.000000 -5.593100 40 188 235
108.000000 -28.000000 -6.248980 49 175 245
110.000000 -28.000000 -6.598990 55 168 250
112.000000 -28.000000 -5.865850 44 183 240
114.000000 -28.000000 -5.856340 44 183 240
116.000000 -28.000000 -6.545360 55 168 250
118.000000 -28.000000 -7.563760 66 148 255
120.000000 -28.000000 -7.553250 66 148 255
122.000000 -28.000000 -7.665140 66 148 255
124.000000 -28.000000 -8.711100 70 125 244
126.000000 -28.000000 -8.633590 70 128 246
128.000000 -28.000000 -9.935090 70 102 221
130.000000 -28.000000 -8.757160 70 125 244
132.000000 -28.000000 -8.427340 70 133 250
134.000000 -28.000000 -8.475150 70 130 248
136.000000 -28.000000 -7.349620 64 153 255
138.000000 -28.000000 -7.600460 66 148 255
140.000000 -28.000000 -9.406370 71 113 233
142.000000 -28.000000 -4.970770 34 197 226
-160.000000 -30.000000 -13.027000 55 36 102
-158.000000 -30.000000 -10.028900 70 100 218
-156.000000 -30.000000 -9.696940 70 107 227
-154.000000 -30.000000 -8.835140 71 123 242
-152.000000 -30.000000 -9.225000 71 115 235
-150.000000 -30.000000 -8.753790 70 125 244
-148.000000 -30.000000 -8.350400 70 133 250
-146.000000 -30.000000 -8.918990 71 123 242
-144.000000 -30.000000 -8.216620 70 135 251
-142.000000 -30.000000 -9.264810 71 115 235
-140.000000 -30.000000 -8.448130 70 130 248
-138.000000 -30.000000 -6.788490 58 163 252
-136.000000 -30.000000 -7.713730 67 145 254
-134.000000 -30.000000 -7.248710 62 155 254
-132.000000 -30.000000 -6.698840 56 165 251
-130.000000 -30.000000 -8.071290 69 138 252
-128.000000 -30.000000 -7.141550 61 158 254
-126.000000 -30.000000 -6.975890 59 160 253
-124.000000 -30.000000 -7.097300 61 158 254
-122.000000 -30.000000 -5.074170 34 197 226
-120.000000 -30.000000 -4.535880 28 205 216
-118.000000 -30.000000 -3.573110 24 219 197
-116.000000 -30.000000 -2.757310 28 230 180
-114.000000 -30.000000 -2.794340 26 228 182
-112.000000 -30.000000 -4.235720 26 210 210
-110.000000 -30.000000 -3.696080 24 217 200
-108.000000 -30.000000 -3.360410 24 222 192
-106.000000 -30.000000 -3.699830 24 217 200
-104.000000 -30.000000 -2.171640 34 235 170
-102.000000 -30.000000 -1.138480 56 244 145
-100.000000 -30.000000 -2.077700 37 236 167
-98.000000 -30.000000 -1.743860 42 239 161
-96.000000 -30.000000 -1.119970 56 244 145
-94.000000 -30.000000 -0.433849 78 249 125
-92.000000 -30.000000 -0.216834 82 250 122
-90.000000 -30.000000 -0.052619 89 251 115
-88.000000 -30.000000 -1.566630 47 241 155
-86.000000 -30.000000 -0.869514 63 246 138
-84.000000 -30.000000 -0.747596 67 247 135
-82.000000 -30.000000 -0.676840 70 248 132
-80.000000 -30.000000 0.150324 93 252 111
-78.000000 -30.000000 -0.331805 78 249 125
-76.000000 -30.000000 -0.904397 63 246 138
-74.000000 -30.000000 -0.540314 74 248 128
-72.000000 -30.000000 -0.801269 67 247 135
-70.000000 -30.000000 -1.231900 53 243 148
-68.000000 -30.000000 -0.934980 63 246 138
-66.000000 -30.000000 -0.831330 67 247 135
-64.000000 -30.000000 -0.252399 82 250 122
-62.000000 -30.000000 3.449470 180 248 54
-60.000000 -30.000000 -0.234873 82 250 122
-58.000000 -30.000000 -0.256141 82 250 122
-56.000000 -30.000000 1.035860 121 254 89
-54.000000 -30.000000 -0.168259 85 250 118
-52.000000 -30.000000 0.256877 97 252 108
-50.000000 -30.000000 0.349324 101 253 105
-48.000000 -30.000000 -0.273307 82 250 122
-46.000000 -30.000000 0.553392 105 253 102
-44.000000 -30.000000 0.957039 117 254 92
-42.000000 -30.000000 0.630188 109 254 98
-40.000000 -30.000000 0.439299 101 253 105
-38.000000 -30.000000 -0.341549 78 249 125
-36.000000 -30.000000 0.414418 101 253 105
-34.000000 -30.000000 -0.093797 85 250 118
-32.000000 -30.000000 0.042040 89 251 115
-30.000000 -30.000000 0.028711 89 251 115
-28.000000 -30.000000 0.004849 89 251 115
-26.000000 -30.000000 -0.015264 89 251 115
-24.000000 -30.000000 -0.655712 70 248 132
-22.000000 -30.000000 -0.362994 78 249 125
-20.000000 -30.000000 -0.690614 70 248 132
-18.000000 -30.000000 -1.017640 60 245 142
-16.000000 -30.000000 -0.095008 85 250 118
-14.000000 -30.000000 -0.732248 67 247 135
-12.000000 -30.000000 -1.379890 50 242 152
-10.000000 -30.000000 -1.547480 47 241 155
-8.000000 -30.000000 -1.255370 53 243 148
-6.000000 -30.000000 -1.576490 47 241 155
-4.000000 -30.000000 -1.742350 44 240 158
-2.000000 -30.000000 -1.913210 39 238 164
0.000000 -30.000000 -2.233350 34 235 170
2.000000 -30.000000 -1.933560 39 238 164
4.000000 -30.000000 -2.719590 28 230 180
6.000000 -30.000000 -2.731070 28 230 180
8.000000 -30.000000 -3.206660 24 224 189
10.000000 -30.000000 -3.369190 24 222 192
12.000000 -30.000000 -2.761970 28 230 180
14.000000 -30.000000 -2.764750 28 230 180
16.000000 -30.000000 -3.234670 24 224 189
18.000000 -30.000000 -3.710570 24 217 200
20.000000 -30.000000 -3.716320 24 217 200
22.000000 -30.000000 -3.723090 24 217 200
24.000000 -30.000000 -3.716210 24 217 200
26.000000 -30.000000 -4.351780 27 208 213
28.000000 -30.000000 -3.901550 24 215 202
30.000000 -30.000000 -4.365820 27 208 213
32.000000 -30.000000 -4.084070 26 212 208
34.000000 -30.000000 -4.531330 28 205 216
36.000000 -30.000000 -4.537080 28 205 216
38.000000 -30.000000 -4.078290 26 212 208
40.000000 -30.000000 -4.528400 28 205 216
42.000000 -30.000000 -4.529420 28 205 216
44.000000 -30.000000 -4.978930 34 197 226
46.000000 -30.000000 -4.670700 30 203 218
48.000000 -30.000000 -4.109430 26 212 208
50.000000 -30.000000 -3.662180 24 219 197
52.000000 -30.000000 -4.864270 32 199 223
54.000000 -30.000000 -4.984580 34 197 226
56.000000 -30.000000 -4.946420 32 199 223
58.000000 -30.000000 -4.693850 30 203 218
60.000000 -30.000000 -5.306690 37 192 231
62.000000 -30.000000 -5.480290 39 190 233
64.000000 -30.000000 -4.248600 26 210 210
66.000000 -30.000000 -5.170490 35 195 228
68.000000 -30.000000 -5.906710 46 180 242
70.000000 -30.000000 -5.003560 34 197 226
72.000000 -30.000000 -4.894960 32 199 223
74.000000 -30.000000 -4.487620 28 205 216
76.000000 -30.000000 -5.750650 44 183 240
78.000000 -30.000000 -6.009770 47 178 244
80.000000 -30.000000 -5.685740 42 185 238
82.000000 -30.000000 -6.044750 47 178 244
84.000000 -30.000000 -6.741520 56 165 251
86.000000 -30.000000 -8.235170 70 135 251
88.000000 -30.000000 -8.038980 69 140 253
90.000000 -30.000000 -7.714270 67 145 254
92.000000 -30.000000 -7.051780 61 158 254
94.000000 -30.000000 -7.851830 68 143 254
96.000000 -30.000000 -8.169100 69 138 252
98.000000 -30.000000 -8.765700 70 125 244
100.000000 -30.000000 -9.217170 71 118 238
102.000000 -30.000000 -9.045110 71 120 240
104.000000 -30.000000 -8.853260 71 123 242
106.000000 -30.000000 -10.086200 70 100 218
108.000000 -30.000000 -10.380100 69 92 207
110.000000 -30.000000 -10.195600 70 97 214
112.000000 -30.000000 -9.842590 70 105 224
114.000000 -30.000000 -10.620200 69 89 203
116.000000 -30.000000 -10.752200 68 86 199
118.000000 -30.000000 -9.887840 70 102 221
120.000000 -30.000000 -11.514400 65 70 172
122.000000 -30.000000 -11.643600 65 67 167
124.000000 -30.000000 -10.770500 68 84 195
126.000000 -30.000000 -10.889000 68 84 195
128.000000 -30.000000 -11.200100 66 75 181
130.000000 -30.000000 -11.487900 65 70 172
132.000000 -30.000000 -10.715100 68 86 199
134.000000 -30.000000 -11.192000 66 75 181
136.000000 -30.000000 -11.146900 67 78 186
138.000000 -30.000000 -11.588100 65 67 167
140.000000 -30.000000 -13.568500 51 24 74
-156.000000 -32.000000 -2.999410 25 227 185
-154.000000 -32.000000 -3.190920 24 224 189
-152.000000 -32.000000 -1.164570 56 244 145
-150.000000 -32.000000 -0.886475 63 246 138
-148.000000 -32.000000 -1.322900 53 243 148
-146.000000 -32.000000 -1.631830 44 240 158
-144.000000 -32.000000 -1.302720 53 243 148
-142.000000 -32.000000 -1.108060 56 244 145
-140.000000 -32.000000 -1.712280 44 240 158
-138.000000 -32.000000 -1.626110 44 240 158
-136.000000 -32.000000 -1.933420 39 238 164
-134.000000 -32.000000 -1.358210 50 242 152
-132.000000 -32.000000 -1.757500 42 239 161
-130.000000 -32.000000 -2.164550 34 235 170
-128.000000 -32.000000 -2.088570 37 236 167
-126.000000 -32.000000 -2.290250 32 234 172
-124.000000 -32.000000 -2.209490 34 235 170
-122.000000 -32.000000 -2.327000 32 234 172
-120.000000 -32.000000 -2.121060 37 236 167
-118.000000 -32.000000 -2.692010 28 230 180
-116.000000 -32.000000 -2.613090 29 231 178
-114.000000 -32.000000 -2.989800 25 227 185
-112.000000 -32.000000 -3.171140 24 224 189
-110.000000 -32.000000 -3.371780 24 222 192
-108.000000 -32.000000 -2.359190 32 234 172
-106.000000 -32.000000 -2.423230 31 233 175
-104.000000 -32.000000 -2.716710 28 230 180
-102.000000 -32.000000 -3.553230 24 219 197
-100.000000 -32.000000 -3.356490 24 222 192
-98.000000 -32.000000 -3.171100 24 224 189
-96.000000 -32.000000 -3.296890 24 222 192
-94.000000 -32.000000 -3.822530 24 215 202
-92.000000 -32.000000 -4.384740 27 208 213
-90.000000 -32.000000 -3.412050 24 222 192
-88.000000 -32.000000 -2.271200 32 234 172
-86.000000 -32.000000 -2.488910 31 233 175
-84.000000 -32.000000 -2.735900 28 230 180
-82.000000 -32.000000 -1.943940 39 238 164
-80.000000 -32.000000 -2.341740 32 234 172
-78.000000 -32.000000 -3.287140 24 224 189
-76.000000 -32.000000 -2.243400 34 235 170
-74.000000 -32.000000 -1.459480 50 242 152
-72.000000 -32.000000 -1.303050 53 243 148
-70.000000 -32.000000 -1.051210 60 245 142
-68.000000 -32.000000 -0.295247 82 250 122
-66.000000 -32.000000 0.716686 113 254 95
-64.000000 -32.000000 1.017900 121 254 89
-62.000000 -32.000000 1.787720 143 255 73
-60.000000 -32.000000 1.531250 136 255 78
-58.000000 -32.000000 1.276240 128 255 83
-56.000000 -32.000000 1.546880 136 255 78
-54.000000 -32.000000 2.464680 159 253 63
-52.000000 -32.000000 3.122580 172 251 56
-50.000000 -32.000000 2.978130 169 251 57
-48.000000 -32.000000 2.433860 159 253 63
-46.000000 -32.000000 3.787700 185 246 53
-44.000000 -32.000000 2.989960 169 251 57
-42.000000 -32.000000 2.720770 164 252 60
-40.000000 -32.000000 4.013310 190 244 52
-38.000000 -32.000000 4.856580 208 234 52
-36.000000 -32.000000 2.135480 153 254 66
-34.000000 -32.000000 2.140150 153 254 66
-32.000000 -32.000000 3.880340 188 245 52
-30.000000 -32.000000 3.819040 188 245 52
-28.000000 -32.000000 2.924050 169 251 57
-26.000000 -32.000000 2.002440 150 254 68
-24.000000 -32.000000 1.689150 139 255 75
-22.000000 -32.000000 2.315010 156 254 64
-20.000000 -32.000000 3.528690 180 248 54
-18.000000 -32.000000 3.619310 183 247 53
-16.000000 -32.000000 4.146430 193 243 52
-14.000000 -32.000000 4.877960 208 234 52
-12.000000 -32.000000 4.879770 208 234 52
-10.000000 -32.000000 4.311410 195 241 52
-8.000000 -32.000000 4.516130 200 239 52
-6.000000 -32.000000 4.884970 208 234 52
-4.000000 -32.000000 4.633230 203 237 52
-2.000000 -32.000000 3.704980 185 246 53
0.000000 -32.000000 4.248070 195 241 52
2.000000 -32.000000 4.499260 200 239 52
4.000000 -32.000000 4.043940 190 244 52
6.000000 -32.000000 4.322270 198 240 52
8.000000 -32.000000 5.500290 219 226 54
10.000000 -32.000000 3.857030 188 245 52
12.000000 -32.000000 4.390930 198 240 52
14.000000 -32.000000 4.308780 195 241 52
16.000000 -32.000000 4.181380 193 243 52
18.000000 -32.000000 2.961560 169 251 57
20.000000 -32.000000 1.678890 139 255 75
22.000000 -32.000000 -0.615524 70 248 132
24.000000 -32.000000 1.051790 121 254 89
26.000000 -32.000000 2.010810 150 254 68
28.000000 -32.000000 0.583514 109 254 98
30.000000 -32.000000 0.601381 109 254 98
32.000000 -32.000000 0.681285 109 254 98
34.000000 -32.000000 -0.949184 63 246 138
36.000000 -32.000000 -0.080822 85 250 118
38.000000 -32.000000 0.560998 105 253 102
40.000000 -32.000000 1.055950 121 254 89
42.000000 -32.000000 0.844113 117 254 92
44.000000 -32.000000 -0.730752 67 247 135
46.000000 -32.000000 -1.124160 56 244 145
48.000000 -32.000000 -0.428812 78 249 125
50.000000 -32.000000 -2.838730 26 228 182
52.000000 -32.000000 -3.131590 25 226 187
54.000000 -32.000000 -1.323370 53 243 148
56.000000 -32.000000 -1.989390 39 238 164
58.000000 -32.000000 -2.059570 37 236 167
60.000000 -32.000000 -2.640810 29 231 178
62.000000 -32.000000 -2.647460 28 230 180
64.000000 -32.000000 -2.304830 32 234 172
66.000000 -32.000000 -3.023270 25 227 185
68.000000 -32.000000 -3.912360 24 215 202
70.000000 -32.000000 -4.682640 30 203 218
72.000000 -32.000000 3.283470 177 249 54
74.000000 -32.000000 -5.881090 46 180 242
76.000000 -32.000000 2.764020 164 252 60
78.000000 -32.000000 -5.644220 42 185 238
80.000000 -32.000000 -5.897170 46 180 242
82.000000 -32.000000 -6.677790 56 165 251
84.000000 -32.000000 -8.383000 70 133 250
86.000000 -32.000000 -7.610370 66 148 255
88.000000 -32.000000 -7.569280 66 148 255
90.000000 -32.000000 -8.609510 70 128 246
92.000000 -32.000000 -8.900110 71 123 242
94.000000 -32.000000 -8.179410 69 138 252
96.000000 -32.000000 -6.990260 59 160 253
98.000000 -32.000000 -7.360920 64 153 255
100.000000 -32.000000 -8.704030 70 125 244
102.000000 -32.000000 -9.326620 71 115 235
104.000000 -32.000000 -8.880450 71 123 242
106.000000 -32.000000 -8.920040 71 123 242
108.000000 -32.000000 -8.867110 71 123 242
110.000000 -32.000000 -9.240620 71 115 235
112.000000 -32.000000 -10.863000 68 84 195
114.000000 -32.000000 -13.173600 54 33 95
116.000000 -32.000000 -13.380600 52 27 81
118.000000 -32.000000 -13.514000 51 24 74
120.000000 -32.000000 -13.238400 53 30 88
122.000000 -32.000000 -12.425100 60 50 134
124.000000 -32.000000 -13.142400 54 33 95
126.000000 -32.000000 -13.762000 48 18 59
128.000000 -32.000000 -13.986900 48 18 59
130.000000 -32.000000 -14.035800 48 18 59
132.000000 -32.000000 -14.151600 48 18 59
134.000000 -32.000000 -15.027300 48 18 59
136.000000 -32.000000 -16.471600 48 18 59
138.000000 -32.000000 -15.454600 48 18 59
140.000000 -32.000000 -18.096000 48 18 59
-154.000000 -34.000000 -1.499150 47 241 155
-152.000000 -34.000000 0.435785 101 253 105
-150.000000 -34.000000 -0.821138 67 247 135
-148.000000 -34.000000 2.001610 150 254 68
-146.000000 -34.000000 2.376250 156 254 64
-144.000000 -34.000000 2.880550 167 252 58
-142.000000 -34.000000 2.518660 161 253 61
-140.000000 -34.000000 2.997200 169 251 57
-138.000000 -34.000000 2.187940 153 254 66
-136.000000 -34.000000 1.953720 146 255 71
-134.000000 -34.000000 1.263410 128 255 83
-132.000000 -34.000000 1.424960 132 255 81
-130.000000 -34.000000 2.461130 159 253 63
-128.000000 -34.000000 1.346200 128 255 83
-126.000000 -34.000000 1.676080 139 255 75
-124.000000 -34.000000 1.054910 121 254 89
-122.000000 -34.000000 0.542312 105 253 102
-120.000000 -34.000000 0.944918 117 254 92
-118.000000 -34.000000 0.819022 113 254 95
-116.000000 -34.000000 1.194960 125 255 86
-114.000000 -34.000000 1.740440 143 255 73
-112.000000 -34.000000 0.949018 117 254 92
-110.000000 -34.000000 0.944937 117 254 92
-108.000000 -34.000000 0.236632 97 252 108
-106.000000 -34.000000 0.153780 93 252 111
-104.000000 -34.000000 0.634038 109 254 98
-102.000000 -34.000000 0.871077 117 254 92
-100.000000 -34.000000 1.650500 139 255 75
-98.000000 -34.000000 1.112220 125 255 86
-96.000000 -34.000000 0.859563 117 254 92
-94.000000 -34.000000 1.471840 132 255 81
-92.000000 -34.000000 1.521040 136 255 78
-90.000000 -34.000000 1.224860 128 255 83
-88.000000 -34.000000 0.906620 117 254 92
-86.000000 -34.000000 0.994489 121 254 89
-84.000000 -34.000000 1.137110 125 255 86
-82.000000 -34.000000 1.251250 128 255 83
-80.000000 -34.000000 -0.287677 82 250 122
-78.000000 -34.000000 -0.476276 74 248 128
-76.000000 -34.000000 -0.265176 82 250 122
-74.000000 -34.000000 0.228818 97 252 108
-72.000000 -34.000000 1.019670 121 254 89
-70.000000 -34.000000 1.003900 121 254 89
-68.000000 -34.000000 0.212480 97 252 108
-66.000000 -34.000000 0.251786 97 252 108
-64.000000 -34.000000 0.458630 105 253 102
-62.000000 -34.000000 0.607302 109 254 98
-60.000000 -34.000000 0.144960 93 252 111
-58.000000 -34.000000 -0.051757 89 251 115
-56.000000 -34.000000 0.146740 93 252 111
-54.000000 -34.000000 0.075514 93 252 111
-52.000000 -34.000000 0.084193 93 252 111
-50.000000 -34.000000 0.344324 101 253 105
-48.000000 -34.000000 0.414969 101 253 105
-46.000000 -34.000000 0.420673 101 253 105
-44.000000 -34.000000 0.147198 93 252 111
-42.000000 -34.000000 0.056660 89 251 115
-40.000000 -34.000000 0.059588 89 251 115
-38.000000 -34.000000 0.513399 105 253 102
-36.000000 -34.000000 0.265076 97 252 108
-34.000000 -34.000000 0.371262 101 253 105
-32.000000 -34.000000 0.068122 93 252 111
-30.000000 -34.000000 -0.372823 78 249 125
-28.000000 -34.000000 -0.547510 74 248 128
-26.000000 -34.000000 0.030133 89 251 115
-24.000000 -34.000000 0.188876 93 252 111
-22.000000 -34.000000 -0.030111 89 251 115
-20.000000 -34.000000 -0.042632 89 251 115
-18.000000 -34.000000 0.075646 93 252 111
-16.000000 -34.000000 -0.583946 70 248 132
-14.000000 -34.000000 -0.674148 70 248 132
-12.000000 -34.000000 -1.421190 50 242 152
-10.000000 -34.000000 -0.966438 63 246 138
-8.000000 -34.000000 0.584568 109 254 98
-6.000000 -34.000000 0.917112 117 254 92
-4.000000 -34.000000 0.980139 121 254 89
-2.000000 -34.000000 1.017420 121 254 89
0.000000 -34.000000 0.488561 105 253 102
2.000000 -34.000000 0.301002 97 252 108
4.000000 -34.000000 1.353370 132 255 81
6.000000 -34.000000 0.548965 105 253 102
8.000000 -34.000000 -1.550880 47 241 155
10.000000 -34.000000 -0.385743 78 249 125
12.000000 -34.000000 0.809199 113 254 95
14.000000 -34.000000 -0.631259 70 248 132
16.000000 -34.000000 -1.909850 39 238 164
18.000000 -34.000000 -1.660490 44 240 158
20.000000 -34.000000 -0.474706 74 248 128
22.000000 -34.000000 0.096221 93 252 111
24.000000 -34.000000 -1.303190 53 243 148
26.000000 -34.000000 -1.577870 47 241 155
28.000000 -34.000000 -2.301400 32 234 172
30.000000 -34.000000 -2.899440 26 228 182
32.000000 -34.000000 -3.416770 24 222 192
34.000000 -34.000000 -3.199720 24 224 189
36.000000 -34.000000 -3.424500 24 221 194
38.000000 -34.000000 -3.673750 24 219 197
40.000000 -34.000000 -4.510530 28 205 216
42.000000 -34.000000 -3.580260 24 219 197
44.000000 -34.000000 -4.345190 27 208 213
46.000000 -34.000000 -4.564770 28 205 216
48.000000 -34.000000 -4.264370 26 210 210
50.000000 -34.000000 -4.281740 26 210 210
52.000000 -34.000000 -4.716960 31 201 221
54.000000 -34.000000 -5.511640 40 188 235
56.000000 -34.000000 -6.401350 53 171 248
58.000000 -34.000000 -5.789850 44 183 240
60.000000 -34.000000 -5.669390 42 185 238
62.000000 -34.000000 -6.243700 49 175 245
64.000000 -34.000000 -6.350660 51 173 247
66.000000 -34.000000 -6.165590 49 175 245
68.000000 -34.000000 -5.984430 46 180 242
70.000000 -34.000000 -5.732550 42 185 238
72.000000 -34.000000 -6.080460 47 178 244
74.000000 -34.000000 -6.474350 53 171 248
76.000000 -34.000000 -7.066080 61 158 254
78.000000 -34.000000 -8.023550 69 140 253
80.000000 -34.000000 -7.371910 64 153 255
82.000000 -34.000000 -8.141550 69 138 252
84.000000 -34.000000 -7.904140 68 143 254
86.000000 -34.000000 -7.789170 67 145 254
88.000000 -34.000000 -7.730380 67 145 254
90.000000 -34.000000 -8.696040 70 128 246
92.000000 -34.000000 -9.179900 71 118 238
94.000000 -34.000000 -8.887060 71 123 242
96.000000 -34.000000 -9.562140 71 110 230
98.000000 -34.000000 -9.896720 70 102 221
100.000000 -34.000000 -10.017000 70 100 218
102.000000 -34.000000 -10.065400 70 100 218
104.000000 -34.000000 -10.061000 70 100 218
106.000000 -34.000000 -10.624300 69 89 203
108.000000 -34.000000 -11.098400 67 78 186
110.000000 -34.000000 -10.547900 69 89 203
112.000000 -34.000000 -10.593900 69 89 203
114.000000 -34.000000 -10.465400 69 92 207
116.000000 -34.000000 -10.765400 68 84 195
118.000000 -34.000000 -11.769800 64 64 162
120.000000 -34.000000 -11.672300 64 64 162
122.000000 -34.000000 -12.396500 60 50 134
124.000000 -34.000000 -11.882300 63 62 156
126.000000 -34.000000 -12.112000 62 56 145
128.000000 -34.000000 -12.407300 60 50 134
130.000000 -34.000000 -12.069800 62 56 145
132.000000 -34.000000 -12.390800 60 50 134
134.000000 -34.000000 -12.323100 60 50 134
136.000000 -34.000000 -13.569800 51 24 74
138.000000 -34.000000 -14.981100 48 18 59
-150.000000 -36.000000 -4.769920 31 201 221
-148.000000 -36.000000 -2.855290 26 228 182
-146.000000 -36.000000 -1.635520 44 240 158
-144.000000 -36.000000 -2.463740 31 233 175
-142.000000 -36.000000 -2.867450 26 228 182
-140.000000 -36.000000 -3.063180 25 226 187
-138.000000 -36.000000 -2.682300 28 230 180
-136.000000 -36.000000 -3.094190 25 226 187
-134.000000 -36.000000 -2.910500 25 227 185
-132.000000 -36.000000 -2.357090 32 234 172
-130.000000 -36.000000 -2.746940 28 230 180
-128.000000 -36.000000 -2.275750 32 234 172
-126.000000 -36.000000 -1.838280 42 239 161
-124.000000 -36.000000 -1.051320 60 245 142
-122.000000 -36.000000 -1.437310 50 242 152
-120.000000 -36.000000 -0.481886 74 248 128
-118.000000 -36.000000 -0.784733 67 247 135
-116.000000 -36.000000 -1.368810 50 242 152
-114.000000 -36.000000 -1.417240 50 242 152
-112.000000 -36.000000 -1.190270 56 244 145
-110.000000 -36.000000 -0.970044 60 245 142
-108.000000 -36.000000 -1.225700 56 244 145
-106.000000 -36.000000 -1.479550 50 242 152
-104.000000 -36.000000 -1.474710 50 242 152
-102.000000 -36.000000 -1.454420 50 242 152
-100.000000 -36.000000 -1.952370 39 238 164
-98.000000 -36.000000 -1.983890 39 238 164
-96.000000 -36.000000 -2.105370 37 236 167
-94.000000 -36.000000 -2.719350 28 230 180
-92.000000 -36.000000 -2.548770 29 231 178
-90.000000 -36.000000 -2.492370 31 233 175
-88.000000 -36.000000 -1.489470 47 241 155
-86.000000 -36.000000 -1.194560 56 244 145
-84.000000 -36.000000 -1.278430 53 243 148
-82.000000 -36.000000 -1.715400 44 240 158
-80.000000 -36.000000 -1.340850 53 243 148
-78.000000 -36.000000 -1.534300 47 241 155
-76.000000 -36.000000 -1.621660 44 240 158
-74.000000 -36.000000 -0.858566 63 246 138
-72.000000 -36.000000 -1.969770 39 238 164
-70.000000 -36.000000 -1.522660 47 241 155
-68.000000 -36.000000 -2.701810 28 230 180
-66.000000 -36.000000 -2.717120 28 230 180
-64.000000 -36.000000 -3.487640 24 221 194
-62.000000 -36.000000 -3.276880 24 224 189
-60.000000 -36.000000 -3.317500 24 222 192
-58.000000 -36.000000 -3.762610 24 217 200
-56.000000 -36.000000 -4.529750 28 205 216
-54.000000 -36.000000 -3.668360 24 219 197
-52.000000 -36.000000 -4.787970 31 201 221
-50.000000 -36.000000 -5.643640 42 185 238
-48.000000 -36.000000 -4.848850 32 199 223
-46.000000 -36.000000 -4.045210 25 213 205
-44.000000 -36.000000 -4.518650 28 205 216
-42.000000 -36.000000 -4.774210 31 201 221
-40.000000 -36.000000 -2.796380 26 228 182
-38.000000 -36.000000 -3.071170 25 226 187
-36.000000 -36.000000 -4.112500 26 212 208
-34.000000 -36.000000 -3.243150 24 224 189
-32.000000 -36.000000 -3.806970 24 215 202
-30.000000 -36.000000 -5.480540 40 188 235
-28.000000 -36.000000 -3.927300 24 215 202
-26.000000 -36.000000 -2.205480 34 235 170
-24.000000 -36.000000 -2.909530 25 227 185
-22.000000 -36.000000 -1.715000 44 240 158
-20.000000 -36.000000 -1.949070 39 238 164
-18.000000 -36.000000 -3.191570 24 224 189
-16.000000 -36.000000 -4.404650 27 208 213
-14.000000 -36.000000 -5.413590 39 190 233
-12.000000 -36.000000 -5.438850 39 190 233
-10.000000 -36.000000 -4.532060 28 205 216
-8.000000 -36.000000 -4.159830 26 212 208
-6.000000 -36.000000 -4.093720 26 212 208
-4.000000 -36.000000 -3.783930 24 217 200
-2.000000 -36.000000 -3.693210 24 217 200
0.000000 -36.000000 -3.700230 24 217 200
2.000000 -36.000000 -4.211890 26 210 210
4.000000 -36.000000 -4.835230 31 201 221
6.000000 -36.000000 -4.776090 31 201 221
8.000000 -36.000000 -6.850250 58 163 252
10.000000 -36.000000 -6.916750 59 160 253
12.000000 -36.000000 -6.055910 47 178 244
14.000000 -36.000000 -4.936860 32 199 223
16.000000 -36.000000 -4.218380 26 210 210
18.000000 -36.000000 -6.463030 53 171 248
20.000000 -36.000000 -6.517240 55 168 250
22.000000 -36.000000 -5.238740 37 192 231
24.000000 -36.000000 -5.936260 46 180 242
26.000000 -36.000000 -4.738870 31 201 221
28.000000 -36.000000 -3.603630 24 219 197
30.000000 -36.000000 -4.014680 25 213 205
32.000000 -36.000000 -5.084990 34 197 226
34.000000 -36.000000 -4.152910 26 212 208
36.000000 -36.000000 -4.947600 32 199 223
38.000000 -36.000000 -6.274360 51 173 247
40.000000 -36.000000 -6.536470 55 168 250
42.000000 -36.000000 -5.109100 35 195 228
44.000000 -36.000000 -5.583080 40 188 235
46.000000 -36.000000 -5.612270 42 185 238
48.000000 -36.000000 -5.025740 34 197 226
50.000000 -36.000000 -4.696850 30 203 218
52.000000 -36.000000 -4.972310 34 197 226
54.000000 -36.000000 -5.247720 37 192 231
56.000000 -36.000000 -4.354030 27 208 213
58.000000 -36.000000 -5.565690 40 188 235
60.000000 -36.000000 -6.073620 47 178 244
62.000000 -36.000000 -5.142640 35 195 228
64.000000 -36.000000 -5.329330 37 192 231
66.000000 -36.000000 -5.580010 40 188 235
68.000000 -36.000000 -5.105440 35 195 228
70.000000 -36.000000 -5.162360 35 195 228
72.000000 -36.000000 -5.471110 39 190 233
74.000000 -36.000000 -5.575750 40 188 235
76.000000 -36.000000 -5.221640 35 195 228
78.000000 -36.000000 -5.298850 37 192 231
80.000000 -36.000000 -4.669000 30 203 218
82.000000 -36.000000 -5.844810 44 183 240
84.000000 -36.000000 -5.792270 44 183 240
86.000000 -36.000000 -5.209470 35 195 228
88.000000 -36.000000 -5.282840 37 192 231
90.000000 -36.000000 -4.219930 26 210 210
92.000000 -36.000000 -4.166200 26 212 208
94.000000 -36.000000 -6.614360 55 168 250
96.000000 -36.000000 -5.934140 46 180 242
98.000000 -36.000000 -6.611710 55 168 250
100.000000 -36.000000 -7.101890 61 158 254
102.000000 -36.000000 -7.689200 67 145 254
104.000000 -36.000000 -7.641600 66 148 255
106.000000 -36.000000 -7.685300 67 145 254
108.000000 -36.000000 -7.486530 65 150 255
110.000000 -36.000000 -8.105130 69 138 252
112.000000 -36.000000 -6.982870 59 160 253
114.000000 -36.000000 -7.200000 62 155 254
116.000000 -36.000000 -7.691240 67 145 254
118.000000 -36.000000 -7.435450 65 150 255
120.000000 -36.000000 -7.972810 69 140 253
122.000000 -36.000000 -8.209680 70 135 251
124.000000 -36.000000 -9.055410 71 120 240
126.000000 -36.000000 -9.216030 71 118 238
128.000000 -36.000000 -9.395820 71 113 233
130.000000 -36.000000 -7.921200 68 143 254
132.000000 -36.000000 -8.093100 69 138 252
134.000000 -36.000000 -8.934510 71 123 242
136.000000 -36.000000 -10.477900 69 92 207
138.000000 -36.000000 -10.811600 68 84 195
-146.000000 -38.000000 -10.439100 69 92 207
-144.000000 -38.000000 -9.066900 71 120 240
-142.000000 -38.000000 -8.422510 70 133 250
-140.000000 -38.000000 -7.611990 66 148 255
-138.000000 -38.000000 -7.675830 67 145 254
-136.000000 -38.000000 -6.790970 58 163 252
-134.000000 -38.000000 -6.382520 53 171 248
-132.000000 -38.000000 -6.527250 55 168 250
-130.000000 -38.000000 -6.730020 56 165 251
-128.000000 -38.000000 -7.184640 62 155 254
-126.000000 -38.000000 -7.465460 65 150 255
-124.000000 -38.000000 -6.022930 47 178 244
-122.000000 -38.000000 -4.789830 31 201 221
-120.000000 -38.000000 -6.503000 53 171 248
-118.000000 -38.000000 -3.956660 25 213 205
-116.000000 -38.000000 -3.600920 24 219 197
-114.000000 -38.000000 -2.627010 29 231 178
-112.000000 -38.000000 -1.447760 50 242 152
-110.000000 -38.000000 -2.116280 37 236 167
-108.000000 -38.000000 -1.337320 53 243 148
-106.000000 -38.000000 -0.774904 67 247 135
-104.000000 -38.000000 -0.211426 82 250 122
-102.000000 -38.000000 0.589734 109 254 98
-100.000000 -38.000000 0.294337 97 252 108
-98.000000 -38.000000 -0.209898 82 250 122
-96.000000 -38.000000 0.453405 105 253 102
-94.000000 -38.000000 0.233273 97 252 108
-92.000000 -38.000000 0.400950 101 253 105
-90.000000 -38.000000 0.595217 109 254 98
-88.000000 -38.000000 0.603066 109 254 98
-86.000000 -38.000000 0.248910 97 252 108
-84.000000 -38.000000 -0.226886 82 250 122
-82.000000 -38.000000 0.028946 89 251 115
-80.000000 -38.000000 0.291462 97 252 108
-78.000000 -38.000000 0.609976 109 254 98
-76.000000 -38.000000 0.406317 101 253 105
-74.000000 -38.000000 -0.064673 89 251 115
-72.000000 -38.000000 -1.112300 56 244 145
-70.000000 -38.000000 -0.246789 82 250 122
-68.000000 -38.000000 0.309486 97 252 108
-66.000000 -38.000000 0.426984 101 253 105
-64.000000 -38.000000 0.392226 101 253 105
-62.000000 -38.000000 -0.411572 78 249 125
-60.000000 -38.000000 -0.155998 85 250 118
-58.000000 -38.000000 -0.043356 89 251 115
-56.000000 -38.000000 -0.385922 78 249 125
-54.000000 -38.000000 0.183997 93 252 111
-52.000000 -38.000000 -0.305929 82 250 122
-50.000000 -38.000000 -0.495333 74 248 128
-48.000000 -38.000000 -0.074960 85 250 118
-46.000000 -38.000000 -0.866197 63 246 138
-44.000000 -38.000000 -1.201450 56 244 145
-42.000000 -38.000000 -1.236270 53 243 148
-40.000000 -38.000000 -1.268210 53 243 148
-38.000000 -38.000000 -1.139290 56 244 145
-36.000000 -38.000000 -0.867867 63 246 138
-34.000000 -38.000000 -1.504680 47 241 155
-32.000000 -38.000000 -2.454820 31 233 175
-30.000000 -38.000000 -2.019940 37 236 167
-28.000000 -38.000000 -2.356020 32 234 172
-26.000000 -38.000000 -2.379010 32 234 172
-24.000000 -38.000000 -2.399770 31 233 175
-22.000000 -38.000000 -3.058290 25 226 187
-20.000000 -38.000000 -3.384360 24 222 192
-18.000000 -38.000000 -2.936230 25 227 185
-16.000000 -38.000000 -2.173100 34 235 170
-14.000000 -38.000000 -3.132800 25 226 187
-12.000000 -38.000000 -3.141020 25 226 187
-10.000000 -38.000000 -3.472560 24 221 194
-8.000000 -38.000000 -3.651500 24 219 197
-6.000000 -38.000000 -3.345500 24 222 192
-4.000000 -38.000000 -3.693250 24 217 200
-2.000000 -38.000000 -4.329250 27 208 213
0.000000 -38.000000 -4.033780 25 213 205
2.000000 -38.000000 -4.355270 27 208 213
4.000000 -38.000000 -4.525670 28 205 216
6.000000 -38.000000 -4.702750 30 203 218
8.000000 -38.000000 -4.558820 28 205 216
10.000000 -38.000000 -5.035760 34 197 226
12.000000 -38.000000 -5.213360 35 195 228
14.000000 -38.000000 -5.530680 40 188 235
16.000000 -38.000000 -5.694310 42 185 238
18.000000 -38.000000 -5.102100 35 195 228
20.000000 -38.000000 -4.969140 34 197 226
22.000000 -38.000000 -5.432860 39 190 233
24.000000 -38.000000 -5.431920 39 190 233
26.000000 -38.000000 -6.213760 49 175 245
28.000000 -38.000000 -6.082130 47 178 244
30.000000 -38.000000 -5.781690 44 183 240
32.000000 -38.000000 -5.663810 42 185 238
34.000000 -38.000000 -6.126100 49 175 245
36.000000 -38.000000 -5.845070 44 183 240
38.000000 -38.000000 -5.207740 35 195 228
40.000000 -38.000000 -4.643350 30 203 218
42.000000 -38.000000 -5.456030 39 190 233
44.000000 -38.000000 -5.614620 42 185 238
46.000000 -38.000000 -5.568860 40 188 235
48.000000 -38.000000 -5.013410 34 197 226
50.000000 -38.000000 -5.911640 46 180 242
52.000000 -38.000000 -6.339890 51 173 247
54.000000 -38.000000 -5.647030 42 185 238
56.000000 -38.000000 -5.679880 42 185 238
58.000000 -38.000000 -4.840830 32 199 223
60.000000 -38.000000 -4.622610 30 203 218
62.000000 -38.000000 -5.932500 46 180 242
64.000000 -38.000000 -6.330020 51 173 247
66.000000 -38.000000 -5.475370 39 190 233
68.000000 -38.000000 -5.818140 44 183 240
70.000000 -38.000000 -6.819670 58 163 252
72.000000 -38.000000 -6.380490 51 173 247
74.000000 -38.000000 -6.592260 55 168 250
76.000000 -38.000000 -6.989020 59 160 253
78.000000 -38.000000 -7.156150 62 155 254
80.000000 -38.000000 -8.412610 70 133 250
82.000000 -38.000000 -8.238290 70 135 251
84.000000 -38.000000 -8.026590 69 140 253
86.000000 -38.000000 -8.611580 70 128 246
88.000000 -38.000000 -7.534600 65 150 255
90.000000 -38.000000 -8.961550 71 120 240
92.000000 -38.000000 -10.028000 70 100 218
94.000000 -38.000000 -8.972260 71 120 240
96.000000 -38.000000 -9.393120 71 113 233
98.000000 -38.000000 -9.976570 70 102 221
100.000000 -38.000000 -9.805100 70 105 224
102.000000 -38.000000 -9.410220 71 113 233
104.000000 -38.000000 -9.823230 70 105 224
106.000000 -38.000000 -10.110800 70 100 218
108.000000 -38.000000 -10.087200 70 100 218
110.000000 -38.000000 -10.242400 70 97 214
112.000000 -38.000000 -11.135200 67 78 186
114.000000 -38.000000 -11.037800 67 78 186
116.000000 -38.000000 -11.495800 65 70 172
118.000000 -38.000000 -11.971700 63 59 151
120.000000 -38.000000 -11.348500 66 73 177
122.000000 -38.000000 -12.021200 63 59 151
124.000000 -38.000000 -12.133000 62 56 145
126.000000 -38.000000 -11.340300 66 73 177
128.000000 -38.000000 -12.571300 58 45 121
130.000000 -38.000000 -12.615500 58 45 121
132.000000 -38.000000 -12.814400 57 42 115
134.000000 -38.000000 -12.385000 60 50 134
-144.000000 -40.000000 -6.690190 56 165 251
-142.000000 -40.000000 -3.934040 25 213 205
-140.000000 -40.000000 -4.743260 31 201 221
-138.000000 -40.000000 -3.847610 24 215 202
-136.000000 -40.000000 -3.439450 24 221 194
-134.000000 -40.000000 -4.275940 26 210 210
-132.000000 -40.000000 -3.659360 24 219 197
-130.000000 -40.000000 -4.194230 26 210 210
-128.000000 -40.000000 -3.991200 25 213 205
-126.000000 -40.000000 -4.718180 31 201 221
-124.000000 -40.000000 -4.919280 32 199 223
-122.000000 -40.000000 -4.324500 27 208 213
-120.000000 -40.000000 -5.113200 35 195 228
-118.000000 -40.000000 -5.749660 44 183 240
-116.000000 -40.000000 -4.771230 31 201 221
-114.000000 -40.000000 -4.174240 26 212 208
-112.000000 -40.000000 -5.098000 35 195 228
-110.000000 -40.000000 -4.589480 30 203 218
-108.000000 -40.000000 -5.312060 37 192 231
-106.000000 -40.000000 -5.034290 34 197 226
-104.000000 -40.000000 -5.040780 34 197 226
-102.000000 -40.000000 -5.492300 40 188 235
-100.000000 -40.000000 -5.213110 35 195 228
-98.000000 -40.000000 -4.280120 26 210 210
-96.000000 -40.000000 -4.875750 32 199 223
-94.000000 -40.000000 -4.198760 26 210 210
-92.000000 -40.000000 -4.130490 26 212 208
-90.000000 -40.000000 -4.939720 32 199 223
-88.000000 -40.000000 -4.608480 30 203 218
-86.000000 -40.000000 -4.503410 28 205 216
-84.000000 -40.000000 -3.441830 24 221 194
-82.000000 -40.000000 -3.029810 25 227 185
-80.000000 -40.000000 -3.421550 24 221 194
-78.000000 -40.000000 -2.846860 26 228 182
-76.000000 -40.000000 -2.676820 28 230 180
-74.000000 -40.000000 -0.990248 60 245 142
-72.000000 -40.000000 -0.085661 85 250 118
-70.000000 -40.000000 -0.681820 70 248 132
-68.000000 -40.000000 -0.689549 70 248 132
-66.000000 -40.000000 -0.136582 85 250 118
-64.000000 -40.000000 0.812465 113 254 95
-62.000000 -40.000000 2.579970 161 253 61
-60.000000 -40.000000 2.995670 169 251 57
-58.000000 -40.000000 1.879320 146 255 71
-56.000000 -40.000000 2.286070 156 254 64
-54.000000 -40.000000 4.398600 198 240 52
-52.000000 -40.000000 4.470540 200 239 52
-50.000000 -40.000000 3.548570 183 247 53
-48.000000 -40.000000 2.653050 164 252 60
-46.000000 -40.000000 4.987800 210 233 53
-44.000000 -40.000000 3.871450 188 245 52
-42.000000 -40.000000 4.811040 205 236 52
-40.000000 -40.000000 4.064840 193 243 52
-38.000000 -40.000000 5.682390 221 224 55
-36.000000 -40.000000 5.981350 225 221 55
-34.000000 -40.000000 4.823360 205 236 52
-32.000000 -40.000000 3.130020 172 251 56
-30.000000 -40.000000 4.668350 203 237 52
-28.000000 -40.000000 4.533080 200 239 52
-26.000000 -40.000000 4.634470 203 237 52
-24.000000 -40.000000 5.084350 210 233 53
-22.000000 -40.000000 5.768260 223 223 55
-20.000000 -40.000000 6.364540 231 215 57
-18.000000 -40.000000 6.792260 238 207 58
-16.000000 -40.000000 6.437110 233 213 57
-14.000000 -40.000000 6.260290 231 215 57
-12.000000 -40.000000 5.946930 225 221 55
-10.000000 -40.000000 5.955150 225 221 55
-8.000000 -40.000000 5.795020 223 223 55
-6.000000 -40.000000 5.270450 215 229 53
-4.000000 -40.000000 6.069960 227 219 56
-2.000000 -40.000000 5.280740 215 229 53
0.000000 -40.000000 4.295100 195 241 52
2.000000 -40.000000 4.280920 195 241 52
4.000000 -40.000000 4.719170 205 236 52
6.000000 -40.000000 4.722900 205 236 52
8.000000 -40.000000 4.723620 205 236 52
10.000000 -40.000000 4.137100 193 243 52
12.000000 -40.000000 3.673520 185 246 53
14.000000 -40.000000 3.448350 180 248 54
16.000000 -40.000000 3.408880 177 249 54
18.000000 -40.000000 3.511330 180 248 54
20.000000 -40.000000 3.037070 172 251 56
22.000000 -40.000000 2.760320 164 252 60
24.000000 -40.000000 2.404720 159 253 63
26.000000 -40.000000 2.138270 153 254 66
28.000000 -40.000000 1.939290 146 255 71
30.000000 -40.000000 1.678630 139 255 75
32.000000 -40.000000 1.447320 132 255 81
34.000000 -40.000000 0.513532 105 253 102
36.000000 -40.000000 -0.643002 70 248 132
38.000000 -40.000000 -0.997183 60 245 142
40.000000 -40.000000 0.117013 93 252 111
42.000000 -40.000000 -0.195461 85 250 118
44.000000 -40.000000 -0.981603 60 245 142
46.000000 -40.000000 -1.045930 60 245 142
48.000000 -40.000000 -1.582090 47 241 155
50.000000 -40.000000 -1.890880 39 238 164
52.000000 -40.000000 -2.922610 25 227 185
54.000000 -40.000000 -2.608990 29 231 178
56.000000 -40.000000 -3.086840 25 226 187
58.000000 -40.000000 -3.954940 25 213 205
60.000000 -40.000000 -3.990750 25 213 205
62.000000 -40.000000 -3.822670 24 215 202
64.000000 -40.000000 -4.507400 28 205 216
66.000000 -40.000000 -5.812740 44 183 240
68.000000 -40.000000 -5.217230 35 195 228
70.000000 -40.000000 -5.021270 34 197 226
72.000000 -40.000000 -5.528120 40 188 235
74.000000 -40.000000 -5.826170 44 183 240
76.000000 -40.000000 -6.040420 47 178 244
78.000000 -40.000000 -6.677500 56 165 251
80.000000 -40.000000 -6.254470 51 173 247
82.000000 -40.000000 -6.817760 58 163 252
84.000000 -40.000000 -7.079430 61 158 254
86.000000 -40.000000 -7.402960 64 153 255
88.000000 -40.000000 -6.081380 47 178 244
90.000000 -40.000000 -7.023550 59 160 253
92.000000 -40.000000 -7.914420 68 143 254
94.000000 -40.000000 -8.633670 70 128 246
96.000000 -40.000000 -8.810210 70 125 244
98.000000 -40.000000 -8.575720 70 128 246
100.000000 -40.000000 -9.632350 70 107 227
102.000000 -40.000000 -9.839870 70 105 224
104.000000 -40.000000 -9.832510 70 105 224
106.000000 -40.000000 -9.563240 71 110 230
108.000000 -40.000000 -9.523320 71 110 230
110.000000 -40.000000 -10.622400 69 89 203
112.000000 -40.000000 -9.685320 70 107 227
114.000000 -40.000000 -10.614900 69 89 203
116.000000 -40.000000 -11.772200 64 64 162
118.000000 -40.000000 -11.279500 66 75 181
120.000000 -40.000000 -10.979000 68 81 191
122.000000 -40.000000 -12.867700 56 39 109
124.000000 -40.000000 -14.822700 48 18 59
126.000000 -40.000000 -13.186600 54 33 95
128.000000 -40.000000 -12.175800 62 56 145
130.000000 -40.000000 -15.846800 48 18 59
132.000000 -40.000000 -14.002300 48 18 59
134.000000 -40.000000 -17.286200 48 18 59
-140.000000 -42.000000 -0.710717 70 248 132
-138.000000 -42.000000 -0.085709 85 250 118
-136.000000 -42.000000 1.100560 125 255 86
-134.000000 -42.000000 2.939370 169 251 57
-132.000000 -42.000000 2.156180 153 254 66
-130.000000 -42.000000 2.482890 159 253 63
-128.000000 -42.000000 2.173610 153 254 66
-126.000000 -42.000000 2.875270 167 252 58
-124.000000 -42.000000 2.879780 167 252 58
-122.000000 -42.000000 1.836580 143 255 73
-120.000000 -42.000000 2.851340 167 252 58
-118.000000 -42.000000 2.487360 159 253 63
-116.000000 -42.000000 2.011260 150 254 68
-114.000000 -42.000000 1.935930 146 255 71
-112.000000 -42.000000 0.965204 121 254 89
-110.000000 -42.000000 1.322330 128 255 83
-108.000000 -42.000000 2.221900 153 254 66
-106.000000 -42.000000 2.535000 161 253 61
-104.000000 -42.000000 1.183670 125 255 86
-102.000000 -42.000000 1.430760 132 255 81
-100.000000 -42.000000 0.944447 117 254 92
-98.000000 -42.000000 1.093240 125 255 86
-96.000000 -42.000000 0.727341 113 254 95
-94.000000 -42.000000 0.634582 109 254 98
-92.000000 -42.000000 0.460163 105 253 102
-90.000000 -42.000000 1.412340 132 255 81
-88.000000 -42.000000 1.890930 146 255 71
-86.000000 -42.000000 1.438410 132 255 81
-84.000000 -42.000000 0.980172 121 254 89
-82.000000 -42.000000 0.803346 113 254 95
-80.000000 -42.000000 1.530020 136 255 78
-78.000000 -42.000000 0.988389 121 254 89
-76.000000 -42.000000 0.880571 117 254 92
-74.000000 -42.000000 0.773743 113 254 95
-72.000000 -42.000000 -0.198956 82 250 122
-70.000000 -42.000000 0.037597 89 251 115
-68.000000 -42.000000 -0.162214 85 250 118
-66.000000 -42.000000 -0.010749 89 251 115
-64.000000 -42.000000 -0.290382 82 250 122
-62.000000 -42.000000 -0.306555 82 250 122
-60.000000 -42.000000 -0.583034 74 248 128
-58.000000 -42.000000 -0.430113 78 249 125
-56.000000 -42.000000 -0.099336 85 250 118
-54.000000 -42.000000 -0.550345 74 248 128
-52.000000 -42.000000 -0.651565 70 248 132
-50.000000 -42.000000 -0.834042 67 247 135
-48.000000 -42.000000 -1.002880 60 245 142
-46.000000 -42.000000 -0.090964 85 250 118
-44.000000 -42.000000 -0.202280 82 250 122
-42.000000 -42.000000 -0.087171 85 250 118
-40.000000 -42.000000 0.458726 105 253 102
-38.000000 -42.000000 -0.233485 82 250 122
-36.000000 -42.000000 -0.287738 82 250 122
-34.000000 -42.000000 0.323859 101 253 105
-32.000000 -42.000000 1.338050 128 255 83
-30.000000 -42.000000 0.959409 117 254 92
-28.000000 -42.000000 0.521439 105 253 102
-26.000000 -42.000000 1.755910 143 255 73
-24.000000 -42.000000 3.092320 172 251 56
-22.000000 -42.000000 2.064290 150 254 68
-20.000000 -42.000000 -0.115016 85 250 118
-18.000000 -42.000000 -0.320516 82 250 122
-16.000000 -42.000000 0.873352 117 254 92
-14.000000 -42.000000 1.268330 128 255 83
-12.000000 -42.000000 0.685042 109 254 98
-10.000000 -42.000000 1.763840 143 255 73
-8.000000 -42.000000 0.656727 109 254 98
-6.000000 -42.000000 0.806673 113 254 95
-4.000000 -42.000000 1.238570 128 255 83
-2.000000 -42.000000 0.616782 109 254 98
0.000000 -42.000000 1.727580 139 255 75
2.000000 -42.000000 2.882500 167 252 58
4.000000 -42.000000 1.555600 136 255 78
6.000000 -42.000000 1.660540 139 255 75
8.000000 -42.000000 1.415550 132 255 81
10.000000 -42.000000 1.135390 125 255 86
12.000000 -42.000000 1.293110 128 255 83
14.000000 -42.000000 1.570040 136 255 78
16.000000 -42.000000 0.699338 109 254 98
18.000000 -42.000000 0.078899 93 252 111
20.000000 -42.000000 -0.188257 85 250 118
22.000000 -42.000000 -0.705341 70 248 132
24.000000 -42.000000 -0.743125 67 247 135
26.000000 -42.000000 -1.255620 53 243 148
28.000000 -42.000000 -1.567150 47 241 155
30.000000 -42.000000 -2.610470 29 231 178
32.000000 -42.000000 -1.883610 39 238 164
34.000000 -42.000000 -2.003190 37 236 167
36.000000 -42.000000 -2.446760 31 233 175
38.000000 -42.000000 -3.001060 25 227 185
40.000000 -42.000000 -3.386800 24 222 192
42.000000 -42.000000 -3.958530 25 213 205
44.000000 -42.000000 -3.560170 24 219 197
46.000000 -42.000000 -4.279630 26 210 210
48.000000 -42.000000 -5.620420 42 185 238
50.000000 -42.000000 -5.309560 37 192 231
52.000000 -42.000000 -5.656650 42 185 238
54.000000 -42.000000 -5.711280 42 185 238
56.000000 -42.000000 -6.480440 53 171 248
58.000000 -42.000000 -6.814250 58 163 252
60.000000 -42.000000 -6.439970 53 171 248
62.000000 -42.000000 -6.924760 59 160 253
64.000000 -42.000000 -7.055370 61 158 254
66.000000 -42.000000 -7.005170 59 160 253
68.000000 -42.000000 -8.082850 69 138 252
70.000000 -42.000000 -8.411440 70 133 250
72.000000 -42.000000 -9.282270 71 115 235
74.000000 -42.000000 -9.210860 71 118 238
76.000000 -42.000000 -9.585670 71 110 230
78.000000 -42.000000 -9.817170 70 105 224
80.000000 -42.000000 -10.237600 70 97 214
82.000000 -42.000000 -10.253300 69 94 211
84.000000 -42.000000 -10.415800 69 92 207
86.000000 -42.000000 -11.239600 66 75 181
88.000000 -42.000000 -11.378400 66 73 177
90.000000 -42.000000 -11.433900 65 70 172
92.000000 -42.000000 -11.488300 65 70 172
94.000000 -42.000000 -11.717000 64 64 162
96.000000 -42.000000 -12.660500 58 45 121
98.000000 -42.000000 -12.298900 61 53 139
100.000000 -42.000000 -12.344500 60 50 134
102.000000 -42.000000 -12.745100 57 42 115
104.000000 -42.000000 -12.540100 59 47 128
106.000000 -42.000000 -13.205000 54 33 95
108.000000 -42.000000 -12.640600 58 45 121
110.000000 -42.000000 -13.215600 53 30 88
112.000000 -42.000000 -13.973600 48 18 59
114.000000 -42.000000 -13.750700 48 18 59
116.000000 -42.000000 -13.330100 53 30 88
118.000000 -42.000000 -13.735400 48 18 59
120.000000 -42.000000 -14.787400 48 18 59
122.000000 -42.000000 -14.238800 48 18 59
124.000000 -42.000000 -14.187700 48 18 59
126.000000 -42.000000 -14.808500 48 18 59
128.000000 -42.000000 -15.963200 48 18 59
130.000000 -42.000000 -16.111900 48 18 59
132.000000 -42.000000 -15.871000 48 18 59
134.000000 -42.000000 -17.003000 48 18 59
-138.000000 -44.000000 -2.086510 37 236 167
-136.000000 -44.000000 2.754490 164 252 60
-134.000000 -44.000000 2.047940 150 254 68
-132.000000 -44.000000 1.879060 146 255 71
-130.000000 -44.000000 1.382770 132 255 81
-128.000000 -44.000000 1.262020 128 255 83
-126.000000 -44.000000 0.858255 117 254 92
-124.000000 -44.000000 0.601645 109 254 98
-122.000000 -44.000000 0.071086 93 252 111
-120.000000 -44.000000 0.516532 105 253 102
-118.000000 -44.000000 0.306797 97 252 108
-116.000000 -44.000000 1.566210 136 255 78
-114.000000 -44.000000 0.779473 113 254 95
-112.000000 -44.000000 1.499180 136 255 78
-110.000000 -44.000000 1.756720 143 255 73
-108.000000 -44.000000 0.334331 101 253 105
-106.000000 -44.000000 0.054834 89 251 115
-104.000000 -44.000000 0.208452 97 252 108
-102.000000 -44.000000 -0.973162 60 245 142
-100.000000 -44.000000 -0.350447 78 249 125
-98.000000 -44.000000 -0.443348 78 249 125
-96.000000 -44.000000 -1.340690 53 243 148
-94.000000 -44.000000 -1.879700 39 238 164
-92.000000 -44.000000 -0.879978 63 246 138
-90.000000 -44.000000 -1.007120 60 245 142
-88.000000 -44.000000 -1.208010 56 244 145
-86.000000 -44.000000 -1.293690 53 243 148
-84.000000 -44.000000 -0.726437 67 247 135
-82.000000 -44.000000 -0.830024 67 247 135
-80.000000 -44.000000 -0.462652 74 248 128
-78.000000 -44.000000 -0.102267 85 250 118
-76.000000 -44.000000 0.035065 89 251 115
-74.000000 -44.000000 0.560881 105 253 102
-72.000000 -44.000000 0.516173 105 253 102
-70.000000 -44.000000 0.622452 109 254 98
-68.000000 -44.000000 0.238435 97 252 108
-66.000000 -44.000000 0.135054 93 252 111
-64.000000 -44.000000 1.335440 128 255 83
-62.000000 -44.000000 0.397978 101 253 105
-60.000000 -44.000000 -0.611506 70 248 132
-58.000000 -44.000000 -0.463424 74 248 128
-56.000000 -44.000000 -0.338838 78 249 125
-54.000000 -44.000000 -2.040870 37 236 167
-52.000000 -44.000000 -3.393940 24 222 192
-50.000000 -44.000000 -3.134120 25 226 187
-48.000000 -44.000000 -1.531410 47 241 155
-46.000000 -44.000000 -1.378530 50 242 152
-44.000000 -44.000000 -2.168270 34 235 170
-42.000000 -44.000000 -3.583810 24 219 197
-40.000000 -44.000000 -3.590410 24 219 197
-38.000000 -44.000000 -3.219560 24 224 189
-36.000000 -44.000000 -2.182580 34 235 170
-34.000000 -44.000000 -2.770260 28 230 180
-32.000000 -44.000000 -3.303860 24 222 192
-30.000000 -44.000000 -2.971700 25 227 185
-28.000000 -44.000000 -2.267210 32 234 172
-26.000000 -44.000000 -3.384070 24 222 192
-24.000000 -44.000000 -4.506060 28 205 216
-22.000000 -44.000000 -4.275190 26 210 210
-20.000000 -44.000000 -5.760570 44 183 240
-18.000000 -44.000000 -7.339160 64 153 255
-16.000000 -44.000000 -6.816690 58 163 252
-14.000000 -44.000000 -6.677620 56 165 251
-12.000000 -44.000000 -5.605850 40 188 235
-10.000000 -44.000000 -4.729050 31 201 221
-8.000000 -44.000000 -5.205640 35 195 228
-6.000000 -44.000000 -5.948320 46 180 242
-4.000000 -44.000000 -4.785070 31 201 221
-2.000000 -44.000000 -4.545700 28 205 216
0.000000 -44.000000 -4.097220 26 212 208
2.000000 -44.000000 -5.176920 35 195 228
4.000000 -44.000000 -5.276710 37 192 231
6.000000 -44.000000 -5.104360 35 195 228
8.000000 -44.000000 -6.870720 58 163 252
10.000000 -44.000000 -6.747180 56 165 251
12.000000 -44.000000 -4.862430 32 199 223
14.000000 -44.000000 -5.924690 46 180 242
16.000000 -44.000000 -6.233930 49 175 245
18.000000 -44.000000 -4.908880 32 199 223
20.000000 -44.000000 -3.209240 24 224 189
22.000000 -44.000000 -3.549370 24 219 197
24.000000 -44.000000 -3.699420 24 217 200
26.000000 -44.000000 -3.621550 24 219 197
28.000000 -44.000000 -4.016180 25 213 205
30.000000 -44.000000 -4.322990 27 208 213
32.000000 -44.000000 -4.596410 30 203 218
34.000000 -44.000000 -5.001740 34 197 226
36.000000 -44.000000 -4.615570 30 203 218
38.000000 -44.000000 -4.661500 30 203 218
40.000000 -44.000000 -6.222640 49 175 245
42.000000 -44.000000 -5.752020 44 183 240
44.000000 -44.000000 -4.604110 30 203 218
46.000000 -44.000000 -4.279780 26 210 210
48.000000 -44.000000 -3.992090 25 213 205
50.000000 -44.000000 -4.408440 27 208 213
52.000000 -44.000000 -4.574700 28 205 216
54.000000 -44.000000 -4.449140 27 208 213
56.000000 -44.000000 -4.938600 32 199 223
58.000000 -44.000000 -5.973790 46 180 242
60.000000 -44.000000 -6.792430 58 163 252
62.000000 -44.000000 -6.060580 47 178 244
64.000000 -44.000000 -6.265330 51 173 247
66.000000 -44.000000 -7.050730 61 158 254
68.000000 -44.000000 -6.722040 56 165 251
70.000000 -44.000000 -6.392510 53 171 248
72.000000 -44.000000 -5.864520 44 183 240
74.000000 -44.000000 -6.415650 53 171 248
76.000000 -44.000000 -5.721660 42 185 238
78.000000 -44.000000 -5.135630 35 195 228
80.000000 -44.000000 -5.162760 35 195 228
82.000000 -44.000000 -5.741210 44 183 240
84.000000 -44.000000 -5.765750 44 183 240
86.000000 -44.000000 -6.381860 51 173 247
88.000000 -44.000000 -5.985620 46 180 242
90.000000 -44.000000 -6.525550 55 168 250
92.000000 -44.000000 -7.144260 61 158 254
94.000000 -44.000000 -6.869620 58 163 252
96.000000 -44.000000 -6.679770 56 165 251
98.000000 -44.000000 -6.618200 55 168 250
100.000000 -44.000000 -7.965520 69 140 253
102.000000 -44.000000 -8.966960 71 120 240
104.000000 -44.000000 -7.547850 66 148 255
106.000000 -44.000000 -7.429770 65 150 255
108.000000 -44.000000 -8.702470 70 125 244
110.000000 -44.000000 -8.478970 70 130 248
112.000000 -44.000000 -9.129380 71 118 238
114.000000 -44.000000 -8.922830 71 123 242
116.000000 -44.000000 -9.051710 71 120 240
118.000000 -44.000000 -10.032500 70 100 218
120.000000 -44.000000 -10.738300 68 86 199
122.000000 -44.000000 -10.235300 70 97 214
124.000000 -44.000000 -10.298700 69 94 211
126.000000 -44.000000 -10.898100 68 81 191
128.000000 -44.000000 -11.730500 64 64 162
130.000000 -44.000000 -12.199700 61 53 139
132.000000 -44.000000 -12.384000 60 50 134
134.000000 -44.000000 -14.515000 48 18 59
-134.000000 -46.000000 -7.775790 67 145 254
-132.000000 -46.000000 -2.979290 25 227 185
-130.000000 -46.000000 -4.102500 26 212 208
-128.000000 -46.000000 -6.522840 55 168 250
-126.000000 -46.000000 -6.074540 47 178 244
-124.000000 -46.000000 -4.365590 27 208 213
-122.000000 -46.000000 -3.734290 24 217 200
-120.000000 -46.000000 -2.862460 26 228 182
-118.000000 -46.000000 -2.437200 31 233 175
-116.000000 -46.000000 -3.092500 25 226 187
-114.000000 -46.000000 -3.249360 24 224 189
-112.000000 -46.000000 -1.901730 39 238 164
-110.000000 -46.000000 -0.635625 70 248 132
-108.000000 -46.000000 0.443628 101 253 105
-106.000000 -46.000000 1.515130 136 255 78
-104.000000 -46.000000 0.651662 109 254 98
-102.000000 -46.000000 0.805384 113 254 95
-100.000000 -46.000000 0.290746 97 252 108
-98.000000 -46.000000 0.594318 109 254 98
-96.000000 -46.000000 1.123710 125 255 86
-94.000000 -46.000000 1.291830 128 255 83
-92.000000 -46.000000 0.599938 109 254 98
-90.000000 -46.000000 1.385990 132 255 81
-88.000000 -46.000000 1.354430 132 255 81
-86.000000 -46.000000 0.814026 113 254 95
-84.000000 -46.000000 0.455661 105 253 102
-82.000000 -46.000000 1.057640 121 254 89
-80.000000 -46.000000 1.624660 139 255 75
-78.000000 -46.000000 0.341512 101 253 105
-76.000000 -46.000000 0.941435 117 254 92
-74.000000 -46.000000 0.424634 101 253 105
-72.000000 -46.000000 0.065292 93 252 111
-70.000000 -46.000000 0.165463 93 252 111
-68.000000 -46.000000 0.572911 105 253 102
-66.000000 -46.000000 0.384437 101 253 105
-64.000000 -46.000000 0.161731 93 252 111
-62.000000 -46.000000 1.080170 121 254 89
-60.000000 -46.000000 1.013320 121 254 89
-58.000000 -46.000000 0.631495 109 254 98
-56.000000 -46.000000 -0.303005 82 250 122
-54.000000 -46.000000 0.710057 113 254 95
-52.000000 -46.000000 1.249360 128 255 83
-50.000000 -46.000000 0.313522 97 252 108
-48.000000 -46.000000 0.242925 97 252 108
-46.000000 -46.000000 0.201014 97 252 108
-44.000000 -46.000000 1.377790 132 255 81
-42.000000 -46.000000 1.436910 132 255 81
-40.000000 -46.000000 -0.119190 85 250 118
-38.000000 -46.000000 -0.713936 67 247 135
-36.000000 -46.000000 -1.501610 47 241 155
-34.000000 -46.000000 -1.628360 44 240 158
-32.000000 -46.000000 -1.941390 39 238 164
-30.000000 -46.000000 -2.278530 32 234 172
-28.000000 -46.000000 -2.006530 37 236 167
-26.000000 -46.000000 -1.735130 44 240 158
-24.000000 -46.000000 -2.919500 25 227 185
-22.000000 -46.000000 -3.753530 24 217 200
-20.000000 -46.000000 -3.642930 24 219 197
-18.000000 -46.000000 -3.107930 25 226 187
-16.000000 -46.000000 -3.276600 24 224 189
-14.000000 -46.000000 -3.888890 24 215 202
-12.000000 -46.000000 -5.744510 44 183 240
-10.000000 -46.000000 -6.234390 49 175 245
-8.000000 -46.000000 -5.777980 44 183 240
-6.000000 -46.000000 -5.648540 42 185 238
-4.000000 -46.000000 -6.296710 51 173 247
-2.000000 -46.000000 -6.788280 58 163 252
0.000000 -46.000000 -6.659090 56 165 251
2.000000 -46.000000 -6.671150 56 165 251
4.000000 -46.000000 -6.523890 55 168 250
6.000000 -46.000000 -7.007030 59 160 253
8.000000 -46.000000 -7.033780 61 158 254
10.000000 -46.000000 -7.367140 64 153 255
12.000000 -46.000000 -7.227380 62 155 254
14.000000 -46.000000 -6.909020 59 160 253
16.000000 -46.000000 -7.232030 62 155 254
18.000000 -46.000000 -7.429330 65 150 255
20.000000 -46.000000 -7.175380 62 155 254
22.000000 -46.000000 -7.457250 65 150 255
24.000000 -46.000000 -8.708640 70 125 244
26.000000 -46.000000 -7.794630 67 145 254
28.000000 -46.000000 -6.594720 55 168 250
30.000000 -46.000000 -7.247180 62 155 254
32.000000 -46.000000 -7.376000 64 153 255
34.000000 -46.000000 -7.247850 62 155 254
36.000000 -46.000000 -6.818490 58 163 252
38.000000 -46.000000 -7.287510 64 153 255
40.000000 -46.000000 -6.865910 58 163 252
42.000000 -46.000000 -7.229630 62 155 254
44.000000 -46.000000 -7.357980 64 153 255
46.000000 -46.000000 -7.805170 68 143 254
48.000000 -46.000000 -7.041540 61 158 254
50.000000 -46.000000 -6.499560 53 171 248
52.000000 -46.000000 -7.169010 62 155 254
54.000000 -46.000000 -7.977500 69 140 253
56.000000 -46.000000 -7.805010 68 143 254
58.000000 -46.000000 -7.015380 59 160 253
60.000000 -46.000000 -6.177360 49 175 245
62.000000 -46.000000 -6.223540 49 175 245
64.000000 -46.000000 -6.521310 55 168 250
66.000000 -46.000000 -6.932860 59 160 253
68.000000 -46.000000 -7.034110 61 158 254
70.000000 -46.000000 -7.764290 67 145 254
72.000000 -46.000000 -7.085920 61 158 254
74.000000 -46.000000 -6.867000 58 163 252
76.000000 -46.000000 -9.032630 71 120 240
78.000000 -46.000000 -9.926290 70 102 221
80.000000 -46.000000 -8.973550 71 120 240
82.000000 -46.000000 -9.618430 70 107 227
84.000000 -46.000000 -10.193400 70 97 214
86.000000 -46.000000 -9.355500 71 113 233
88.000000 -46.000000 -9.961280 70 102 221
90.000000 -46.000000 -10.220100 70 97 214
92.000000 -46.000000 -10.851300 68 84 195
94.000000 -46.000000 -11.135000 67 78 186
96.000000 -46.000000 -10.357600 69 94 211
98.000000 -46.000000 -10.880600 68 84 195
100.000000 -46.000000 -10.531700 69 89 203
102.000000 -46.000000 -10.206500 70 97 214
104.000000 -46.000000 -11.161300 66 75 181
106.000000 -46.000000 -11.053100 67 78 186
108.000000 -46.000000 -11.722500 64 64 162
110.000000 -46.000000 -12.165100 62 56 145
112.000000 -46.000000 -13.166300 54 33 95
114.000000 -46.000000 -13.077600 55 36 102
116.000000 -46.000000 -13.143600 54 33 95
118.000000 -46.000000 -12.812300 57 42 115
120.000000 -46.000000 -13.073100 55 36 102
122.000000 -46.000000 -13.641500 50 21 67
124.000000 -46.000000 -14.404100 48 18 59
126.000000 -46.000000 -14.694900 48 18 59
128.000000 -46.000000 -14.487400 48 18 59
130.000000 -46.000000 -15.197800 48 18 59
132.000000 -46.000000 -16.815100 48 18 59
-132.000000 -48.000000 -11.183800 66 75 181
-130.000000 -48.000000 -2.710940 28 230 180
-128.000000 -48.000000 -3.292250 24 222 192
-126.000000 -48.000000 -3.763980 24 217 200
-124.000000 -48.000000 -3.822750 24 215 202
-122.000000 -48.000000 -4.705380 30 203 218
-120.000000 -48.000000 -4.609400 30 203 218
-118.000000 -48.000000 -5.174920 35 195 228
-116.000000 -48.000000 -4.927970 32 199 223
-114.000000 -48.000000 -4.781890 31 201 221
-112.000000 -48.000000 -4.694990 30 203 218
-110.000000 -48.000000 -4.580970 30 203 218
-108.000000 -48.000000 -5.046940 34 197 226
-106.000000 -48.000000 -5.159430 35 195 228
-104.000000 -48.000000 -5.559990 40 188 235
-102.000000 -48.000000 -5.048810 34 197 226
-100.000000 -48.000000 -4.062790 26 212 208
-98.000000 -48.000000 -4.946380 32 199 223
-96.000000 -48.000000 -4.958950 32 199 223
-94.000000 -48.000000 -4.680020 30 203 218
-92.000000 -48.000000 -4.544460 28 205 216
-90.000000 -48.000000 -3.128900 25 226 187
-88.000000 -48.000000 -2.115370 37 236 167
-86.000000 -48.000000 -2.863590 26 228 182
-84.000000 -48.000000 -2.711890 28 230 180
-82.000000 -48.000000 -3.013530 25 227 185
-80.000000 -48.000000 -1.672660 44 240 158
-78.000000 -48.000000 -1.928970 39 238 164
-76.000000 -48.000000 -1.161300 56 244 145
-74.000000 -48.000000 -2.334070 32 234 172
-72.000000 -48.000000 -2.476860 31 233 175
-70.000000 -48.000000 -1.791140 42 239 161
-68.000000 -48.000000 -0.852777 63 246 138
-66.000000 -48.000000 -1.108590 56 244 145
-64.000000 -48.000000 -1.921170 39 238 164
-62.000000 -48.000000 -1.415750 50 242 152
-60.000000 -48.000000 -0.671037 70 248 132
-58.000000 -48.000000 -1.189460 56 244 145
-56.000000 -48.000000 -1.691610 44 240 158
-54.000000 -48.000000 -0.478803 74 248 128
-52.000000 -48.000000 1.374500 132 255 81
-50.000000 -48.000000 1.150630 125 255 86
-48.000000 -48.000000 0.885266 117 254 92
-46.000000 -48.000000 1.503490 136 255 78
-44.000000 -48.000000 0.905421 117 254 92
-42.000000 -48.000000 0.391698 101 253 105
-40.000000 -48.000000 -2.413940 31 233 175
-38.000000 -48.000000 -1.513470 47 241 155
-36.000000 -48.000000 -2.154350 34 235 170
-34.000000 -48.000000 -1.782240 42 239 161
-32.000000 -48.000000 -0.968281 63 246 138
-30.000000 -48.000000 -0.487909 74 248 128
-28.000000 -48.000000 1.122140 125 255 86
-26.000000 -48.000000 2.064580 150 254 68
-24.000000 -48.000000 2.662320 164 252 60
-22.000000 -48.000000 2.344990 156 254 64
-20.000000 -48.000000 2.665780 164 252 60
-18.000000 -48.000000 2.483280 159 253 63
-16.000000 -48.000000 2.794270 167 252 58
-14.000000 -48.000000 2.584630 161 253 61
-12.000000 -48.000000 2.374980 156 254 64
-10.000000 -48.000000 2.858020 167 252 58
-8.000000 -48.000000 2.631960 161 253 61
-6.000000 -48.000000 2.603820 161 253 61
-4.000000 -48.000000 2.886060 167 252 58
-2.000000 -48.000000 2.677440 164 252 60
0.000000 -48.000000 2.624800 161 253 61
2.000000 -48.000000 2.882860 167 252 58
4.000000 -48.000000 3.046570 172 251 56
6.000000 -48.000000 2.416090 159 253 63
8.000000 -48.000000 2.699710 164 252 60
10.000000 -48.000000 2.223100 153 254 66
12.000000 -48.000000 2.520370 161 253 61
14.000000 -48.000000 2.185420 153 254 66
16.000000 -48.000000 1.684010 139 255 75
18.000000 -48.000000 1.219980 125 255 86
20.000000 -48.000000 1.496030 136 255 78
22.000000 -48.000000 1.022510 121 254 89
24.000000 -48.000000 0.213106 97 252 108
26.000000 -48.000000 0.281380 97 252 108
28.000000 -48.000000 -0.409429 78 249 125
30.000000 -48.000000 -0.312287 82 250 122
32.000000 -48.000000 -1.136350 56 244 145
34.000000 -48.000000 -0.709674 70 248 132
36.000000 -48.000000 -1.507120 47 241 155
38.000000 -48.000000 -1.950590 39 238 164
40.000000 -48.000000 -1.650850 44 240 158
42.000000 -48.000000 -2.169420 34 235 170
44.000000 -48.000000 -2.701520 28 230 180
46.000000 -48.000000 -4.929790 32 199 223
48.000000 -48.000000 -6.453640 53 171 248
50.000000 -48.000000 -5.622960 42 185 238
52.000000 -48.000000 -5.316860 37 192 231
54.000000 -48.000000 -7.414780 65 150 255
56.000000 -48.000000 -6.079940 47 178 244
58.000000 -48.000000 -6.240020 49 175 245
60.000000 -48.000000 -6.438710 53 171 248
62.000000 -48.000000 -1.162810 56 244 145
64.000000 -48.000000 -7.394660 64 153 255
66.000000 -48.000000 -7.132600 61 158 254
68.000000 -48.000000 -1.635980 44 240 158
70.000000 -48.000000 -2.014740 37 236 167
72.000000 -48.000000 -8.364000 70 133 250
74.000000 -48.000000 -8.532110 70 130 248
76.000000 -48.000000 -6.964530 59 160 253
78.000000 -48.000000 -7.118710 61 158 254
80.000000 -48.000000 -7.650830 66 148 255
82.000000 -48.000000 -9.410330 71 113 233
84.000000 -48.000000 -9.267950 71 115 235
86.000000 -48.000000 -8.500430 70 130 248
88.000000 -48.000000 -9.851860 70 105 224
90.000000 -48.000000 -10.367200 69 94 211
92.000000 -48.000000 -9.337320 71 115 235
94.000000 -48.000000 -9.062100 71 120 240
96.000000 -48.000000 -9.757130 70 105 224
98.000000 -48.000000 -9.531580 71 110 230
100.000000 -48.000000 -11.343300 66 73 177
102.000000 -48.000000 -10.450100 69 92 207
104.000000 -48.000000 -10.406100 69 92 207
106.000000 -48.000000 -11.241900 66 75 181
108.000000 -48.000000 -12.042700 63 59 151
110.000000 -48.000000 -12.495000 59 47 128
112.000000 -48.000000 -12.525300 59 47 128
114.000000 -48.000000 -12.047500 63 59 151
116.000000 -48.000000 -13.120100 54 33 95
118.000000 -48.000000 -15.768800 48 18 59
120.000000 -48.000000 -16.183500 48 18 59
122.000000 -48.000000 -15.162800 48 18 59
124.000000 -48.000000 -15.037900 48 18 59
126.000000 -48.000000 -15.539100 48 18 59
128.000000 -48.000000 -15.260400 48 18 59
130.000000 -48.000000 -13.191300 54 33 95
-130.000000 -50.000000 -15.758000 48 18 59
-128.000000 -50.000000 2.737370 164 252 60
-126.000000 -50.000000 3.904990 188 245 52
-124.000000 -50.000000 2.223330 153 254 66
-122.000000 -50.000000 3.953870 190 244 52
-120.000000 -50.000000 2.904140 169 251 57
-118.000000 -50.000000 4.313030 195 241 52
-116.000000 -50.000000 3.751650 185 246 53
-114.000000 -50.000000 3.521660 180 248 54
-112.000000 -50.000000 2.874170 167 252 58
-110.000000 -50.000000 2.635820 161 253 61
-108.000000 -50.000000 2.531650 161 253 61
-106.000000 -50.000000 2.540920 161 253 61
-104.000000 -50.000000 2.529420 161 253 61
-102.000000 -50.000000 2.333100 156 254 64
-100.000000 -50.000000 2.450580 159 253 63
-98.000000 -50.000000 1.259870 128 255 83
-96.000000 -50.000000 1.659750 139 255 75
-94.000000 -50.000000 1.153560 125 255 86
-92.000000 -50.000000 0.856894 117 254 92
-90.000000 -50.000000 0.535303 105 253 102
-88.000000 -50.000000 0.633947 109 254 98
-86.000000 -50.000000 0.877556 117 254 92
-84.000000 -50.000000 0.773231 113 254 95
-82.000000 -50.000000 1.370130 132 255 81
-80.000000 -50.000000 1.244390 128 255 83
-78.000000 -50.000000 0.285918 97 252 108
-76.000000 -50.000000 0.306556 97 252 108
-74.000000 -50.000000 -0.229357 82 250 122
-72.000000 -50.000000 0.259416 97 252 108
-70.000000 -50.000000 -0.810310 67 247 135
-68.000000 -50.000000 -0.769827 67 247 135
-66.000000 -50.000000 -0.108145 85 250 118
-64.000000 -50.000000 0.619044 109 254 98
-62.000000 -50.000000 -0.409948 78 249 125
-60.000000 -50.000000 -0.312925 82 250 122
-58.000000 -50.000000 -0.303244 82 250 122
-56.000000 -50.000000 -0.905791 63 246 138
-54.000000 -50.000000 -0.707834 70 248 132
-52.000000 -50.000000 -1.062150 60 245 142
-50.000000 -50.000000 -1.445080 50 242 152
-48.000000 -50.000000 -1.597600 47 241 155
-46.000000 -50.000000 -1.336380 53 243 148
-44.000000 -50.000000 -1.187350 56 244 145
-42.000000 -50.000000 -1.082180 60 245 142
-40.000000 -50.000000 0.025703 89 251 115
-38.000000 -50.000000 -0.521350 74 248 128
-36.000000 -50.000000 -0.838588 67 247 135
-34.000000 -50.000000 -1.311590 53 243 148
-32.000000 -50.000000 -1.770450 42 239 161
-30.000000 -50.000000 -1.662330 44 240 158
-28.000000 -50.000000 -1.691760 44 240 158
-26.000000 -50.000000 -1.980570 39 238 164
-24.000000 -50.000000 -1.175460 56 244 145
-22.000000 -50.000000 -1.705890 44 240 158
-20.000000 -50.000000 -1.437650 50 242 152
-18.000000 -50.000000 -1.263680 53 243 148
-16.000000 -50.000000 -1.752450 42 239 161
-14.000000 -50.000000 -1.730890 44 240 158
-12.000000 -50.000000 -1.790180 42 239 161
-10.000000 -50.000000 -1.667040 44 240 158
-8.000000 -50.000000 -0.832982 67 247 135
-6.000000 -50.000000 -0.155260 85 250 118
-4.000000 -50.000000 -0.508365 74 248 128
-2.000000 -50.000000 -0.766319 67 247 135
0.000000 -50.000000 -1.776490 42 239 161
2.000000 -50.000000 -2.317070 32 234 172
4.000000 -50.000000 -2.217930 34 235 170
6.000000 -50.000000 -1.625150 44 240 158
8.000000 -50.000000 -2.447540 31 233 175
10.000000 -50.000000 -1.827310 42 239 161
12.000000 -50.000000 -1.529280 47 241 155
14.000000 -50.000000 -2.325400 32 234 172
16.000000 -50.000000 -2.818570 26 228 182
18.000000 -50.000000 -3.203400 24 224 189
20.000000 -50.000000 -2.892810 26 228 182
22.000000 -50.000000 -2.918130 25 227 185
24.000000 -50.000000 -2.923140 25 227 185
26.000000 -50.000000 -2.861740 26 228 182
28.000000 -50.000000 -3.819240 24 215 202
30.000000 -50.000000 -4.242720 26 210 210
32.000000 -50.000000 -3.482370 24 221 194
34.000000 -50.000000 -4.635740 30 203 218
36.000000 -50.000000 -4.917890 32 199 223
38.000000 -50.000000 -4.958050 32 199 223
40.000000 -50.000000 -6.073080 47 178 244
42.000000 -50.000000 -6.313280 51 173 247
44.000000 -50.000000 -5.412420 39 190 233
46.000000 -50.000000 -5.747490 44 183 240
48.000000 -50.000000 -5.850590 44 183 240
50.000000 -50.000000 -6.496020 53 171 248
52.000000 -50.000000 -6.730930 56 165 251
54.000000 -50.000000 -6.893310 58 163 252
56.000000 -50.000000 -7.200560 62 155 254
58.000000 -50.000000 -7.683950 67 145 254
60.000000 -50.000000 -8.024130 69 140 253
62.000000 -50.000000 -7.245540 62 155 254
64.000000 -50.000000 -7.664540 66 148 255
66.000000 -50.000000 -8.836700 71 123 242
68.000000 -50.000000 -9.569660 71 110 230
70.000000 -50.000000 -9.195600 71 118 238
72.000000 -50.000000 -9.809250 70 105 224
74.000000 -50.000000 -9.279880 71 115 235
76.000000 -50.000000 -10.348600 69 94 211
78.000000 -50.000000 -10.933800 68 81 191
80.000000 -50.000000 -11.134500 67 78 186
82.000000 -50.000000 -11.311200 66 73 177
84.000000 -50.000000 -11.527800 65 70 172
86.000000 -50.000000 -11.351000 66 73 177
88.000000 -50.000000 -12.272200 61 53 139
90.000000 -50.000000 -12.366400 60 50 134
92.000000 -50.000000 -13.005500 55 36 102
94.000000 -50.000000 -13.781300 48 18 59
96.000000 -50.000000 -13.864000 48 18 59
98.000000 -50.000000 -13.599100 51 24 74
100.000000 -50.000000 -13.353100 52 27 81
102.000000 -50.000000 -13.699800 50 21 67
104.000000 -50.000000 -14.539400 48 18 59
106.000000 -50.000000 -14.445200 48 18 59
108.000000 -50.000000 -13.762300 48 18 59
110.000000 -50.000000 -15.671800 48 18 59
112.000000 -50.000000 -15.000500 48 18 59
114.000000 -50.000000 -15.560900 48 18 59
116.000000 -50.000000 -15.251300 48 18 59
118.000000 -50.000000 -15.461200 48 18 59
120.000000 -50.000000 -15.402300 48 18 59
122.000000 -50.000000 -15.743200 48 18 59
124.000000 -50.000000 -17.030600 48 18 59
126.000000 -50.000000 -16.052600 48 18 59
128.000000 -50.000000 -15.735800 48 18 59
-126.000000 -52.000000 2.774210 167 252 58
-124.000000 -52.000000 7.394410 244 199 58
-122.000000 -52.000000 7.352950 244 199 58
-120.000000 -52.000000 8.032700 249 188 57
-118.000000 -52.000000 7.029190 241 203 58
-116.000000 -52.000000 7.730760 247 193 58
-114.000000 -52.000000 6.177240 229 217 56
-112.000000 -52.000000 7.764640 247 193 58
-110.000000 -52.000000 8.255410 251 184 56
-108.000000 -52.000000 7.554840 246 195 58
-106.000000 -52.000000 6.763450 238 207 58
-104.000000 -52.000000 7.430460 245 197 58
-102.000000 -52.000000 6.097580 227 219 56
-100.000000 -52.000000 5.256210 215 229 53
-98.000000 -52.000000 5.008070 210 233 53
-96.000000 -52.000000 6.333330 231 215 57
-94.000000 -52.000000 5.267570 215 229 53
-92.000000 -52.000000 5.583730 219 226 54
-90.000000 -52.000000 6.148150 229 217 56
-88.000000 -52.000000 5.225760 215 229 53
-86.000000 -52.000000 4.509420 200 239 52
-84.000000 -52.000000 3.989730 190 244 52
-82.000000 -52.000000 4.572960 203 237 52
-80.000000 -52.000000 3.018760 169 251 57
-78.000000 -52.000000 4.086600 193 243 52
-76.000000 -52.000000 3.489490 180 248 54
-74.000000 -52.000000 4.065420 193 243 52
-72.000000 -52.000000 4.338270 198 240 52
-70.000000 -52.000000 4.162340 193 243 52
-68.000000 -52.000000 4.987540 210 233 53
-66.000000 -52.000000 5.416130 217 228 54
-64.000000 -52.000000 5.339990 215 229 53
-62.000000 -52.000000 4.914590 208 234 52
-60.000000 -52.000000 3.500410 180 248 54
-58.000000 -52.000000 3.143730 172 251 56
-56.000000 -52.000000 3.914780 188 245 52
-54.000000 -52.000000 2.993580 169 251 57
-52.000000 -52.000000 3.886200 188 245 52
-50.000000 -52.000000 4.227530 195 241 52
-48.000000 -52.000000 3.073940 172 251 56
-46.000000 -52.000000 3.215470 175 250 55
-44.000000 -52.000000 3.226370 175 250 55
-42.000000 -52.000000 3.335500 177 249 54
-40.000000 -52.000000 2.252910 156 254 64
-38.000000 -52.000000 2.652700 164 252 60
-36.000000 -52.000000 1.897850 146 255 71
-34.000000 -52.000000 1.554460 136 255 78
-32.000000 -52.000000 1.285540 128 255 83
-30.000000 -52.000000 0.867011 117 254 92
-28.000000 -52.000000 0.699036 109 254 98
-26.000000 -52.000000 -0.078323 85 250 118
-24.000000 -52.000000 -0.614028 70 248 132
-22.000000 -52.000000 -0.906597 63 246 138
-20.000000 -52.000000 -2.126300 37 236 167
-18.000000 -52.000000 -2.858170 26 228 182
-16.000000 -52.000000 -2.219590 34 235 170
-14.000000 -52.000000 -1.616590 44 240 158
-12.000000 -52.000000 -2.281300 32 234 172
-10.000000 -52.000000 -2.578600 29 231 178
-8.000000 -52.000000 -1.591510 47 241 155
-6.000000 -52.000000 -1.677440 44 240 158
-4.000000 -52.000000 -1.841940 42 239 161
-2.000000 -52.000000 -2.211180 34 235 170
0.000000 -52.000000 -1.004510 60 245 142
2.000000 -52.000000 -1.757080 42 239 161
4.000000 -52.000000 -2.528260 29 231 178
6.000000 -52.000000 -1.771120 42 239 161
8.000000 -52.000000 -2.002680 37 236 167
10.000000 -52.000000 -4.026880 25 213 205
12.000000 -52.000000 -4.777410 31 201 221
14.000000 -52.000000 -3.963520 25 213 205
16.000000 -52.000000 -4.052820 25 213 205
18.000000 -52.000000 -4.045200 25 213 205
20.000000 -52.000000 -5.016110 34 197 226
22.000000 -52.000000 -5.226040 37 192 231
24.000000 -52.000000 -3.554260 24 219 197
26.000000 -52.000000 -3.056770 25 226 187
28.000000 -52.000000 -3.819620 24 215 202
30.000000 -52.000000 -4.545170 28 205 216
32.000000 -52.000000 -4.529750 28 205 216
34.000000 -52.000000 -5.069620 34 197 226
36.000000 -52.000000 -5.112730 35 195 228
38.000000 -52.000000 -4.985180 34 197 226
40.000000 -52.000000 -4.317370 26 210 210
42.000000 -52.000000 -4.308660 26 210 210
44.000000 -52.000000 -4.454320 28 205 216
46.000000 -52.000000 -4.991930 34 197 226
48.000000 -52.000000 -5.817450 44 183 240
50.000000 -52.000000 -5.481210 40 188 235
52.000000 -52.000000 -5.236000 37 192 231
54.000000 -52.000000 -5.177960 35 195 228
56.000000 -52.000000 -5.654740 42 185 238
58.000000 -52.000000 -5.074770 34 197 226
60.000000 -52.000000 -5.411740 39 190 233
62.000000 -52.000000 -6.463020 53 171 248
64.000000 -52.000000 -6.671790 56 165 251
66.000000 -52.000000 -5.770290 44 183 240
68.000000 -52.000000 -5.269530 37 192 231
70.000000 -52.000000 -5.893400 46 180 242
72.000000 -52.000000 -6.866220 58 163 252
74.000000 -52.000000 -6.799640 58 163 252
76.000000 -52.000000 -6.588050 55 168 250
78.000000 -52.000000 -6.474210 53 171 248
80.000000 -52.000000 -6.596550 55 168 250
82.000000 -52.000000 -6.785300 58 163 252
84.000000 -52.000000 -7.051960 61 158 254
86.000000 -52.000000 -6.569720 55 168 250
88.000000 -52.000000 -7.036820 61 158 254
90.000000 -52.000000 -6.653800 56 165 251
92.000000 -52.000000 -6.457820 53 171 248
94.000000 -52.000000 -7.053400 61 158 254
96.000000 -52.000000 -6.876890 58 163 252
98.000000 -52.000000 -7.547830 66 148 255
100.000000 -52.000000 -8.251440 70 135 251
102.000000 -52.000000 -7.860820 68 143 254
104.000000 -52.000000 -8.669700 70 128 246
106.000000 -52.000000 -7.941750 69 140 253
108.000000 -52.000000 -8.678910 70 128 246
110.000000 -52.000000 -8.420430 70 133 250
112.000000 -52.000000 -9.077610 71 120 240
114.000000 -52.000000 -8.786650 70 125 244
116.000000 -52.000000 -8.456850 70 130 248
118.000000 -52.000000 -9.690950 70 107 227
120.000000 -52.000000 -10.585900 69 89 203
122.000000 -52.000000 -9.909210 70 102 221
124.000000 -52.000000 -11.104600 67 78 186
126.000000 -52.000000 -9.183970 71 118 238
130.000000 -52.000000 -12.969800 55 36 102
-124.000000 -54.000000 -9.186630 71 118 238
-122.000000 -54.000000 2.874910 167 252 58
-120.000000 -54.000000 2.248050 153 254 66
-118.000000 -54.000000 2.843320 167 252 58
-116.000000 -54.000000 3.168390 175 250 55
-114.000000 -54.000000 1.068130 121 254 89
-112.000000 -54.000000 2.146350 153 254 66
-110.000000 -54.000000 3.125700 172 251 56
-108.000000 -54.000000 3.882420 188 245 52
-106.000000 -54.000000 5.669180 221 224 55
-104.000000 -54.000000 2.399900 159 253 63
-102.000000 -54.000000 4.090900 193 243 52
-100.000000 -54.000000 5.907670 225 221 55
-98.000000 -54.000000 4.075920 193 243 52
-96.000000 -54.000000 3.294610 177 249 54
-94.000000 -54.000000 3.874940 188 245 52
-92.000000 -54.000000 5.466640 217 228 54
-90.000000 -54.000000 3.822510 188 245 52
-88.000000 -54.000000 2.977940 169 251 57
-86.000000 -54.000000 3.215570 175 250 55
-84.000000 -54.000000 4.794890 205 236 52
-82.000000 -54.000000 3.883880 188 245 52
-80.000000 -54.000000 3.111130 172 251 56
-78.000000 -54.000000 2.366940 156 254 64
-76.000000 -54.000000 3.331120 177 249 54
-74.000000 -54.000000 2.052900 150 254 68
-72.000000 -54.000000 2.570450 161 253 61
-70.000000 -54.000000 2.248190 153 254 66
-68.000000 -54.000000 0.922536 117 254 92
-66.000000 -54.000000 1.509830 136 255 78
-64.000000 -54.000000 -0.412354 78 249 125
-62.000000 -54.000000 0.017635 89 251 115
-60.000000 -54.000000 1.172300 125 255 86
-58.000000 -54.000000 1.451210 132 255 81
-56.000000 -54.000000 1.123690 125 255 86
-54.000000 -54.000000 1.374940 132 255 81
-52.000000 -54.000000 0.726511 113 254 95
-50.000000 -54.000000 0.242347 97 252 108
-48.000000 -54.000000 -0.149217 85 250 118
-46.000000 -54.000000 -0.996774 60 245 142
-44.000000 -54.000000 -1.095670 60 245 142
-42.000000 -54.000000 -0.894905 63 246 138
-40.000000 -54.000000 -0.821278 67 247 135
-38.000000 -54.000000 -1.447570 50 242 152
-36.000000 -54.000000 -1.535010 47 241 155
-34.000000 -54.000000 -1.124440 56 244 145
-32.000000 -54.000000 -0.420937 78 249 125
-30.000000 -54.000000 -0.365084 78 249 125
-28.000000 -54.000000 -1.215270 56 244 145
-26.000000 -54.000000 -0.851362 63 246 138
-24.000000 -54.000000 -1.161130 56 244 145
-22.000000 -54.000000 -0.752107 67 247 135
-20.000000 -54.000000 -0.691265 70 248 132
-18.000000 -54.000000 -1.720470 44 240 158
-16.000000 -54.000000 -1.994360 39 238 164
-14.000000 -54.000000 -2.875740 26 228 182
-12.000000 -54.000000 -3.434860 24 221 194
-10.000000 -54.000000 -2.254940 34 235 170
-8.000000 -54.000000 -3.351510 24 222 192
-6.000000 -54.000000 -4.254450 26 210 210
-4.000000 -54.000000 -4.212370 26 210 210
-2.000000 -54.000000 -3.815360 24 215 202
0.000000 -54.000000 -4.506710 28 205 216
2.000000 -54.000000 -5.275030 37 192 231
4.000000 -54.000000 -5.581290 40 188 235
6.000000 -54.000000 -5.743760 44 183 240
8.000000 -54.000000 -5.685920 42 185 238
10.000000 -54.000000 -4.777620 31 201 221
12.000000 -54.000000 -4.188500 26 212 208
14.000000 -54.000000 -5.653140 42 185 238
16.000000 -54.000000 -6.815620 58 163 252
18.000000 -54.000000 -7.240910 62 155 254
20.000000 -54.000000 -6.665460 56 165 251
22.000000 -54.000000 -6.548850 55 168 250
24.000000 -54.000000 -7.203210 62 155 254
26.000000 -54.000000 -7.286150 64 153 255
28.000000 -54.000000 -7.794340 67 145 254
30.000000 -54.000000 -7.881500 68 143 254
32.000000 -54.000000 -6.761390 56 165 251
34.000000 -54.000000 -7.981700 69 140 253
36.000000 -54.000000 -7.382220 64 153 255
38.000000 -54.000000 -7.630400 66 148 255
40.000000 -54.000000 -7.366470 64 153 255
42.000000 -54.000000 -6.691780 56 165 251
44.000000 -54.000000 -7.036130 61 158 254
46.000000 -54.000000 -7.812840 68 143 254
48.000000 -54.000000 -6.649970 56 165 251
50.000000 -54.000000 -6.566030 55 168 250
52.000000 -54.000000 -7.366630 64 153 255
54.000000 -54.000000 -7.884570 68 143 254
56.000000 -54.000000 -7.354630 64 153 255
58.000000 -54.000000 -7.258830 62 155 254
60.000000 -54.000000 -7.829570 68 143 254
62.000000 -54.000000 -8.256320 70 135 251
64.000000 -54.000000 -8.222950 70 135 251
66.000000 -54.000000 -8.089870 69 138 252
68.000000 -54.000000 -7.994490 69 140 253
70.000000 -54.000000 -8.669900 70 128 246
72.000000 -54.000000 -8.977500 71 120 240
74.000000 -54.000000 -9.170090 71 118 238
76.000000 -54.000000 -9.294380 71 115 235
78.000000 -54.000000 -9.845910 70 105 224
80.000000 -54.000000 -9.390480 71 113 233
82.000000 -54.000000 -9.626430 70 107 227
84.000000 -54.000000 -10.390100 69 92 207
86.000000 -54.000000 -10.942900 68 81 191
88.000000 -54.000000 -11.428700 65 70 172
90.000000 -54.000000 -11.610900 65 67 167
92.000000 -54.000000 -11.984400 63 59 151
94.000000 -54.000000 -12.097100 62 56 145
96.000000 -54.000000 -12.809500 57 42 115
98.000000 -54.000000 -12.881300 56 39 109
100.000000 -54.000000 -12.759900 57 42 115
102.000000 -54.000000 -13.073200 55 36 102
104.000000 -54.000000 -13.053600 55 36 102
106.000000 -54.000000 -13.827300 48 18 59
108.000000 -54.000000 -14.122400 48 18 59
110.000000 -54.000000 -13.582000 51 24 74
112.000000 -54.000000 -14.257100 48 18 59
114.000000 -54.000000 -14.315700 48 18 59
116.000000 -54.000000 -13.777600 48 18 59
118.000000 -54.000000 -14.428700 48 18 59
120.000000 -54.000000 -14.248100 48 18 59
122.000000 -54.000000 -14.729700 48 18 59
124.000000 -54.000000 -15.694600 48 18 59
126.000000 -54.000000 -16.474400 48 18 59
-122.000000 -56.000000 -23.890700 48 18 59
-120.000000 -56.000000 -3.721450 24 217 200
-118.000000 -56.000000 -5.406010 39 190 233
-116.000000 -56.000000 -6.819430 58 163 252
-114.000000 -56.000000 -5.064640 34 197 226
-112.000000 -56.000000 -3.795470 24 217 200
-110.000000 -56.000000 -4.504080 28 205 216
-108.000000 -56.000000 -6.646620 56 165 251
-106.000000 -56.000000 -6.362080 51 173 247
-104.000000 -56.000000 -5.418450 39 190 233
-102.000000 -56.000000 -5.451200 39 190 233
-100.000000 -56.000000 -5.875290 46 180 242
-98.000000 -56.000000 -5.664670 42 185 238
-96.000000 -56.000000 -5.077140 34 197 226
-94.000000 -56.000000 -4.677160 30 203 218
-92.000000 -56.000000 -2.486500 31 233 175
-90.000000 -56.000000 -1.788080 42 239 161
-88.000000 -56.000000 -2.476830 31 233 175
-86.000000 -56.000000 -4.765000 31 201 221
-84.000000 -56.000000 -4.694150 30 203 218
-82.000000 -56.000000 -2.534890 29 231 178
-80.000000 -56.000000 -0.211128 82 250 122
-78.000000 -56.000000 -1.182640 56 244 145
-76.000000 -56.000000 -0.880201 63 246 138
-74.000000 -56.000000 -1.270490 53 243 148
-72.000000 -56.000000 0.005034 89 251 115
-70.000000 -56.000000 0.304189 97 252 108
-68.000000 -56.000000 -0.480068 74 248 128
-66.000000 -56.000000 0.812702 113 254 95
-64.000000 -56.000000 3.119150 172 251 56
-62.000000 -56.000000 3.193520 175 250 55
-60.000000 -56.000000 1.630530 139 255 75
-58.000000 -56.000000 1.533040 136 255 78
-56.000000 -56.000000 0.977569 121 254 89
-54.000000 -56.000000 0.628069 109 254 98
-52.000000 -56.000000 1.825010 143 255 73
-50.000000 -56.000000 2.057110 150 254 68
-48.000000 -56.000000 1.711190 139 255 75
-46.000000 -56.000000 2.580370 161 253 61
-44.000000 -56.000000 2.962050 169 251 57
-42.000000 -56.000000 2.319720 156 254 64
-40.000000 -56.000000 2.193610 153 254 66
-38.000000 -56.000000 1.661890 139 255 75
-36.000000 -56.000000 0.734215 113 254 95
-34.000000 -56.000000 0.857735 117 254 92
-32.000000 -56.000000 2.081830 150 254 68
-30.000000 -56.000000 1.785070 143 255 73
-28.000000 -56.000000 1.410110 132 255 81
-26.000000 -56.000000 0.936114 117 254 92
-24.000000 -56.000000 1.190370 125 255 86
-22.000000 -56.000000 0.194342 97 252 108
-20.000000 -56.000000 -0.467638 74 248 128
-18.000000 -56.000000 -0.689776 70 248 132
-16.000000 -56.000000 -0.761653 67 247 135
-14.000000 -56.000000 -0.871302 63 246 138
-12.000000 -56.000000 0.047862 89 251 115
-10.000000 -56.000000 -1.222580 56 244 145
-8.000000 -56.000000 -0.741396 67 247 135
-6.000000 -56.000000 -1.386800 50 242 152
-4.000000 -56.000000 -0.512526 74 248 128
-2.000000 -56.000000 -0.743450 67 247 135
0.000000 -56.000000 -1.627870 44 240 158
2.000000 -56.000000 -1.325780 53 243 148
4.000000 -56.000000 -0.516527 74 248 128
6.000000 -56.000000 -1.040720 60 245 142
8.000000 -56.000000 -0.129889 85 250 118
10.000000 -56.000000 -1.243960 53 243 148
12.000000 -56.000000 -1.666290 44 240 158
14.000000 -56.000000 -1.243020 53 243 148
16.000000 -56.000000 -1.311660 53 243 148
18.000000 -56.000000 -2.076960 37 236 167
20.000000 -56.000000 -1.489660 47 241 155
22.000000 -56.000000 -1.831790 42 239 161
24.000000 -56.000000 -2.209870 34 235 170
26.000000 -56.000000 -2.533700 29 231 178
28.000000 -56.000000 -2.970360 25 227 185
30.000000 -56.000000 -3.925730 24 215 202
32.000000 -56.000000 -4.510180 28 205 216
34.000000 -56.000000 -4.393640 27 208 213
36.000000 -56.000000 -5.456790 39 190 233
38.000000 -56.000000 -5.123670 35 195 228
40.000000 -56.000000 -4.498400 28 205 216
42.000000 -56.000000 -5.600780 40 188 235
44.000000 -56.000000 -5.887500 46 180 242
46.000000 -56.000000 -4.484140 28 205 216
48.000000 -56.000000 -4.077340 26 212 208
50.000000 -56.000000 -5.853360 44 183 240
52.000000 -56.000000 -4.600800 30 203 218
54.000000 -56.000000 -4.724880 31 201 221
56.000000 -56.000000 -4.247030 26 210 210
58.000000 -56.000000 -6.422330 53 171 248
60.000000 -56.000000 -6.164740 49 175 245
62.000000 -56.000000 -6.699720 56 165 251
64.000000 -56.000000 -7.130000 61 158 254
66.000000 -56.000000 -7.308740 64 153 255
68.000000 -56.000000 -8.232350 70 135 251
70.000000 -56.000000 -7.859450 68 143 254
72.000000 -56.000000 -7.378040 64 153 255
74.000000 -56.000000 -7.909410 68 143 254
76.000000 -56.000000 -9.114670 71 118 238
78.000000 -56.000000 -8.409170 70 133 250
80.000000 -56.000000 -8.584590 70 128 246
82.000000 -56.000000 -9.055300 71 120 240
84.000000 -56.000000 -9.212200 71 118 238
86.000000 -56.000000 -9.230320 71 115 235
88.000000 -56.000000 -9.700490 70 107 227
90.000000 -56.000000 -10.191000 70 97 214
92.000000 -56.000000 -10.993100 68 81 191
94.000000 -56.000000 -11.147100 67 78 186
96.000000 -56.000000 -11.815400 63 62 156
98.000000 -56.000000 -11.695300 64 64 162
100.000000 -56.000000 -11.304600 66 73 177
102.000000 -56.000000 -10.907500 68 81 191
104.000000 -56.000000 -11.103800 67 78 186
106.000000 -56.000000 -11.833000 63 62 156
108.000000 -56.000000 -12.313300 60 50 134
110.000000 -56.000000 -12.914900 56 39 109
112.000000 -56.000000 -14.365800 48 18 59
114.000000 -56.000000 -15.043100 48 18 59
116.000000 -56.000000 -14.366100 48 18 59
118.000000 -56.000000 -14.390400 48 18 59
120.000000 -56.000000 -14.669400 48 18 59
122.000000 -56.000000 -15.279100 48 18 59
124.000000 -56.000000 -14.444100 48 18 59
126.000000 -56.000000 -17.309400 48 18 59
-118.000000 -58.000000 0.552701 105 253 102
-116.000000 -58.000000 2.543620 161 253 61
-114.000000 -58.000000 -0.767337 67 247 135
-112.000000 -58.000000 -0.371526 78 249 125
-110.000000 -58.000000 -0.597083 70 248 132
-108.000000 -58.000000 0.459474 105 253 102
-106.000000 -58.000000 0.465707 105 253 102
-104.000000 -58.000000 -0.737232 67 247 135
-102.000000 -58.000000 -1.320400 53 243 148
-100.000000 -58.000000 -0.914409 63 246 138
-98.000000 -58.000000 -1.371000 50 242 152
-96.000000 -58.000000 -1.459650 50 242 152
-94.000000 -58.000000 -1.424270 50 242 152
-92.000000 -58.000000 -1.998660 39 238 164
-90.000000 -58.000000 -2.900030 26 228 182
-88.000000 -58.000000 -2.069160 37 236 167
-86.000000 -58.000000 -2.275550 32 234 172
-84.000000 -58.000000 -1.440510 50 242 152
-82.000000 -58.000000 -2.239150 34 235 170
-80.000000 -58.000000 -3.238750 24 224 189
-78.000000 -58.000000 -3.787530 24 217 200
-76.000000 -58.000000 -2.321190 32 234 172
-74.000000 -58.000000 -2.071710 37 236 167
-72.000000 -58.000000 -3.481790 24 221 194
-70.000000 -58.000000 -3.915940 24 215 202
-68.000000 -58.000000 -4.118780 26 212 208
-66.000000 -58.000000 -3.679750 24 217 200
-64.000000 -58.000000 -3.309920 24 222 192
-62.000000 -58.000000 -3.391630 24 222 192
-60.000000 -58.000000 -1.816590 42 239 161
-58.000000 -58.000000 -1.449760 50 242 152
-56.000000 -58.000000 -0.702715 70 248 132
-54.000000 -58.000000 -0.897534 63 246 138
-52.000000 -58.000000 -1.669680 44 240 158
-50.000000 -58.000000 -2.006620 37 236 167
-48.000000 -58.000000 -0.863196 63 246 138
-46.000000 -58.000000 -0.049010 89 251 115
-44.000000 -58.000000 -1.433150 50 242 152
-42.000000 -58.000000 -1.506360 47 241 155
-40.000000 -58.000000 -0.592310 70 248 132
-38.000000 -58.000000 -0.192912 85 250 118
-36.000000 -58.000000 -0.294840 82 250 122
-34.000000 -58.000000 0.060584 89 251 115
-32.000000 -58.000000 -1.549740 47 241 155
-30.000000 -58.000000 -2.173290 34 235 170
-28.000000 -58.000000 -1.393170 50 242 152
-26.000000 -58.000000 -0.963378 63 246 138
-24.000000 -58.000000 -1.035500 60 245 142
-22.000000 -58.000000 -0.083551 85 250 118
-20.000000 -58.000000 -0.223334 82 250 122
-18.000000 -58.000000 -1.034650 60 245 142
-16.000000 -58.000000 -1.071130 60 245 142
-14.000000 -58.000000 -0.937783 63 246 138
-12.000000 -58.000000 -0.204289 82 250 122
-10.000000 -58.000000 0.510086 105 253 102
-8.000000 -58.000000 0.952046 117 254 92
-6.000000 -58.000000 -0.186817 85 250 118
-4.000000 -58.000000 -0.510707 74 248 128
-2.000000 -58.000000 0.035622 89 251 115
0.000000 -58.000000 0.101654 93 252 111
2.000000 -58.000000 0.108434 93 252 111
4.000000 -58.000000 -0.731888 67 247 135
6.000000 -58.000000 -1.975370 39 238 164
8.000000 -58.000000 -1.786570 42 239 161
10.000000 -58.000000 -1.533130 47 241 155
12.000000 -58.000000 -1.010950 60 245 142
14.000000 -58.000000 -2.071140 37 236 167
16.000000 -58.000000 -2.436560 31 233 175
18.000000 -58.000000 -1.719150 44 240 158
20.000000 -58.000000 -3.418530 24 221 194
22.000000 -58.000000 -3.719280 24 217 200
24.000000 -58.000000 -2.456810 31 233 175
26.000000 -58.000000 -2.504870 31 233 175
28.000000 -58.000000 -2.539250 29 231 178
30.000000 -58.000000 -2.911710 25 227 185
32.000000 -58.000000 -3.212580 24 224 189
34.000000 -58.000000 -2.842400 26 228 182
36.000000 -58.000000 -4.123440 26 212 208
38.000000 -58.000000 -4.544620 28 205 216
40.000000 -58.000000 -5.081540 34 197 226
42.000000 -58.000000 -4.824960 31 201 221
44.000000 -58.000000 -5.690710 42 185 238
46.000000 -58.000000 -7.230870 62 155 254
48.000000 -58.000000 -8.580530 70 128 246
50.000000 -58.000000 -7.709910 67 145 254
52.000000 -58.000000 -7.664700 66 148 255
54.000000 -58.000000 -8.662140 70 128 246
56.000000 -58.000000 -8.550690 70 130 248
58.000000 -58.000000 -8.667960 70 128 246
60.000000 -58.000000 -9.559370 71 110 230
62.000000 -58.000000 -9.892690 70 102 221
64.000000 -58.000000 -8.945720 71 123 242
66.000000 -58.000000 -9.298400 71 115 235
68.000000 -58.000000 -10.032700 70 100 218
70.000000 -58.000000 -10.739900 68 86 199
72.000000 -58.000000 -10.821900 68 84 195
74.000000 -58.000000 -10.487500 69 92 207
76.000000 -58.000000 -10.953400 68 81 191
78.000000 -58.000000 -11.080900 67 78 186
80.000000 -58.000000 -12.063000 62 56 145
82.000000 -58.000000 -12.853700 56 39 109
84.000000 -58.000000 -13.211100 54 33 95
86.000000 -58.000000 -13.678900 50 21 67
88.000000 -58.000000 -14.262300 48 18 59
90.000000 -58.000000 -14.150500 48 18 59
92.000000 -58.000000 -14.787100 48 18 59
94.000000 -58.000000 -15.403500 48 18 59
96.000000 -58.000000 -14.801200 48 18 59
98.000000 -58.000000 -15.332300 48 18 59
100.000000 -58.000000 -15.403900 48 18 59
102.000000 -58.000000 -16.263900 48 18 59
104.000000 -58.000000 -16.752100 48 18 59
106.000000 -58.000000 -16.921400 48 18 59
108.000000 -58.000000 -16.969700 48 18 59
110.000000 -58.000000 -16.978300 48 18 59
112.000000 -58.000000 -17.731500 48 18 59
114.000000 -58.000000 -17.343800 48 18 59
116.000000 -58.000000 -18.085600 48 18 59
118.000000 -58.000000 -18.704300 48 18 59
120.000000 -58.000000 -19.127900 48 18 59
122.000000 -58.000000 -20.241300 48 18 59
124.000000 -58.000000 -20.578900 48 18 59
126.000000 -58.000000 -20.026800 48 18 59
128.000000 -58.000000 -22.151700 48 18 59
-116.000000 -60.000000 3.045350 172 251 56
-114.000000 -60.000000 8.084410 250 186 57
-112.000000 -60.000000 9.763810 254 153 44
-110.000000 -60.000000 9.361420 254 161 48
-108.000000 -60.000000 8.695280 252 177 54
-106.000000 -60.000000 7.917250 248 190 57
-104.000000 -60.000000 7.845050 248 190 57
-102.000000 -60.000000 8.010950 249 188 57
-100.000000 -60.000000 7.896470 248 190 57
-98.000000 -60.000000 7.999780 249 188 57
-96.000000 -60.000000 7.803230 248 190 57
-94.000000 -60.000000 7.221250 242 201 58
-92.000000 -60.000000 7.448550 245 197 58
-90.000000 -60.000000 6.383110 233 213 57
-88.000000 -60.000000 6.661870 236 209 58
-86.000000 -60.000000 6.006070 227 219 56
-84.000000 -60.000000 6.117740 227 219 56
-82.000000 -60.000000 5.839870 223 223 55
-80.000000 -60.000000 6.017180 227 219 56
-78.000000 -60.000000 6.275060 231 215 57
-76.000000 -60.000000 6.092070 227 219 56
-74.000000 -60.000000 5.137340 212 231 53
-72.000000 -60.000000 5.080790 210 233 53
-70.000000 -60.000000 4.177240 193 243 52
-68.000000 -60.000000 5.138470 212 231 53
-66.000000 -60.000000 4.626410 203 237 52
-64.000000 -60.000000 3.901350 188 245 52
-62.000000 -60.000000 4.537060 200 239 52
-60.000000 -60.000000 3.089120 172 251 56
-58.000000 -60.000000 2.986420 169 251 57
-56.000000 -60.000000 3.556150 183 247 53
-54.000000 -60.000000 3.519370 180 248 54
-52.000000 -60.000000 3.571640 183 247 53
-50.000000 -60.000000 3.440170 180 248 54
-48.000000 -60.000000 2.729960 164 252 60
-46.000000 -60.000000 3.127750 172 251 56
-44.000000 -60.000000 2.498050 159 253 63
-42.000000 -60.000000 2.184610 153 254 66
-40.000000 -60.000000 2.981010 169 251 57
-38.000000 -60.000000 2.043830 150 254 68
-36.000000 -60.000000 2.786640 167 252 58
-34.000000 -60.000000 3.364630 177 249 54
-32.000000 -60.000000 3.081850 172 251 56
-30.000000 -60.000000 2.543320 161 253 61
-28.000000 -60.000000 2.524520 161 253 61
-26.000000 -60.000000 2.242460 153 254 66
-24.000000 -60.000000 1.876590 146 255 71
-22.000000 -60.000000 1.775150 143 255 73
-20.000000 -60.000000 1.936120 146 255 71
-18.000000 -60.000000 1.659950 139 255 75
-16.000000 -60.000000 1.908190 146 255 71
-14.000000 -60.000000 0.732019 113 254 95
-12.000000 -60.000000 0.577251 109 254 98
-10.000000 -60.000000 0.116114 93 252 111
-8.000000 -60.000000 -0.404256 78 249 125
-6.000000 -60.000000 -0.554089 74 248 128
-4.000000 -60.000000 -1.791000 42 239 161
-2.000000 -60.000000 -2.191580 34 235 170
0.000000 -60.000000 -1.006450 60 245 142
2.000000 -60.000000 -1.267070 53 243 148
4.000000 -60.000000 -1.481820 50 242 152
6.000000 -60.000000 -0.867814 63 246 138
8.000000 -60.000000 -1.117480 56 244 145
10.000000 -60.000000 -1.646790 44 240 158
12.000000 -60.000000 -2.378490 32 234 172
14.000000 -60.000000 -2.833120 26 228 182
16.000000 -60.000000 -2.618000 29 231 178
18.000000 -60.000000 -2.438080 31 233 175
20.000000 -60.000000 -2.525670 29 231 178
22.000000 -60.000000 -2.603160 29 231 178
24.000000 -60.000000 -2.970370 25 227 185
26.000000 -60.000000 -3.488770 24 221 194
28.000000 -60.000000 -3.322270 24 222 192
30.000000 -60.000000 -2.971410 25 227 185
32.000000 -60.000000 -3.506950 24 221 194
34.000000 -60.000000 -4.343870 27 208 213
36.000000 -60.000000 -4.116700 26 212 208
38.000000 -60.000000 -3.853690 24 215 202
40.000000 -60.000000 -4.178470 26 212 208
42.000000 -60.000000 -4.626330 30 203 218
44.000000 -60.000000 -4.445730 27 208 213
46.000000 -60.000000 -4.173310 26 212 208
48.000000 -60.000000 -4.258170 26 210 210
50.000000 -60.000000 -5.035270 34 197 226
52.000000 -60.000000 -5.033630 34 197 226
54.000000 -60.000000 -4.672410 30 203 218
56.000000 -60.000000 -5.337680 37 192 231
58.000000 -60.000000 -5.419100 39 190 233
60.000000 -60.000000 -5.847670 44 183 240
62.000000 -60.000000 -5.698570 42 185 238
64.000000 -60.000000 -5.593510 40 188 235
66.000000 -60.000000 -6.193120 49 175 245
68.000000 -60.000000 -7.218730 62 155 254
70.000000 -60.000000 -8.005450 69 140 253
72.000000 -60.000000 -7.635910 66 148 255
74.000000 -60.000000 -7.533790 65 150 255
76.000000 -60.000000 -7.165920 62 155 254
78.000000 -60.000000 -7.574240 66 148 255
80.000000 -60.000000 -22.229300 48 18 59
82.000000 -60.000000 -7.656800 66 148 255
84.000000 -60.000000 -7.722610 67 145 254
86.000000 -60.000000 -7.793290 67 145 254
88.000000 -60.000000 -8.781230 70 125 244
90.000000 -60.000000 -9.500640 71 110 230
92.000000 -60.000000 -9.775320 70 105 224
94.000000 -60.000000 -9.768320 70 105 224
96.000000 -60.000000 -9.769780 70 105 224
98.000000 -60.000000 -9.549830 71 110 230
100.000000 -60.000000 -10.068100 70 100 218
102.000000 -60.000000 -10.589600 69 89 203
104.000000 -60.000000 -10.564700 69 89 203
106.000000 -60.000000 -10.681200 68 86 199
108.000000 -60.000000 -11.307200 66 73 177
110.000000 -60.000000 -11.847100 63 62 156
112.000000 -60.000000 -12.353400 60 50 134
114.000000 -60.000000 -12.784100 57 42 115
116.000000 -60.000000 -12.332900 60 50 134
118.000000 -60.000000 -13.088500 54 33 95
120.000000 -60.000000 -13.385400 52 27 81
122.000000 -60.000000 -12.323700 60 50 134
124.000000 -60.000000 -14.292600 48 18 59
-114.000000 -62.000000 -19.742400 48 18 59
-112.000000 -62.000000 9.367790 254 161 48
-110.000000 -62.000000 10.325800 253 141 39
-108.000000 -62.000000 10.916600 251 126 33
-106.000000 -62.000000 11.732800 246 108 25
-104.000000 -62.000000 10.792500 251 129 34
-102.000000 -62.000000 10.901800 251 126 33
-100.000000 -62.000000 11.703800 246 108 25
-98.000000 -62.000000 11.790900 245 105 24
-96.000000 -62.000000 10.339300 253 141 39
-94.000000 -62.000000 10.201400 254 144 41
-92.000000 -62.000000 10.115500 254 144 41
-90.000000 -62.000000 10.640000 252 132 35
-88.000000 -62.000000 9.974520 254 150 43
-86.000000 -62.000000 11.351800 249 117 29
-84.000000 -62.000000 10.878100 251 129 34
-82.000000 -62.000000 10.566500 252 135 37
-80.000000 -62.000000 10.616200 252 135 37
-78.000000 -62.000000 9.885690 254 150 43
-76.000000 -62.000000 8.758860 253 174 53
-74.000000 -62.000000 8.886900 253 172 52
-72.000000 -62.000000 8.185520 251 184 56
-70.000000 -62.000000 9.122660 254 167 50
-68.000000 -62.000000 8.598850 252 177 54
-66.000000 -62.000000 6.819840 238 207 58
-64.000000 -62.000000 6.157740 229 217 56
-62.000000 -62.000000 6.213040 229 217 56
-60.000000 -62.000000 5.931530 225 221 55
-58.000000 -62.000000 4.992590 210 233 53
-56.000000 -62.000000 6.231460 229 217 56
-54.000000 -62.000000 6.500860 233 213 57
-52.000000 -62.000000 5.771860 223 223 55
-50.000000 -62.000000 4.009030 190 244 52
-48.000000 -62.000000 3.152210 172 251 56
-46.000000 -62.000000 3.503940 180 248 54
-44.000000 -62.000000 5.291460 215 229 53
-42.000000 -62.000000 4.421270 198 240 52
-40.000000 -62.000000 2.584860 161 253 61
-38.000000 -62.000000 2.608560 161 253 61
-36.000000 -62.000000 1.640970 139 255 75
-34.000000 -62.000000 2.945340 169 251 57
-32.000000 -62.000000 3.662190 183 247 53
-30.000000 -62.000000 3.055080 172 251 56
-28.000000 -62.000000 3.456910 180 248 54
-26.000000 -62.000000 2.963670 169 251 57
-24.000000 -62.000000 2.758420 164 252 60
-22.000000 -62.000000 1.662840 139 255 75
-20.000000 -62.000000 1.529160 136 255 78
-18.000000 -62.000000 2.112500 150 254 68
-16.000000 -62.000000 1.906370 146 255 71
-14.000000 -62.000000 2.301060 156 254 64
-12.000000 -62.000000 2.020710 150 254 68
-10.000000 -62.000000 1.909130 146 255 71
-8.000000 -62.000000 1.249330 128 255 83
-6.000000 -62.000000 1.290860 128 255 83
-4.000000 -62.000000 2.581040 161 253 61
-2.000000 -62.000000 1.914480 146 255 71
0.000000 -62.000000 0.754182 113 254 95
2.000000 -62.000000 -0.795910 67 247 135
4.000000 -62.000000 -1.801360 42 239 161
6.000000 -62.000000 -1.736650 44 240 158
8.000000 -62.000000 -2.331440 32 234 172
10.000000 -62.000000 -1.940640 39 238 164
12.000000 -62.000000 -2.826680 26 228 182
14.000000 -62.000000 -4.075670 26 212 208
16.000000 -62.000000 -2.409050 31 233 175
18.000000 -62.000000 -3.038990 25 226 187
20.000000 -62.000000 -3.534800 24 221 194
22.000000 -62.000000 -3.837060 24 215 202
24.000000 -62.000000 -3.460030 24 221 194
26.000000 -62.000000 -2.111850 37 236 167
28.000000 -62.000000 -2.982810 25 227 185
30.000000 -62.000000 -4.791130 31 201 221
32.000000 -62.000000 -4.115960 26 212 208
34.000000 -62.000000 -2.732200 28 230 180
36.000000 -62.000000 -3.372970 24 222 192
38.000000 -62.000000 -3.454920 24 221 194
40.000000 -62.000000 -5.562290 40 188 235
42.000000 -62.000000 -4.965670 34 197 226
44.000000 -62.000000 -4.159720 26 212 208
46.000000 -62.000000 -4.126350 26 212 208
48.000000 -62.000000 -3.362380 24 222 192
50.000000 -62.000000 -3.094440 25 226 187
52.000000 -62.000000 -4.480170 28 205 216
54.000000 -62.000000 -4.806350 31 201 221
56.000000 -62.000000 -6.215820 49 175 245
58.000000 -62.000000 -6.616380 55 168 250
60.000000 -62.000000 -6.386200 53 171 248
62.000000 -62.000000 -6.434040 53 171 248
64.000000 -62.000000 -7.994700 69 140 253
66.000000 -62.000000 -7.555400 66 148 255
68.000000 -62.000000 -6.624060 55 168 250
70.000000 -62.000000 -5.870880 46 180 242
72.000000 -62.000000 -7.169780 62 155 254
74.000000 -62.000000 -7.950520 69 140 253
76.000000 -62.000000 -8.463740 70 130 248
78.000000 -62.000000 -9.047770 71 120 240
80.000000 -62.000000 -8.787230 70 125 244
82.000000 -62.000000 -9.277670 71 115 235
84.000000 -62.000000 -10.803900 68 84 195
86.000000 -62.000000 -11.564500 65 67 167
88.000000 -62.000000 -11.763600 64 64 162
90.000000 -62.000000 -10.150700 70 97 214
92.000000 -62.000000 -11.381200 66 73 177
94.000000 -62.000000 -10.931700 68 81 191
96.000000 -62.000000 -9.930160 70 102 221
98.000000 -62.000000 -11.839300 63 62 156
100.000000 -62.000000 -13.481000 51 24 74
102.000000 -62.000000 -13.911400 48 18 59
104.000000 -62.000000 -15.438600 48 18 59
106.000000 -62.000000 -15.100500 48 18 59
108.000000 -62.000000 -14.753400 48 18 59
110.000000 -62.000000 -14.516200 48 18 59
112.000000 -62.000000 -14.677400 48 18 59
114.000000 -62.000000 -15.986600 48 18 59
116.000000 -62.000000 -15.754800 48 18 59
118.000000 -62.000000 -15.298500 48 18 59
120.000000 -62.000000 -15.386500 48 18 59
122.000000 -62.000000 -16.170000 48 18 59
124.000000 -62.000000 -15.187100 48 18 59
-110.000000 -64.000000 2.029890 150 254 68
-108.000000 -64.000000 5.110350 212 231 53
-106.000000 -64.000000 3.577620 183 247 53
-104.000000 -64.000000 5.991180 227 219 56
-102.000000 -64.000000 5.208480 212 231 53
-100.000000 -64.000000 5.197680 212 231 53
-98.000000 -64.000000 5.287610 215 229 53
-96.000000 -64.000000 4.855380 208 234 52
-94.000000 -64.000000 6.609920 235 211 57
-92.000000 -64.000000 4.430110 198 240 52
-90.000000 -64.000000 5.548370 219 226 54
-88.000000 -64.000000 6.238070 229 217 56
-86.000000 -64.000000 7.042810 241 203 58
-84.000000 -64.000000 4.359930 198 240 52
-82.000000 -64.000000 4.578400 203 237 52
-80.000000 -64.000000 5.273480 215 229 53
-78.000000 -64.000000 3.913290 188 245 52
-76.000000 -64.000000 0.231228 97 252 108
-74.000000 -64.000000 2.586240 161 253 61
-72.000000 -64.000000 3.742560 185 246 53
-70.000000 -64.000000 6.667830 236 209 58
-68.000000 -64.000000 4.978570 210 233 53
-66.000000 -64.000000 3.301960 177 249 54
-64.000000 -64.000000 4.598100 203 237 52
-62.000000 -64.000000 7.273190 242 201 58
-60.000000 -64.000000 3.726850 185 246 53
-58.000000 -64.000000 2.747580 164 252 60
-56.000000 -64.000000 5.687380 221 224 55
-54.000000 -64.000000 4.382110 198 240 52
-52.000000 -64.000000 3.988320 190 244 52
-50.000000 -64.000000 3.787410 185 246 53
-48.000000 -64.000000 4.403220 198 240 52
-46.000000 -64.000000 4.348580 198 240 52
-44.000000 -64.000000 2.123590 153 254 66
-42.000000 -64.000000 2.258130 156 254 64
-40.000000 -64.000000 2.017710 150 254 68
-38.000000 -64.000000 2.226280 153 254 66
-36.000000 -64.000000 3.419920 180 248 54
-34.000000 -64.000000 2.369950 156 254 64
-32.000000 -64.000000 3.005440 169 251 57
-30.000000 -64.000000 0.986830 121 254 89
-28.000000 -64.000000 1.453340 132 255 81
-26.000000 -64.000000 1.914320 146 255 71
-24.000000 -64.000000 0.734858 113 254 95
-22.000000 -64.000000 2.928890 169 251 57
-20.000000 -64.000000 1.668590 139 255 75
-18.000000 -64.000000 0.982803 121 254 89
-16.000000 -64.000000 0.462268 105 253 102
-14.000000 -64.000000 0.436811 101 253 105
-12.000000 -64.000000 1.635300 139 255 75
-10.000000 -64.000000 1.619010 139 255 75
-8.000000 -64.000000 0.336130 101 253 105
-6.000000 -64.000000 -0.004597 89 251 115
-4.000000 -64.000000 -0.670619 70 248 132
-2.000000 -64.000000 -0.698647 70 248 132
0.000000 -64.000000 1.174640 125 255 86
2.000000 -64.000000 0.033305 89 251 115
4.000000 -64.000000 -0.171273 85 250 118
6.000000 -64.000000 0.058131 89 251 115
8.000000 -64.000000 0.356950 101 253 105
10.000000 -64.000000 -0.716214 67 247 135
12.000000 -64.000000 -1.093270 60 245 142
14.000000 -64.000000 -0.343263 78 249 125
16.000000 -64.000000 -0.990051 60 245 142
18.000000 -64.000000 -2.843960 26 228 182
20.000000 -64.000000 -2.244530 34 235 170
22.000000 -64.000000 -1.308320 53 243 148
24.000000 -64.000000 -2.920600 25 227 185
26.000000 -64.000000 -2.338990 32 234 172
28.000000 -64.000000 -2.956380 25 227 185
30.000000 -64.000000 -2.847100 26 228 182
32.000000 -64.000000 -3.356610 24 222 192
34.000000 -64.000000 -2.436130 31 233 175
36.000000 -64.000000 -3.834440 24 215 202
38.000000 -64.000000 -5.644410 42 185 238
40.000000 -64.000000 -5.400330 39 190 233
42.000000 -64.000000 -4.366720 27 208 213
44.000000 -64.000000 -4.840620 32 199 223
46.000000 -64.000000 -4.244390 26 210 210
48.000000 -64.000000 -4.406940 27 208 213
50.000000 -64.000000 -4.699640 30 203 218
52.000000 -64.000000 -3.537500 24 221 194
54.000000 -64.000000 -5.145340 35 195 228
56.000000 -64.000000 -5.464530 39 190 233
58.000000 -64.000000 -5.507820 40 188 235
60.000000 -64.000000 -5.676280 42 185 238
62.000000 -64.000000 -7.030440 61 158 254
64.000000 -64.000000 -5.700650 42 185 238
66.000000 -64.000000 -7.345100 64 153 255
68.000000 -64.000000 -9.252040 71 115 235
70.000000 -64.000000 -8.950310 71 123 242
72.000000 -64.000000 -9.445940 71 113 233
74.000000 -64.000000 -8.474030 70 130 248
76.000000 -64.000000 -9.123400 71 118 238
78.000000 -64.000000 -9.797580 70 105 224
80.000000 -64.000000 -9.960150 70 102 221
82.000000 -64.000000 -9.969490 70 102 221
84.000000 -64.000000 -10.400900 69 92 207
86.000000 -64.000000 -10.465700 69 92 207
88.000000 -64.000000 -10.904600 68 81 191
90.000000 -64.000000 -11.880700 63 62 156
92.000000 -64.000000 -11.571600 65 67 167
94.000000 -64.000000 -11.730000 64 64 162
96.000000 -64.000000 -12.750900 57 42 115
98.000000 -64.000000 -13.397800 52 27 81
100.000000 -64.000000 -13.046000 55 36 102
102.000000 -64.000000 -12.986500 55 36 102
104.000000 -64.000000 -12.602400 58 45 121
106.000000 -64.000000 -13.314300 53 30 88
108.000000 -64.000000 -13.312900 53 30 88
110.000000 -64.000000 -13.730900 48 18 59
112.000000 -64.000000 -13.775500 48 18 59
114.000000 -64.000000 -13.399700 52 27 81
116.000000 -64.000000 -14.852500 48 18 59
118.000000 -64.000000 -16.023000 48 18 59
120.000000 -64.000000 -15.534000 48 18 59
122.000000 -64.000000 -17.105900 48 18 59
-108.000000 -66.000000 -10.074900 70 100 218
-106.000000 -66.000000 2.882230 167 252 58
-104.000000 -66.000000 0.251044 97 252 108
-102.000000 -66.000000 -1.206130 56 244 145
-100.000000 -66.000000 0.581713 109 254 98
-98.000000 -66.000000 -1.028470 60 245 142
-96.000000 -66.000000 -1.625710 44 240 158
-94.000000 -66.000000 -0.526836 74 248 128
-92.000000 -66.000000 -0.585369 70 248 132
-90.000000 -66.000000 -1.367710 50 242 152
-88.000000 -66.000000 -1.980640 39 238 164
-86.000000 -66.000000 -1.155380 56 244 145
-84.000000 -66.000000 -0.645092 70 248 132
-82.000000 -66.000000 -0.101820 85 250 118
-80.000000 -66.000000 -1.376560 50 242 152
-78.000000 -66.000000 -0.443653 78 249 125
-76.000000 -66.000000 -0.281212 82 250 122
-74.000000 -66.000000 -0.430322 78 249 125
-72.000000 -66.000000 -1.871210 42 239 161
-70.000000 -66.000000 -2.740640 28 230 180
-68.000000 -66.000000 -1.097290 60 245 142
-66.000000 -66.000000 0.463395 105 253 102
-64.000000 -66.000000 0.011531 89 251 115
-62.000000 -66.000000 -0.805406 67 247 135
-60.000000 -66.000000 0.686213 109 254 98
-58.000000 -66.000000 0.249906 97 252 108
-56.000000 -66.000000 -1.470850 50 242 152
-54.000000 -66.000000 -2.051120 37 236 167
-52.000000 -66.000000 -0.485597 74 248 128
-50.000000 -66.000000 0.893809 117 254 92
-48.000000 -66.000000 1.057320 121 254 89
-46.000000 -66.000000 1.479120 136 255 78
-44.000000 -66.000000 3.055580 172 251 56
-42.000000 -66.000000 3.994540 190 244 52
-40.000000 -66.000000 2.789390 167 252 58
-38.000000 -66.000000 2.186760 153 254 66
-36.000000 -66.000000 0.658678 109 254 98
-34.000000 -66.000000 1.589480 136 255 78
-32.000000 -66.000000 1.392770 132 255 81
-30.000000 -66.000000 2.355130 156 254 64
-28.000000 -66.000000 2.152450 153 254 66
-26.000000 -66.000000 1.242500 128 255 83
-24.000000 -66.000000 2.773780 167 252 58
-22.000000 -66.000000 1.291290 128 255 83
-20.000000 -66.000000 1.837120 143 255 73
-18.000000 -66.000000 0.525760 105 253 102
-16.000000 -66.000000 0.567327 105 253 102
-14.000000 -66.000000 0.650464 109 254 98
-12.000000 -66.000000 -1.484480 50 242 152
-10.000000 -66.000000 -1.498560 47 241 155
-8.000000 -66.000000 0.238314 97 252 108
-6.000000 -66.000000 0.241993 97 252 108
-4.000000 -66.000000 0.576650 105 253 102
-2.000000 -66.000000 0.384993 101 253 105
0.000000 -66.000000 -0.957758 63 246 138
2.000000 -66.000000 -1.089950 60 245 142
4.000000 -66.000000 -1.081030 60 245 142
6.000000 -66.000000 -1.633520 44 240 158
8.000000 -66.000000 -2.181090 34 235 170
10.000000 -66.000000 -2.531080 29 231 178
12.000000 -66.000000 -2.955360 25 227 185
14.000000 -66.000000 -2.483080 31 233 175
16.000000 -66.000000 -1.324130 53 243 148
18.000000 -66.000000 -0.893702 63 246 138
20.000000 -66.000000 -1.590770 47 241 155
22.000000 -66.000000 -1.723890 44 240 158
24.000000 -66.000000 -3.609700 24 219 197
26.000000 -66.000000 -3.295430 24 222 192
28.000000 -66.000000 -3.146780 25 226 187
30.000000 -66.000000 -4.889170 32 199 223
32.000000 -66.000000 -4.322450 27 208 213
34.000000 -66.000000 -4.824670 31 201 221
36.000000 -66.000000 -3.892010 24 215 202
38.000000 -66.000000 -2.288760 32 234 172
40.000000 -66.000000 -2.519660 29 231 178
42.000000 -66.000000 -2.997590 25 227 185
44.000000 -66.000000 -4.392820 27 208 213
46.000000 -66.000000 -3.847450 24 215 202
48.000000 -66.000000 5.556520 219 226 54
50.000000 -66.000000 -5.248400 37 192 231
52.000000 -66.000000 -6.014980 47 178 244
54.000000 -66.000000 -6.909930 59 160 253
56.000000 -66.000000 -7.842740 68 143 254
58.000000 -66.000000 -9.268480 71 115 235
60.000000 -66.000000 -10.600700 69 89 203
62.000000 -66.000000 -9.879120 70 102 221
64.000000 -66.000000 -9.296810 71 115 235
66.000000 -66.000000 -9.195780 71 118 238
68.000000 -66.000000 -10.098500 70 100 218
70.000000 -66.000000 -10.970000 68 81 191
72.000000 -66.000000 -10.820700 68 84 195
74.000000 -66.000000 -11.223700 66 75 181
76.000000 -66.000000 -11.130500 67 78 186
78.000000 -66.000000 -11.552800 65 67 167
80.000000 -66.000000 -12.667900 58 45 121
82.000000 -66.000000 -13.046900 55 36 102
84.000000 -66.000000 -13.309900 53 30 88
86.000000 -66.000000 -14.696300 48 18 59
88.000000 -66.000000 -13.894800 48 18 59
90.000000 -66.000000 -14.399800 48 18 59
92.000000 -66.000000 -15.259500 48 18 59
94.000000 -66.000000 -16.159400 48 18 59
96.000000 -66.000000 -16.038500 48 18 59
98.000000 -66.000000 -15.429700 48 18 59
100.000000 -66.000000 -16.428300 48 18 59
102.000000 -66.000000 -17.209000 48 18 59
104.000000 -66.000000 -18.194800 48 18 59
106.000000 -66.000000 -17.630400 48 18 59
108.000000 -66.000000 -18.289900 48 18 59
110.000000 -66.000000 -19.038800 48 18 59
112.000000 -66.000000 -18.570700 48 18 59
114.000000 -66.000000 -18.888300 48 18 59
116.000000 -66.000000 -19.305500 48 18 59
118.000000 -66.000000 -19.931700 48 18 59
120.000000 -66.000000 -19.483900 48 18 59
122.000000 -66.000000 -21.146100 48 18 59
124.000000 -66.000000 -21.751500 48 18 59
-106.000000 -68.000000 -17.764200 48 18 59
-104.000000 -68.000000 7.773310 247 193 58
-102.000000 -68.000000 10.792500 251 129 34
-100.000000 -68.000000 8.977890 254 169 51
-98.000000 -68.000000 7.903860 248 190 57
-96.000000 -68.000000 7.933980 249 188 57
-94.000000 -68.000000 7.723250 247 193 58
-92.000000 -68.000000 6.513840 235 211 57
-90.000000 -68.000000 6.994130 239 205 58
-88.000000 -68.000000 7.474460 245 197 58
-86.000000 -68.000000 7.260700 242 201 58
-84.000000 -68.000000 6.491050 233 213 57
-82.000000 -68.000000 7.066900 241 203 58
-80.000000 -68.000000 7.070800 241 203 58
-78.000000 -68.000000 5.939960 225 221 55
-76.000000 -68.000000 6.150070 229 217 56
-74.000000 -68.000000 6.048330 227 219 56
-72.000000 -68.000000 6.312210 231 215 57
-70.000000 -68.000000 5.104370 212 231 53
-68.000000 -68.000000 4.273500 195 241 52
-66.000000 -68.000000 3.955540 190 244 52
-64.000000 -68.000000 5.030960 210 233 53
-62.000000 -68.000000 4.001390 190 244 52
-60.000000 -68.000000 4.244610 195 241 52
-58.000000 -68.000000 4.725220 205 236 52
-56.000000 -68.000000 4.628130 203 237 52
-54.000000 -68.000000 4.135460 193 243 52
-52.000000 -68.000000 3.738190 185 246 53
-50.000000 -68.000000 3.326890 177 249 54
-48.000000 -68.000000 4.014970 190 244 52
-46.000000 -68.000000 3.399870 177 249 54
-44.000000 -68.000000 3.148620 172 251 56
-42.000000 -68.000000 2.750550 164 252 60
-40.000000 -68.000000 1.434230 132 255 81
-38.000000 -68.000000 1.834890 143 255 73
-36.000000 -68.000000 2.174940 153 254 66
-34.000000 -68.000000 2.088380 150 254 68
-32.000000 -68.000000 1.424090 132 255 81
-30.000000 -68.000000 2.369420 156 254 64
-28.000000 -68.000000 2.236310 153 254 66
-26.000000 -68.000000 1.147630 125 255 86
-24.000000 -68.000000 1.566420 136 255 78
-22.000000 -68.000000 2.586080 161 253 61
-20.000000 -68.000000 1.815730 143 255 73
-18.000000 -68.000000 1.724350 139 255 75
-16.000000 -68.000000 0.619696 109 254 98
-14.000000 -68.000000 1.071820 121 254 89
-12.000000 -68.000000 1.016790 121 254 89
-10.000000 -68.000000 1.464840 132 255 81
-8.000000 -68.000000 1.515190 136 255 78
-6.000000 -68.000000 0.720569 113 254 95
-4.000000 -68.000000 -0.101246 85 250 118
-2.000000 -68.000000 0.427577 101 253 105
0.000000 -68.000000 -0.670827 70 248 132
2.000000 -68.000000 -0.960131 63 246 138
4.000000 -68.000000 -0.626064 70 248 132
6.000000 -68.000000 -0.997386 60 245 142
8.000000 -68.000000 -1.501630 47 241 155
10.000000 -68.000000 -1.531610 47 241 155
12.000000 -68.000000 -1.890360 39 238 164
14.000000 -68.000000 -2.074640 37 236 167
16.000000 -68.000000 -2.123950 37 236 167
18.000000 -68.000000 -2.126520 37 236 167
20.000000 -68.000000 -2.171880 34 235 170
22.000000 -68.000000 -2.124080 37 236 167
24.000000 -68.000000 -2.090490 37 236 167
26.000000 -68.000000 -2.922910 25 227 185
28.000000 -68.000000 -3.011460 25 227 185
30.000000 -68.000000 -3.383540 24 222 192
32.000000 -68.000000 -4.068690 26 212 208
34.000000 -68.000000 -3.950150 25 213 205
36.000000 -68.000000 -4.357090 27 208 213
38.000000 -68.000000 -4.348140 27 208 213
40.000000 -68.000000 -4.232530 26 210 210
42.000000 -68.000000 -5.004240 34 197 226
44.000000 -68.000000 -4.815290 31 201 221
46.000000 -68.000000 -5.207690 35 195 228
48.000000 -68.000000 -6.015180 47 178 244
50.000000 -68.000000 -5.368640 39 190 233
52.000000 -68.000000 -5.180620 35 195 228
54.000000 -68.000000 -6.953990 59 160 253
56.000000 -68.000000 -6.425890 53 171 248
58.000000 -68.000000 -6.275910 51 173 247
60.000000 -68.000000 -5.934980 46 180 242
62.000000 -68.000000 -6.032680 47 178 244
64.000000 -68.000000 -7.126870 61 158 254
66.000000 -68.000000 -7.421410 65 150 255
68.000000 -68.000000 -7.217910 62 155 254
70.000000 -68.000000 -7.144250 61 158 254
72.000000 -68.000000 -8.554020 70 130 248
74.000000 -68.000000 -8.897080 71 123 242
76.000000 -68.000000 -8.803710 70 125 244
78.000000 -68.000000 -8.630270 70 128 246
80.000000 -68.000000 -8.798470 70 125 244
82.000000 -68.000000 -9.296650 71 115 235
84.000000 -68.000000 -9.460290 71 113 233
86.000000 -68.000000 -9.711790 70 107 227
88.000000 -68.000000 -10.135700 70 97 214
90.000000 -68.000000 -9.546170 71 110 230
92.000000 -68.000000 -9.814310 70 105 224
94.000000 -68.000000 -10.530500 69 89 203
96.000000 -68.000000 -11.260100 66 75 181
98.000000 -68.000000 -11.311600 66 73 177
100.000000 -68.000000 -11.464900 65 70 172
102.000000 -68.000000 -12.225700 61 53 139
104.000000 -68.000000 -11.789400 64 64 162
106.000000 -68.000000 -12.148800 62 56 145
108.000000 -68.000000 -12.587800 58 45 121
110.000000 -68.000000 -12.371600 60 50 134
112.000000 -68.000000 -12.426300 60 50 134
114.000000 -68.000000 -12.864300 56 39 109
116.000000 -68.000000 -11.973400 63 59 151
118.000000 -68.000000 -12.611400 58 45 121
120.000000 -68.000000 -13.719100 50 21 67
122.000000 -68.000000 -15.741600 48 18 59
-102.000000 -70.000000 13.033200 235 80 14
-100.000000 -70.000000 15.583500 200 40 3
-98.000000 -70.000000 15.174300 206 45 4
-96.000000 -70.000000 17.287800 167 20 1
-94.000000 -70.000000 17.405500 164 19 1
-92.000000 -70.000000 16.281900 188 32 2
-90.000000 -70.000000 15.943300 193 35 2
-88.000000 -70.000000 15.687800 197 38 3
-86.000000 -70.000000 15.789400 195 37 3
-84.000000 -70.000000 14.560200 216 55 6
-82.000000 -70.000000 15.508400 202 42 4
-80.000000 -70.000000 15.414800 202 42 4
-78.000000 -70.000000 15.361200 204 43 4
-76.000000 -70.000000 15.029200 208 47 5
-74.000000 -70.000000 15.102600 208 47 5
-72.000000 -70.000000 16.250100 188 32 2
-70.000000 -70.000000 16.032900 193 35 2
-68.000000 -70.000000 15.562500 200 40 3
-66.000000 -70.000000 14.577800 216 55 6
-64.000000 -70.000000 13.097000 234 78 13
-62.000000 -70.000000 12.596400 239 88 17
-60.000000 -70.000000 12.733000 237 85 16
-58.000000 -70.000000 11.645300 247 111 26
-56.000000 -70.000000 11.709900 246 108 25
-54.000000 -70.000000 10.871600 251 129 34
-52.000000 -70.000000 11.294700 249 117 29
-50.000000 -70.000000 11.237800 249 120 30
-48.000000 -70.000000 10.358900 253 141 39
-46.000000 -70.000000 10.364200 253 141 39
-44.000000 -70.000000 9.307800 254 164 49
-42.000000 -70.000000 9.901580 254 150 43
-40.000000 -70.000000 8.433410 251 182 55
-38.000000 -70.000000 8.414120 251 182 55
-36.000000 -70.000000 8.600280 252 177 54
-34.000000 -70.000000 8.264600 251 184 56
-32.000000 -70.000000 8.523320 252 179 54
-30.000000 -70.000000 7.058490 241 203 58
-28.000000 -70.000000 5.759230 223 223 55
-26.000000 -70.000000 6.537920 235 211 57
-24.000000 -70.000000 7.330340 244 199 58
-22.000000 -70.000000 5.258310 215 229 53
-20.000000 -70.000000 5.655840 221 224 55
-18.000000 -70.000000 6.148400 229 217 56
-16.000000 -70.000000 6.285550 231 215 57
-14.000000 -70.000000 4.320020 198 240 52
-12.000000 -70.000000 4.818330 205 236 52
-10.000000 -70.000000 -8.024350 69 140 253
-8.000000 -70.000000 4.728900 205 236 52
-6.000000 -70.000000 5.915320 225 221 55
-4.000000 -70.000000 6.177310 229 217 56
-2.000000 -70.000000 6.101480 227 219 56
0.000000 -70.000000 3.996660 190 244 52
2.000000 -70.000000 3.578600 183 247 53
4.000000 -70.000000 3.631590 183 247 53
6.000000 -70.000000 3.494020 180 248 54
8.000000 -70.000000 3.751760 185 246 53
10.000000 -70.000000 3.219360 175 250 55
12.000000 -70.000000 3.163230 175 250 55
14.000000 -70.000000 3.029890 172 251 56
16.000000 -70.000000 2.624890 161 253 61
18.000000 -70.000000 1.946940 146 255 71
20.000000 -70.000000 1.828840 143 255 73
22.000000 -70.000000 2.458090 159 253 63
24.000000 -70.000000 2.008630 150 254 68
26.000000 -70.000000 0.788163 113 254 95
28.000000 -70.000000 0.682279 109 254 98
30.000000 -70.000000 0.654040 109 254 98
32.000000 -70.000000 -0.049393 89 251 115
34.000000 -70.000000 -1.276740 53 243 148
36.000000 -70.000000 -1.655080 44 240 158
38.000000 -70.000000 -1.261320 53 243 148
40.000000 -70.000000 -0.911011 63 246 138
42.000000 -70.000000 -1.262350 53 243 148
44.000000 -70.000000 -1.821890 42 239 161
46.000000 -70.000000 -2.847290 26 228 182
48.000000 -70.000000 -3.456450 24 221 194
50.000000 -70.000000 -5.046230 34 197 226
52.000000 -70.000000 -4.723330 31 201 221
54.000000 -70.000000 -1.731080 44 240 158
56.000000 -70.000000 -1.725340 44 240 158
58.000000 -70.000000 -1.909440 39 238 164
60.000000 -70.000000 -2.545750 29 231 178
62.000000 -70.000000 -3.135380 25 226 187
64.000000 -70.000000 -4.414480 27 208 213
66.000000 -70.000000 -4.738580 31 201 221
68.000000 -70.000000 -4.832810 31 201 221
70.000000 -70.000000 -4.721180 31 201 221
72.000000 -70.000000 -4.369560 27 208 213
74.000000 -70.000000 -4.984730 34 197 226
76.000000 -70.000000 -6.831820 58 163 252
78.000000 -70.000000 -8.616230 70 128 246
80.000000 -70.000000 -8.230170 70 135 251
82.000000 -70.000000 -8.392560 70 133 250
84.000000 -70.000000 -8.494220 70 130 248
86.000000 -70.000000 -9.787500 70 105 224
88.000000 -70.000000 -10.488300 69 92 207
90.000000 -70.000000 -11.069900 67 78 186
92.000000 -70.000000 -10.004000 70 100 218
94.000000 -70.000000 -8.691700 70 128 246
96.000000 -70.000000 -7.505920 65 150 255
98.000000 -70.000000 -9.845870 70 105 224
100.000000 -70.000000 -10.042600 70 100 218
102.000000 -70.000000 -8.635170 70 128 246
104.000000 -70.000000 -10.440500 69 92 207
106.000000 -70.000000 -11.479200 65 70 172
108.000000 -70.000000 -11.334100 66 73 177
110.000000 -70.000000 -11.464500 65 70 172
112.000000 -70.000000 -13.396100 52 27 81
114.000000 -70.000000 -14.111000 48 18 59
116.000000 -70.000000 -15.052400 48 18 59
118.000000 -70.000000 -14.999200 48 18 59
120.000000 -70.000000 -15.559600 48 18 59
122.000000 -70.000000 -14.318400 48 18 59
-98.000000 -72.000000 15.021800 208 47 5
-96.000000 -72.000000 17.165100 169 22 1
-94.000000 -72.000000 18.903100 126 5 2
-92.000000 -72.000000 17.878500 152 14 1
-90.000000 -72.000000 14.410900 218 57 7
-88.000000 -72.000000 15.552100 200 40 3
-86.000000 -72.000000 17.156900 169 22 1
-84.000000 -72.000000 16.132200 190 33 2
-82.000000 -72.000000 14.639400 214 53 6
-80.000000 -72.000000 16.681900 180 27 1
-78.000000 -72.000000 16.567500 180 27 1
-76.000000 -72.000000 15.380100 204 43 4
-74.000000 -72.000000 15.882000 195 37 3
-72.000000 -72.000000 13.953000 225 65 9
-70.000000 -72.000000 14.574100 216 55 6
-68.000000 -72.000000 11.758500 246 108 25
-66.000000 -72.000000 13.520200 229 71 11
-64.000000 -72.000000 15.940000 193 35 2
-62.000000 -72.000000 13.820400 226 67 10
-60.000000 -72.000000 10.707200 252 132 35
-58.000000 -72.000000 12.753200 237 85 16
-56.000000 -72.000000 12.174500 243 99 21
-54.000000 -72.000000 12.843800 236 83 15
-52.000000 -72.000000 12.681100 239 88 17
-50.000000 -72.000000 14.627200 214 53 6
-48.000000 -72.000000 15.507700 202 42 4
-46.000000 -72.000000 14.979100 210 49 5
-44.000000 -72.000000 14.380100 218 57 7
-42.000000 -72.000000 12.022200 244 102 23
-40.000000 -72.000000 11.994700 244 102 23
-38.000000 -72.000000 10.861100 251 129 34
-36.000000 -72.000000 8.636330 252 177 54
-34.000000 -72.000000 8.552860 252 179 54
-32.000000 -72.000000 7.719910 247 193 58
-30.000000 -72.000000 7.162960 242 201 58
-28.000000 -72.000000 8.423720 251 182 55
-26.000000 -72.000000 8.404960 251 182 55
-24.000000 -72.000000 9.108960 254 167 50
-22.000000 -72.000000 8.260140 251 184 56
-20.000000 -72.000000 6.441020 233 213 57
-18.000000 -72.000000 5.206780 212 231 53
-16.000000 -72.000000 5.491140 219 226 54
-14.000000 -72.000000 7.294620 244 199 58
-12.000000 -72.000000 5.145220 212 231 53
-10.000000 -72.000000 4.340340 198 240 52
-8.000000 -72.000000 4.959450 210 233 53
-6.000000 -72.000000 3.666510 183 247 53
-4.000000 -72.000000 2.586090 161 253 61
-2.000000 -72.000000 2.298960 156 254 64
0.000000 -72.000000 3.083940 172 251 56
2.000000 -72.000000 1.991150 146 255 71
4.000000 -72.000000 1.424590 132 255 81
6.000000 -72.000000 1.482700 136 255 78
8.000000 -72.000000 1.763020 143 255 73
10.000000 -72.000000 0.036618 89 251 115
12.000000 -72.000000 0.539213 105 253 102
14.000000 -72.000000 1.188360 125 255 86
16.000000 -72.000000 0.968029 121 254 89
18.000000 -72.000000 0.748671 113 254 95
20.000000 -72.000000 -0.186345 85 250 118
22.000000 -72.000000 -0.947109 63 246 138
24.000000 -72.000000 -0.991177 60 245 142
26.000000 -72.000000 -1.036450 60 245 142
28.000000 -72.000000 -0.816123 67 247 135
30.000000 -72.000000 -1.588880 47 241 155
32.000000 -72.000000 -2.338620 32 234 172
34.000000 -72.000000 -3.426540 24 221 194
36.000000 -72.000000 -3.268700 24 224 189
38.000000 -72.000000 -2.614960 29 231 178
40.000000 -72.000000 -2.383230 32 234 172
42.000000 -72.000000 -3.823380 24 215 202
44.000000 -72.000000 -3.868350 24 215 202
46.000000 -72.000000 -3.973200 25 213 205
48.000000 -72.000000 -4.577910 28 205 216
50.000000 -72.000000 -3.966210 25 213 205
52.000000 -72.000000 -4.249830 26 210 210
54.000000 -72.000000 -5.459390 39 190 233
56.000000 -72.000000 -5.114370 35 195 228
58.000000 -72.000000 -6.156960 49 175 245
60.000000 -72.000000 -5.774090 44 183 240
62.000000 -72.000000 -5.336710 37 192 231
64.000000 -72.000000 -7.273050 62 155 254
66.000000 -72.000000 -6.116240 47 178 244
68.000000 -72.000000 -7.170060 62 155 254
70.000000 -72.000000 -8.011280 69 140 253
72.000000 -72.000000 -8.494250 70 130 248
74.000000 -72.000000 -7.906650 68 143 254
76.000000 -72.000000 -8.366600 70 133 250
78.000000 -72.000000 -8.534250 70 130 248
80.000000 -72.000000 -10.068200 70 100 218
82.000000 -72.000000 -9.486210 71 110 230
84.000000 -72.000000 -9.430190 71 113 233
86.000000 -72.000000 -10.426800 69 92 207
88.000000 -72.000000 -10.453700 69 92 207
90.000000 -72.000000 -8.734750 70 125 244
92.000000 -72.000000 -10.861000 68 84 195
94.000000 -72.000000 -11.586700 65 67 167
96.000000 -72.000000 -11.564100 65 67 167
98.000000 -72.000000 -10.956300 68 81 191
100.000000 -72.000000 -12.051800 63 59 151
102.000000 -72.000000 -12.960000 55 36 102
104.000000 -72.000000 -13.285300 53 30 88
106.000000 -72.000000 -13.464600 52 27 81
108.000000 -72.000000 -13.626800 50 21 67
110.000000 -72.000000 -14.562800 48 18 59
112.000000 -72.000000 -15.101600 48 18 59
114.000000 -72.000000 -13.727100 50 21 67
116.000000 -72.000000 -16.523500 48 18 59
118.000000 -72.000000 -14.866200 48 18 59
120.000000 -72.000000 -18.059600 48 18 59
-96.000000 -74.000000 6.827690 238 207 58
-94.000000 -74.000000 7.682490 247 193 58
-92.000000 -74.000000 6.711700 236 209 58
-90.000000 -74.000000 8.454560 252 179 54
-88.000000 -74.000000 6.907870 239 205 58
-86.000000 -74.000000 4.940540 208 234 52
-84.000000 -74.000000 3.462350 180 248 54
-82.000000 -74.000000 6.602910 235 211 57
-80.000000 -74.000000 7.081300 241 203 58
-78.000000 -74.000000 5.738030 223 223 55
-76.000000 -74.000000 6.683490 236 209 58
-74.000000 -74.000000 7.613410 246 195 58
-72.000000 -74.000000 5.252690 215 229 53
-70.000000 -74.000000 6.188360 229 217 56
-68.000000 -74.000000 7.433280 245 197 58
-66.000000 -74.000000 5.904520 225 221 55
-64.000000 -74.000000 5.135600 212 231 53
-62.000000 -74.000000 8.409940 251 182 55
-60.000000 -74.000000 9.296680 254 164 49
-58.000000 -74.000000 6.925540 239 205 58
-56.000000 -74.000000 5.775990 223 223 55
-54.000000 -74.000000 6.274790 231 215 57
-52.000000 -74.000000 3.908480 188 245 52
-50.000000 -74.000000 2.589080 161 253 61
-48.000000 -74.000000 5.817920 223 223 55
-46.000000 -74.000000 3.150950 172 251 56
-44.000000 -74.000000 3.639400 183 247 53
-42.000000 -74.000000 4.613210 203 237 52
-40.000000 -74.000000 4.462890 200 239 52
-38.000000 -74.000000 4.994080 210 233 53
-36.000000 -74.000000 4.836830 208 234 52
-34.000000 -74.000000 4.849870 208 234 52
-32.000000 -74.000000 2.723730 164 252 60
-30.000000 -74.000000 4.321600 198 240 52
-28.000000 -74.000000 3.489560 180 248 54
-26.000000 -74.000000 2.403260 159 253 63
-24.000000 -74.000000 2.782170 167 252 58
-22.000000 -74.000000 4.661920 203 237 52
-20.000000 -74.000000 5.638840 221 224 55
-18.000000 -74.000000 4.492980 200 239 52
-16.000000 -74.000000 4.227750 195 241 52
-14.000000 -74.000000 4.514420 200 239 52
-12.000000 -74.000000 4.054450 190 244 52
-10.000000 -74.000000 4.382490 198 240 52
-8.000000 -74.000000 4.538560 200 239 52
-6.000000 -74.000000 2.936140 169 251 57
-4.000000 -74.000000 3.035710 172 251 56
-2.000000 -74.000000 0.162495 93 252 111
0.000000 -74.000000 0.610491 109 254 98
2.000000 -74.000000 2.545980 161 253 61
4.000000 -74.000000 3.362030 177 249 54
6.000000 -74.000000 2.973210 169 251 57
8.000000 -74.000000 2.075250 150 254 68
10.000000 -74.000000 3.692650 185 246 53
12.000000 -74.000000 3.600960 183 247 53
14.000000 -74.000000 2.565700 161 253 61
16.000000 -74.000000 -1.042540 60 245 142
18.000000 -74.000000 -0.181993 85 250 118
20.000000 -74.000000 0.102056 93 252 111
22.000000 -74.000000 1.124640 125 255 86
24.000000 -74.000000 0.867943 117 254 92
26.000000 -74.000000 1.304430 128 255 83
28.000000 -74.000000 -0.213386 82 250 122
30.000000 -74.000000 -1.124190 56 244 145
32.000000 -74.000000 -0.414674 78 249 125
34.000000 -74.000000 0.024449 89 251 115
36.000000 -74.000000 -0.480980 74 248 128
38.000000 -74.000000 -0.902234 63 246 138
40.000000 -74.000000 -1.003260 60 245 142
42.000000 -74.000000 -0.286800 82 250 122
44.000000 -74.000000 -0.852236 63 246 138
46.000000 -74.000000 -1.471590 50 242 152
48.000000 -74.000000 -2.110210 37 236 167
50.000000 -74.000000 -2.688620 28 230 180
52.000000 -74.000000 -2.727020 28 230 180
54.000000 -74.000000 -3.372890 24 222 192
56.000000 -74.000000 -4.164540 26 212 208
58.000000 -74.000000 -4.707350 31 201 221
60.000000 -74.000000 -4.582690 30 203 218
62.000000 -74.000000 -5.649610 42 185 238
64.000000 -74.000000 -4.533030 28 205 216
66.000000 -74.000000 -6.615170 55 168 250
68.000000 -74.000000 -6.682460 56 165 251
70.000000 -74.000000 -7.056290 61 158 254
72.000000 -74.000000 -8.843990 71 123 242
74.000000 -74.000000 -8.703600 70 125 244
76.000000 -74.000000 -10.045000 70 100 218
78.000000 -74.000000 -11.437900 65 70 172
80.000000 -74.000000 -11.708400 64 64 162
82.000000 -74.000000 -11.675700 64 64 162
84.000000 -74.000000 -13.251100 53 30 88
86.000000 -74.000000 -12.009100 63 59 151
88.000000 -74.000000 -10.946800 68 81 191
90.000000 -74.000000 -14.596900 48 18 59
92.000000 -74.000000 -16.783900 48 18 59
94.000000 -74.000000 -16.582300 48 18 59
96.000000 -74.000000 -16.250000 48 18 59
98.000000 -74.000000 -16.334700 48 18 59
100.000000 -74.000000 -17.060600 48 18 59
102.000000 -74.000000 -18.146700 48 18 59
104.000000 -74.000000 -18.224300 48 18 59
106.000000 -74.000000 -18.500900 48 18 59
108.000000 -74.000000 -19.821200 48 18 59
110.000000 -74.000000 -20.351900 48 18 59
112.000000 -74.000000 -20.359500 48 18 59
114.000000 -74.000000 -21.369200 48 18 59
116.000000 -74.000000 -18.851900 48 18 59
118.000000 -74.000000 -21.927100 48 18 59
-94.000000 -76.000000 4.736330 205 236 52
-92.000000 -76.000000 8.334420 251 182 55
-90.000000 -76.000000 5.254000 215 229 53
-88.000000 -76.000000 5.672270 221 224 55
-86.000000 -76.000000 6.490380 233 213 57
-84.000000 -76.000000 5.996820 227 219 56
-82.000000 -76.000000 5.999360 227 219 56
-80.000000 -76.000000 4.136100 193 243 52
-78.000000 -76.000000 4.047510 190 244 52
-76.000000 -76.000000 4.068440 193 243 52
-74.000000 -76.000000 4.212370 195 241 52
-72.000000 -76.000000 4.587350 203 237 52
-70.000000 -76.000000 3.277300 175 250 55
-68.000000 -76.000000 3.992490 190 244 52
-66.000000 -76.000000 4.115240 193 243 52
-64.000000 -76.000000 3.199160 175 250 55
-62.000000 -76.000000 1.936000 146 255 71
-60.000000 -76.000000 1.754780 143 255 73
-58.000000 -76.000000 1.956600 146 255 71
-56.000000 -76.000000 1.727740 139 255 75
-54.000000 -76.000000 0.855163 117 254 92
-52.000000 -76.000000 2.645270 164 252 60
-50.000000 -76.000000 2.958930 169 251 57
-48.000000 -76.000000 3.144750 172 251 56
-46.000000 -76.000000 2.991390 169 251 57
-44.000000 -76.000000 1.927810 146 255 71
-42.000000 -76.000000 1.015580 121 254 89
-40.000000 -76.000000 1.857170 143 255 73
-38.000000 -76.000000 0.911327 117 254 92
-36.000000 -76.000000 0.459950 105 253 102
-34.000000 -76.000000 -0.004373 89 251 115
-32.000000 -76.000000 -0.232623 82 250 122
-30.000000 -76.000000 0.018939 89 251 115
-28.000000 -76.000000 -0.450326 78 249 125
-26.000000 -76.000000 0.198861 97 252 108
-24.000000 -76.000000 -0.328806 78 249 125
-22.000000 -76.000000 0.004857 89 251 115
-20.000000 -76.000000 -1.767140 42 239 161
-18.000000 -76.000000 -1.815560 42 239 161
-16.000000 -76.000000 -1.948000 39 238 164
-14.000000 -76.000000 -2.396410 31 233 175
-12.000000 -76.000000 -2.629690 29 231 178
-10.000000 -76.000000 -0.950725 63 246 138
-8.000000 -76.000000 -1.045760 60 245 142
-6.000000 -76.000000 -1.919190 39 238 164
-4.000000 -76.000000 -0.836923 67 247 135
-2.000000 -76.000000 -1.070590 60 245 142
0.000000 -76.000000 -2.035380 37 236 167
2.000000 -76.000000 -2.600660 29 231 178
4.000000 -76.000000 -3.261570 24 224 189
6.000000 -76.000000 -3.133720 25 226 187
8.000000 -76.000000 -2.158330 34 235 170
10.000000 -76.000000 -2.889710 26 228 182
12.000000 -76.000000 -4.929980 32 199 223
14.000000 -76.000000 -3.965230 25 213 205
16.000000 -76.000000 -3.518720 24 221 194
18.000000 -76.000000 -3.819120 24 215 202
20.000000 -76.000000 -5.016710 34 197 226
22.000000 -76.000000 -5.653260 42 185 238
24.000000 -76.000000 -4.177250 26 212 208
26.000000 -76.000000 -4.421470 27 208 213
28.000000 -76.000000 -4.586700 30 203 218
30.000000 -76.000000 -4.094350 26 212 208
32.000000 -76.000000 -4.548750 28 205 216
34.000000 -76.000000 -4.899770 32 199 223
36.000000 -76.000000 -5.039490 34 197 226
38.000000 -76.000000 -4.778180 31 201 221
40.000000 -76.000000 -4.265740 26 210 210
42.000000 -76.000000 -5.128970 35 195 228
44.000000 -76.000000 -6.178990 49 175 245
46.000000 -76.000000 -5.420310 39 190 233
48.000000 -76.000000 -6.003480 47 178 244
50.000000 -76.000000 -6.158470 49 175 245
52.000000 -76.000000 -6.067720 47 178 244
54.000000 -76.000000 -7.443300 65 150 255
56.000000 -76.000000 -7.989560 69 140 253
58.000000 -76.000000 -8.343090 70 133 250
60.000000 -76.000000 -8.590390 70 128 246
62.000000 -76.000000 -8.573150 70 130 248
64.000000 -76.000000 -8.326500 70 133 250
66.000000 -76.000000 -9.404610 71 113 233
68.000000 -76.000000 -9.765070 70 105 224
70.000000 -76.000000 -10.010300 70 100 218
72.000000 -76.000000 -10.620700 69 89 203
74.000000 -76.000000 -10.460100 69 92 207
76.000000 -76.000000 -10.174400 70 97 214
78.000000 -76.000000 -10.637900 68 86 199
80.000000 -76.000000 -10.458200 69 92 207
82.000000 -76.000000 -11.264300 66 75 181
84.000000 -76.000000 -11.365600 66 73 177
86.000000 -76.000000 -11.259100 66 75 181
88.000000 -76.000000 -12.775500 57 42 115
90.000000 -76.000000 -12.456500 59 47 128
92.000000 -76.000000 -12.418700 60 50 134
94.000000 -76.000000 -13.271500 53 30 88
96.000000 -76.000000 -14.500000 48 18 59
98.000000 -76.000000 -13.598900 51 24 74
100.000000 -76.000000 -14.151200 48 18 59
102.000000 -76.000000 -13.925700 48 18 59
104.000000 -76.000000 -14.777100 48 18 59
106.000000 -76.000000 -14.649700 48 18 59
108.000000 -76.000000 -14.006100 48 18 59
110.000000 -76.000000 -14.769200 48 18 59
112.000000 -76.000000 -15.755600 48 18 59
114.000000 -76.000000 -15.987000 48 18 59
116.000000 -76.000000 -16.659900 48 18 59
118.000000 -76.000000 -19.129400 48 18 59
-92.000000 -78.000000 13.428500 231 73 12
-90.000000 -78.000000 13.502700 229 71 11
-88.000000 -78.000000 14.419500 218 57 7
-86.000000 -78.000000 14.125900 221 61 8
-84.000000 -78.000000 13.544500 229 71 11
-82.000000 -78.000000 13.027600 235 80 14
-80.000000 -78.000000 13.609800 228 69 10
-78.000000 -78.000000 13.697200 228 69 10
-76.000000 -78.000000 13.643500 228 69 10
-74.000000 -78.000000 12.864900 236 83 15
-72.000000 -78.000000 14.089000 223 63 8
-70.000000 -78.000000 12.720500 237 85 16
-68.000000 -78.000000 12.367100 241 93 19
-66.000000 -78.000000 12.453400 240 91 18
-64.000000 -78.000000 12.115800 243 99 21
-62.000000 -78.000000 12.173700 243 99 21
-60.000000 -78.000000 11.954700 244 102 23
-58.000000 -78.000000 11.074900 250 123 31
-56.000000 -78.000000 11.398600 249 117 29
-54.000000 -78.000000 10.662800 252 132 35
-52.000000 -78.000000 10.714000 252 132 35
-50.000000 -78.000000 10.486600 253 138 38
-48.000000 -78.000000 9.969950 254 150 43
-46.000000 -78.000000 9.999460 254 147 42
-44.000000 -78.000000 10.046600 254 147 42
-42.000000 -78.000000 9.505460 254 158 47
-40.000000 -78.000000 8.565310 252 179 54
-38.000000 -78.000000 8.853710 253 172 52
-36.000000 -78.000000 8.780890 253 174 53
-34.000000 -78.000000 8.470520 252 179 54
-32.000000 -78.000000 8.887530 253 172 52
-30.000000 -78.000000 8.653880 252 177 54
-28.000000 -78.000000 7.711300 247 193 58
-26.000000 -78.000000 6.983130 239 205 58
-24.000000 -78.000000 6.443930 233 213 57
-22.000000 -78.000000 4.970990 210 233 53
-20.000000 -78.000000 6.381620 233 213 57
-18.000000 -78.000000 6.565340 235 211 57
-16.000000 -78.000000 5.596640 219 226 54
-14.000000 -78.000000 5.837310 223 223 55
-12.000000 -78.000000 6.348990 231 215 57
-10.000000 -78.000000 4.875010 208 234 52
-8.000000 -78.000000 4.502910 200 239 52
-6.000000 -78.000000 4.136990 193 243 52
-4.000000 -78.000000 4.270660 195 241 52
-2.000000 -78.000000 3.742300 185 246 53
0.000000 -78.000000 4.618920 203 237 52
2.000000 -78.000000 5.204470 212 231 53
4.000000 -78.000000 4.470010 200 239 52
6.000000 -78.000000 4.461320 200 239 52
8.000000 -78.000000 3.641590 183 247 53
10.000000 -78.000000 3.840630 188 245 52
12.000000 -78.000000 3.015550 169 251 57
14.000000 -78.000000 1.723670 139 255 75
16.000000 -78.000000 2.746970 164 252 60
18.000000 -78.000000 2.692160 164 252 60
20.000000 -78.000000 2.286720 156 254 64
22.000000 -78.000000 2.220730 153 254 66
24.000000 -78.000000 0.867900 117 254 92
26.000000 -78.000000 1.017680 121 254 89
28.000000 -78.000000 0.220174 97 252 108
30.000000 -78.000000 0.503647 105 253 102
32.000000 -78.000000 0.126703 93 252 111
34.000000 -78.000000 -0.189051 85 250 118
36.000000 -78.000000 -0.165470 85 250 118
38.000000 -78.000000 -0.058543 89 251 115
40.000000 -78.000000 -0.864204 63 246 138
42.000000 -78.000000 -1.617490 44 240 158
44.000000 -78.000000 -1.677520 44 240 158
46.000000 -78.000000 -1.488790 47 241 155
48.000000 -78.000000 -1.144280 56 244 145
50.000000 -78.000000 -1.260210 53 243 148
52.000000 -78.000000 -1.406790 50 242 152
54.000000 -78.000000 -1.680320 44 240 158
56.000000 -78.000000 -2.263690 32 234 172
58.000000 -78.000000 -2.200590 34 235 170
60.000000 -78.000000 -2.457450 31 233 175
62.000000 -78.000000 -3.168680 24 224 189
64.000000 -78.000000 -4.132380 26 212 208
66.000000 -78.000000 -3.385410 24 222 192
68.000000 -78.000000 -4.431860 27 208 213
70.000000 -78.000000 -4.826060 31 201 221
72.000000 -78.000000 -5.476630 39 190 233
74.000000 -78.000000 -5.100380 35 195 228
76.000000 -78.000000 -6.082960 47 178 244
78.000000 -78.000000 -5.484610 40 188 235
80.000000 -78.000000 -6.972560 59 160 253
82.000000 -78.000000 -7.141120 61 158 254
84.000000 -78.000000 -8.624000 70 128 246
86.000000 -78.000000 -8.618800 70 128 246
88.000000 -78.000000 -6.343710 51 173 247
90.000000 -78.000000 -7.931170 69 140 253
92.000000 -78.000000 -8.609800 70 128 246
94.000000 -78.000000 -7.087320 61 158 254
96.000000 -78.000000 -8.267400 70 135 251
98.000000 -78.000000 -9.746670 70 105 224
100.000000 -78.000000 -9.860640 70 105 224
102.000000 -78.000000 -10.389300 69 92 207
104.000000 -78.000000 -10.260800 69 94 211
106.000000 -78.000000 -9.072360 71 120 240
108.000000 -78.000000 -10.237300 70 97 214
110.000000 -78.000000 -12.006800 63 59 151
112.000000 -78.000000 -10.661100 68 86 199
114.000000 -78.000000 -9.855540 70 105 224
116.000000 -78.000000 -11.290300 66 73 177
118.000000 -78.000000 -13.339300 53 30 88
-88.000000 -80.000000 14.691100 214 53 6
-86.000000 -80.000000 23.009300 122 4 3
-84.000000 -80.000000 22.855200 122 4 3
-82.000000 -80.000000 20.583900 122 4 3
-80.000000 -80.000000 21.778100 122 4 3
-78.000000 -80.000000 21.993000 122 4 3
-76.000000 -80.000000 21.022000 122 4 3
-74.000000 -80.000000 21.630100 122 4 3
-72.000000 -80.000000 20.125300 122 4 3
-70.000000 -80.000000 20.489600 122 4 3
-68.000000 -80.000000 21.836000 122 4 3
-66.000000 -80.000000 20.598300 122 4 3
-64.000000 -80.000000 19.796400 122 4 3
-62.000000 -80.000000 20.584600 122 4 3
-60.000000 -80.000000 20.121500 122 4 3
-58.000000 -80.000000 17.714300 158 16 1
-56.000000 -80.000000 19.567600 122 4 3
-54.000000 -80.000000 18.688300 133 7 2
-52.000000 -80.000000 17.528000 161 18 1
-50.000000 -80.000000 17.045800 172 23 1
-48.000000 -80.000000 16.921100 175 24 1
-46.000000 -80.000000 16.970100 172 23 1
-44.000000 -80.000000 17.964000 152 14 1
-42.000000 -80.000000 17.230200 167 20 1
-40.000000 -80.000000 18.020300 149 13 1
-38.000000 -80.000000 15.942600 193 35 2
-36.000000 -80.000000 15.736900 197 38 3
-34.000000 -80.000000 15.468800 202 42 4
-32.000000 -80.000000 14.013900 223 63 8
-30.000000 -80.000000 14.535200 216 55 6
-28.000000 -80.000000 13.978100 225 65 9
-26.000000 -80.000000 14.709100 214 53 6
-24.000000 -80.000000 16.011600 193 35 2
-22.000000 -80.000000 14.578400 216 55 6
-20.000000 -80.000000 13.988000 223 63 8
-18.000000 -80.000000 14.172300 221 61 8
-16.000000 -80.000000 13.123800 234 78 13
-14.000000 -80.000000 13.105800 234 78 13
-12.000000 -80.000000 13.263200 232 75 12
-10.000000 -80.000000 12.519300 240 91 18
-8.000000 -80.000000 12.653800 239 88 17
-6.000000 -80.000000 11.881200 245 105 24
-4.000000 -80.000000 10.485100 253 138 38
-2.000000 -80.000000 11.293500 249 117 29
0.000000 -80.000000 9.646270 254 155 45
2.000000 -80.000000 10.564600 252 135 37
4.000000 -80.000000 9.407970 254 161 48
6.000000 -80.000000 7.681270 247 193 58
8.000000 -80.000000 7.396630 244 199 58
10.000000 -80.000000 7.966390 249 188 57
12.000000 -80.000000 6.149060 229 217 56
14.000000 -80.000000 3.444480 180 248 54
16.000000 -80.000000 2.656950 164 252 60
18.000000 -80.000000 4.502000 200 239 52
20.000000 -80.000000 4.331190 198 240 52
22.000000 -80.000000 3.411870 177 249 54
24.000000 -80.000000 3.487390 180 248 54
26.000000 -80.000000 4.676340 203 237 52
28.000000 -80.000000 3.596220 183 247 53
30.000000 -80.000000 2.883970 167 252 58
32.000000 -80.000000 1.981860 146 255 71
34.000000 -80.000000 -0.146416 85 250 118
36.000000 -80.000000 -0.531868 74 248 128
38.000000 -80.000000 1.310690 128 255 83
40.000000 -80.000000 0.974956 121 254 89
42.000000 -80.000000 -0.249226 82 250 122
44.000000 -80.000000 -1.958790 39 238 164
46.000000 -80.000000 -2.994140 25 227 185
48.000000 -80.000000 -3.026200 25 227 185
50.000000 -80.000000 -3.021860 25 227 185
52.000000 -80.000000 -3.162540 24 224 189
54.000000 -80.000000 -3.122080 25 226 187
56.000000 -80.000000 -3.722830 24 217 200
58.000000 -80.000000 -4.918540 32 199 223
60.000000 -80.000000 -5.766760 44 183 240
62.000000 -80.000000 -5.743600 44 183 240
64.000000 -80.000000 -4.998700 34 197 226
66.000000 -80.000000 -6.180430 49 175 245
68.000000 -80.000000 -6.691320 56 165 251
70.000000 -80.000000 -5.832250 44 183 240
72.000000 -80.000000 -7.242100 62 155 254
74.000000 -80.000000 -7.245480 62 155 254
76.000000 -80.000000 -7.849090 68 143 254
78.000000 -80.000000 -7.855510 68 143 254
80.000000 -80.000000 -10.105300 70 100 218
82.000000 -80.000000 -9.357740 71 113 233
84.000000 -80.000000 -7.931250 69 140 253
86.000000 -80.000000 -8.362830 70 133 250
88.000000 -80.000000 -10.460300 69 92 207
90.000000 -80.000000 -11.088900 67 78 186
92.000000 -80.000000 -11.517900 65 70 172
94.000000 -80.000000 -11.503400 65 70 172
96.000000 -80.000000 -12.552600 59 47 128
98.000000 -80.000000 -10.985400 68 81 191
100.000000 -80.000000 -12.086100 62 56 145
102.000000 -80.000000 -10.798800 68 84 195
104.000000 -80.000000 -12.569500 58 45 121
106.000000 -80.000000 -12.648700 58 45 121
108.000000 -80.000000 -13.669800 50 21 67
110.000000 -80.000000 -13.074200 55 36 102
112.000000 -80.000000 -12.199000 61 53 139
114.000000 -80.000000 -16.444700 48 18 59
116.000000 -80.000000 -12.714500 57 42 115
118.000000 -80.000000 -22.450300 48 18 59
-84.000000 -82.000000 16.305200 185 30 2
-82.000000 -82.000000 22.608800 122 4 3
-80.000000 -82.000000 21.514300 122 4 3
-78.000000 -82.000000 22.380700 122 4 3
-76.000000 -82.000000 22.075200 122 4 3
-74.000000 -82.000000 22.467400 122 4 3
-72.000000 -82.000000 21.647200 122 4 3
-70.000000 -82.000000 21.356700 122 4 3
-68.000000 -82.000000 17.741200 155 15 1
-66.000000 -82.000000 17.842400 155 15 1
-64.000000 -82.000000 20.551900 122 4 3
-62.000000 -82.000000 18.394800 139 9 2
-60.000000 -82.000000 17.381800 164 19 1
-58.000000 -82.000000 17.976200 149 13 1
-56.000000 -82.000000 16.302400 185 30 2
-54.000000 -82.000000 15.649600 200 40 3
-52.000000 -82.000000 16.724900 178 26 1
-50.000000 -82.000000 15.820900 195 37 3
-48.000000 -82.000000 14.854400 212 51 5
-46.000000 -82.000000 13.276600 232 75 12
-44.000000 -82.000000 13.759600 226 67 10
-42.000000 -82.000000 14.742100 214 53 6
-40.000000 -82.000000 13.848200 226 67 10
-38.000000 -82.000000 13.395300 231 73 12
-36.000000 -82.000000 13.922900 225 65 9
-34.000000 -82.000000 13.913400 225 65 9
-32.000000 -82.000000 11.726700 246 108 25
-30.000000 -82.000000 12.696200 237 85 16
-28.000000 -82.000000 12.196400 242 96 20
-26.000000 -82.000000 9.622150 254 155 45
-24.000000 -82.000000 9.623830 254 155 45
-22.000000 -82.000000 11.427800 248 114 28
-20.000000 -82.000000 9.417220 254 161 48
-18.000000 -82.000000 8.419190 251 182 55
-16.000000 -82.000000 8.723180 253 174 53
-14.000000 -82.000000 8.901320 253 172 52
-12.000000 -82.000000 9.148370 254 167 50
-10.000000 -82.000000 8.462530 252 179 54
-8.000000 -82.000000 6.998580 239 205 58
-6.000000 -82.000000 8.506230 252 179 54
-4.000000 -82.000000 8.006380 249 188 57
-2.000000 -82.000000 7.809530 248 190 57
0.000000 -82.000000 6.881340 238 207 58
2.000000 -82.000000 5.914140 225 221 55
4.000000 -82.000000 4.830280 208 234 52
6.000000 -82.000000 5.243540 215 229 53
8.000000 -82.000000 6.060460 227 219 56
10.000000 -82.000000 4.670570 203 237 52
12.000000 -82.000000 4.721450 205 236 52
14.000000 -82.000000 5.761490 223 223 55
16.000000 -82.000000 6.084570 227 219 56
18.000000 -82.000000 4.333850 198 240 52
20.000000 -82.000000 3.514760 180 248 54
22.000000 -82.000000 3.106640 172 251 56
24.000000 -82.000000 0.720557 113 254 95
26.000000 -82.000000 0.593213 109 254 98
28.000000 -82.000000 0.105973 93 252 111
30.000000 -82.000000 1.178340 125 255 86
32.000000 -82.000000 0.460195 105 253 102
34.000000 -82.000000 -0.439737 78 249 125
36.000000 -82.000000 0.469452 105 253 102
38.000000 -82.000000 -0.155170 85 250 118
40.000000 -82.000000 -1.044980 60 245 142
42.000000 -82.000000 -1.632400 44 240 158
44.000000 -82.000000 -0.833160 67 247 135
46.000000 -82.000000 -0.600219 70 248 132
48.000000 -82.000000 -0.440436 78 249 125
50.000000 -82.000000 -1.335230 53 243 148
52.000000 -82.000000 -2.396940 31 233 175
54.000000 -82.000000 -2.224870 34 235 170
56.000000 -82.000000 -2.730830 28 230 180
58.000000 -82.000000 -3.354630 24 222 192
60.000000 -82.000000 -3.334260 24 222 192
62.000000 -82.000000 -3.213140 24 224 189
64.000000 -82.000000 -3.585470 24 219 197
66.000000 -82.000000 -4.728670 31 201 221
68.000000 -82.000000 -4.750750 31 201 221
70.000000 -82.000000 -5.060440 34 197 226
72.000000 -82.000000 -6.811430 58 163 252
74.000000 -82.000000 -6.985870 59 160 253
76.000000 -82.000000 -7.711450 67 145 254
78.000000 -82.000000 -9.221600 71 115 235
80.000000 -82.000000 -8.508230 70 130 248
82.000000 -82.000000 -10.029800 70 100 218
84.000000 -82.000000 -9.492200 71 110 230
86.000000 -82.000000 -9.722520 70 107 227
88.000000 -82.000000 -10.884100 68 84 195
90.000000 -82.000000 -11.679900 64 64 162
92.000000 -82.000000 -12.957100 55 36 102
94.000000 -82.000000 -13.506200 51 24 74
96.000000 -82.000000 -17.273900 48 18 59
98.000000 -82.000000 -18.525200 48 18 59
100.000000 -82.000000 -19.087200 48 18 59
102.000000 -82.000000 -19.658800 48 18 59
104.000000 -82.000000 -20.344800 48 18 59
106.000000 -82.000000 -20.123400 48 18 59
108.000000 -82.000000 -19.513700 48 18 59
110.000000 -82.000000 -19.057200 48 18 59
112.000000 -82.000000 -19.595400 48 18 59
114.000000 -82.000000 -17.481400 48 18 59
116.000000 -82.000000 -15.861700 48 18 59
-82.000000 -84.000000 4.536640 200 239 52
-80.000000 -84.000000 11.733800 246 108 25
-78.000000 -84.000000 9.040080 254 169 51
-76.000000 -84.000000 10.312200 253 141 39
-74.000000 -84.000000 9.000360 254 169 51
-72.000000 -84.000000 8.140610 250 186 57
-70.000000 -84.000000 10.637700 252 132 35
-68.000000 -84.000000 11.694500 246 108 25
-66.000000 -84.000000 11.768500 246 108 25
-64.000000 -84.000000 9.869480 254 150 43
-62.000000 -84.000000 9.794010 254 153 44
-60.000000 -84.000000 10.047100 254 147 42
-58.000000 -84.000000 9.391300 254 161 48
-56.000000 -84.000000 8.504690 252 179 54
-54.000000 -84.000000 9.822120 254 153 44
-52.000000 -84.000000 8.606230 252 177 54
-50.000000 -84.000000 9.046340 254 169 51
-48.000000 -84.000000 10.062000 254 147 42
-46.000000 -84.000000 9.715460 254 155 45
-44.000000 -84.000000 8.898020 253 172 52
-42.000000 -84.000000 7.123590 241 203 58
-40.000000 -84.000000 6.471490 233 213 57
-38.000000 -84.000000 6.677500 236 209 58
-36.000000 -84.000000 5.859550 223 223 55
-34.000000 -84.000000 4.742150 205 236 52
-32.000000 -84.000000 5.661300 221 224 55
-30.000000 -84.000000 4.934270 208 234 52
-28.000000 -84.000000 5.136830 212 231 53
-26.000000 -84.000000 5.037280 210 233 53
-24.000000 -84.000000 5.406540 217 228 54
-22.000000 -84.000000 4.680910 203 237 52
-20.000000 -84.000000 6.549280 235 211 57
-18.000000 -84.000000 5.350550 217 228 54
-16.000000 -84.000000 4.197590 195 241 52
-14.000000 -84.000000 2.861110 167 252 58
-12.000000 -84.000000 1.176630 125 255 86
-10.000000 -84.000000 2.017950 150 254 68
-8.000000 -84.000000 3.180340 175 250 55
-6.000000 -84.000000 1.399970 132 255 81
-4.000000 -84.000000 0.043175 89 251 115
-2.000000 -84.000000 0.170858 93 252 111
0.000000 -84.000000 2.268570 156 254 64
2.000000 -84.000000 2.079080 150 254 68
4.000000 -84.000000 1.364900 132 255 81
6.000000 -84.000000 -1.300340 53 243 148
8.000000 -84.000000 -1.774520 42 239 161
10.000000 -84.000000 -1.297410 53 243 148
12.000000 -84.000000 -1.459300 50 242 152
14.000000 -84.000000 -2.495710 31 233 175
16.000000 -84.000000 -3.821730 24 215 202
18.000000 -84.000000 -3.274310 24 224 189
20.000000 -84.000000 -3.262850 24 224 189
22.000000 -84.000000 -5.686540 42 185 238
24.000000 -84.000000 -4.820330 31 201 221
26.000000 -84.000000 -3.345090 24 222 192
28.000000 -84.000000 -3.019660 25 227 185
30.000000 -84.000000 -5.447610 39 190 233
32.000000 -84.000000 -6.531470 55 168 250
34.000000 -84.000000 -5.763010 44 183 240
36.000000 -84.000000 -5.902970 46 180 242
38.000000 -84.000000 -5.528800 40 188 235
40.000000 -84.000000 -4.888500 32 199 223
42.000000 -84.000000 -4.601460 30 203 218
44.000000 -84.000000 -5.593270 40 188 235
46.000000 -84.000000 -6.649990 56 165 251
48.000000 -84.000000 -6.231290 49 175 245
50.000000 -84.000000 -6.925830 59 160 253
52.000000 -84.000000 -6.371990 51 173 247
54.000000 -84.000000 -7.606000 66 148 255
56.000000 -84.000000 -7.383500 64 153 255
58.000000 -84.000000 -8.238350 70 135 251
60.000000 -84.000000 -8.019570 69 140 253
62.000000 -84.000000 -9.292240 71 115 235
64.000000 -84.000000 -9.732860 70 107 227
66.000000 -84.000000 -9.500190 71 110 230
68.000000 -84.000000 -10.238900 70 97 214
70.000000 -84.000000 -10.469900 69 92 207
72.000000 -84.000000 -11.242600 66 75 181
74.000000 -84.000000 -10.363600 69 94 211
76.000000 -84.000000 -12.075400 62 56 145
78.000000 -84.000000 -11.980500 63 59 151
80.000000 -84.000000 -12.006300 63 59 151
82.000000 -84.000000 -12.136500 62 56 145
84.000000 -84.000000 -11.753700 64 64 162
86.000000 -84.000000 -11.874800 63 62 156
88.000000 -84.000000 -13.149000 54 33 95
90.000000 -84.000000 -12.658200 58 45 121
92.000000 -84.000000 -13.438600 52 27 81
94.000000 -84.000000 -14.094000 48 18 59
96.000000 -84.000000 -14.278400 48 18 59
98.000000 -84.000000 -13.737500 48 18 59
100.000000 -84.000000 -14.034200 48 18 59
102.000000 -84.000000 -14.851800 48 18 59
104.000000 -84.000000 -14.679400 48 18 59
106.000000 -84.000000 -15.227100 48 18 59
108.000000 -84.000000 -15.682500 48 18 59
110.000000 -84.000000 -15.366400 48 18 59
112.000000 -84.000000 -16.182500 48 18 59
114.000000 -84.000000 -18.085200 48 18 59
-80.000000 -86.000000 -12.227300 61 53 139
-78.000000 -86.000000 13.732400 226 67 10
-76.000000 -86.000000 15.042600 208 47 5
-74.000000 -86.000000 14.635200 214 53 6
-72.000000 -86.000000 14.779600 212 51 5
-70.000000 -86.000000 13.095600 234 78 13
-68.000000 -86.000000 12.567800 239 88 17
-66.000000 -86.000000 13.322200 232 75 12
-64.000000 -86.000000 13.749100 226 67 10
-62.000000 -86.000000 13.645800 228 69 10
-60.000000 -86.000000 12.686100 239 88 17
-58.000000 -86.000000 11.915300 245 105 24
-56.000000 -86.000000 13.627400 228 69 10
-54.000000 -86.000000 13.573300 229 71 11
-52.000000 -86.000000 13.079800 234 78 13
-50.000000 -86.000000 12.866600 236 83 15
-48.000000 -86.000000 10.467400 253 138 38
-46.000000 -86.000000 10.853900 251 129 34
-44.000000 -86.000000 10.122900 254 144 41
-42.000000 -86.000000 10.611100 252 135 37
-40.000000 -86.000000 9.833570 254 153 44
-38.000000 -86.000000 9.471670 254 158 47
-36.000000 -86.000000 9.303550 254 164 49
-34.000000 -86.000000 9.407020 254 161 48
-32.000000 -86.000000 9.665180 254 155 45
-30.000000 -86.000000 9.861440 254 150 43
-28.000000 -86.000000 9.376160 254 161 48
-26.000000 -86.000000 8.568130 252 177 54
-24.000000 -86.000000 8.739640 253 174 53
-22.000000 -86.000000 8.258960 251 184 56
-20.000000 -86.000000 6.375050 231 215 57
-18.000000 -86.000000 6.358500 231 215 57
-16.000000 -86.000000 6.806070 238 207 58
-14.000000 -86.000000 6.287280 231 215 57
-12.000000 -86.000000 7.365410 244 199 58
-10.000000 -86.000000 6.430790 233 213 57
-8.000000 -86.000000 5.845160 223 223 55
-6.000000 -86.000000 5.138370 212 231 53
-4.000000 -86.000000 5.487750 219 226 54
-2.000000 -86.000000 5.597280 219 226 54
0.000000 -86.000000 4.478130 200 239 52
2.000000 -86.000000 4.382800 198 240 52
4.000000 -86.000000 4.822890 205 236 52
6.000000 -86.000000 5.258070 215 229 53
8.000000 -86.000000 3.910810 188 245 52
10.000000 -86.000000 4.076780 193 243 52
12.000000 -86.000000 3.520290 180 248 54
14.000000 -86.000000 3.946590 190 244 52
16.000000 -86.000000 4.100140 193 243 52
18.000000 -86.000000 3.169620 175 250 55
20.000000 -86.000000 2.543710 161 253 61
22.000000 -86.000000 3.155270 175 250 55
24.000000 -86.000000 2.550320 161 253 61
26.000000 -86.000000 2.079030 150 254 68
28.000000 -86.000000 0.983727 121 254 89
30.000000 -86.000000 2.103450 150 254 68
32.000000 -86.000000 1.790510 143 255 73
34.000000 -86.000000 2.058320 150 254 68
36.000000 -86.000000 1.381500 132 255 81
38.000000 -86.000000 -0.665584 70 248 132
40.000000 -86.000000 -0.973678 60 245 142
42.000000 -86.000000 -0.227709 82 250 122
44.000000 -86.000000 -1.404630 50 242 152
46.000000 -86.000000 -1.358240 50 242 152
48.000000 -86.000000 -0.805681 67 247 135
50.000000 -86.000000 -2.133970 34 235 170
52.000000 -86.000000 -2.594630 29 231 178
54.000000 -86.000000 -1.563510 47 241 155
56.000000 -86.000000 -0.888074 63 246 138
58.000000 -86.000000 -1.610450 47 241 155
60.000000 -86.000000 -2.513830 31 233 175
62.000000 -86.000000 -2.896040 26 228 182
64.000000 -86.000000 -2.779000 26 228 182
66.000000 -86.000000 -2.749720 28 230 180
68.000000 -86.000000 -2.499630 31 233 175
70.000000 -86.000000 -2.242960 34 235 170
72.000000 -86.000000 -3.497590 24 221 194
74.000000 -86.000000 -4.107380 26 212 208
76.000000 -86.000000 -4.377990 27 208 213
78.000000 -86.000000 -4.123000 26 212 208
80.000000 -86.000000 -4.087520 26 212 208
82.000000 -86.000000 -6.250470 49 175 245
84.000000 -86.000000 -6.207140 49 175 245
86.000000 -86.000000 -5.030310 34 197 226
88.000000 -86.000000 -4.680280 30 203 218
90.000000 -86.000000 -5.060570 34 197 226
92.000000 -86.000000 -5.782950 44 183 240
94.000000 -86.000000 -5.408690 39 190 233
96.000000 -86.000000 -5.957420 46 180 242
98.000000 -86.000000 -6.221120 49 175 245
100.000000 -86.000000 -7.110140 61 158 254
102.000000 -86.000000 -6.219140 49 175 245
104.000000 -86.000000 -6.941490 59 160 253
106.000000 -86.000000 -7.368960 64 153 255
108.000000 -86.000000 -7.736110 67 145 254
110.000000 -86.000000 -7.226380 62 155 254
112.000000 -86.000000 -11.109700 67 78 186
114.000000 -86.000000 -13.065900 55 36 102
-76.000000 -88.000000 2.989280 169 251 57
-74.000000 -88.000000 23.010100 122 4 3
-72.000000 -88.000000 22.677800 122 4 3
-70.000000 -88.000000 22.368900 122 4 3
-68.000000 -88.000000 21.389400 122 4 3
-66.000000 -88.000000 20.896500 122 4 3
-64.000000 -88.000000 20.230900 122 4 3
-62.000000 -88.000000 20.894800 122 4 3
-60.000000 -88.000000 21.078200 122 4 3
-58.000000 -88.000000 20.861500 122 4 3
-56.000000 -88.000000 20.786700 122 4 3
-54.000000 -88.000000 20.688400 122 4 3
-52.000000 -88.000000 19.683500 122 4 3
-50.000000 -88.000000 19.874000 122 4 3
-48.000000 -88.000000 20.028000 122 4 3
-46.000000 -88.000000 21.618100 122 4 3
-44.000000 -88.000000 20.664900 122 4 3
-42.000000 -88.000000 19.305000 122 4 3
-40.000000 -88.000000 17.994100 149 13 1
-38.000000 -88.000000 19.056200 122 4 3
-36.000000 -88.000000 19.157500 122 4 3
-34.000000 -88.000000 17.756900 155 15 1
-32.000000 -88.000000 17.556100 161 18 1
-30.000000 -88.000000 17.770100 155 15 1
-28.000000 -88.000000 18.147200 146 11 1
-26.000000 -88.000000 17.352400 164 19 1
-24.000000 -88.000000 15.984700 193 35 2
-22.000000 -88.000000 16.402600 185 30 2
-20.000000 -88.000000 16.727000 178 26 1
-18.000000 -88.000000 16.792100 178 26 1
-16.000000 -88.000000 15.463300 202 42 4
-14.000000 -88.000000 15.854200 195 37 3
-12.000000 -88.000000 15.503100 202 42 4
-10.000000 -88.000000 14.507300 216 55 6
-8.000000 -88.000000 15.108500 208 47 5
-6.000000 -88.000000 15.308300 204 43 4
-4.000000 -88.000000 15.505000 202 42 4
-2.000000 -88.000000 14.773900 212 51 5
0.000000 -88.000000 15.109900 208 47 5
2.000000 -88.000000 13.968000 225 65 9
4.000000 -88.000000 12.571200 239 88 17
6.000000 -88.000000 13.579000 229 71 11
8.000000 -88.000000 13.398700 231 73 12
10.000000 -88.000000 13.202000 234 78 13
12.000000 -88.000000 12.999300 235 80 14
14.000000 -88.000000 12.925600 236 83 15
16.000000 -88.000000 12.432500 241 93 19
18.000000 -88.000000 11.836800 245 105 24
20.000000 -88.000000 10.348100 253 141 39
22.000000 -88.000000 10.977400 251 126 33
24.000000 -88.000000 11.493200 248 114 28
26.000000 -88.000000 10.240100 254 144 41
28.000000 -88.000000 9.929120 254 150 43
30.000000 -88.000000 9.702160 254 155 45
32.000000 -88.000000 9.724930 254 155 45
34.000000 -88.000000 7.667580 247 193 58
36.000000 -88.000000 6.317110 231 215 57
38.000000 -88.000000 8.125950 250 186 57
40.000000 -88.000000 8.076340 250 186 57
42.000000 -88.000000 7.938510 249 188 57
44.000000 -88.000000 7.094300 241 203 58
46.000000 -88.000000 6.797510 238 207 58
48.000000 -88.000000 5.594670 219 226 54
50.000000 -88.000000 6.734870 236 209 58
52.000000 -88.000000 5.298470 215 229 53
54.000000 -88.000000 2.659030 164 252 60
56.000000 -88.000000 1.320910 128 255 83
58.000000 -88.000000 1.952130 146 255 71
60.000000 -88.000000 1.568690 136 255 78
62.000000 -88.000000 1.991340 146 255 71
64.000000 -88.000000 3.213920 175 250 55
66.000000 -88.000000 -2.198730 34 235 170
68.000000 -88.000000 -0.933030 63 246 138
70.000000 -88.000000 -0.565160 74 248 128
72.000000 -88.000000 0.005828 89 251 115
74.000000 -88.000000 -1.888140 39 238 164
76.000000 -88.000000 -1.804570 42 239 161
78.000000 -88.000000 -2.743640 28 230 180
80.000000 -88.000000 -4.468370 28 205 216
82.000000 -88.000000 -3.881830 24 215 202
84.000000 -88.000000 -2.495300 31 233 175
86.000000 -88.000000 -4.169450 26 212 208
88.000000 -88.000000 -6.896710 58 163 252
90.000000 -88.000000 -4.773760 31 201 221
92.000000 -88.000000 -7.216630 62 155 254
94.000000 -88.000000 -7.655460 66 148 255
96.000000 -88.000000 -6.730720 56 165 251
98.000000 -88.000000 -4.766200 31 201 221
100.000000 -88.000000 -5.104850 35 195 228
102.000000 -88.000000 -9.794000 70 105 224
104.000000 -88.000000 -9.692410 70 107 227
106.000000 -88.000000 -5.960510 46 180 242
108.000000 -88.000000 -7.710660 67 145 254
110.000000 -88.000000 -7.603080 66 148 255
112.000000 -88.000000 -9.064640 71 120 240
-72.000000 -90.000000 22.033800 122 4 3
-70.000000 -90.000000 28.833100 122 4 3
-68.000000 -90.000000 32.193900 122 4 3
-66.000000 -90.000000 26.862400 122 4 3
-64.000000 -90.000000 28.041000 122 4 3
-62.000000 -90.000000 28.100100 122 4 3
-60.000000 -90.000000 26.822200 122 4 3
-58.000000 -90.000000 26.462000 122 4 3
-56.000000 -90.000000 24.628500 122 4 3
-54.000000 -90.000000 25.768500 122 4 3
-52.000000 -90.000000 26.830000 122 4 3
-50.000000 -90.000000 26.404700 122 4 3
-48.000000 -90.000000 25.232500 122 4 3
-46.000000 -90.000000 26.138600 122 4 3
-44.000000 -90.000000 25.698000 122 4 3
-42.000000 -90.000000 26.528600 122 4 3
-40.000000 -90.000000 27.053800 122 4 3
-38.000000 -90.000000 25.424300 122 4 3
-36.000000 -90.000000 25.341500 122 4 3
-34.000000 -90.000000 25.849000 122 4 3
-32.000000 -90.000000 23.757000 122 4 3
-30.000000 -90.000000 22.242700 122 4 3
-28.000000 -90.000000 21.888100 122 4 3
-26.000000 -90.000000 20.577800 122 4 3
-24.000000 -90.000000 22.728100 122 4 3
-22.000000 -90.000000 22.191500 122 4 3
-20.000000 -90.000000 19.813500 122 4 3
-18.000000 -90.000000 19.632300 122 4 3
-16.000000 -90.000000 20.192800 122 4 3
-14.000000 -90.000000 18.878100 126 5 2
-12.000000 -90.000000 20.843300 122 4 3
-10.000000 -90.000000 19.569200 122 4 3
-8.000000 -90.000000 17.454700 164 19 1
-6.000000 -90.000000 17.361400 164 19 1
-4.000000 -90.000000 16.425300 185 30 2
-2.000000 -90.000000 16.426700 185 30 2
0.000000 -90.000000 15.514800 202 42 4
2.000000 -90.000000 15.929100 193 35 2
4.000000 -90.000000 16.749300 178 26 1
6.000000 -90.000000 14.888900 210 49 5
8.000000 -90.000000 14.512000 216 55 6
10.000000 -90.000000 14.817100 212 51 5
12.000000 -90.000000 14.078600 223 63 8
14.000000 -90.000000 13.485200 229 71 11
16.000000 -90.000000 14.539100 216 55 6
18.000000 -90.000000 11.523200 248 114 28
20.000000 -90.000000 11.687500 246 108 25
22.000000 -90.000000 11.995000 244 102 23
24.000000 -90.000000 8.951110 253 172 52
26.000000 -90.000000 10.709000 252 132 35
28.000000 -90.000000 10.649800 252 132 35
30.000000 -90.000000 8.200950 251 184 56
32.000000 -90.000000 7.563570 246 195 58
34.000000 -90.000000 7.674760 247 193 58
36.000000 -90.000000 7.883330 248 190 57
38.000000 -90.000000 7.224660 242 201 58
40.000000 -90.000000 5.328130 215 229 53
42.000000 -90.000000 8.683890 252 177 54
44.000000 -90.000000 4.348290 198 240 52
46.000000 -90.000000 4.660550 203 237 52
48.000000 -90.000000 3.153850 172 251 56
50.000000 -90.000000 -0.299130 82 250 122
52.000000 -90.000000 1.425950 132 255 81
54.000000 -90.000000 3.028840 172 251 56
56.000000 -90.000000 1.567990 136 255 78
58.000000 -90.000000 -0.533794 74 248 128
60.000000 -90.000000 -0.178738 85 250 118
62.000000 -90.000000 -0.732590 67 247 135
64.000000 -90.000000 -1.695630 44 240 158
66.000000 -90.000000 -0.059839 89 251 115
68.000000 -90.000000 -1.324320 53 243 148
70.000000 -90.000000 -2.751970 28 230 180
72.000000 -90.000000 -2.693420 28 230 180
74.000000 -90.000000 -2.239660 34 235 170
76.000000 -90.000000 -2.620500 29 231 178
78.000000 -90.000000 -4.373320 27 208 213
80.000000 -90.000000 -4.971080 34 197 226
82.000000 -90.000000 -5.828130 44 183 240
84.000000 -90.000000 -8.019800 69 140 253
86.000000 -90.000000 -8.355430 70 133 250
88.000000 -90.000000 -9.372700 71 113 233
90.000000 -90.000000 -11.665400 65 67 167
92.000000 -90.000000 -9.116380 71 118 238
94.000000 -90.000000 -11.077000 67 78 186
96.000000 -90.000000 -14.572000 48 18 59
98.000000 -90.000000 -13.348500 52 27 81
100.000000 -90.000000 -12.439500 60 50 134
102.000000 -90.000000 -12.028300 63 59 151
104.000000 -90.000000 -12.805700 57 42 115
106.000000 -90.000000 -16.063500 48 18 59
108.000000 -90.000000 -16.075900 48 18 59
110.000000 -90.000000 -13.898700 48 18 59
112.000000 -90.000000 -18.229100 48 18 59
-68.000000 -92.000000 16.279500 188 32 2
-66.000000 -92.000000 19.698000 122 4 3
-64.000000 -92.000000 23.015600 122 4 3
-62.000000 -92.000000 23.514300 122 4 3
-60.000000 -92.000000 23.191100 122 4 3
-58.000000 -92.000000 22.752600 122 4 3
-56.000000 -92.000000 22.783400 122 4 3
-54.000000 -92.000000 22.412900 122 4 3
-52.000000 -92.000000 23.518900 122 4 3
-50.000000 -92.000000 21.297200 122 4 3
-48.000000 -92.000000 19.009600 122 4 3
-46.000000 -92.000000 18.808200 129 6 2
-44.000000 -92.000000 17.522100 161 18 1
-42.000000 -92.000000 16.051600 190 33 2
-40.000000 -92.000000 12.909100 236 83 15
-38.000000 -92.000000 14.764700 212 51 5
-36.000000 -92.000000 16.936500 175 24 1
-34.000000 -92.000000 16.193700 188 32 2
-32.000000 -92.000000 15.957800 193 35 2
-30.000000 -92.000000 15.506300 202 42 4
-28.000000 -92.000000 15.235500 206 45 4
-26.000000 -92.000000 17.283800 167 20 1
-24.000000 -92.000000 16.522800 183 29 2
-22.000000 -92.000000 14.948400 210 49 5
-20.000000 -92.000000 12.267800 242 96 20
-18.000000 -92.000000 13.649800 228 69 10
-16.000000 -92.000000 15.965000 193 35 2
-14.000000 -92.000000 12.973100 235 80 14
-12.000000 -92.000000 11.143200 250 123 31
-10.000000 -92.000000 11.579900 247 111 26
-8.000000 -92.000000 12.134200 243 99 21
-6.000000 -92.000000 11.148500 249 120 30
-4.000000 -92.000000 10.023100 254 147 42
-2.000000 -92.000000 8.730680 253 174 53
0.000000 -92.000000 8.879350 253 172 52
2.000000 -92.000000 9.544690 254 158 47
4.000000 -92.000000 7.940080 249 188 57
6.000000 -92.000000 7.744560 247 193 58
8.000000 -92.000000 6.816400 238 207 58
10.000000 -92.000000 5.427510 217 228 54
12.000000 -92.000000 5.286710 215 229 53
14.000000 -92.000000 4.710550 205 236 52
16.000000 -92.000000 5.250740 215 229 53
18.000000 -92.000000 4.674060 203 237 52
20.000000 -92.000000 4.666250 203 237 52
22.000000 -92.000000 2.577780 161 253 61
24.000000 -92.000000 1.972910 146 255 71
26.000000 -92.000000 -0.955904 63 246 138
28.000000 -92.000000 -1.011050 60 245 142
30.000000 -92.000000 0.048750 89 251 115
32.000000 -92.000000 -1.616640 44 240 158
34.000000 -92.000000 -0.531345 74 248 128
36.000000 -92.000000 -2.038460 37 236 167
38.000000 -92.000000 -0.954613 63 246 138
40.000000 -92.000000 -0.572482 74 248 128
42.000000 -92.000000 -3.505030 24 221 194
44.000000 -92.000000 -3.196920 24 224 189
46.000000 -92.000000 -3.953300 25 213 205
48.000000 -92.000000 -6.154120 49 175 245
50.000000 -92.000000 -4.945970 32 199 223
52.000000 -92.000000 -5.840880 44 183 240
54.000000 -92.000000 -6.700960 56 165 251
56.000000 -92.000000 -7.774760 67 145 254
58.000000 -92.000000 -7.331890 64 153 255
60.000000 -92.000000 -9.554740 71 110 230
62.000000 -92.000000 -10.219200 70 97 214
64.000000 -92.000000 -9.937790 70 102 221
66.000000 -92.000000 -11.165400 66 75 181
68.000000 -92.000000 -12.135200 62 56 145
70.000000 -92.000000 -13.211100 54 33 95
72.000000 -92.000000 -13.369700 52 27 81
74.000000 -92.000000 -12.494200 59 47 128
76.000000 -92.000000 -13.553800 51 24 74
78.000000 -92.000000 -14.031700 48 18 59
80.000000 -92.000000 -14.530700 48 18 59
82.000000 -92.000000 -14.916300 48 18 59
84.000000 -92.000000 -14.946200 48 18 59
86.000000 -92.000000 -14.557700 48 18 59
88.000000 -92.000000 -14.018300 48 18 59
90.000000 -92.000000 -15.157300 48 18 59
92.000000 -92.000000 -16.914300 48 18 59
94.000000 -92.000000 -16.524100 48 18 59
96.000000 -92.000000 -15.238200 48 18 59
98.000000 -92.000000 -15.865900 48 18 59
100.000000 -92.000000 -18.934900 48 18 59
102.000000 -92.000000 -18.623800 48 18 59
104.000000 -92.000000 -18.658800 48 18 59
106.000000 -92.000000 -18.348600 48 18 59
108.000000 -92.000000 -18.783200 48 18 59
110.000000 -92.000000 -19.610100 48 18 59
-66.000000 -94.000000 8.333770 251 182 55
-64.000000 -94.000000 13.069500 235 80 14
-62.000000 -94.000000 14.464900 218 57 7
-60.000000 -94.000000 14.198600 221 61 8
-58.000000 -94.000000 12.794900 237 85 16
-56.000000 -94.000000 11.144800 249 120 30
-54.000000 -94.000000 11.830200 245 105 24
-52.000000 -94.000000 12.526000 240 91 18
-50.000000 -94.000000 12.610600 239 88 17
-48.000000 -94.000000 15.433900 202 42 4
-46.000000 -94.000000 15.315000 204 43 4
-44.000000 -94.000000 15.001400 210 49 5
-42.000000 -94.000000 14.474600 218 57 7
-40.000000 -94.000000 14.995200 210 49 5
-38.000000 -94.000000 12.779500 237 85 16
-36.000000 -94.000000 12.669200 239 88 17
-34.000000 -94.000000 10.728300 252 132 35
-32.000000 -94.000000 11.093100 250 123 31
-30.000000 -94.000000 12.549000 240 91 18
-28.000000 -94.000000 11.482100 248 114 28
-26.000000 -94.000000 7.826190 248 190 57
-24.000000 -94.000000 7.478500 245 197 58
-22.000000 -94.000000 9.433940 254 161 48
-20.000000 -94.000000 9.952850 254 150 43
-18.000000 -94.000000 9.373700 254 161 48
-16.000000 -94.000000 7.315650 244 199 58
-14.000000 -94.000000 6.527770 235 211 57
-12.000000 -94.000000 6.368080 231 215 57
-10.000000 -94.000000 6.112000 227 219 56
-8.000000 -94.000000 5.775180 223 223 55
-6.000000 -94.000000 5.485100 219 226 54
-4.000000 -94.000000 6.888860 238 207 58
-2.000000 -94.000000 5.599650 219 226 54
0.000000 -94.000000 4.958000 208 234 52
2.000000 -94.000000 4.448850 200 239 52
4.000000 -94.000000 3.662250 183 247 53
6.000000 -94.000000 3.628060 183 247 53
8.000000 -94.000000 3.328260 177 249 54
10.000000 -94.000000 2.066050 150 254 68
12.000000 -94.000000 1.286760 128 255 83
14.000000 -94.000000 1.982530 146 255 71
16.000000 -94.000000 0.435095 101 253 105
18.000000 -94.000000 0.924608 117 254 92
20.000000 -94.000000 0.028098 89 251 115
22.000000 -94.000000 -0.736496 67 247 135
24.000000 -94.000000 -0.726433 67 247 135
26.000000 -94.000000 0.007504 89 251 115
28.000000 -94.000000 -0.336942 78 249 125
30.000000 -94.000000 -1.241820 53 243 148
32.000000 -94.000000 -1.703380 44 240 158
34.000000 -94.000000 -2.213940 34 235 170
36.000000 -94.000000 -1.980820 39 238 164
38.000000 -94.000000 -3.553580 24 219 197
40.000000 -94.000000 -3.720200 24 217 200
42.000000 -94.000000 -3.915550 24 215 202
44.000000 -94.000000 -3.708150 24 217 200
46.000000 -94.000000 -3.486620 24 221 194
48.000000 -94.000000 -3.670410 24 219 197
50.000000 -94.000000 -3.600780 24 219 197
52.000000 -94.000000 -4.580490 30 203 218
54.000000 -94.000000 -4.767570 31 201 221
56.000000 -94.000000 -4.697640 30 203 218
58.000000 -94.000000 -4.239860 26 210 210
60.000000 -94.000000 -5.198710 35 195 228
62.000000 -94.000000 -5.253550 37 192 231
64.000000 -94.000000 -5.694080 42 185 238
66.000000 -94.000000 -4.742800 31 201 221
68.000000 -94.000000 -5.304200 37 192 231
70.000000 -94.000000 -7.003060 59 160 253
72.000000 -94.000000 -7.548040 66 148 255
74.000000 -94.000000 -8.245640 70 135 251
76.000000 -94.000000 -7.401140 64 153 255
78.000000 -94.000000 -6.710020 56 165 251
80.000000 -94.000000 -7.013900 59 160 253
82.000000 -94.000000 -7.805790 68 143 254
84.000000 -94.000000 -8.426950 70 133 250
86.000000 -94.000000 -8.247420 70 135 251
88.000000 -94.000000 -9.284770 71 115 235
90.000000 -94.000000 -8.361180 70 133 250
92.000000 -94.000000 -8.842100 71 123 242
94.000000 -94.000000 -8.699010 70 128 246
96.000000 -94.000000 -9.192060 71 118 238
98.000000 -94.000000 -8.717520 70 125 244
100.000000 -94.000000 -9.172720 71 118 238
102.000000 -94.000000 -9.319770 71 115 235
104.000000 -94.000000 -8.868620 71 123 242
106.000000 -94.000000 -10.109400 70 100 218
108.000000 -94.000000 -9.815320 70 105 224
110.000000 -94.000000 -11.781200 64 64 162
-62.000000 -96.000000 12.288100 242 96 20
-60.000000 -96.000000 18.620100 133 7 2
-58.000000 -96.000000 16.571500 180 27 1
-56.000000 -96.000000 19.650900 122 4 3
-54.000000 -96.000000 16.747700 178 26 1
-52.000000 -96.000000 18.886700 126 5 2
-50.000000 -96.000000 17.120000 169 22 1
-48.000000 -96.000000 15.500800 202 42 4
-46.000000 -96.000000 16.815000 178 26 1
-44.000000 -96.000000 16.059700 190 33 2
-42.000000 -96.000000 16.378100 185 30 2
-40.000000 -96.000000 16.162200 190 33 2
-38.000000 -96.000000 15.950200 193 35 2
-36.000000 -96.000000 15.604500 200 40 3
-34.000000 -96.000000 15.644600 200 40 3
-32.000000 -96.000000 15.449500 202 42 4
-30.000000 -96.000000 14.821600 212 51 5
-28.000000 -96.000000 14.751400 214 53 6
-26.000000 -96.000000 15.357600 204 43 4
-24.000000 -96.000000 14.040000 223 63 8
-22.000000 -96.000000 14.390600 218 57 7
-20.000000 -96.000000 13.630100 228 69 10
-18.000000 -96.000000 14.248800 220 59 7
-16.000000 -96.000000 13.775300 226 67 10
-14.000000 -96.000000 12.990100 235 80 14
-12.000000 -96.000000 13.512700 229 71 11
-10.000000 -96.000000 13.022100 235 80 14
-8.000000 -96.000000 11.935700 244 102 23
-6.000000 -96.000000 12.163000 243 99 21
-4.000000 -96.000000 10.502100 252 135 37
-2.000000 -96.000000 11.371700 249 117 29
0.000000 -96.000000 11.713600 246 108 25
2.000000 -96.000000 11.348200 249 117 29
4.000000 -96.000000 11.292800 249 117 29
6.000000 -96.000000 9.880910 254 150 43
8.000000 -96.000000 10.629600 252 132 35
10.000000 -96.000000 10.401900 253 138 38
12.000000 -96.000000 9.903350 254 150 43
14.000000 -96.000000 9.451450 254 161 48
16.000000 -96.000000 9.537340 254 158 47
18.000000 -96.000000 8.317230 251 182 55
20.000000 -96.000000 9.005950 254 169 51
22.000000 -96.000000 8.354960 251 182 55
24.000000 -96.000000 8.048870 249 188 57
26.000000 -96.000000 8.272910 251 184 56
28.000000 -96.000000 7.923480 249 188 57
30.000000 -96.000000 7.758760 247 193 58
32.000000 -96.000000 8.128250 250 186 57
34.000000 -96.000000 7.919930 248 190 57
36.000000 -96.000000 7.716520 247 193 58
38.000000 -96.000000 7.803740 248 190 57
40.000000 -96.000000 6.801060 238 207 58
42.000000 -96.000000 5.765990 223 223 55
44.000000 -96.000000 6.046200 227 219 56
46.000000 -96.000000 6.197650 229 217 56
48.000000 -96.000000 4.669200 203 237 52
50.000000 -96.000000 5.039530 210 233 53
52.000000 -96.000000 5.669170 221 224 55
54.000000 -96.000000 5.151090 212 231 53
56.000000 -96.000000 4.435670 198 240 52
58.000000 -96.000000 5.134270 212 231 53
60.000000 -96.000000 5.482480 219 226 54
62.000000 -96.000000 4.401840 198 240 52
64.000000 -96.000000 3.357460 177 249 54
66.000000 -96.000000 4.306000 195 241 52
68.000000 -96.000000 2.968520 169 251 57
70.000000 -96.000000 1.546770 136 255 78
72.000000 -96.000000 2.164950 153 254 66
74.000000 -96.000000 3.356410 177 249 54
76.000000 -96.000000 2.758070 164 252 60
78.000000 -96.000000 1.688330 139 255 75
80.000000 -96.000000 1.725430 139 255 75
82.000000 -96.000000 1.215920 125 255 86
84.000000 -96.000000 1.011260 121 254 89
86.000000 -96.000000 0.356689 101 253 105
88.000000 -96.000000 0.525288 105 253 102
90.000000 -96.000000 0.323950 101 253 105
92.000000 -96.000000 -1.242570 53 243 148
94.000000 -96.000000 -1.929320 39 238 164
96.000000 -96.000000 -3.132560 25 226 187
98.000000 -96.000000 -2.268740 32 234 172
100.000000 -96.000000 -2.779460 26 228 182
102.000000 -96.000000 -0.961719 63 246 138
104.000000 -96.000000 -2.602730 29 231 178
106.000000 -96.000000 -2.128170 37 236 167
108.000000 -96.000000 -1.679170 44 240 158
110.000000 -96.000000 -14.881700 48 18 59
-56.000000 -98.000000 28.678200 122 4 3
-54.000000 -98.000000 26.840400 122 4 3
-52.000000 -98.000000 26.063800 122 4 3
-50.000000 -98.000000 26.241700 122 4 3
-48.000000 -98.000000 25.801200 122 4 3
-46.000000 -98.000000 25.888300 122 4 3
-44.000000 -98.000000 25.397400 122 4 3
-42.000000 -98.000000 26.125800 122 4 3
-40.000000 -98.000000 24.623500 122 4 3
-38.000000 -98.000000 25.574100 122 4 3
-36.000000 -98.000000 25.324000 122 4 3
-34.000000 -98.000000 24.842200 122 4 3
-32.000000 -98.000000 25.156300 122 4 3
-30.000000 -98.000000 24.960800 122 4 3
-28.000000 -98.000000 24.542900 122 4 3
-26.000000 -98.000000 23.913600 122 4 3
-24.000000 -98.000000 23.760600 122 4 3
-22.000000 -98.000000 23.629500 122 4 3
-20.000000 -98.000000 22.851400 122 4 3
-18.000000 -98.000000 22.364400 122 4 3
-16.000000 -98.000000 23.310400 122 4 3
-14.000000 -98.000000 22.270700 122 4 3
-12.000000 -98.000000 22.087600 122 4 3
-10.000000 -98.000000 23.029900 122 4 3
-8.000000 -98.000000 21.777100 122 4 3
-6.000000 -98.000000 22.107200 122 4 3
-4.000000 -98.000000 20.847700 122 4 3
-2.000000 -98.000000 20.730600 122 4 3
0.000000 -98.000000 20.436600 122 4 3
2.000000 -98.000000 19.832000 122 4 3
4.000000 -98.000000 20.432500 122 4 3
6.000000 -98.000000 19.883900 122 4 3
8.000000 -98.000000 18.954500 126 5 2
10.000000 -98.000000 17.614800 158 16 1
12.000000 -98.000000 19.122100 122 4 3
14.000000 -98.000000 18.841700 129 6 2
16.000000 -98.000000 19.531500 122 4 3
18.000000 -98.000000 19.113200 122 4 3
20.000000 -98.000000 19.246000 122 4 3
22.000000 -98.000000 17.736200 155 15 1
24.000000 -98.000000 16.976000 172 23 1
26.000000 -98.000000 16.898500 175 24 1
28.000000 -98.000000 17.215900 167 20 1
30.000000 -98.000000 16.210800 188 32 2
32.000000 -98.000000 16.269000 188 32 2
34.000000 -98.000000 15.445800 202 42 4
36.000000 -98.000000 13.822500 226 67 10
38.000000 -98.000000 13.639000 228 69 10
40.000000 -98.000000 13.332300 232 75 12
42.000000 -98.000000 13.074800 235 80 14
44.000000 -98.000000 11.806500 245 105 24
46.000000 -98.000000 11.662000 246 108 25
48.000000 -98.000000 11.156100 249 120 30
50.000000 -98.000000 11.711900 246 108 25
52.000000 -98.000000 10.997700 251 126 33
54.000000 -98.000000 10.516900 252 135 37
56.000000 -98.000000 8.805190 253 174 53
58.000000 -98.000000 7.476610 245 197 58
60.000000 -98.000000 8.395070 251 182 55
62.000000 -98.000000 8.658970 252 177 54
64.000000 -98.000000 7.122790 241 203 58
66.000000 -98.000000 3.293590 177 249 54
68.000000 -98.000000 5.036560 210 233 53
70.000000 -98.000000 6.669260 236 209 58
72.000000 -98.000000 4.549780 200 239 52
74.000000 -98.000000 5.419630 217 228 54
76.000000 -98.000000 4.293680 195 241 52
78.000000 -98.000000 3.239830 175 250 55
80.000000 -98.000000 3.264500 175 250 55
82.000000 -98.000000 2.995380 169 251 57
84.000000 -98.000000 1.557440 136 255 78
86.000000 -98.000000 -0.154717 85 250 118
88.000000 -98.000000 -1.942630 39 238 164
90.000000 -98.000000 -2.386580 32 234 172
92.000000 -98.000000 -1.602200 47 241 155
94.000000 -98.000000 -2.035410 37 236 167
96.000000 -98.000000 -1.341850 53 243 148
98.000000 -98.000000 -4.592470 30 203 218
100.000000 -98.000000 -5.226820 37 192 231
102.000000 -98.000000 -6.339680 51 173 247
104.000000 -98.000000 -5.832940 44 183 240
106.000000 -98.000000 -6.577370 55 168 250
108.000000 -98.000000 -14.262700 48 18 59
-54.000000 -100.000000 22.157500 122 4 3
-52.000000 -100.000000 30.351900 122 4 3
-50.000000 -100.000000 31.607300 122 4 3
-48.000000 -100.000000 33.974500 122 4 3
-46.000000 -100.000000 32.354300 122 4 3
-44.000000 -100.000000 30.009900 122 4 3
-42.000000 -100.000000 26.921600 122 4 3
-40.000000 -100.000000 28.046700 122 4 3
-38.000000 -100.000000 28.027700 122 4 3
-36.000000 -100.000000 28.171100 122 4 3
-34.000000 -100.000000 27.500200 122 4 3
-32.000000 -100.000000 26.439400 122 4 3
-30.000000 -100.000000 28.209900 122 4 3
-28.000000 -100.000000 27.963200 122 4 3
-26.000000 -100.000000 28.279900 122 4 3
-24.000000 -100.000000 28.143000 122 4 3
-22.000000 -100.000000 29.155100 122 4 3
-20.000000 -100.000000 29.237000 122 4 3
-18.000000 -100.000000 27.883100 122 4 3
-16.000000 -100.000000 26.582500 122 4 3
-14.000000 -100.000000 25.927500 122 4 3
-12.000000 -100.000000 24.339600 122 4 3
-10.000000 -100.000000 23.578400 122 4 3
-8.000000 -100.000000 22.784500 122 4 3
-6.000000 -100.000000 21.918500 122 4 3
-4.000000 -100.000000 21.481400 122 4 3
-2.000000 -100.000000 21.105100 122 4 3
0.000000 -100.000000 19.270000 122 4 3
2.000000 -100.000000 20.541900 122 4 3
4.000000 -100.000000 18.948700 126 5 2
6.000000 -100.000000 19.795400 122 4 3
8.000000 -100.000000 19.803300 122 4 3
10.000000 -100.000000 20.225200 122 4 3
12.000000 -100.000000 17.094800 169 22 1
14.000000 -100.000000 15.378700 204 43 4
16.000000 -100.000000 13.650200 228 69 10
18.000000 -100.000000 14.548100 216 55 6
20.000000 -100.000000 13.666000 228 69 10
22.000000 -100.000000 14.098000 223 63 8
24.000000 -100.000000 13.707700 228 69 10
26.000000 -100.000000 13.293000 232 75 12
28.000000 -100.000000 11.673000 246 108 25
30.000000 -100.000000 11.475500 248 114 28
32.000000 -100.000000 11.229500 249 120 30
34.000000 -100.000000 10.213000 254 144 41
36.000000 -100.000000 9.935770 254 150 43
38.000000 -100.000000 9.413420 254 161 48
40.000000 -100.000000 7.470160 245 197 58
42.000000 -100.000000 7.028680 241 203 58
44.000000 -100.000000 5.809840 223 223 55
46.000000 -100.000000 6.390630 233 213 57
48.000000 -100.000000 6.189660 229 217 56
50.000000 -100.000000 4.464370 200 239 52
52.000000 -100.000000 2.627100 161 253 61
54.000000 -100.000000 2.765100 164 252 60
56.000000 -100.000000 3.658540 183 247 53
58.000000 -100.000000 3.191930 175 250 55
60.000000 -100.000000 0.174904 93 252 111
62.000000 -100.000000 -2.565890 29 231 178
64.000000 -100.000000 -0.872067 63 246 138
66.000000 -100.000000 -0.488791 74 248 128
68.000000 -100.000000 -1.245280 53 243 148
70.000000 -100.000000 -3.198090 24 224 189
72.000000 -100.000000 -2.044300 37 236 167
74.000000 -100.000000 -5.248070 37 192 231
76.000000 -100.000000 -6.148030 49 175 245
78.000000 -100.000000 -6.174560 49 175 245
80.000000 -100.000000 -7.260490 62 155 254
82.000000 -100.000000 -10.131700 70 97 214
84.000000 -100.000000 -8.922860 71 123 242
86.000000 -100.000000 -7.937680 69 140 253
88.000000 -100.000000 -8.749960 70 125 244
90.000000 -100.000000 -11.237500 66 75 181
92.000000 -100.000000 -11.823700 63 62 156
94.000000 -100.000000 -10.607500 69 89 203
96.000000 -100.000000 -10.901600 68 81 191
98.000000 -100.000000 -12.324500 60 50 134
100.000000 -100.000000 -11.849000 63 62 156
102.000000 -100.000000 -13.090300 54 33 95
104.000000 -100.000000 -14.894700 48 18 59
106.000000 -100.000000 -13.003600 55 36 102
-50.000000 -102.000000 17.074100 169 22 1
-48.000000 -102.000000 19.807700 122 4 3
-46.000000 -102.000000 20.144900 122 4 3
-44.000000 -102.000000 25.556200 122 4 3
-42.000000 -102.000000 25.309100 122 4 3
-40.000000 -102.000000 24.041300 122 4 3
-38.000000 -102.000000 21.934400 122 4 3
-36.000000 -102.000000 22.783700 122 4 3
-34.000000 -102.000000 22.371900 122 4 3
-32.000000 -102.000000 20.914400 122 4 3
-30.000000 -102.000000 20.205300 122 4 3
-28.000000 -102.000000 20.275200 122 4 3
-26.000000 -102.000000 20.151400 122 4 3
-24.000000 -102.000000 18.617200 136 8 2
-22.000000 -102.000000 18.616900 136 8 2
-20.000000 -102.000000 18.125400 146 11 1
-18.000000 -102.000000 17.464300 161 18 1
-16.000000 -102.000000 15.400600 202 42 4
-14.000000 -102.000000 15.361800 204 43 4
-12.000000 -102.000000 16.546600 183 29 2
-10.000000 -102.000000 17.233300 167 20 1
-8.000000 -102.000000 17.625900 158 16 1
-6.000000 -102.000000 16.191700 188 32 2
-4.000000 -102.000000 15.828400 195 37 3
-2.000000 -102.000000 15.217800 206 45 4
0.000000 -102.000000 13.958100 225 65 9
2.000000 -102.000000 13.347800 231 73 12
4.000000 -102.000000 13.888400 225 65 9
6.000000 -102.000000 12.894900 236 83 15
8.000000 -102.000000 12.234000 242 96 20
10.000000 -102.000000 11.650500 247 111 26
12.000000 -102.000000 10.657300 252 132 35
14.000000 -102.000000 10.309000 253 141 39
16.000000 -102.000000 10.630900 252 132 35
18.000000 -102.000000 8.966970 254 169 51
20.000000 -102.000000 8.706640 253 174 53
22.000000 -102.000000 9.410190 254 161 48
24.000000 -102.000000 6.338340 231 215 57
26.000000 -102.000000 5.627470 221 224 55
28.000000 -102.000000 4.898340 208 234 52
30.000000 -102.000000 5.954100 225 221 55
32.000000 -102.000000 6.219060 229 217 56
34.000000 -102.000000 4.935180 208 234 52
36.000000 -102.000000 3.481840 180 248 54
38.000000 -102.000000 2.878390 167 252 58
40.000000 -102.000000 3.607070 183 247 53
42.000000 -102.000000 2.690450 164 252 60
44.000000 -102.000000 1.413610 132 255 81
46.000000 -102.000000 0.497062 105 253 102
48.000000 -102.000000 -1.146340 56 244 145
50.000000 -102.000000 -2.585960 29 231 178
52.000000 -102.000000 -0.696015 70 248 132
54.000000 -102.000000 -1.311450 53 243 148
56.000000 -102.000000 -2.467660 31 233 175
58.000000 -102.000000 -2.384500 32 234 172
60.000000 -102.000000 -2.287550 32 234 172
62.000000 -102.000000 -2.054300 37 236 167
64.000000 -102.000000 -2.854380 26 228 182
66.000000 -102.000000 -3.853310 24 215 202
68.000000 -102.000000 -4.424470 27 208 213
70.000000 -102.000000 -5.269440 37 192 231
72.000000 -102.000000 -8.411440 70 133 250
74.000000 -102.000000 -6.277640 51 173 247
76.000000 -102.000000 -5.961900 46 180 242
78.000000 -102.000000 -7.262170 62 155 254
80.000000 -102.000000 -7.090760 61 158 254
82.000000 -102.000000 -7.001360 59 160 253
84.000000 -102.000000 -8.023400 69 140 253
86.000000 -102.000000 -8.667320 70 128 246
88.000000 -102.000000 -8.124090 69 138 252
90.000000 -102.000000 -8.587560 70 128 246
92.000000 -102.000000 -8.477250 70 130 248
94.000000 -102.000000 -9.730920 70 107 227
96.000000 -102.000000 -10.384300 69 92 207
98.000000 -102.000000 -10.137300 70 97 214
100.000000 -102.000000 -9.961380 70 102 221
102.000000 -102.000000 -9.669840 70 107 227
104.000000 -102.000000 -9.577100 71 110 230
106.000000 -102.000000 -10.409600 69 92 207
-48.000000 -104.000000 0.322844 101 253 105
-46.000000 -104.000000 20.189800 122 4 3
-44.000000 -104.000000 20.451000 122 4 3
-42.000000 -104.000000 23.796900 122 4 3
-40.000000 -104.000000 19.082700 122 4 3
-38.000000 -104.000000 21.011700 122 4 3
-36.000000 -104.000000 16.530600 183 29 2
-34.000000 -104.000000 19.656900 122 4 3
-32.000000 -104.000000 19.669100 122 4 3
-30.000000 -104.000000 20.153200 122 4 3
-28.000000 -104.000000 17.862400 152 14 1
-26.000000 -104.000000 16.640600 180 27 1
-24.000000 -104.000000 17.476200 161 18 1
-22.000000 -104.000000 17.676500 158 16 1
-20.000000 -104.000000 18.557200 136 8 2
-18.000000 -104.000000 17.493600 161 18 1
-16.000000 -104.000000 15.988500 193 35 2
-14.000000 -104.000000 14.832900 212 51 5
-12.000000 -104.000000 15.994100 193 35 2
-10.000000 -104.000000 15.024100 208 47 5
-8.000000 -104.000000 13.047300 235 80 14
-6.000000 -104.000000 13.798100 226 67 10
-4.000000 -104.000000 14.801700 212 51 5
-2.000000 -104.000000 13.038100 235 80 14
0.000000 -104.000000 12.320300 241 93 19
2.000000 -104.000000 12.141800 243 99 21
4.000000 -104.000000 11.541800 247 111 26
6.000000 -104.000000 12.331800 241 93 19
8.000000 -104.000000 11.426300 248 114 28
10.000000 -104.000000 10.977000 251 126 33
12.000000 -104.000000 11.270100 249 120 30
14.000000 -104.000000 10.234000 254 144 41
16.000000 -104.000000 10.526400 252 135 37
18.000000 -104.000000 8.846850 253 172 52
20.000000 -104.000000 8.559740 252 179 54
22.000000 -104.000000 8.973710 254 169 51
24.000000 -104.000000 9.773640 254 153 44
26.000000 -104.000000 8.419710 251 182 55
28.000000 -104.000000 7.869420 248 190 57
30.000000 -104.000000 6.954610 239 205 58
32.000000 -104.000000 7.838620 248 190 57
34.000000 -104.000000 6.717560 236 209 58
36.000000 -104.000000 6.836460 238 207 58
38.000000 -104.000000 6.907860 239 205 58
40.000000 -104.000000 6.442250 233 213 57
42.000000 -104.000000 5.335720 215 229 53
44.000000 -104.000000 6.287860 231 215 57
46.000000 -104.000000 6.239610 229 217 56
48.000000 -104.000000 6.600580 235 211 57
50.000000 -104.000000 5.558990 219 226 54
52.000000 -104.000000 5.365710 217 228 54
54.000000 -104.000000 5.318560 215 229 53
56.000000 -104.000000 4.967090 210 233 53
58.000000 -104.000000 4.211400 195 241 52
60.000000 -104.000000 3.912210 188 245 52
62.000000 -104.000000 2.203950 153 254 66
64.000000 -104.000000 2.838560 167 252 58
66.000000 -104.000000 3.685750 185 246 53
68.000000 -104.000000 2.892700 167 252 58
70.000000 -104.000000 2.559880 161 253 61
72.000000 -104.000000 2.650100 164 252 60
74.000000 -104.000000 3.455510 180 248 54
76.000000 -104.000000 2.522920 161 253 61
78.000000 -104.000000 2.586770 161 253 61
80.000000 -104.000000 2.302820 156 254 64
82.000000 -104.000000 1.994380 146 255 71
84.000000 -104.000000 2.581030 161 253 61
86.000000 -104.000000 2.413560 159 253 63
88.000000 -104.000000 0.601563 109 254 98
90.000000 -104.000000 0.812427 113 254 95
92.000000 -104.000000 0.358919 101 253 105
94.000000 -104.000000 -0.076201 85 250 118
96.000000 -104.000000 -0.519646 74 248 128
98.000000 -104.000000 -0.299219 82 250 122
100.000000 -104.000000 -0.467541 74 248 128
102.000000 -104.000000 -1.393780 50 242 152
104.000000 -104.000000 -1.650400 44 240 158
-44.000000 -106.000000 19.478300 122 4 3
-42.000000 -106.000000 25.209900 122 4 3
-40.000000 -106.000000 26.222600 122 4 3
-38.000000 -106.000000 25.924900 122 4 3
-36.000000 -106.000000 26.769700 122 4 3
-34.000000 -106.000000 27.865800 122 4 3
-32.000000 -106.000000 27.860800 122 4 3
-30.000000 -106.000000 26.745300 122 4 3
-28.000000 -106.000000 26.982500 122 4 3
-26.000000 -106.000000 26.209200 122 4 3
-24.000000 -106.000000 25.764800 122 4 3
-22.000000 -106.000000 23.785900 122 4 3
-20.000000 -106.000000 22.156100 122 4 3
-18.000000 -106.000000 23.251100 122 4 3
-16.000000 -106.000000 23.427600 122 4 3
-14.000000 -106.000000 22.813300 122 4 3
-12.000000 -106.000000 22.303500 122 4 3
-10.000000 -106.000000 22.841400 122 4 3
-8.000000 -106.000000 22.471800 122 4 3
-6.000000 -106.000000 22.879800 122 4 3
-4.000000 -106.000000 21.566300 122 4 3
-2.000000 -106.000000 20.814200 122 4 3
0.000000 -106.000000 21.185000 122 4 3
2.000000 -106.000000 19.933800 122 4 3
4.000000 -106.000000 20.213000 122 4 3
6.000000 -106.000000 20.150100 122 4 3
8.000000 -106.000000 19.922100 122 4 3
10.000000 -106.000000 19.496200 122 4 3
12.000000 -106.000000 19.864400 122 4 3
14.000000 -106.000000 18.818000 129 6 2
16.000000 -106.000000 18.486400 139 9 2
18.000000 -106.000000 18.145000 146 11 1
20.000000 -106.000000 18.078100 149 13 1
22.000000 -106.000000 18.692900 133 7 2
24.000000 -106.000000 18.357100 142 10 1
26.000000 -106.000000 17.873700 152 14 1
28.000000 -106.000000 17.404500 164 19 1
30.000000 -106.000000 16.787500 178 26 1
32.000000 -106.000000 16.436900 183 29 2
34.000000 -106.000000 17.098400 169 22 1
36.000000 -106.000000 16.193500 188 32 2
38.000000 -106.000000 16.555900 183 29 2
40.000000 -106.000000 15.516800 202 42 4
42.000000 -106.000000 15.009800 210 49 5
44.000000 -106.000000 15.090000 208 47 5
46.000000 -106.000000 14.068000 223 63 8
48.000000 -106.000000 13.636700 228 69 10
50.000000 -106.000000 14.250600 220 59 7
52.000000 -106.000000 14.325700 220 59 7
54.000000 -106.000000 12.891500 236 83 15
56.000000 -106.000000 12.797600 237 85 16
58.000000 -106.000000 13.632600 228 69 10
60.000000 -106.000000 13.407800 231 73 12
62.000000 -106.000000 12.813000 237 85 16
64.000000 -106.000000 13.320600 232 75 12
66.000000 -106.000000 12.274000 242 96 20
68.000000 -106.000000 12.349000 241 93 19
70.000000 -106.000000 11.986600 244 102 23
72.000000 -106.000000 10.988500 251 126 33
74.000000 -106.000000 10.517800 252 135 37
76.000000 -106.000000 10.027900 254 147 42
78.000000 -106.000000 9.651030 254 155 45
80.000000 -106.000000 9.114470 254 167 50
82.000000 -106.000000 7.959840 249 188 57
84.000000 -106.000000 7.531210 245 197 58
86.000000 -106.000000 5.543340 219 226 54
88.000000 -106.000000 6.277460 231 215 57
90.000000 -106.000000 6.414640 233 213 57
92.000000 -106.000000 6.966470 239 205 58
94.000000 -106.000000 7.059940 241 203 58
96.000000 -106.000000 6.213120 229 217 56
98.000000 -106.000000 5.402950 217 228 54
100.000000 -106.000000 5.958690 225 221 55
102.000000 -106.000000 3.585710 183 247 53
104.000000 -106.000000 -0.413317 78 249 125
-38.000000 -108.000000 13.068800 235 80 14
-34.000000 -108.000000 26.651400 122 4 3
-32.000000 -108.000000 30.455100 122 4 3
-30.000000 -108.000000 28.853400 122 4 3
-28.000000 -108.000000 12.220900 242 96 20
-26.000000 -108.000000 26.339000 122 4 3
-24.000000 -108.000000 29.015200 122 4 3
-22.000000 -108.000000 30.312200 122 4 3
-20.000000 -108.000000 30.538400 122 4 3
-18.000000 -108.000000 32.376600 122 4 3
-16.000000 -108.000000 33.432000 122 4 3
-14.000000 -108.000000 33.847300 122 4 3
-12.000000 -108.000000 30.432600 122 4 3
-10.000000 -108.000000 29.204800 122 4 3
-8.000000 -108.000000 29.724100 122 4 3
-6.000000 -108.000000 29.892300 122 4 3
-4.000000 -108.000000 30.474300 122 4 3
-2.000000 -108.000000 29.518800 122 4 3
0.000000 -108.000000 28.230200 122 4 3
2.000000 -108.000000 29.186100 122 4 3
4.000000 -108.000000 25.184000 122 4 3
6.000000 -108.000000 25.614800 122 4 3
8.000000 -108.000000 27.832800 122 4 3
10.000000 -108.000000 28.123200 122 4 3
12.000000 -108.000000 28.172400 122 4 3
14.000000 -108.000000 27.066600 122 4 3
16.000000 -108.000000 27.538500 122 4 3
18.000000 -108.000000 26.817800 122 4 3
20.000000 -108.000000 26.396800 122 4 3
22.000000 -108.000000 23.960700 122 4 3
24.000000 -108.000000 24.566200 122 4 3
26.000000 -108.000000 24.232700 122 4 3
28.000000 -108.000000 24.978400 122 4 3
30.000000 -108.000000 23.445800 122 4 3
32.000000 -108.000000 22.066700 122 4 3
34.000000 -108.000000 22.720400 122 4 3
36.000000 -108.000000 22.810900 122 4 3
38.000000 -108.000000 22.795700 122 4 3
40.000000 -108.000000 22.412200 122 4 3
42.000000 -108.000000 19.415300 122 4 3
44.000000 -108.000000 18.621000 133 7 2
46.000000 -108.000000 18.395900 139 9 2
48.000000 -108.000000 16.796200 178 26 1
50.000000 -108.000000 15.691000 197 38 3
52.000000 -108.000000 15.784200 195 37 3
54.000000 -108.000000 16.323300 185 30 2
56.000000 -108.000000 16.013300 193 35 2
58.000000 -108.000000 14.738700 214 53 6
60.000000 -108.000000 12.879600 236 83 15
62.000000 -108.000000 12.969200 235 80 14
64.000000 -108.000000 12.495000 240 91 18
66.000000 -108.000000 9.774800 254 153 44
68.000000 -108.000000 9.406940 254 161 48
70.000000 -108.000000 9.643370 254 155 45
72.000000 -108.000000 8.809460 253 174 53
74.000000 -108.000000 8.824970 253 172 52
76.000000 -108.000000 10.941800 251 126 33
78.000000 -108.000000 8.448680 252 179 54
80.000000 -108.000000 5.946650 225 221 55
82.000000 -108.000000 3.813720 188 245 52
84.000000 -108.000000 3.033120 172 251 56
86.000000 -108.000000 3.668730 183 247 53
88.000000 -108.000000 4.707520 205 236 52
90.000000 -108.000000 2.846280 167 252 58
92.000000 -108.000000 2.415960 159 253 63
94.000000 -108.000000 1.430900 132 255 81
96.000000 -108.000000 1.248360 128 255 83
98.000000 -108.000000 0.909953 117 254 92
100.000000 -108.000000 0.336375 101 253 105
102.000000 -108.000000 -0.885547 63 246 138
104.000000 -108.000000 -19.440400 48 18 59
-34.000000 -110.000000 21.753700 122 4 3
-32.000000 -110.000000 22.012200 122 4 3
-30.000000 -110.000000 22.540300 122 4 3
-28.000000 -110.000000 21.227900 122 4 3
-26.000000 -110.000000 22.425300 122 4 3
-24.000000 -110.000000 23.892800 122 4 3
-22.000000 -110.000000 23.066000 122 4 3
-20.000000 -110.000000 20.684300 122 4 3
-18.000000 -110.000000 18.191700 146 11 1
-16.000000 -110.000000 23.191100 122 4 3
-14.000000 -110.000000 27.218400 122 4 3
-12.000000 -110.000000 30.133700 122 4 3
-10.000000 -110.000000 33.413900 122 4 3
-8.000000 -110.000000 30.009500 122 4 3
-6.000000 -110.000000 30.696400 122 4 3
-4.000000 -110.000000 28.658400 122 4 3
-2.000000 -110.000000 28.207800 122 4 3
0.000000 -110.000000 26.440100 122 4 3
2.000000 -110.000000 24.156700 122 4 3
4.000000 -110.000000 26.726800 122 4 3
6.000000 -110.000000 27.527400 122 4 3
8.000000 -110.000000 23.286500 122 4 3
10.000000 -110.000000 22.354400 122 4 3
12.000000 -110.000000 19.437800 122 4 3
14.000000 -110.000000 20.502900 122 4 3
16.000000 -110.000000 21.599600 122 4 3
18.000000 -110.000000 21.184900 122 4 3
20.000000 -110.000000 20.311400 122 4 3
22.000000 -110.000000 22.560600 122 4 3
24.000000 -110.000000 20.607600 122 4 3
26.000000 -110.000000 16.834300 175 24 1
28.000000 -110.000000 15.266500 206 45 4
30.000000 -110.000000 16.974500 172 23 1
32.000000 -110.000000 19.718800 122 4 3
34.000000 -110.000000 15.494800 202 42 4
36.000000 -110.000000 12.633900 239 88 17
38.000000 -110.000000 11.586800 247 111 26
40.000000 -110.000000 12.419400 241 93 19
42.000000 -110.000000 14.149800 221 61 8
44.000000 -110.000000 13.683000 228 69 10
46.000000 -110.000000 12.909700 236 83 15
48.000000 -110.000000 11.538800 247 111 26
50.000000 -110.000000 11.466800 248 114 28
52.000000 -110.000000 8.909530 253 172 52
54.000000 -110.000000 8.838030 253 172 52
56.000000 -110.000000 7.309400 244 199 58
58.000000 -110.000000 6.765990 238 207 58
60.000000 -110.000000 6.146190 229 217 56
62.000000 -110.000000 4.284050 195 241 52
64.000000 -110.000000 4.660230 203 237 52
66.000000 -110.000000 5.480220 219 226 54
68.000000 -110.000000 5.149690 212 231 53
70.000000 -110.000000 2.283570 156 254 64
72.000000 -110.000000 1.578210 136 255 78
74.000000 -110.000000 -0.256791 82 250 122
76.000000 -110.000000 -4.550720 28 205 216
78.000000 -110.000000 -1.853860 42 239 161
80.000000 -110.000000 -2.790500 26 228 182
82.000000 -110.000000 -2.076370 37 236 167
84.000000 -110.000000 -1.399110 50 242 152
86.000000 -110.000000 -2.155960 34 235 170
88.000000 -110.000000 -6.141550 49 175 245
90.000000 -110.000000 -7.002440 59 160 253
92.000000 -110.000000 -6.900590 59 160 253
94.000000 -110.000000 -7.651430 66 148 255
96.000000 -110.000000 -8.930020 71 123 242
98.000000 -110.000000 -10.098700 70 100 218
100.000000 -110.000000 -8.882910 71 123 242
102.000000 -110.000000 -11.746700 64 64 162
-32.000000 -112.000000 32.105800 122 4 3
-30.000000 -112.000000 33.063100 122 4 3
-28.000000 -112.000000 32.841700 122 4 3
-26.000000 -112.000000 33.454100 122 4 3
-24.000000 -112.000000 31.298300 122 4 3
-22.000000 -112.000000 31.990100 122 4 3
-20.000000 -112.000000 32.781700 122 4 3
-18.000000 -112.000000 31.137800 122 4 3
-16.000000 -112.000000 30.344400 122 4 3
-14.000000 -112.000000 29.219200 122 4 3
-12.000000 -112.000000 26.695300 122 4 3
-10.000000 -112.000000 20.576800 122 4 3
-8.000000 -112.000000 31.015700 122 4 3
-6.000000 -112.000000 30.800800 122 4 3
-4.000000 -112.000000 20.450600 122 4 3
-2.000000 -112.000000 21.370200 122 4 3
0.000000 -112.000000 21.512000 122 4 3
2.000000 -112.000000 24.478400 122 4 3
4.000000 -112.000000 22.632100 122 4 3
6.000000 -112.000000 20.040100 122 4 3
8.000000 -112.000000 20.434200 122 4 3
10.000000 -112.000000 16.664400 180 27 1
12.000000 -112.000000 16.746800 178 26 1
14.000000 -112.000000 16.786400 178 26 1
16.000000 -112.000000 15.892300 195 37 3
18.000000 -112.000000 12.191300 242 96 20
20.000000 -112.000000 15.020600 208 47 5
22.000000 -112.000000 12.394800 241 93 19
24.000000 -112.000000 11.258100 249 120 30
26.000000 -112.000000 13.079800 234 78 13
28.000000 -112.000000 11.485800 248 114 28
30.000000 -112.000000 10.201700 254 144 41
32.000000 -112.000000 9.882180 254 150 43
34.000000 -112.000000 10.726400 252 132 35
36.000000 -112.000000 10.924100 251 126 33
38.000000 -112.000000 11.762500 246 108 25
40.000000 -112.000000 8.815930 253 174 53
42.000000 -112.000000 7.056880 241 203 58
44.000000 -112.000000 7.046740 241 203 58
46.000000 -112.000000 4.991170 210 233 53
48.000000 -112.000000 4.556930 200 239 52
50.000000 -112.000000 4.199580 195 241 52
52.000000 -112.000000 5.577220 219 226 54
54.000000 -112.000000 4.259930 195 241 52
56.000000 -112.000000 3.519890 180 248 54
58.000000 -112.000000 3.511410 180 248 54
60.000000 -112.000000 2.680840 164 252 60
62.000000 -112.000000 2.676810 164 252 60
64.000000 -112.000000 2.217320 153 254 66
66.000000 -112.000000 0.245652 97 252 108
68.000000 -112.000000 0.639586 109 254 98
70.000000 -112.000000 1.245700 128 255 83
72.000000 -112.000000 1.832140 143 255 73
74.000000 -112.000000 0.570769 105 253 102
76.000000 -112.000000 0.816909 113 254 95
78.000000 -112.000000 0.220865 97 252 108
80.000000 -112.000000 -2.240670 34 235 170
82.000000 -112.000000 -0.079752 85 250 118
84.000000 -112.000000 -2.174590 34 235 170
86.000000 -112.000000 -1.107250 56 244 145
88.000000 -112.000000 -1.993990 39 238 164
90.000000 -112.000000 -2.595190 29 231 178
92.000000 -112.000000 -1.110240 56 244 145
94.000000 -112.000000 -1.544810 47 241 155
96.000000 -112.000000 -1.668130 44 240 158
98.000000 -112.000000 -2.377370 32 234 172
100.000000 -112.000000 -1.165720 56 244 145
102.000000 -112.000000 -6.107580 47 178 244
-30.000000 -114.000000 14.773200 212 51 5
-28.000000 -114.000000 31.026000 122 4 3
-26.000000 -114.000000 35.355800 122 4 3
-24.000000 -114.000000 43.697700 122 4 3
-22.000000 -114.000000 43.478600 122 4 3
-20.000000 -114.000000 43.497200 122 4 3
-18.000000 -114.000000 42.251800 122 4 3
-16.000000 -114.000000 42.281600 122 4 3
-14.000000 -114.000000 39.448800 122 4 3
-12.000000 -114.000000 37.645700 122 4 3
-10.000000 -114.000000 33.931000 122 4 3
-8.000000 -114.000000 33.776100 122 4 3
-6.000000 -114.000000 31.766500 122 4 3
-4.000000 -114.000000 29.040200 122 4 3
-2.000000 -114.000000 37.357500 122 4 3
0.000000 -114.000000 25.788600 122 4 3
2.000000 -114.000000 20.190800 122 4 3
4.000000 -114.000000 25.259500 122 4 3
6.000000 -114.000000 24.635800 122 4 3
8.000000 -114.000000 20.059300 122 4 3
10.000000 -114.000000 19.204600 122 4 3
12.000000 -114.000000 18.960000 126 5 2
14.000000 -114.000000 19.888500 122 4 3
16.000000 -114.000000 17.315800 167 20 1
18.000000 -114.000000 16.798500 178 26 1
20.000000 -114.000000 16.680900 180 27 1
22.000000 -114.000000 15.805200 195 37 3
24.000000 -114.000000 15.926100 193 35 2
26.000000 -114.000000 15.830100 195 37 3
28.000000 -114.000000 15.849100 195 37 3
30.000000 -114.000000 13.805200 226 67 10
32.000000 -114.000000 13.460600 231 73 12
34.000000 -114.000000 13.887100 225 65 9
36.000000 -114.000000 13.946500 225 65 9
38.000000 -114.000000 13.753900 226 67 10
40.000000 -114.000000 13.940800 225 65 9
42.000000 -114.000000 12.949700 235 80 14
44.000000 -114.000000 13.021200 235 80 14
46.000000 -114.000000 12.410800 241 93 19
48.000000 -114.000000 12.613200 239 88 17
50.000000 -114.000000 12.428600 241 93 19
52.000000 -114.000000 11.949400 244 102 23
54.000000 -114.000000 11.751100 246 108 25
56.000000 -114.000000 10.190700 254 144 41
58.000000 -114.000000 11.771000 246 108 25
60.000000 -114.000000 10.192300 254 144 41
62.000000 -114.000000 9.834640 254 153 44
64.000000 -114.000000 9.957860 254 150 43
66.000000 -114.000000 10.709500 252 132 35
68.000000 -114.000000 10.379500 253 138 38
70.000000 -114.000000 10.736400 252 132 35
72.000000 -114.000000 10.528600 252 135 37
74.000000 -114.000000 8.360650 251 182 55
76.000000 -114.000000 8.923980 253 172 52
78.000000 -114.000000 9.558420 254 158 47
80.000000 -114.000000 9.509960 254 158 47
82.000000 -114.000000 8.196010 251 184 56
84.000000 -114.000000 8.709210 253 174 53
86.000000 -114.000000 7.682200 247 193 58
88.000000 -114.000000 6.789850 238 207 58
90.000000 -114.000000 7.211690 242 201 58
92.000000 -114.000000 8.095570 250 186 57
94.000000 -114.000000 6.904660 239 205 58
96.000000 -114.000000 6.203720 229 217 56
98.000000 -114.000000 6.282760 231 215 57
100.000000 -114.000000 5.836900 223 223 55
-22.000000 -116.000000 12.135600 243 99 21
-20.000000 -116.000000 11.950900 244 102 23
-18.000000 -116.000000 11.822000 245 105 24
-16.000000 -116.000000 12.020800 244 102 23
-14.000000 -116.000000 11.083500 250 123 31
-12.000000 -116.000000 11.677900 246 108 25
-10.000000 -116.000000 14.154800 221 61 8
-8.000000 -116.000000 14.838100 212 51 5
-6.000000 -116.000000 18.180400 146 11 1
-4.000000 -116.000000 18.397900 139 9 2
-2.000000 -116.000000 18.826800 129 6 2
0.000000 -116.000000 17.915400 152 14 1
2.000000 -116.000000 18.627500 133 7 2
4.000000 -116.000000 17.470500 161 18 1
6.000000 -116.000000 16.224600 188 32 2
8.000000 -116.000000 16.961700 172 23 1
10.000000 -116.000000 8.870780 253 172 52
12.000000 -116.000000 23.559200 122 4 3
14.000000 -116.000000 25.437200 122 4 3
16.000000 -116.000000 8.510700 252 179 54
18.000000 -116.000000 21.237600 122 4 3
20.000000 -116.000000 21.057400 122 4 3
22.000000 -116.000000 24.418500 122 4 3
24.000000 -116.000000 24.483400 122 4 3
26.000000 -116.000000 24.983500 122 4 3
28.000000 -116.000000 24.615100 122 4 3
30.000000 -116.000000 24.822800 122 4 3
32.000000 -116.000000 24.627100 122 4 3
34.000000 -116.000000 24.153100 122 4 3
36.000000 -116.000000 22.223300 122 4 3
38.000000 -116.000000 21.744800 122 4 3
40.000000 -116.000000 21.010900 122 4 3
42.000000 -116.000000 21.359400 122 4 3
44.000000 -116.000000 20.730100 122 4 3
46.000000 -116.000000 21.193600 122 4 3
48.000000 -116.000000 20.342300 122 4 3
50.000000 -116.000000 20.344600 122 4 3
52.000000 -116.000000 20.118800 122 4 3
54.000000 -116.000000 20.527400 122 4 3
56.000000 -116.000000 19.656700 122 4 3
58.000000 -116.000000 19.858900 122 4 3
60.000000 -116.000000 20.232800 122 4 3
62.000000 -116.000000 19.568400 122 4 3
64.000000 -116.000000 18.308400 142 10 1
66.000000 -116.000000 18.464000 139 9 2
68.000000 -116.000000 17.869900 152 14 1
70.000000 -116.000000 16.676700 180 27 1
72.000000 -116.000000 16.718900 178 26 1
74.000000 -116.000000 17.949800 152 14 1
76.000000 -116.000000 16.416700 185 30 2
78.000000 -116.000000 13.592100 229 71 11
80.000000 -116.000000 13.249700 232 75 12
82.000000 -116.000000 15.421300 202 42 4
84.000000 -116.000000 14.681000 214 53 6
86.000000 -116.000000 14.565600 216 55 6
88.000000 -116.000000 12.755000 237 85 16
90.000000 -116.000000 10.355500 253 141 39
92.000000 -116.000000 11.876900 245 105 24
94.000000 -116.000000 10.573900 252 135 37
96.000000 -116.000000 9.083290 254 167 50
98.000000 -116.000000 7.839600 248 190 57
100.000000 -116.000000 0.906369 117 254 92
-20.000000 -118.000000 17.893000 152 14 1
-18.000000 -118.000000 17.849800 152 14 1
-16.000000 -118.000000 17.066100 172 23 1
-14.000000 -118.000000 17.600300 158 16 1
-12.000000 -118.000000 17.572600 161 18 1
-10.000000 -118.000000 16.773800 178 26 1
-8.000000 -118.000000 17.669700 158 16 1
-6.000000 -118.000000 16.531500 183 29 2
-4.000000 -118.000000 15.503300 202 42 4
-2.000000 -118.000000 15.712200 197 38 3
0.000000 -118.000000 16.789200 178 26 1
2.000000 -118.000000 16.216600 188 32 2
4.000000 -118.000000 15.259400 206 45 4
6.000000 -118.000000 14.820800 212 51 5
8.000000 -118.000000 16.428800 183 29 2
10.000000 -118.000000 14.600000 216 55 6
12.000000 -118.000000 14.594000 216 55 6
14.000000 -118.000000 14.577800 216 55 6
16.000000 -118.000000 14.169900 221 61 8
18.000000 -118.000000 16.048400 190 33 2
20.000000 -118.000000 17.419600 164 19 1
22.000000 -118.000000 17.624500 158 16 1
24.000000 -118.000000 19.279000 122 4 3
26.000000 -118.000000 18.168900 146 11 1
28.000000 -118.000000 13.652500 228 69 10
30.000000 -118.000000 22.116800 122 4 3
32.000000 -118.000000 24.644000 122 4 3
34.000000 -118.000000 27.427600 122 4 3
36.000000 -118.000000 27.709400 122 4 3
38.000000 -118.000000 29.057400 122 4 3
40.000000 -118.000000 28.252600 122 4 3
42.000000 -118.000000 26.304700 122 4 3
44.000000 -118.000000 23.863900 122 4 3
46.000000 -118.000000 21.949300 122 4 3
48.000000 -118.000000 21.028200 122 4 3
50.000000 -118.000000 20.729700 122 4 3
52.000000 -118.000000 19.332000 122 4 3
54.000000 -118.000000 17.271200 167 20 1
56.000000 -118.000000 18.942400 126 5 2
58.000000 -118.000000 18.743000 133 7 2
60.000000 -118.000000 17.125800 169 22 1
62.000000 -118.000000 16.931500 175 24 1
64.000000 -118.000000 15.139200 208 47 5
66.000000 -118.000000 14.420400 218 57 7
68.000000 -118.000000 15.324800 204 43 4
70.000000 -118.000000 14.265900 220 59 7
72.000000 -118.000000 12.769300 237 85 16
74.000000 -118.000000 11.047300 250 123 31
76.000000 -118.000000 11.385700 249 117 29
78.000000 -118.000000 12.188900 242 96 20
80.000000 -118.000000 8.914580 253 172 52
82.000000 -118.000000 9.400550 254 161 48
84.000000 -118.000000 7.321590 244 199 58
86.000000 -118.000000 6.468830 233 213 57
88.000000 -118.000000 7.923230 249 188 57
90.000000 -118.000000 6.194560 229 217 56
92.000000 -118.000000 5.133230 212 231 53
94.000000 -118.000000 2.641330 164 252 60
96.000000 -118.000000 5.041520 210 233 53
98.000000 -118.000000 0.288369 97 252 108
-16.000000 -120.000000 28.351900 122 4 3
-14.000000 -120.000000 29.608500 122 4 3
-12.000000 -120.000000 29.297100 122 4 3
-10.000000 -120.000000 27.476400 122 4 3
-8.000000 -120.000000 28.006500 122 4 3
-6.000000 -120.000000 27.787100 122 4 3
-4.000000 -120.000000 27.377300 122 4 3
-2.000000 -120.000000 27.159100 122 4 3
0.000000 -120.000000 27.121200 122 4 3
2.000000 -120.000000 26.537000 122 4 3
4.000000 -120.000000 26.508100 122 4 3
6.000000 -120.000000 26.292300 122 4 3
8.000000 -120.000000 26.077100 122 4 3
10.000000 -120.000000 25.513600 122 4 3
12.000000 -120.000000 25.648400 122 4 3
14.000000 -120.000000 25.435000 122 4 3
16.000000 -120.000000 25.577100 122 4 3
18.000000 -120.000000 25.009800 122 4 3
20.000000 -120.000000 24.618500 122 4 3
22.000000 -120.000000 24.762500 122 4 3
24.000000 -120.000000 24.550000 122 4 3
26.000000 -120.000000 23.658200 122 4 3
28.000000 -120.000000 23.796000 122 4 3
30.000000 -120.000000 23.133300 122 4 3
32.000000 -120.000000 22.358800 122 4 3
34.000000 -120.000000 18.448900 139 9 2
36.000000 -120.000000 15.743100 197 38 3
38.000000 -120.000000 22.919500 122 4 3
40.000000 -120.000000 16.077700 190 33 2
42.000000 -120.000000 18.033400 149 13 1
44.000000 -120.000000 21.269900 122 4 3
46.000000 -120.000000 21.869100 122 4 3
48.000000 -120.000000 19.060100 122 4 3
50.000000 -120.000000 17.861400 152 14 1
52.000000 -120.000000 16.584200 180 27 1
54.000000 -120.000000 11.796800 245 105 24
56.000000 -120.000000 12.045200 244 102 23
58.000000 -120.000000 11.734400 246 108 25
60.000000 -120.000000 10.054800 254 147 42
62.000000 -120.000000 10.166600 254 144 41
64.000000 -120.000000 10.190000 254 144 41
66.000000 -120.000000 11.289100 249 117 29
68.000000 -120.000000 11.436500 248 114 28
70.000000 -120.000000 8.208150 251 184 56
72.000000 -120.000000 7.015170 239 205 58
74.000000 -120.000000 5.303270 215 229 53
76.000000 -120.000000 5.016930 210 233 53
78.000000 -120.000000 3.839310 188 245 52
80.000000 -120.000000 3.791120 185 246 53
82.000000 -120.000000 3.911160 188 245 52
84.000000 -120.000000 4.047650 190 244 52
86.000000 -120.000000 2.409290 159 253 63
88.000000 -120.000000 2.778010 167 252 58
90.000000 -120.000000 0.064863 93 252 111
92.000000 -120.000000 0.176571 93 252 111
94.000000 -120.000000 0.984652 121 254 89
96.000000 -120.000000 -1.440820 50 242 152
98.000000 -120.000000 -2.714050 28 230 180
-10.000000 -122.000000 39.335600 122 4 3
-8.000000 -122.000000 38.878300 122 4 3
-6.000000 -122.000000 38.869100 122 4 3
-4.000000 -122.000000 38.012500 122 4 3
-2.000000 -122.000000 37.804900 122 4 3
0.000000 -122.000000 38.599900 122 4 3
2.000000 -122.000000 37.584500 122 4 3
4.000000 -122.000000 36.609200 122 4 3
6.000000 -122.000000 36.747500 122 4 3
8.000000 -122.000000 36.733700 122 4 3
10.000000 -122.000000 36.530700 122 4 3
12.000000 -122.000000 35.751100 122 4 3
14.000000 -122.000000 34.680500 122 4 3
16.000000 -122.000000 33.106900 122 4 3
18.000000 -122.000000 33.713600 122 4 3
20.000000 -122.000000 33.836200 122 4 3
22.000000 -122.000000 33.455200 122 4 3
24.000000 -122.000000 33.256600 122 4 3
26.000000 -122.000000 31.796700 122 4 3
28.000000 -122.000000 30.542100 122 4 3
30.000000 -122.000000 30.973700 122 4 3
32.000000 -122.000000 28.894200 122 4 3
34.000000 -122.000000 28.842500 122 4 3
36.000000 -122.000000 26.642800 122 4 3
38.000000 -122.000000 25.197000 122 4 3
40.000000 -122.000000 25.248600 122 4 3
42.000000 -122.000000 22.649000 122 4 3
46.000000 -122.000000 17.919600 152 14 1
48.000000 -122.000000 25.476400 122 4 3
50.000000 -122.000000 23.754600 122 4 3
52.000000 -122.000000 15.952900 193 35 2
54.000000 -122.000000 16.006700 193 35 2
56.000000 -122.000000 15.450900 202 42 4
58.000000 -122.000000 14.827200 212 51 5
60.000000 -122.000000 14.246700 220 59 7
62.000000 -122.000000 12.928400 236 83 15
64.000000 -122.000000 9.747910 254 153 44
66.000000 -122.000000 10.202900 254 144 41
68.000000 -122.000000 9.675900 254 155 45
70.000000 -122.000000 9.554840 254 158 47
72.000000 -122.000000 9.184740 254 167 50
74.000000 -122.000000 9.438240 254 161 48
76.000000 -122.000000 8.653890 252 177 54
78.000000 -122.000000 8.426380 251 182 55
80.000000 -122.000000 7.331650 244 199 58
82.000000 -122.000000 7.089510 241 203 58
84.000000 -122.000000 6.428650 233 213 57
86.000000 -122.000000 7.249510 242 201 58
88.000000 -122.000000 6.990290 239 205 58
90.000000 -122.000000 7.277140 242 201 58
92.000000 -122.000000 6.680080 236 209 58
94.000000 -122.000000 5.828550 223 223 55
96.000000 -122.000000 5.692120 221 224 55
-12.000000 -124.000000 13.655800 228 69 10
-10.000000 -124.000000 16.151000 190 33 2
-8.000000 -124.000000 13.231900 232 75 12
-6.000000 -124.000000 14.344100 220 59 7
-4.000000 -124.000000 15.864900 195 37 3
-2.000000 -124.000000 15.141800 206 45 4
0.000000 -124.000000 16.893500 175 24 1
2.000000 -124.000000 17.227600 167 20 1
4.000000 -124.000000 17.434200 164 19 1
6.000000 -124.000000 18.641800 133 7 2
8.000000 -124.000000 20.173600 122 4 3
10.000000 -124.000000 20.031000 122 4 3
12.000000 -124.000000 19.587200 122 4 3
14.000000 -124.000000 19.894200 122 4 3
16.000000 -124.000000 19.252700 122 4 3
18.000000 -124.000000 18.728800 133 7 2
20.000000 -124.000000 18.968600 126 5 2
22.000000 -124.000000 19.503100 122 4 3
24.000000 -124.000000 18.957800 126 5 2
26.000000 -124.000000 18.186000 146 11 1
28.000000 -124.000000 17.817200 155 15 1
30.000000 -124.000000 17.687700 158 16 1
32.000000 -124.000000 17.832000 155 15 1
34.000000 -124.000000 19.967500 122 4 3
36.000000 -124.000000 20.566800 122 4 3
38.000000 -124.000000 19.886400 122 4 3
40.000000 -124.000000 18.062100 149 13 1
42.000000 -124.000000 17.470900 161 18 1
44.000000 -124.000000 17.675400 158 16 1
46.000000 -124.000000 17.610500 158 16 1
48.000000 -124.000000 16.554600 183 29 2
50.000000 -124.000000 16.042500 190 33 2
52.000000 -124.000000 17.067700 172 23 1
54.000000 -124.000000 17.360200 164 19 1
56.000000 -124.000000 18.635000 133 7 2
58.000000 -124.000000 3.162760 175 250 55
60.000000 -124.000000 4.031590 190 244 52
62.000000 -124.000000 16.818500 175 24 1
64.000000 -124.000000 18.901700 126 5 2
66.000000 -124.000000 20.317200 122 4 3
68.000000 -124.000000 21.660100 122 4 3
70.000000 -124.000000 20.223000 122 4 3
72.000000 -124.000000 20.407600 122 4 3
74.000000 -124.000000 18.037900 149 13 1
76.000000 -124.000000 18.527300 136 8 2
78.000000 -124.000000 19.030300 122 4 3
80.000000 -124.000000 17.445200 164 19 1
82.000000 -124.000000 16.730000 178 26 1
84.000000 -124.000000 16.271900 188 32 2
86.000000 -124.000000 15.932600 193 35 2
88.000000 -124.000000 15.594600 200 40 3
90.000000 -124.000000 14.759300 212 51 5
92.000000 -124.000000 15.629700 200 40 3
94.000000 -124.000000 14.756200 212 51 5
96.000000 -124.000000 10.739800 252 132 35
-8.000000 -126.000000 13.872200 225 65 9
-6.000000 -126.000000 14.198200 221 61 8
-4.000000 -126.000000 12.861400 236 83 15
-2.000000 -126.000000 14.633300 214 53 6
0.000000 -126.000000 12.984900 235 80 14
2.000000 -126.000000 13.141900 234 78 13
4.000000 -126.000000 12.732300 237 85 16
6.000000 -126.000000 12.325600 241 93 19
8.000000 -126.000000 12.107000 243 99 21
10.000000 -126.000000 11.889000 245 105 24
12.000000 -126.000000 12.020400 244 102 23
14.000000 -126.000000 12.152300 243 99 21
16.000000 -126.000000 11.593500 247 111 26
18.000000 -126.000000 11.197300 249 120 30
20.000000 -126.000000 11.830200 245 105 24
22.000000 -126.000000 11.766000 246 108 25
24.000000 -126.000000 12.387700 241 93 19
26.000000 -126.000000 12.282300 242 96 20
28.000000 -126.000000 10.609200 252 135 37
30.000000 -126.000000 10.427000 253 138 38
32.000000 -126.000000 10.892600 251 126 33
34.000000 -126.000000 10.180800 254 144 41
36.000000 -126.000000 9.946430 254 150 43
38.000000 -126.000000 10.545600 252 135 37
40.000000 -126.000000 11.065700 250 123 31
42.000000 -126.000000 9.947420 254 150 43
44.000000 -126.000000 10.551400 252 135 37
46.000000 -126.000000 10.729000 252 132 35
48.000000 -126.000000 12.003600 244 102 23
50.000000 -126.000000 11.222800 249 120 30
52.000000 -126.000000 10.049400 254 147 42
54.000000 -126.000000 10.669800 252 132 35
56.000000 -126.000000 11.025700 250 123 31
58.000000 -126.000000 10.704200 252 132 35
60.000000 -126.000000 10.797200 251 129 34
62.000000 -126.000000 11.823600 245 105 24
64.000000 -126.000000 12.627000 239 88 17
66.000000 -126.000000 6.285290 231 215 57
70.000000 -126.000000 6.636350 236 209 58
74.000000 -126.000000 17.117600 169 22 1
76.000000 -126.000000 20.325000 122 4 3
78.000000 -126.000000 23.581100 122 4 3
80.000000 -126.000000 22.591800 122 4 3
82.000000 -126.000000 22.897400 122 4 3
84.000000 -126.000000 23.118800 122 4 3
86.000000 -126.000000 23.638700 122 4 3
88.000000 -126.000000 22.399800 122 4 3
90.000000 -126.000000 19.526400 122 4 3
92.000000 -126.000000 15.572600 200 40 3
94.000000 -126.000000 10.954700 251 126 33
-4.000000 -128.000000 24.480000 122 4 3
-2.000000 -128.000000 24.786700 122 4 3
0.000000 -128.000000 24.211700 122 4 3
2.000000 -128.000000 23.813800 122 4 3
4.000000 -128.000000 23.420500 122 4 3
6.000000 -128.000000 23.202100 122 4 3
8.000000 -128.000000 22.652900 122 4 3
10.000000 -128.000000 22.594800 122 4 3
12.000000 -128.000000 22.385600 122 4 3
14.000000 -128.000000 22.325900 122 4 3
16.000000 -128.000000 22.117800 122 4 3
18.000000 -128.000000 21.903600 122 4 3
20.000000 -128.000000 21.527900 122 4 3
22.000000 -128.000000 21.468400 122 4 3
24.000000 -128.000000 21.416400 122 4 3
26.000000 -128.000000 20.879400 122 4 3
28.000000 -128.000000 21.297500 122 4 3
30.000000 -128.000000 20.617900 122 4 3
32.000000 -128.000000 19.937400 122 4 3
34.000000 -128.000000 20.192400 122 4 3
36.000000 -128.000000 20.138800 122 4 3
38.000000 -128.000000 19.770100 122 4 3
40.000000 -128.000000 19.717700 122 4 3
42.000000 -128.000000 19.347600 122 4 3
44.000000 -128.000000 19.457600 122 4 3
46.000000 -128.000000 18.931700 126 5 2
48.000000 -128.000000 18.882500 126 5 2
50.000000 -128.000000 18.826700 129 6 2
52.000000 -128.000000 18.316900 142 10 1
54.000000 -128.000000 18.112300 146 11 1
56.000000 -128.000000 18.056700 149 13 1
58.000000 -128.000000 17.699500 158 16 1
60.000000 -128.000000 17.647400 158 16 1
62.000000 -128.000000 17.599800 158 16 1
64.000000 -128.000000 17.085700 169 22 1
66.000000 -128.000000 16.576300 180 27 1
68.000000 -128.000000 15.770200 197 38 3
70.000000 -128.000000 14.799900 212 51 5
72.000000 -128.000000 14.599000 216 55 6
74.000000 -128.000000 13.624400 228 69 10
76.000000 -128.000000 13.718600 228 69 10
78.000000 -128.000000 12.122200 243 99 21
80.000000 -128.000000 12.122800 243 99 21
82.000000 -128.000000 15.089300 208 47 5
84.000000 -128.000000 15.240800 206 45 4
86.000000 -128.000000 12.862500 236 83 15
88.000000 -128.000000 17.785000 155 15 1
90.000000 -128.000000 15.169600 206 45 4
92.000000 -128.000000 13.125100 234 78 13
94.000000 -128.000000 4.768810 205 236 52
0.000000 -130.000000 34.914400 122 4 3
2.000000 -130.000000 38.242200 122 4 3
4.000000 -130.000000 34.268000 122 4 3
6.000000 -130.000000 33.667100 122 4 3
8.000000 -130.000000 34.014300 122 4 3
10.000000 -130.000000 33.801400 122 4 3
12.000000 -130.000000 33.934700 122 4 3
14.000000 -130.000000 33.355300 122 4 3
16.000000 -130.000000 32.969800 122 4 3
18.000000 -130.000000 32.589400 122 4 3
20.000000 -130.000000 33.403600 122 4 3
22.000000 -130.000000 32.325900 122 4 3
24.000000 -130.000000 31.434100 122 4 3
26.000000 -130.000000 30.579300 122 4 3
28.000000 -130.000000 30.521400 122 4 3
30.000000 -130.000000 30.435300 122 4 3
32.000000 -130.000000 29.899000 122 4 3
34.000000 -130.000000 28.206400 122 4 3
36.000000 -130.000000 28.341400 122 4 3
38.000000 -130.000000 28.500800 122 4 3
40.000000 -130.000000 28.112300 122 4 3
42.000000 -130.000000 27.872400 122 4 3
44.000000 -130.000000 27.993300 122 4 3
46.000000 -130.000000 27.302800 122 4 3
48.000000 -130.000000 25.916200 122 4 3
50.000000 -130.000000 24.792100 122 4 3
52.000000 -130.000000 25.736900 122 4 3
54.000000 -130.000000 25.135100 122 4 3
56.000000 -130.000000 23.934600 122 4 3
58.000000 -130.000000 22.257200 122 4 3
60.000000 -130.000000 20.312400 122 4 3
62.000000 -130.000000 19.825200 122 4 3
64.000000 -130.000000 20.547400 122 4 3
66.000000 -130.000000 19.779500 122 4 3
68.000000 -130.000000 20.171000 122 4 3
70.000000 -130.000000 20.257200 122 4 3
72.000000 -130.000000 20.091400 122 4 3
74.000000 -130.000000 19.817300 122 4 3
76.000000 -130.000000 18.748800 129 6 2
78.000000 -130.000000 18.410600 139 9 2
80.000000 -130.000000 17.630400 158 16 1
82.000000 -130.000000 16.928100 175 24 1
84.000000 -130.000000 16.270200 188 32 2
90.000000 -130.000000 24.434100 122 4 3
4.000000 -132.000000 19.224900 122 4 3
6.000000 -132.000000 24.800100 122 4 3
8.000000 -132.000000 27.540700 122 4 3
10.000000 -132.000000 28.214500 122 4 3
12.000000 -132.000000 26.937400 122 4 3
14.000000 -132.000000 25.084000 122 4 3
16.000000 -132.000000 24.802300 122 4 3
18.000000 -132.000000 23.444900 122 4 3
20.000000 -132.000000 23.272900 122 4 3
22.000000 -132.000000 21.957100 122 4 3
24.000000 -132.000000 20.843000 122 4 3
26.000000 -132.000000 20.874800 122 4 3
28.000000 -132.000000 20.470800 122 4 3
30.000000 -132.000000 20.596500 122 4 3
32.000000 -132.000000 22.166000 122 4 3
34.000000 -132.000000 21.127600 122 4 3
36.000000 -132.000000 21.975200 122 4 3
38.000000 -132.000000 20.770800 122 4 3
40.000000 -132.000000 19.237600 122 4 3
42.000000 -132.000000 19.680000 122 4 3
44.000000 -132.000000 20.283500 122 4 3
46.000000 -132.000000 19.905200 122 4 3
48.000000 -132.000000 20.038800 122 4 3
50.000000 -132.000000 18.228500 146 11 1
52.000000 -132.000000 18.347700 142 10 1
54.000000 -132.000000 18.471100 139 9 2
56.000000 -132.000000 17.392500 164 19 1
58.000000 -132.000000 17.470700 161 18 1
60.000000 -132.000000 17.965100 152 14 1
62.000000 -132.000000 17.644700 158 16 1
64.000000 -132.000000 16.524800 183 29 2
66.000000 -132.000000 16.611900 180 27 1
68.000000 -132.000000 16.779600 178 26 1
70.000000 -132.000000 15.809300 195 37 3
72.000000 -132.000000 15.240600 206 45 4
74.000000 -132.000000 14.951200 210 49 5
76.000000 -132.000000 14.025900 223 63 8
78.000000 -132.000000 13.715300 228 69 10
80.000000 -132.000000 14.167600 221 61 8
82.000000 -132.000000 14.143900 221 61 8
84.000000 -132.000000 14.988400 210 49 5
86.000000 -132.000000 14.398300 218 57 7
88.000000 -132.000000 13.179600 234 78 13
4.000000 -134.000000 26.053700 122 4 3
6.000000 -134.000000 13.840300 226 67 10
8.000000 -134.000000 10.289200 253 141 39
10.000000 -134.000000 10.603300 252 135 37
12.000000 -134.000000 11.050700 250 123 31
14.000000 -134.000000 9.764530 254 153 44
16.000000 -134.000000 10.951500 251 126 33
18.000000 -134.000000 11.208600 249 120 30
20.000000 -134.000000 11.337700 249 117 29
22.000000 -134.000000 10.630900 252 132 35
24.000000 -134.000000 10.042900 254 147 42
26.000000 -134.000000 11.736000 246 108 25
28.000000 -134.000000 11.685200 246 108 25
30.000000 -134.000000 10.466200 253 138 38
32.000000 -134.000000 10.314200 253 141 39
34.000000 -134.000000 9.887030 254 150 43
36.000000 -134.000000 10.489300 253 138 38
38.000000 -134.000000 11.047900 250 123 31
40.000000 -134.000000 10.506500 252 135 37
42.000000 -134.000000 11.178800 249 120 30
44.000000 -134.000000 12.352200 241 93 19
46.000000 -134.000000 12.449300 240 91 18
48.000000 -134.000000 14.272400 220 59 7
50.000000 -134.000000 14.840900 212 51 5
52.000000 -134.000000 15.331500 204 43 4
54.000000 -134.000000 14.787100 212 51 5
56.000000 -134.000000 14.436700 218 57 7
58.000000 -134.000000 13.039200 235 80 14
60.000000 -134.000000 12.981000 235 80 14
62.000000 -134.000000 13.544900 229 71 11
64.000000 -134.000000 14.056800 223 63 8
66.000000 -134.000000 13.633700 228 69 10
68.000000 -134.000000 13.757700 226 67 10
70.000000 -134.000000 14.435800 218 57 7
72.000000 -134.000000 12.108100 243 99 21
74.000000 -134.000000 11.502800 248 114 28
76.000000 -134.000000 10.839900 251 129 34
78.000000 -134.000000 11.010700 251 126 33
80.000000 -134.000000 12.547300 240 91 18
82.000000 -134.000000 9.917090 254 150 43
84.000000 -134.000000 8.705210 253 174 53
86.000000 -134.000000 10.430400 253 138 38
88.000000 -134.000000 11.969100 244 102 23
8.000000 -136.000000 19.677200 122 4 3
10.000000 -136.000000 20.277800 122 4 3
12.000000 -136.000000 18.755800 129 6 2
14.000000 -136.000000 21.040700 122 4 3
16.000000 -136.000000 19.294700 122 4 3
18.000000 -136.000000 19.235600 122 4 3
20.000000 -136.000000 18.852800 129 6 2
22.000000 -136.000000 18.793200 129 6 2
24.000000 -136.000000 18.413300 139 9 2
26.000000 -136.000000 18.194400 146 11 1
28.000000 -136.000000 17.819000 155 15 1
30.000000 -136.000000 17.917100 152 14 1
32.000000 -136.000000 18.017400 149 13 1
34.000000 -136.000000 17.482600 161 18 1
36.000000 -136.000000 17.269200 167 20 1
38.000000 -136.000000 16.893400 175 24 1
40.000000 -136.000000 16.519100 183 29 2
42.000000 -136.000000 16.464500 183 29 2
44.000000 -136.000000 16.409600 185 30 2
46.000000 -136.000000 16.195800 188 32 2
48.000000 -136.000000 16.291800 188 32 2
50.000000 -136.000000 15.762900 197 38 3
52.000000 -136.000000 15.253200 206 45 4
54.000000 -136.000000 15.037200 208 47 5
56.000000 -136.000000 15.137200 208 47 5
58.000000 -136.000000 14.301100 220 59 7
60.000000 -136.000000 14.410400 218 57 7
62.000000 -136.000000 14.505100 216 55 6
64.000000 -136.000000 14.294500 220 59 7
66.000000 -136.000000 14.381500 218 57 7
68.000000 -136.000000 14.038400 223 63 8
70.000000 -136.000000 13.227900 232 75 12
72.000000 -136.000000 13.322600 232 75 12
74.000000 -136.000000 13.409100 231 73 12
76.000000 -136.000000 13.499000 229 71 11
78.000000 -136.000000 13.004300 235 80 14
80.000000 -136.000000 11.375600 249 117 29
82.000000 -136.000000 13.969800 225 65 9
84.000000 -136.000000 11.811800 245 105 24
86.000000 -136.000000 11.901800 245 105 24
88.000000 -136.000000 11.701200 246 108 25
12.000000 -138.000000 29.817100 122 4 3
14.000000 -138.000000 31.999000 122 4 3
16.000000 -138.000000 29.300300 122 4 3
18.000000 -138.000000 29.757500 122 4 3
20.000000 -138.000000 29.541500 122 4 3
22.000000 -138.000000 27.836400 122 4 3
24.000000 -138.000000 27.664600 122 4 3
26.000000 -138.000000 26.614500 122 4 3
28.000000 -138.000000 26.719100 122 4 3
30.000000 -138.000000 26.627400 122 4 3
32.000000 -138.000000 26.563200 122 4 3
34.000000 -138.000000 26.521600 122 4 3
36.000000 -138.000000 25.847200 122 4 3
38.000000 -138.000000 25.292700 122 4 3
40.000000 -138.000000 24.589500 122 4 3
42.000000 -138.000000 24.520400 122 4 3
44.000000 -138.000000 22.915400 122 4 3
46.000000 -138.000000 22.769700 122 4 3
48.000000 -138.000000 21.702900 122 4 3
50.000000 -138.000000 20.095900 122 4 3
52.000000 -138.000000 18.876300 129 6 2
54.000000 -138.000000 16.774900 178 26 1
56.000000 -138.000000 17.118000 169 22 1
58.000000 -138.000000 17.987800 149 13 1
60.000000 -138.000000 18.254700 142 10 1
62.000000 -138.000000 17.277200 167 20 1
64.000000 -138.000000 17.943300 152 14 1
66.000000 -138.000000 15.931800 193 35 2
68.000000 -138.000000 14.460700 218 57 7
70.000000 -138.000000 14.431900 218 57 7
72.000000 -138.000000 15.672300 197 38 3
74.000000 -138.000000 14.958400 210 49 5
76.000000 -138.000000 12.595400 239 88 17
78.000000 -138.000000 12.390700 241 93 19
80.000000 -138.000000 13.059700 235 80 14
82.000000 -138.000000 12.548800 240 91 18
84.000000 -138.000000 13.306200 232 75 12
86.000000 -138.000000 12.194500 242 96 20
16.000000 -140.000000 18.273700 142 10 1
18.000000 -140.000000 20.219600 122 4 3
20.000000 -140.000000 20.822100 122 4 3
22.000000 -140.000000 20.915000 122 4 3
24.000000 -140.000000 20.879200 122 4 3
26.000000 -140.000000 19.056900 122 4 3
28.000000 -140.000000 18.313500 142 10 1
30.000000 -140.000000 18.119500 146 11 1
32.000000 -140.000000 18.138600 146 11 1
34.000000 -140.000000 18.634000 133 7 2
36.000000 -140.000000 18.825700 129 6 2
38.000000 -140.000000 17.746200 155 15 1
40.000000 -140.000000 17.786300 155 15 1
42.000000 -140.000000 17.572700 161 18 1
44.000000 -140.000000 17.564300 161 18 1
46.000000 -140.000000 17.369200 164 19 1
48.000000 -140.000000 17.281100 167 20 1
50.000000 -140.000000 16.063800 190 33 2
52.000000 -140.000000 16.773300 178 26 1
54.000000 -140.000000 16.488900 183 29 2
56.000000 -140.000000 14.642400 214 53 6
58.000000 -140.000000 14.201100 221 61 8
60.000000 -140.000000 14.155200 221 61 8
62.000000 -140.000000 14.051500 223 63 8
64.000000 -140.000000 13.748400 226 67 10
66.000000 -140.000000 13.553100 229 71 11
68.000000 -140.000000 13.244100 232 75 12
70.000000 -140.000000 12.825400 236 83 15
72.000000 -140.000000 12.957300 235 80 14
74.000000 -140.000000 11.883000 245 105 24
76.000000 -140.000000 11.942700 244 102 23
78.000000 -140.000000 12.268300 242 96 20
80.000000 -140.000000 11.538800 247 111 26
82.000000 -140.000000 10.722000 252 132 35
84.000000 -140.000000 11.032200 250 123 31
86.000000 -140.000000 4.773970 205 236 52
88.000000 -140.000000 4.652700 203 237 52
16.000000 -142.000000 19.438100 122 4 3
18.000000 -142.000000 11.564900 247 111 26
20.000000 -142.000000 8.785910 253 174 53
22.000000 -142.000000 12.833900 236 83 15
24.000000 -142.000000 12.013900 244 102 23
26.000000 -142.000000 10.995600 251 126 33
28.000000 -142.000000 11.895300 245 105 24
30.000000 -142.000000 13.087100 234 78 13
32.000000 -142.000000 11.612100 247 111 26
34.000000 -142.000000 12.129700 243 99 21
36.000000 -142.000000 12.526700 240 91 18
38.000000 -142.000000 11.380600 249 117 29
40.000000 -142.000000 8.642960 252 177 54
42.000000 -142.000000 9.113880 254 167 50
44.000000 -142.000000 9.697510 254 155 45
46.000000 -142.000000 10.564400 252 135 37
48.000000 -142.000000 9.109770 254 167 50
50.000000 -142.000000 8.253950 251 184 56
52.000000 -142.000000 9.160880 254 167 50
54.000000 -142.000000 10.780000 251 129 34
56.000000 -142.000000 9.523890 254 158 47
58.000000 -142.000000 9.064640 254 169 51
60.000000 -142.000000 9.141670 254 167 50
62.000000 -142.000000 10.067300 254 147 42
64.000000 -142.000000 11.728900 246 108 25
66.000000 -142.000000 10.934800 251 126 33
68.000000 -142.000000 10.987200 251 126 33
70.000000 -142.000000 10.352800 253 141 39
72.000000 -142.000000 9.878790 254 150 43
74.000000 -142.000000 9.935980 254 150 43
76.000000 -142.000000 10.046900 254 147 42
78.000000 -142.000000 10.207200 254 144 41
80.000000 -142.000000 9.065320 254 169 51
82.000000 -142.000000 9.170820 254 167 50
84.000000 -142.000000 10.682400 252 132 35
20.000000 -144.000000 17.738100 155 15 1
22.000000 -144.000000 16.185000 188 32 2
24.000000 -144.000000 15.214800 206 45 4
26.000000 -144.000000 14.984100 210 49 5
28.000000 -144.000000 16.031500 193 35 2
30.000000 -144.000000 14.547200 216 55 6
32.000000 -144.000000 14.167800 221 61 8
34.000000 -144.000000 14.100600 223 63 8
36.000000 -144.000000 13.719800 228 69 10
38.000000 -144.000000 13.815800 226 67 10
40.000000 -144.000000 13.753600 226 67 10
42.000000 -144.000000 13.377800 231 73 12
44.000000 -144.000000 13.005900 235 80 14
46.000000 -144.000000 12.788400 237 85 16
48.000000 -144.000000 12.880800 236 83 15
50.000000 -144.000000 12.659800 239 88 17
52.000000 -144.000000 12.445600 240 91 18
54.000000 -144.000000 12.231300 242 96 20
56.000000 -144.000000 11.709900 246 108 25
58.000000 -144.000000 11.960600 244 102 23
60.000000 -144.000000 11.739400 246 108 25
62.000000 -144.000000 11.375900 249 117 29
64.000000 -144.000000 11.776600 246 108 25
66.000000 -144.000000 11.686300 246 108 25
68.000000 -144.000000 11.633200 247 111 26
70.000000 -144.000000 12.185300 242 96 20
72.000000 -144.000000 11.682500 246 108 25
74.000000 -144.000000 12.015000 244 102 23
76.000000 -144.000000 11.678800 246 108 25
78.000000 -144.000000 11.322800 249 117 29
80.000000 -144.000000 11.474500 248 114 28
82.000000 -144.000000 9.874510 254 150 43
84.000000 -144.000000 7.903100 248 190 57
22.000000 -146.000000 18.312100 142 10 1
24.000000 -146.000000 23.810300 122 4 3
26.000000 -146.000000 23.828300 122 4 3
28.000000 -146.000000 26.402500 122 4 3
30.000000 -146.000000 24.070300 122 4 3
32.000000 -146.000000 24.202600 122 4 3
34.000000 -146.000000 23.400200 122 4 3
36.000000 -146.000000 23.002800 122 4 3
38.000000 -146.000000 23.267600 122 4 3
40.000000 -146.000000 21.909000 122 4 3
42.000000 -146.000000 21.590600 122 4 3
44.000000 -146.000000 21.186700 122 4 3
46.000000 -146.000000 20.968100 122 4 3
48.000000 -146.000000 20.750100 122 4 3
50.000000 -146.000000 20.204800 122 4 3
52.000000 -146.000000 19.406000 122 4 3
54.000000 -146.000000 19.686500 122 4 3
56.000000 -146.000000 18.338000 142 10 1
58.000000 -146.000000 16.018500 193 35 2
60.000000 -146.000000 15.691700 197 38 3
62.000000 -146.000000 14.901500 210 49 5
64.000000 -146.000000 15.009900 210 49 5
66.000000 -146.000000 15.373500 204 43 4
68.000000 -146.000000 14.083600 223 63 8
70.000000 -146.000000 13.213900 232 75 12
72.000000 -146.000000 12.864600 236 83 15
74.000000 -146.000000 12.917900 236 83 15
76.000000 -146.000000 13.349500 231 73 12
78.000000 -146.000000 12.235300 242 96 20
80.000000 -146.000000 11.477100 248 114 28
82.000000 -146.000000 13.423400 231 73 12
32.000000 -148.000000 17.017100 172 23 1
34.000000 -148.000000 18.138300 146 11 1
36.000000 -148.000000 17.711000 158 16 1
38.000000 -148.000000 17.283800 167 20 1
40.000000 -148.000000 17.340600 164 19 1
42.000000 -148.000000 16.075300 190 33 2
44.000000 -148.000000 15.771000 197 38 3
46.000000 -148.000000 15.497000 202 42 4
48.000000 -148.000000 15.135800 208 47 5
50.000000 -148.000000 15.371800 204 43 4
52.000000 -148.000000 15.204100 206 45 4
54.000000 -148.000000 13.466900 229 71 11
56.000000 -148.000000 13.354800 231 73 12
58.000000 -148.000000 14.241100 220 59 7
60.000000 -148.000000 12.962500 235 80 14
62.000000 -148.000000 12.759300 237 85 16
64.000000 -148.000000 12.488900 240 91 18
66.000000 -148.000000 12.096200 243 99 21
68.000000 -148.000000 11.234900 249 120 30
70.000000 -148.000000 10.223600 254 144 41
72.000000 -148.000000 9.489890 254 158 47
74.000000 -148.000000 8.819960 253 174 53
76.000000 -148.000000 9.387780 254 161 48
78.000000 -148.000000 10.113000 254 147 42
80.000000 -148.000000 22.301900 122 4 3
82.000000 -148.000000 -0.382837 78 249 125
82.000000 -150.000000 11.149500 249 120 30
-256.000000 112.000000 -21.990700 150 150 150
-250.000000 112.000000 -21.990700 150 150 150
-244.000000 112.000000 -21.990700 150 150 150
-238.000000 112.000000 -21.990700 150 150 150
-232.000000 112.000000 -21.990700 150 150 150
-226.000000 112.000000 -21.990700 150 150 150
-220.000000 112.000000 -21.990700 150 150 150
-214.000000 112.000000 -21.990700 150 150 150
-208.000000 112.000000 -21.990700 150 150 150
-202.000000 112.000000 -21.990700 150 150 150
-196.000000 112.000000 -21.990700 150 150 150
-190.000000 112.000000 -21.990700 150 150 150
-184.000000 112.000000 -21.990700 150 150 150
-178.000000 112.000000 -21.990700 150 150 150
-172.000000 112.000000 -21.990700 150 150 150
-166.000000 112.000000 -21.990700 150 150 150
-160.000000 112.000000 -21.990700 150 150 150
-154.000000 112.000000 -21.990700 150 150 150
-148.000000 112.000000 -21.990700 150 150 150
-142.000000 112.000000 -21.990700 150 150 150
-136.000000 112.000000 -21.990700 150 150 150
-130.000000 112.000000 -21.990700 150 150 150
-124.000000 112.000000 -21.990700 150 150 150
-118.000000 112.000000 -21.990700 150 150 150
-112.000000 112.000000 -21.990700 150 150 150
-106.000000 112.000000 -21.990700 150 150 150
-100.000000 112.000000 -21.990700 150 150 150
-94.000000 112.000000 -21.990700 150 150 150
-88.000000 112.000000 -21.990700 150 150 150
-82.000000 112.000000 -21.990700 150 150 150
-76.000000 112.000000 -21.990700 150 150 150
-70.000000 112.000000 -21.990700 150 150 150
-64.000000 112.000000 -21.990700 150 150 150
-58.000000 112.000000 -21.990700 150 150 150
-52.000000 112.000000 -21.990700 150 150 150
-46.000000 112.000000 -21.990700 150 150 150
-40.000000 112.000000 -21.990700 150 150 150
-34.000000 112.000000 -21.990700 150 150 150
-28.000000 112.000000 -21.990700 150 150 150
-22.000000 112.000000 -21.990700 150 150 150
-16.000000 112.000000 -21.990700 150 150 150
-10.000000 112.000000 -21.990700 150 150 150
-4.000000 112.000000 -21.990700 150 150 150
2.000000 112.000000 -21.990700 150 150 150
8.000000 112.000000 -21.990700 150 150 150
14.000000 112.000000 -21.990700 150 150 150
20.000000 112.000000 -21.990700 150 150 150
26.000000 112.000000 -21.990700 150 150 150
32.000000 112.000000 -21.990700 150 150 150
38.000000 112.000000 -21.990700 150 150 150
44.000000 112.000000 -21.990700 150 150 150
50.000000 112.000000 -21.990700 150 150 150
56.000000 112.000000 -21.990700 150 150 150
62.000000 112.000000 -21.990700 150 150 150
68.000000 112.000000 -21.990700 150 150 150
74.000000 112.000000 -21.990700 150 150 150
80.000000 112.000000 -21.990700 150 150 150
86.000000 112.000000 -21.990700 150 150 150
92.000000 112.000000 -21.990700 150 150 150
98.000000 112.000000 -21.990700 150 150 150
104.000000 112.000000 -21.990700 150 150 150
110.000000 112.000000 -21.990700 150 150 150
116.000000 112.000000 -21.990700 150 150 150
122.000000 112.000000 -21.990700 150 150 150
128.000000 112.000000 -21.990700 150 150 150
134.000000 112.000000 -21.990700 150 150 150
140.000000 112.000000 -21.990700 150 150 150
146.000000 112.000000 -21.990700 150 150 150
152.000000 112.000000 -21.990700 150 150 150
158.000000 112.000000 -21.990700 150 150 150
164.000000 112.000000 -21.990700 150 150 150
170.000000 112.000000 -21.990700 150 150 150
176.000000 112.000000 -21.990700 150 150 150
182.000000 112.000000 -21.990700 150 150 150
188.000000 112.000000 -21.990700 150 150 150
194.000000 112.000000 -21.990700 150 150 150
-256.000000 106.000000 -21.990700 150 150 150
-250.000000 106.000000 -21.990700 150 150 150
-244.000000 106.000000 -21.990700 150 150 150
-238.000000 106.000000 -21.990700 150 150 150
-232.000000 106.000000 -21.990700 150 150 150
-226.000000 106.000000 -21.990700 150 150 150
-220.000000 106.000000 -21.990700 150 150 150
-214.000000 106.000000 -21.990700 150 150 150
-208.000000 106.000000 -21.990700 150 150 150
-202.000000 106.000000 -21.990700 150 150 150
-196.000000 106.000000 -21.990700 150 150 150
-190.000000 106.000000 -21.990700 150 150 150
-184.000000 106.000000 -21.990700 150 150 150
-178.000000 106.000000 -21.990700 150 150 150
-172.000000 106.000000 -21.990700 150 150 150
-166.000000 106.000000 -21.990700 150 150 150
-160.000000 106.000000 -21.990700 150 150 150
-154.000000 106.000000 -21.990700 150 150 150
-148.000000 106.000000 -21.990700 150 150 150
-142.000000 106.000000 -21.990700 150 150 150
-136.000000 106.000000 -21.990700 150 150 150
-58.000000 106.000000 -21.990700 150 150 150
-52.000000 106.000000 -21.990700 150 150 150
-46.000000 106.000000 -21.990700 150 150 150
-40.000000 106.000000 -21.990700 150 150 150
-34.000000 106.000000 -21.990700 150 150 150
-28.000000 106.000000 -21.990700 150 150 150
-22.000000 106.000000 -21.990700 150 150 150
-16.000000 106.000000 -21.990700 150 150 150
-10.000000 106.000000 -21.990700 150 150 150
-4.000000 106.000000 -21.990700 150 150 150
2.000000 106.000000 -21.990700 150 150 150
8.000000 106.000000 -21.990700 150 150 150
14.000000 106.000000 -21.990700 150 150 150
20.000000 106.000000 -21.990700 150 150 150
26.000000 106.000000 -21.990700 150 150 150
32.000000 106.000000 -21.990700 150 150 150
38.000000 106.000000 -21.990700 150 150 150
44.000000 106.000000 -21.990700 150 150 150
50.000000 106.000000 -21.990700 150 150 150
56.000000 106.000000 -21.990700 150 150 150
62.000000 106.000000 -21.990700 150 150 150
68.000000 106.000000 -21.990700 150 150 150
74.000000 106.000000 -21.990700 150 150 150
80.000000 106.000000 -21.990700 150 150 150
86.000000 106.000000 -21.990700 150 150 150
92.000000 106.000000 -21.990700 150 150 150
98.000000 106.000000 -21.990700 150 150 150
104.000000 106.000000 -21.990700 150 150 150
110.000000 106.000000 -21.990700 150 150 150
116.000000 106.000000 -21.990700 150 150 150
122.000000 106.000000 -21.990700 150 150 150
128.000000 106.000000 -21.990700 150 150 150
134.000000 106.000000 -21.990700 150 150 150
140.000000 106.000000 -21.990700 150 150 150
146.000000 106.000000 -21.990700 150 150 150
152.000000 106.000000 -21.990700 150 150 150
158.000000 106.000000 -21.990700 150 150 150
164.000000 106.000000 -21.990700 150 150 150
170.000000 106.000000 -21.990700 150 150 150
176.000000 106.000000 -21.990700 150 150 150
182.000000 106.000000 -21.990700 150 150 150
188.000000 106.000000 -21.990700 150 150 150
194.000000 106.000000 -21.990700 150 150 150
-256.000000 100.000000 -21.990700 150 150 150
-250.000000 100.000000 -21.990700 150 150 150
-244.000000 100.000000 -21.990700 150 150 150
-238.000000 100.000000 -21.990700 150 150 150
-232.000000 100.000000 -21.990700 150 150 150
-226.000000 100.000000 -21.990700 150 150 150
-220.000000 100.000000 -21.990700 150 150 150
-214.000000 100.000000 -21.990700 150 150 150
-208.000000 100.000000 -21.990700 150 150 150
-202.000000 100.000000 -21.990700 150 150 150
-196.000000 100.000000 -21.990700 150 150 150
-190.000000 100.000000 -21.990700 150 150 150
-184.000000 100.000000 -21.990700 150 150 150
-178.000000 100.000000 -21.990700 150 150 150
-172.000000 100.000000 -21.990700 150 150 150
-166.000000 100.000000 -21.990700 150 150 150
-160.000000 100.000000 -21.990700 150 150 150
-154.000000 100.000000 -21.990700 150 150 150
-148.000000 100.000000 -21.990700 150 150 150
-142.000000 100.000000 -21.990700 150 150 150
-28.000000 100.000000 -21.990700 150 150 150
-22.000000 100.000000 -21.990700 150 150 150
-16.000000 100.000000 -21.990700 150 150 150
-10.000000 100.000000 -21.990700 150 150 150
-4.000000 100.000000 -21.990700 150 150 150
2.000000 100.000000 -21.990700 150 150 150
8.000000 100.000000 -21.990700 150 150 150
14.000000 100.000000 -21.990700 150 150 150
20.000000 100.000000 -21.990700 150 150 150
26.000000 100.000000 -21.990700 150 150 150
32.000000 100.000000 -21.990700 150 150 150
38.000000 100.000000 -21.990700 150 150 150
44.000000 100.000000 -21.990700 150 150 150
50.000000 100.000000 -21.990700 150 150 150
56.000000 100.000000 -21.990700 150 150 150
62.000000 100.000000 -21.990700 150 150 150
68.000000 100.000000 -21.990700 150 150 150
74.000000 100.000000 -21.990700 150 150 150
80.000000 100.000000 -21.990700 150 150 150
86.000000 100.000000 -21.990700 150 150 150
92.000000 100.000000 -21.990700 150 150 150
98.000000 100.000000 -21.990700 150 150 150
104.000000 100.000000 -21.990700 150 150 150
110.000000 100.000000 -21.990700 150 150 150
116.000000 100.000000 -21.990700 150 150 150
122.000000 100.000000 -21.990700 150 150 150
128.000000 100.000000 -21.990700 150 150 150
134.000000 100.000000 -21.990700 150 150 150
140.000000 100.000000 -21.990700 150 150 150
146.000000 100.000000 -21.990700 150 150 150
152.000000 100.000000 -21.990700 150 150 150
158.000000 100.000000 -21.990700 150 150 150
164.000000 100.000000 -21.990700 150 150 150
170.000000 100.000000 -21.990700 150 150 150
176.000000 100.000000 -21.990700 150 150 150
182.000000 100.000000 -21.990700 150 150 150
188.000000 100.000000 -21.990700 150 150 150
194.000000 100.000000 -21.990700 150 150 150
-256.000000 94.000000 -21.990700 150 150 150
-250.000000 94.000000 -21.990700 150 150 150
-244.000000 94.000000 -21.990700 150 150 150
-238.000000 94.000000 -21.990700 150 150 150
-232.000000 94.000000 -21.990700 150 150 150
-226.000000 94.000000 -21.990700 150 150 150
-220.000000 94.000000 -21.990700 150 150 150
-214.000000 94.000000 -21.990700 150 150 150
-208.000000 94.000000 -21.990700 150 150 150
-202.000000 94.000000 -21.990700 150 150 150
-196.000000 94.000000 -21.990700 150 150 150
-190.000000 94.000000 -21.990700 150 150 150
-184.000000 94.000000 -21.990700 150 150 150
-178.000000 94.000000 -21.990700 150 150 150
-172.000000 94.000000 -21.990700 150 150 150
-166.000000 94.000000 -21.990700 150 150 150
-160.000000 94.000000 -21.990700 150 150 150
-154.000000 94.000000 -21.990700 150 150 150
-148.000000 94.000000 -21.990700 150 150 150
14.000000 94.000000 -21.990700 150 150 150
20.000000 94.000000 -21.990700 150 150 150
26.000000 94.000000 -21.990700 150 150 150
32.000000 94.000000 -21.990700 150 150 150
38.000000 94.000000 -21.990700 150 150 150
44.000000 94.000000 -21.990700 150 150 150
50.000000 94.000000 -21.990700 150 150 150
56.000000 94.000000 -21.990700 150 150 150
62.000000 94.000000 -21.990700 150 150 150
68.000000 94.000000 -21.990700 150 150 150
74.000000 94.000000 -21.990700 150 150 150
80.000000 94.000000 -21.990700 150 150 150
86.000000 94.000000 -21.990700 150 150 150
92.000000 94.000000 -21.990700 150 150 150
98.000000 94.000000 -21.990700 150 150 150
104.000000 94.000000 -21.990700 150 150 150
110.000000 94.000000 -21.990700 150 150 150
116.000000 94.000000 -21.990700 150 150 150
122.000000 94.000000 -21.990700 150 150 150
128.000000 94.000000 -21.990700 150 150 150
134.000000 94.000000 -21.990700 150 150 150
140.000000 94.000000 -21.990700 150 150 150
146.000000 94.000000 -21.990700 150 150 150
152.000000 94.000000 -21.990700 150 150 150
158.000000 94.000000 -21.990700 150 150 150
164.000000 94.000000 -21.990700 150 150 150
170.000000 94.000000 -21.990700 150 150 150
176.000000 94.000000 -21.990700 150 150 150
182.000000 94.000000 -21.990700 150 150 150
188.000000 94.000000 -21.990700 150 150 150
194.000000 94.000000 -21.990700 150 150 150
-256.000000 88.000000 -21.990700 150 150 150
-250.000000 88.000000 -21.990700 150 150 150
-244.000000 88.000000 -21.990700 150 150 150
-238.000000 88.000000 -21.990700 150 150 150
-232.000000 88.000000 -21.990700 150 150 150
-226.000000 88.000000 -21.990700 150 150 150
-220.000000 88.000000 -21.990700 150 150 150
-214.000000 88.000000 -21.990700 150 150 150
-208.000000 88.000000 -21.990700 150 150 150
-202.000000 88.000000 -21.990700 150 150 150
-196.000000 88.000000 -21.990700 150 150 150
-190.000000 88.000000 -21.990700 150 150 150
-184.000000 88.000000 -21.990700 150 150 150
-178.000000 88.000000 -21.990700 150 150 150
-172.000000 88.000000 -21.990700 150 150 150
-166.000000 88.000000 -21.990700 150 150 150
-160.000000 88.000000 -21.990700 150 150 150
38.000000 88.000000 -21.990700 150 150 150
44.000000 88.000000 -21.990700 150 150 150
50.000000 88.000000 -21.990700 150 150 150
56.000000 88.000000 -21.990700 150 150 150
62.000000 88.000000 -21.990700 150 150 150
68.000000 88.000000 -21.990700 150 150 150
74.000000 88.000000 -21.990700 150 150 150
80.000000 88.000000 -21.990700 150 150 150
86.000000 88.000000 -21.990700 150 150 150
92.000000 88.000000 -21.990700 150 150 150
98.000000 88.000000 -21.990700 150 150 150
104.000000 88.000000 -21.990700 150 150 150
110.000000 88.000000 -21.990700 150 150 150
116.000000 88.000000 -21.990700 150 150 150
122.000000 88.000000 -21.990700 150 150 150
128.000000 88.000000 -21.990700 150 150 150
134.000000 88.000000 -21.990700 150 150 150
140.000000 88.000000 -21.990700 150 150 150
146.000000 88.000000 -21.990700 150 150 150
152.000000 88.000000 -21.990700 150 150 150
158.000000 88.000000 -21.990700 150 150 150
164.000000 88.000000 -21.990700 150 150 150
170.000000 88.000000 -21.990700 150 150 150
176.000000 88.000000 -21.990700 150 150 150
182.000000 88.000000 -21.990700 150 150 150
188.000000 88.000000 -21.990700 150 150 150
194.000000 88.000000 -21.990700 150 150 150
-256.000000 82.000000 -21.990700 150 150 150
-250.000000 82.000000 -21.990700 150 150 150
-244.000000 82.000000 -21.990700 150 150 150
-238.000000 82.000000 -21.990700 150 150 150
-232.000000 82.000000 -21.990700 150 150 150
-226.000000 82.000000 -21.990700 150 150 150
-220.000000 82.000000 -21.990700 150 150 150
-214.000000 82.000000 -21.990700 150 150 150
-208.000000 82.000000 -21.990700 150 150 150
-202.000000 82.000000 -21.990700 150 150 150
-196.000000 82.000000 -21.990700 150 150 150
-190.000000 82.000000 -21.990700 150 150 150
-184.000000 82.000000 -21.990700 150 150 150
-178.000000 82.000000 -21.990700 150 150 150
-172.000000 82.000000 -21.990700 150 150 150
-166.000000 82.000000 -21.990700 150 150 150
62.000000 82.000000 -21.990700 150 150 150
68.000000 82.000000 -21.990700 150 150 150
74.000000 82.000000 -21.990700 150 150 150
80.000000 82.000000 -21.990700 150 150 150
86.000000 82.000000 -21.990700 150 150 150
92.000000 82.000000 -21.990700 150 150 150
98.000000 82.000000 -21.990700 150 150 150
104.000000 82.000000 -21.990700 150 150 150
110.000000 82.000000 -21.990700 150 150 150
116.000000 82.000000 -21.990700 150 150 150
122.000000 82.000000 -21.990700 150 150 150
128.000000 82.000000 -21.990700 150 150 150
134.000000 82.000000 -21.990700 150 150 150
140.000000 82.000000 -21.990700 150 150 150
146.000000 82.000000 -21.990700 150 150 150
152.000000 82.000000 -21.990700 150 150 150
158.000000 82.000000 -21.990700 150 150 150
164.000000 82.000000 -21.990700 150 150 150
170.000000 82.000000 -21.990700 150 150 150
176.000000 82.000000 -21.990700 150 150 150
182.000000 82.000000 -21.990700 150 150 150
188.000000 82.000000 -21.990700 150 150 150
194.000000 82.000000 -21.990700 150 150 150
-256.000000 76.000000 -21.990700 150 150 150
-250.000000 76.000000 -21.990700 150 150 150
-244.000000 76.000000 -21.990700 150 150 150
-238.000000 76.000000 -21.990700 150 150 150
-232.000000 76.000000 -21.990700 150 150 150
-226.000000 76.000000 -21.990700 150 150 150
-220.000000 76.000000 -21.990700 150 150 150
-214.000000 76.000000 -21.990700 150 150 150
-208.000000 76.000000 -21.990700 150 150 150
-202.000000 76.000000 -21.990700 150 150 150
-196.000000 76.000000 -21.990700 150 150 150
-190.000000 76.000000 -21.990700 150 150 150
-184.000000 76.000000 -21.990700 150 150 150
-178.000000 76.000000 -21.990700 150 150 150
80.000000 76.000000 -21.990700 150 150 150
86.000000 76.000000 -21.990700 150 150 150
92.000000 76.000000 -21.990700 150 150 150
98.000000 76.000000 -21.990700 150 150 150
104.000000 76.000000 -21.990700 150 150 150
110.000000 76.000000 -21.990700 150 150 150
116.000000 76.000000 -21.990700 150 150 150
122.000000 76.000000 -21.990700 150 150 150
128.000000 76.000000 -21.990700 150 150 150
134.000000 76.000000 -21.990700 150 150 150
140.000000 76.000000 -21.990700 150 150 150
146.000000 76.000000 -21.990700 150 150 150
152.000000 76.000000 -21.990700 150 150 150
158.000000 76.000000 -21.990700 150 150 150
164.000000 76.000000 -21.990700 150 150 150
170.000000 76.000000 -21.990700 150 150 150
176.000000 76.000000 -21.990700 150 150 150
182.000000 76.000000 -21.990700 150 150 150
188.000000 76.000000 -21.990700 150 150 150
194.000000 76.000000 -21.990700 150 150 150
-256.000000 70.000000 -21.990700 150 150 150
-250.000000 70.000000 -21.990700 150 150 150
-244.000000 70.000000 -21.990700 150 150 150
-238.000000 70.000000 -21.990700 150 150 150
-232.000000 70.000000 -21.990700 150 150 150
-226.000000 70.000000 -21.990700 150 150 150
-220.000000 70.000000 -21.990700 150 150 150
-214.000000 70.000000 -21.990700 150 150 150
-208.000000 70.000000 -21.990700 150 150 150
-202.000000 70.000000 -21.990700 150 150 150
-196.000000 70.000000 -21.990700 150 150 150
-190.000000 70.000000 -21.990700 150 150 150
-184.000000 70.000000 -21.990700 150 150 150
110.000000 70.000000 -21.990700 150 150 150
116.000000 70.000000 -21.990700 150 150 150
122.000000 70.000000 -21.990700 150 150 150
128.000000 70.000000 -21.990700 150 150 150
134.000000 70.000000 -21.990700 150 150 150
140.000000 70.000000 -21.990700 150 150 150
146.000000 70.000000 -21.990700 150 150 150
152.000000 70.000000 -21.990700 150 150 150
158.000000 70.000000 -21.990700 150 150 150
164.000000 70.000000 -21.990700 150 150 150
170.000000 70.000000 -21.990700 150 150 150
176.000000 70.000000 -21.990700 150 150 150
182.000000 70.000000 -21.990700 150 150 150
188.000000 70.000000 -21.990700 150 150 150
194.000000 70.000000 -21.990700 150 150 150
-256.000000 64.000000 -21.990700 150 150 150
-250.000000 64.000000 -21.990700 150 150 150
-244.000000 64.000000 -21.990700 150 150 150
-238.000000 64.000000 -21.990700 150 150 150
-232.000000 64.000000 -21.990700 150 150 150
-226.000000 64.000000 -21.990700 150 150 150
-220.000000 64.000000 -21.990700 150 150 150
-214.000000 64.000000 -21.990700 150 150 150
-208.000000 64.000000 -21.990700 150 150 150
-202.000000 64.000000 -21.990700 150 150 150
-196.000000 64.000000 -21.990700 150 150 150
128.000000 64.000000 -21.990700 150 150 150
134.000000 64.000000 -21.990700 150 150 150
140.000000 64.000000 -21.990700 150 150 150
146.000000 64.000000 -21.990700 150 150 150
152.000000 64.000000 -21.990700 150 150 150
158.000000 64.000000 -21.990700 150 150 150
164.000000 64.000000 -21.990700 150 150 150
170.000000 64.000000 -21.990700 150 150 150
176.000000 64.000000 -21.990700 150 150 150
182.000000 64.000000 -21.990700 150 150 150
188.000000 64.000000 -21.990700 150 150 150
194.000000 64.000000 -21.990700 150 150 150
-256.000000 58.000000 -21.990700 150 150 150
-250.000000 58.000000 -21.990700 150 150 150
-244.000000 58.000000 -21.990700 150 150 150
-238.000000 58.000000 -21.990700 150 150 150
-232.000000 58.000000 -21.990700 150 150 150
-226.000000 58.000000 -21.990700 150 150 150
-220.000000 58.000000 -21.990700 150 150 150
-214.000000 58.000000 -21.990700 150 150 150
-208.000000 58.000000 -21.990700 150 150 150
-202.000000 58.000000 -21.990700 150 150 150
146.000000 58.000000 -21.990700 150 150 150
152.000000 58.000000 -21.990700 150 150 150
158.000000 58.000000 -21.990700 150 150 150
164.000000 58.000000 -21.990700 150 150 150
170.000000 58.000000 -21.990700 150 150 150
176.000000 58.000000 -21.990700 150 150 150
182.000000 58.000000 -21.990700 150 150 150
188.000000 58.000000 -21.990700 150 150 150
194.000000 58.000000 -21.990700 150 150 150
-256.000000 52.000000 -21.990700 150 150 150
-250.000000 52.000000 -21.990700 150 150 150
-244.000000 52.000000 -21.990700 150 150 150
-238.000000 52.000000 -21.990700 150 150 150
-232.000000 52.000000 -21.990700 150 150 150
-226.000000 52.000000 -21.990700 150 150 150
-220.000000 52.000000 -21.990700 150 150 150
-214.000000 52.000000 -21.990700 150 150 150
170.000000 52.000000 -21.990700 150 150 150
176.000000 52.000000 -21.990700 150 150 150
182.000000 52.000000 -21.990700 150 150 150
188.000000 52.000000 -21.990700 150 150 150
194.000000 52.000000 -21.990700 150 150 150
-256.000000 46.000000 -21.990700 150 150 150
-250.000000 46.000000 -21.990700 150 150 150
-244.000000 46.000000 -21.990700 150 150 150
-238.000000 46.000000 -21.990700 150 150 150
-232.000000 46.000000 -21.990700 150 150 150
-226.000000 46.000000 -21.990700 150 150 150
-220.000000 46.000000 -21.990700 150 150 150
182.000000 46.000000 -21.990700 150 150 150
188.000000 46.000000 -21.990700 150 150 150
194.000000 46.000000 -21.990700 150 150 150
-256.000000 40.000000 -21.990700 150 150 150
-250.000000 40.000000 -21.990700 150 150 150
-244.000000 40.000000 -21.990700 150 150 150
-238.000000 40.000000 -21.990700 150 150 150
-232.000000 40.000000 -21.990700 150 150 150
-226.000000 40.000000 -21.990700 150 150 150
182.000000 40.000000 -21.990700 150 150 150
188.000000 40.000000 -21.990700 150 150 150
194.000000 40.000000 -21.990700 150 150 150
-256.000000 34.000000 -21.990700 150 150 150
-250.000000 34.000000 -21.990700 150 150 150
-244.000000 34.000000 -21.990700 150 150 150
-238.000000 34.000000 -21.990700 150 150 150
182.000000 34.000000 -21.990700 150 150 150
188.000000 34.000000 -21.990700 150 150 150
194.000000 34.000000 -21.990700 150 150 150
-256.000000 28.000000 -21.990700 150 150 150
-250.000000 28.000000 -21.990700 150 150 150
-244.000000 28.000000 -21.990700 150 150 150
182.000000 28.000000 -21.990700 150 150 150
188.000000 28.000000 -21.990700 150 150 150
194.000000 28.000000 -21.990700 150 150 150
-256.000000 22.000000 -21.990700 150 150 150
-250.000000 22.000000 -21.990700 150 150 150
-244.000000 22.000000 -21.990700 150 150 150
176.000000 22.000000 -21.990700 150 150 150
182.000000 22.000000 -21.990700 150 150 150
188.000000 22.000000 -21.990700 150 150 150
194.000000 22.000000 -21.990700 150 150 150
-256.000000 16.000000 -21.990700 150 150 150
-250.000000 16.000000 -21.990700 150 150 150
-244.000000 16.000000 -21.990700 150 150 150
-238.000000 16.000000 -21.990700 150 150 150
170.000000 16.000000 -21.990700 150 150 150
176.000000 16.000000 -21.990700 150 150 150
182.000000 16.000000 -21.990700 150 150 150
188.000000 16.000000 -21.990700 150 150 150
194.000000 16.000000 -21.990700 150 150 150
-256.000000 10.000000 -21.990700 150 150 150
-250.000000 10.000000 -21.990700 150 150 150
-244.000000 10.000000 -21.990700 150 150 150
-238.000000 10.000000 -21.990700 150 150 150
-232.000000 10.000000 -21.990700 150 150 150
170.000000 10.000000 -21.990700 150 150 150
176.000000 10.000000 -21.990700 150 150 150
182.000000 10.000000 -21.990700 150 150 150
188.000000 10.000000 -21.990700 150 150 150
194.000000 10.000000 -21.990700 150 150 150
-256.000000 4.000000 -21.990700 150 150 150
-250.000000 4.000000 -21.990700 150 150 150
-244.000000 4.000000 -21.990700 150 150 150
-238.000000 4.000000 -21.990700 150 150 150
-232.000000 4.000000 -21.990700 150 150 150
-226.000000 4.000000 -21.990700 150 150 150
-220.000000 4.000000 -21.990700 150 150 150
170.000000 4.000000 -21.990700 150 150 150
176.000000 4.000000 -21.990700 150 150 150
182.000000 4.000000 -21.990700 150 150 150
188.000000 4.000000 -21.990700 150 150 150
194.000000 4.000000 -21.990700 150 150 150
-256.000000 -2.000000 -21.990700 150 150 150
-250.000000 -2.000000 -21.990700 150 150 150
-244.000000 -2.000000 -21.990700 150 150 150
-238.000000 -2.000000 -21.990700 150 150 150
-232.000000 -2.000000 -21.990700 150 150 150
-226.000000 -2.000000 -21.990700 150 150 150
-220.000000 -2.000000 -21.990700 150 150 150
-214.000000 -2.000000 -21.990700 150 150 150
170.000000 -2.000000 -21.990700 150 150 150
176.000000 -2.000000 -21.990700 150 150 150
182.000000 -2.000000 -21.990700 150 150 150
188.000000 -2.000000 -21.990700 150 150 150
194.000000 -2.000000 -21.990700 150 150 150
-256.000000 -8.000000 -21.990700 150 150 150
-250.000000 -8.000000 -21.990700 150 150 150
-244.000000 -8.000000 -21.990700 150 150 150
-238.000000 -8.000000 -21.990700 150 150 150
-232.000000 -8.000000 -21.990700 150 150 150
-226.000000 -8.000000 -21.990700 150 150 150
-220.000000 -8.000000 -21.990700 150 150 150
-214.000000 -8.000000 -21.990700 150 150 150
-208.000000 -8.000000 -21.990700 150 150 150
164.000000 -8.000000 -21.990700 150 150 150
170.000000 -8.000000 -21.990700 150 150 150
176.000000 -8.000000 -21.990700 150 150 150
182.000000 -8.000000 -21.990700 150 150 150
188.000000 -8.000000 -21.990700 150 150 150
194.000000 -8.000000 -21.990700 150 150 150
-256.000000 -14.000000 -21.990700 150 150 150
-250.000000 -14.000000 -21.990700 150 150 150
-244.000000 -14.000000 -21.990700 150 150 150
-238.000000 -14.000000 -21.990700 150 150 150
-232.000000 -14.000000 -21.990700 150 150 150
-226.000000 -14.000000 -21.990700 150 150 150
-220.000000 -14.000000 -21.990700 150 150 150
-214.000000 -14.000000 -21.990700 150 150 150
-208.000000 -14.000000 -21.990700 150 150 150
-202.000000 -14.000000 -21.990700 150 150 150
-196.000000 -14.000000 -21.990700 150 150 150
158.000000 -14.000000 -21.990700 150 150 150
164.000000 -14.000000 -21.990700 150 150 150
170.000000 -14.000000 -21.990700 150 150 150
176.000000 -14.000000 -21.990700 150 150 150
182.000000 -14.000000 -21.990700 150 150 150
188.000000 -14.000000 -21.990700 150 150 150
194.000000 -14.000000 -21.990700 150 150 150
-256.000000 -20.000000 -21.990700 150 150 150
-250.000000 -20.000000 -21.990700 150 150 150
-244.000000 -20.000000 -21.990700 150 150 150
-238.000000 -20.000000 -21.990700 150 150 150
-232.000000 -20.000000 -21.990700 150 150 150
-226.000000 -20.000000 -21.990700 150 150 150
-220.000000 -20.000000 -21.990700 150 150 150
-214.000000 -20.000000 -21.990700 150 150 150
-208.000000 -20.000000 -21.990700 150 150 150
-202.000000 -20.000000 -21.990700 150 150 150
-196.000000 -20.000000 -21.990700 150 150 150
-190.000000 -20.000000 -21.990700 150 150 150
158.000000 -20.000000 -21.990700 150 150 150
164.000000 -20.000000 -21.990700 150 150 150
170.000000 -20.000000 -21.990700 150 150 150
176.000000 -20.000000 -21.990700 150 150 150
182.000000 -20.000000 -21.990700 150 150 150
188.000000 -20.000000 -21.990700 150 150 150
194.000000 -20.000000 -21.990700 150 150 150
-256.000000 -26.000000 -21.990700 150 150 150
-250.000000 -26.000000 -21.990700 150 150 150
-244.000000 -26.000000 -21.990700 150 150 150
-238.000000 -26.000000 -21.990700 150 150 150
-232.000000 -26.000000 -21.990700 150 150 150
-226.000000 -26.000000 -21.990700 150 150 150
-220.000000 -26.000000 -21.990700 150 150 150
-214.000000 -26.000000 -21.990700 150 150 150
-208.000000 -26.000000 -21.990700 150 150 150
-202.000000 -26.000000 -21.990700 150 150 150
-196.000000 -26.000000 -21.990700 150 150 150
-190.000000 -26.000000 -21.990700 150 150 150
-184.000000 -26.000000 -21.990700 150 150 150
-178.000000 -26.000000 -21.990700 150 150 150
152.000000 -26.000000 -21.990700 150 150 150
158.000000 -26.000000 -21.990700 150 150 150
164.000000 -26.000000 -21.990700 150 150 150
170.000000 -26.000000 -21.990700 150 150 150
176.000000 -26.000000 -21.990700 150 150 150
182.000000 -26.000000 -21.990700 150 150 150
188.000000 -26.000000 -21.990700 150 150 150
194.000000 -26.000000 -21.990700 150 150 150
-256.000000 -32.000000 -21.990700 150 150 150
-250.000000 -32.000000 -21.990700 150 150 150
-244.000000 -32.000000 -21.990700 150 150 150
-238.000000 -32.000000 -21.990700 150 150 150
-232.000000 -32.000000 -21.990700 150 150 150
-226.000000 -32.000000 -21.990700 150 150 150
-220.000000 -32.000000 -21.990700 150 150 150
-214.000000 -32.000000 -21.990700 150 150 150
-208.000000 -32.000000 -21.990700 150 150 150
-202.000000 -32.000000 -21.990700 150 150 150
-196.000000 -32.000000 -21.990700 150 150 150
-190.000000 -32.000000 -21.990700 150 150 150
-184.000000 -32.000000 -21.990700 150 150 150
-178.000000 -32.000000 -21.990700 150 150 150
-172.000000 -32.000000 -21.990700 150 150 150
152.000000 -32.000000 -21.990700 150 150 150
158.000000 -32.000000 -21.990700 150 150 150
164.000000 -32.000000 -21.990700 150 150 150
170.000000 -32.000000 -21.990700 150 150 150
176.000000 -32.000000 -21.990700 150 150 150
182.000000 -32.000000 -21.990700 150 150 150
188.000000 -32.000000 -21.990700 150 150 150
194.000000 -32.000000 -21.990700 150 150 150
-256.000000 -38.000000 -21.990700 150 150 150
-250.000000 -38.000000 -21.990700 150 150 150
-244.000000 -38.000000 -21.990700 150 150 150
-238.000000 -38.000000 -21.990700 150 150 150
-232.000000 -38.000000 -21.990700 150 150 150
-226.000000 -38.000000 -21.990700 150 150 150
-220.000000 -38.000000 -21.990700 150 150 150
-214.000000 -38.000000 -21.990700 150 150 150
-208.000000 -38.000000 -21.990700 150 150 150
-202.000000 -38.000000 -21.990700 150 150 150
-196.000000 -38.000000 -21.990700 150 150 150
-190.000000 -38.000000 -21.990700 150 150 150
-184.000000 -38.000000 -21.990700 150 150 150
-178.000000 -38.000000 -21.990700 150 150 150
-172.000000 -38.000000 -21.990700 150 150 150
-166.000000 -38.000000 -21.990700 150 150 150
-160.000000 -38.000000 -21.990700 150 150 150
146.000000 -38.000000 -21.990700 150 150 150
152.000000 -38.000000 -21.990700 150 150 150
158.000000 -38.000000 -21.990700 150 150 150
164.000000 -38.000000 -21.990700 150 150 150
170.000000 -38.000000 -21.990700 150 150 150
176.000000 -38.000000 -21.990700 150 150 150
182.000000 -38.000000 -21.990700 150 150 150
188.000000 -38.000000 -21.990700 150 150 150
194.000000 -38.000000 -21.990700 150 150 150
-256.000000 -44.000000 -21.990700 150 150 150
-250.000000 -44.000000 -21.990700 150 150 150
-244.000000 -44.000000 -21.990700 150 150 150
-238.000000 -44.000000 -21.990700 150 150 150
-232.000000 -44.000000 -21.990700 150 150 150
-226.000000 -44.000000 -21.990700 150 150 150
-220.000000 -44.000000 -21.990700 150 150 150
-214.000000 -44.000000 -21.990700 150 150 150
-208.000000 -44.000000 -21.990700 150 150 150
-202.000000 -44.000000 -21.990700 150 150 150
-196.000000 -44.000000 -21.990700 150 150 150
-190.000000 -44.000000 -21.990700 150 150 150
-184.000000 -44.000000 -21.990700 150 150 150
-178.000000 -44.000000 -21.990700 150 150 150
-172.000000 -44.000000 -21.990700 150 150 150
-166.000000 -44.000000 -21.990700 150 150 150
-160.000000 -44.000000 -21.990700 150 150 150
-154.000000 -44.000000 -21.990700 150 150 150
-148.000000 -44.000000 -21.990700 150 150 150
146.000000 -44.000000 -21.990700 150 150 150
152.000000 -44.000000 -21.990700 150 150 150
158.000000 -44.000000 -21.990700 150 150 150
164.000000 -44.000000 -21.990700 150 150 150
170.000000 -44.000000 -21.990700 150 150 150
176.000000 -44.000000 -21.990700 150 150 150
182.000000 -44.000000 -21.990700 150 150 150
188.000000 -44.000000 -21.990700 150 150 150
194.000000 -44.000000 -21.990700 150 150 150
-256.000000 -50.000000 -21.990700 150 150 150
-250.000000 -50.000000 -21.990700 150 150 150
-244.000000 -50.000000 -21.990700 150 150 150
-238.000000 -50.000000 -21.990700 150 150 150
-232.000000 -50.000000 -21.990700 150 150 150
-226.000000 -50.000000 -21.990700 150 150 150
-220.000000 -50.000000 -21.990700 150 150 150
-214.000000 -50.000000 -21.990700 150 150 150
-208.000000 -50.000000 -21.990700 150 150 150
-202.000000 -50.000000 -21.990700 150 150 150
-196.000000 -50.000000 -21.990700 150 150 150
-190.000000 -50.000000 -21.990700 150 150 150
-184.000000 -50.000000 -21.990700 150 150 150
-178.000000 -50.000000 -21.990700 150 150 150
-172.000000 -50.000000 -21.990700 150 150 150
-166.000000 -50.000000 -21.990700 150 150 150
-160.000000 -50.000000 -21.990700 150 150 150
-154.000000 -50.000000 -21.990700 150 150 150
-148.000000 -50.000000 -21.990700 150 150 150
-142.000000 -50.000000 -21.990700 150 150 150
140.000000 -50.000000 -21.990700 150 150 150
146.000000 -50.000000 -21.990700 150 150 150
152.000000 -50.000000 -21.990700 150 150 150
158.000000 -50.000000 -21.990700 150 150 150
164.000000 -50.000000 -21.990700 150 150 150
170.000000 -50.000000 -21.990700 150 150 150
176.000000 -50.000000 -21.990700 150 150 150
182.000000 -50.000000 -21.990700 150 150 150
188.000000 -50.000000 -21.990700 150 150 150
194.000000 -50.000000 -21.990700 150 150 150
-256.000000 -56.000000 -21.990700 150 150 150
-250.000000 -56.000000 -21.990700 150 150 150
-244.000000 -56.000000 -21.990700 150 150 150
-238.000000 -56.000000 -21.990700 150 150 150
-232.000000 -56.000000 -21.990700 150 150 150
-226.000000 -56.000000 -21.990700 150 150 150
-220.000000 -56.000000 -21.990700 150 150 150
-214.000000 -56.000000 -21.990700 150 150 150
-208.000000 -56.000000 -21.990700 150 150 150
-202.000000 -56.000000 -21.990700 150 150 150
-196.000000 -56.000000 -21.990700 150 150 150
-190.000000 -56.000000 -21.990700 150 150 150
-184.000000 -56.000000 -21.990700 150 150 150
-178.000000 -56.000000 -21.990700 150 150 150
-172.000000 -56.000000 -21.990700 150 150 150
-166.000000 -56.000000 -21.990700 150 150 150
-160.000000 -56.000000 -21.990700 150 150 150
-154.000000 -56.000000 -21.990700 150 150 150
-148.000000 -56.000000 -21.990700 150 150 150
-142.000000 -56.000000 -21.990700 150 150 150
-136.000000 -56.000000 -21.990700 150 150 150
140.000000 -56.000000 -21.990700 150 150 150
146.000000 -56.000000 -21.990700 150 150 150
152.000000 -56.000000 -21.990700 150 150 150
158.000000 -56.000000 -21.990700 150 150 150
164.000000 -56.000000 -21.990700 150 150 150
170.000000 -56.000000 -21.990700 150 150 150
176.000000 -56.000000 -21.990700 150 150 150
182.000000 -56.000000 -21.990700 150 150 150
188.000000 -56.000000 -21.990700 150 150 150
194.000000 -56.000000 -21.990700 150 150 150
-256.000000 -62.000000 -21.990700 150 150 150
-250.000000 -62.000000 -21.990700 150 150 150
-244.000000 -62.000000 -21.990700 150 150 150
-238.000000 -62.000000 -21.990700 150 150 150
-232.000000 -62.000000 -21.990700 150 150 150
-226.000000 -62.000000 -21.990700 150 150 150
-220.000000 -62.000000 -21.990700 150 150 150
-214.000000 -62.000000 -21.990700 150 150 150
-208.000000 -62.000000 -21.990700 150 150 150
-202.000000 -62.000000 -21.990700 150 150 150
-196.000000 -62.000000 -21.990700 150 150 150
-190.000000 -62.000000 -21.990700 150 150 150
-184.000000 -62.000000 -21.990700 150 150 150
-178.000000 -62.000000 -21.990700 150 150 150
-172.000000 -62.000000 -21.990700 150 150 150
-166.000000 -62.000000 -21.990700 150 150 150
-160.000000 -62.000000 -21.990700 150 150 150
-154.000000 -62.000000 -21.990700 150 150 150
-148.000000 -62.000000 -21.990700 150 150 150
-142.000000 -62.000000 -21.990700 150 150 150
-136.000000 -62.000000 -21.990700 150 150 150
-130.000000 -62.000000 -21.990700 150 150 150
134.000000 -62.000000 -21.990700 150 150 150
140.000000 -62.000000 -21.990700 150 150 150
146.000000 -62.000000 -21.990700 150 150 150
152.000000 -62.000000 -21.990700 150 150 150
158.000000 -62.000000 -21.990700 150 150 150
164.000000 -62.000000 -21.990700 150 150 150
170.000000 -62.000000 -21.990700 150 150 150
176.000000 -62.000000 -21.990700 150 150 150
182.000000 -62.000000 -21.990700 150 150 150
188.000000 -62.000000 -21.990700 150 150 150
194.000000 -62.000000 -21.990700 150 150 150
-256.000000 -68.000000 -21.990700 150 150 150
-250.000000 -68.000000 -21.990700 150 150 150
-244.000000 -68.000000 -21.990700 150 150 150
-238.000000 -68.000000 -21.990700 150 150 150
-232.000000 -68.000000 -21.990700 150 150 150
-226.000000 -68.000000 -21.990700 150 150 150
-220.000000 -68.000000 -21.990700 150 150 150
-214.000000 -68.000000 -21.990700 150 150 150
-208.000000 -68.000000 -21.990700 150 150 150
-202.000000 -68.000000 -21.990700 150 150 150
-196.000000 -68.000000 -21.990700 150 150 150
-190.000000 -68.000000 -21.990700 150 150 150
-184.000000 -68.000000 -21.990700 150 150 150
-178.000000 -68.000000 -21.990700 150 150 150
-172.000000 -68.000000 -21.990700 150 150 150
-166.000000 -68.000000 -21.990700 150 150 150
-160.000000 -68.000000 -21.990700 150 150 150
-154.000000 -68.000000 -21.990700 150 150 150
-148.000000 -68.000000 -21.990700 150 150 150
-142.000000 -68.000000 -21.990700 150 150 150
-136.000000 -68.000000 -21.990700 150 150 150
-130.000000 -68.000000 -21.990700 150 150 150
-124.000000 -68.000000 -21.990700 150 150 150
-118.000000 -68.000000 -21.990700 150 150 150
134.000000 -68.000000 -21.990700 150 150 150
140.000000 -68.000000 -21.990700 150 150 150
146.000000 -68.000000 -21.990700 150 150 150
152.000000 -68.000000 -21.990700 150 150 150
158.000000 -68.000000 -21.990700 150 150 150
164.000000 -68.000000 -21.990700 150 150 150
170.000000 -68.000000 -21.990700 150 150 150
176.000000 -68.000000 -21.990700 150 150 150
182.000000 -68.000000 -21.990700 150 150 150
188.000000 -68.000000 -21.990700 150 150 150
194.000000 -68.000000 -21.990700 150 150 150
-256.000000 -74.000000 -21.990700 150 150 150
-250.000000 -74.000000 -21.990700 150 150 150
-244.000000 -74.000000 -21.990700 150 150 150
-238.000000 -74.000000 -21.990700 150 150 150
-232.000000 -74.000000 -21.990700 150 150 150
-226.000000 -74.000000 -21.990700 150 150 150
-220.000000 -74.000000 -21.990700 150 150 150
-214.000000 -74.000000 -21.990700 150 150 150
-208.000000 -74.000000 -21.990700 150 150 150
-202.000000 -74.000000 -21.990700 150 150 150
-196.000000 -74.000000 -21.990700 150 150 150
-190.000000 -74.000000 -21.990700 150 150 150
-184.000000 -74.000000 -21.990700 150 150 150
-178.000000 -74.000000 -21.990700 150 150 150
-172.000000 -74.000000 -21.990700 150 150 150
-166.000000 -74.000000 -21.990700 150 150 150
-160.000000 -74.000000 -21.990700 150 150 150
-154.000000 -74.000000 -21.990700 150 150 150
-148.000000 -74.000000 -21.990700 150 150 150
-142.000000 -74.000000 -21.990700 150 150 150
-136.000000 -74.000000 -21.990700 150 150 150
-130.000000 -74.000000 -21.990700 150 150 150
-124.000000 -74.000000 -21.990700 150 150 150
-118.000000 -74.000000 -21.990700 150 150 150
-112.000000 -74.000000 -21.990700 150 150 150
128.000000 -74.000000 -21.990700 150 150 150
134.000000 -74.000000 -21.990700 150 150 150
140.000000 -74.000000 -21.990700 150 150 150
146.000000 -74.000000 -21.990700 150 150 150
152.000000 -74.000000 -21.990700 150 150 150
158.000000 -74.000000 -21.990700 150 150 150
164.000000 -74.000000 -21.990700 150 150 150
170.000000 -74.000000 -21.990700 150 150 150
176.000000 -74.000000 -21.990700 150 150 150
182.000000 -74.000000 -21.990700 150 150 150
188.000000 -74.000000 -21.990700 150 150 150
194.000000 -74.000000 -21.990700 150 150 150
-256.000000 -80.000000 -21.990700 150 150 150
-250.000000 -80.000000 -21.990700 150 150 150
-244.000000 -80.000000 -21.990700 150 150 150
-238.000000 -80.000000 -21.990700 150 150 150
-232.000000 -80.000000 -21.990700 150 150 150
-226.000000 -80.000000 -21.990700 150 150 150
-220.000000 -80.000000 -21.990700 150 150 150
-214.000000 -80.000000 -21.990700 150 150 150
-208.000000 -80.000000 -21.990700 150 150 150
-202.000000 -80.000000 -21.990700 150 150 150
-196.000000 -80.000000 -21.990700 150 150 150
-190.000000 -80.000000 -21.990700 150 150 150
-184.000000 -80.000000 -21.990700 150 150 150
-178.000000 -80.000000 -21.990700 150 150 150
-172.000000 -80.000000 -21.990700 150 150 150
-166.000000 -80.000000 -21.990700 150 150 150
-160.000000 -80.000000 -21.990700 150 150 150
-154.000000 -80.000000 -21.990700 150 150 150
-148.000000 -80.000000 -21.990700 150 150 150
-142.000000 -80.000000 -21.990700 150 150 150
-136.000000 -80.000000 -21.990700 150 150 150
-130.000000 -80.000000 -21.990700 150 150 150
-124.000000 -80.000000 -21.990700 150 150 150
-118.000000 -80.000000 -21.990700 150 150 150
-112.000000 -80.000000 -21.990700 150 150 150
-106.000000 -80.000000 -21.990700 150 150 150
-100.000000 -80.000000 -21.990700 150 150 150
128.000000 -80.000000 -21.990700 150 150 150
134.000000 -80.000000 -21.990700 150 150 150
140.000000 -80.000000 -21.990700 150 150 150
146.000000 -80.000000 -21.990700 150 150 150
152.000000 -80.000000 -21.990700 150 150 150
158.000000 -80.000000 -21.990700 150 150 150
164.000000 -80.000000 -21.990700 150 150 150
170.000000 -80.000000 -21.990700 150 150 150
176.000000 -80.000000 -21.990700 150 150 150
182.000000 -80.000000 -21.990700 150 150 150
188.000000 -80.000000 -21.990700 150 150 150
194.000000 -80.000000 -21.990700 150 150 150
-256.000000 -86.000000 -21.990700 150 150 150
-250.000000 -86.000000 -21.990700 150 150 150
-244.000000 -86.000000 -21.990700 150 150 150
-238.000000 -86.000000 -21.990700 150 150 150
-232.000000 -86.000000 -21.990700 150 150 150
-226.000000 -86.000000 -21.990700 150 150 150
-220.000000 -86.000000 -21.990700 150 150 150
-214.000000 -86.000000 -21.990700 150 150 150
-208.000000 -86.000000 -21.990700 150 150 150
-202.000000 -86.000000 -21.990700 150 150 150
-196.000000 -86.000000 -21.990700 150 150 150
-190.000000 -86.000000 -21.990700 150 150 150
-184.000000 -86.000000 -21.990700 150 150 150
-178.000000 -86.000000 -21.990700 150 150 150
-172.000000 -86.000000 -21.990700 150 150 150
-166.000000 -86.000000 -21.990700 150 150 150
-160.000000 -86.000000 -21.990700 150 150 150
-154.000000 -86.000000 -21.990700 150 150 150
-148.000000 -86.000000 -21.990700 150 150 150
-142.000000 -86.000000 -21.990700 150 150 150
-136.000000 -86.000000 -21.990700 150 150 150
-130.000000 -86.000000 -21.990700 150 150 150
-124.000000 -86.000000 -21.990700 150 150 150
-118.000000 -86.000000 -21.990700 150 150 150
-112.000000 -86.000000 -21.990700 150 150 150
-106.000000 -86.000000 -21.990700 150 150 150
-100.000000 -86.000000 -21.990700 150 150 150
-94.000000 -86.000000 -21.990700 150 150 150
128.000000 -86.000000 -21.990700 150 150 150
134.000000 -86.000000 -21.990700 150 150 150
140.000000 -86.000000 -21.990700 150 150 150
146.000000 -86.000000 -21.990700 150 150 150
152.000000 -86.000000 -21.990700 150 150 150
158.000000 -86.000000 -21.990700 150 150 150
164.000000 -86.000000 -21.990700 150 150 150
170.000000 -86.000000 -21.990700 150 150 150
176.000000 -86.000000 -21.990700 150 150 150
182.000000 -86.000000 -21.990700 150 150 150
188.000000 -86.000000 -21.990700 150 150 150
194.000000 -86.000000 -21.990700 150 150 150
-256.000000 -92.000000 -21.990700 150 150 150
-250.000000 -92.000000 -21.990700 150 150 150
-244.000000 -92.000000 -21.990700 150 150 150
-238.000000 -92.000000 -21.990700 150 150 150
-232.000000 -92.000000 -21.990700 150 150 150
-226.000000 -92.000000 -21.990700 150 150 150
-220.000000 -92.000000 -21.990700 150 150 150
-214.000000 -92.000000 -21.990700 150 150 150
-208.000000 -92.000000 -21.990700 150 150 150
-202.000000 -92.000000 -21.990700 150 150 150
-196.000000 -92.000000 -21.990700 150 150 150
-190.000000 -92.000000 -21.990700 150 150 150
-184.000000 -92.000000 -21.990700 150 150 150
-178.000000 -92.000000 -21.990700 150 150 150
-172.000000 -92.000000 -21.990700 150 150 150
-166.000000 -92.000000 -21.990700 150 150 150
-160.000000 -92.000000 -21.990700 150 150 150
-154.000000 -92.000000 -21.990700 150 150 150
-148.000000 -92.000000 -21.990700 150 150 150
-142.000000 -92.000000 -21.990700 150 150 150
-136.000000 -92.000000 -21.990700 150 150 150
-130.000000 -92.000000 -21.990700 150 150 150
-124.000000 -92.000000 -21.990700 150 150 150
-118.000000 -92.000000 -21.990700 150 150 150
-112.000000 -92.000000 -21.990700 150 150 150
-106.000000 -92.000000 -21.990700 150 150 150
-100.000000 -92.000000 -21.990700 150 150 150
-94.000000 -92.000000 -21.990700 150 150 150
-88.000000 -92.000000 -21.990700 150 150 150
-82.000000 -92.000000 -21.990700 150 150 150
128.000000 -92.000000 -21.990700 150 150 150
134.000000 -92.000000 -21.990700 150 150 150
140.000000 -92.000000 -21.990700 150 150 150
146.000000 -92.000000 -21.990700 150 150 150
152.000000 -92.000000 -21.990700 150 150 150
158.000000 -92.000000 -21.990700 150 150 150
164.000000 -92.000000 -21.990700 150 150 150
170.000000 -92.000000 -21.990700 150 150 150
176.000000 -92.000000 -21.990700 150 150 150
182.000000 -92.000000 -21.990700 150 150 150
188.000000 -92.000000 -21.990700 150 150 150
194.000000 -92.000000 -21.990700 150 150 150
-256.000000 -98.000000 -21.990700 150 150 150
-250.000000 -98.000000 -21.990700 150 150 150
-244.000000 -98.000000 -21.990700 150 150 150
-238.000000 -98.000000 -21.990700 150 150 150
-232.000000 -98.000000 -21.990700 150 150 150
-226.000000 -98.000000 -21.990700 150 150 150
-220.000000 -98.000000 -21.990700 150 150 150
-214.000000 -98.000000 -21.990700 150 150 150
-208.000000 -98.000000 -21.990700 150 150 150
-202.000000 -98.000000 -21.990700 150 150 150
-196.000000 -98.000000 -21.990700 150 150 150
-190.000000 -98.000000 -21.990700 150 150 150
-184.000000 -98.000000 -21.990700 150 150 150
-178.000000 -98.000000 -21.990700 150 150 150
-172.000000 -98.000000 -21.990700 150 150 150
-166.000000 -98.000000 -21.990700 150 150 150
-160.000000 -98.000000 -21.990700 150 150 150
-154.000000 -98.000000 -21.990700 150 150 150
-148.000000 -98.000000 -21.990700 150 150 150
-142.000000 -98.000000 -21.990700 150 150 150
-136.000000 -98.000000 -21.990700 150 150 150
-130.000000 -98.000000 -21.990700 150 150 150
-124.000000 -98.000000 -21.990700 150 150 150
-118.000000 -98.000000 -21.990700 150 150 150
-112.000000 -98.000000 -21.990700 150 150 150
-106.000000 -98.000000 -21.990700 150 150 150
-100.000000 -98.000000 -21.990700 150 150 150
-94.000000 -98.000000 -21.990700 150 150 150
-88.000000 -98.000000 -21.990700 150 150 150
-82.000000 -98.000000 -21.990700 150 150 150
-76.000000 -98.000000 -21.990700 150 150 150
116.000000 -98.000000 -21.990700 150 150 150
122.000000 -98.000000 -21.990700 150 150 150
128.000000 -98.000000 -21.990700 150 150 150
134.000000 -98.000000 -21.990700 150 150 150
140.000000 -98.000000 -21.990700 150 150 150
146.000000 -98.000000 -21.990700 150 150 150
152.000000 -98.000000 -21.990700 150 150 150
158.000000 -98.000000 -21.990700 150 150 150
164.000000 -98.000000 -21.990700 150 150 150
170.000000 -98.000000 -21.990700 150 150 150
176.000000 -98.000000 -21.990700 150 150 150
182.000000 -98.000000 -21.990700 150 150 150
188.000000 -98.000000 -21.990700 150 150 150
194.000000 -98.000000 -21.990700 150 150 150
-256.000000 -104.000000 -21.990700 150 150 150
-250.000000 -104.000000 -21.990700 150 150 150
-244.000000 -104.000000 -21.990700 150 150 150
-238.000000 -104.000000 -21.990700 150 150 150
-232.000000 -104.000000 -21.990700 150 150 150
-226.000000 -104.000000 -21.990700 150 150 150
-220.000000 -104.000000 -21.990700 150 150 150
-214.000000 -104.000000 -21.990700 150 150 150
-208.000000 -104.000000 -21.990700 150 150 150
-202.000000 -104.000000 -21.990700 150 150 150
-196.000000 -104.000000 -21.990700 150 150 150
-190.000000 -104.000000 -21.990700 150 150 150
-184.000000 -104.000000 -21.990700 150 150 150
-178.000000 -104.000000 -21.990700 150 150 150
-172.000000 -104.000000 -21.990700 150 150 150
-166.000000 -104.000000 -21.990700 150 150 150
-160.000000 -104.000000 -21.990700 150 150 150
-154.000000 -104.000000 -21.990700 150 150 150
-148.000000 -104.000000 -21.990700 150 150 150
-142.000000 -104.000000 -21.990700 150 150 150
-136.000000 -104.000000 -21.990700 150 150 150
-130.000000 -104.000000 -21.990700 150 150 150
-124.000000 -104.000000 -21.990700 150 150 150
-118.000000 -104.000000 -21.990700 150 150 150
-112.000000 -104.000000 -21.990700 150 150 150
-106.000000 -104.000000 -21.990700 150 150 150
-100.000000 -104.000000 -21.990700 150 150 150
-94.000000 -104.000000 -21.990700 150 150 150
-88.000000 -104.000000 -21.990700 150 150 150
-82.000000 -104.000000 -21.990700 150 150 150
-76.000000 -104.000000 -21.990700 150 150 150
-70.000000 -104.000000 -21.990700 150 150 150
-64.000000 -104.000000 -21.990700 150 150 150
116.000000 -104.000000 -21.990700 150 150 150
122.000000 -104.000000 -21.990700 150 150 150
128.000000 -104.000000 -21.990700 150 150 150
134.000000 -104.000000 -21.990700 150 150 150
140.000000 -104.000000 -21.990700 150 150 150
146.000000 -104.000000 -21.990700 150 150 150
152.000000 -104.000000 -21.990700 150 150 150
158.000000 -104.000000 -21.990700 150 150 150
164.000000 -104.000000 -21.990700 150 150 150
170.000000 -104.000000 -21.990700 150 150 150
176.000000 -104.000000 -21.990700 150 150 150
182.000000 -104.000000 -21.990700 150 150 150
188.000000 -104.000000 -21.990700 150 150 150
194.000000 -104.000000 -21.990700 150 150 150
-256.000000 -110.000000 -21.990700 150 150 150
-250.000000 -110.000000 -21.990700 150 150 150
-244.000000 -110.000000 -21.990700 150 150 150
-238.000000 -110.000000 -21.990700 150 150 150
-232.000000 -110.000000 -21.990700 150 150 150
-226.000000 -110.000000 -21.990700 150 150 150
-220.000000 -110.000000 -21.990700 150 150 150
-214.000000 -110.000000 -21.990700 150 150 150
-208.000000 -110.000000 -21.990700 150 150 150
-202.000000 -110.000000 -21.990700 150 150 150
-196.000000 -110.000000 -21.990700 150 150 150
-190.000000 -110.000000 -21.990700 150 150 150
-184.000000 -110.000000 -21.990700 150 150 150
-178.000000 -110.000000 -21.990700 150 150 150
-172.000000 -110.000000 -21.990700 150 150 150
-166.000000 -110.000000 -21.990700 150 150 150
-160.000000 -110.000000 -21.990700 150 150 150
-154.000000 -110.000000 -21.990700 150 150 150
-148.000000 -110.000000 -21.990700 150 150 150
-142.000000 -110.000000 -21.990700 150 150 150
-136.000000 -110.000000 -21.990700 150 150 150
-130.000000 -110.000000 -21.990700 150 150 150
-124.000000 -110.000000 -21.990700 150 150 150
-118.000000 -110.000000 -21.990700 150 150 150
-112.000000 -110.000000 -21.990700 150 150 150
-106.000000 -110.000000 -21.990700 150 150 150
-100.000000 -110.000000 -21.990700 150 150 150
-94.000000 -110.000000 -21.990700 150 150 150
-88.000000 -110.000000 -21.990700 150 150 150
-82.000000 -110.000000 -21.990700 150 150 150
-76.000000 -110.000000 -21.990700 150 150 150
-70.000000 -110.000000 -21.990700 150 150 150
-64.000000 -110.000000 -21.990700 150 150 150
-58.000000 -110.000000 -21.990700 150 150 150
116.000000 -110.000000 -21.990700 150 150 150
122.000000 -110.000000 -21.990700 150 150 150
128.000000 -110.000000 -21.990700 150 150 150
134.000000 -110.000000 -21.990700 150 150 150
140.000000 -110.000000 -21.990700 150 150 150
146.000000 -110.000000 -21.990700 150 150 150
152.000000 -110.000000 -21.990700 150 150 150
158.000000 -110.000000 -21.990700 150 150 150
164.000000 -110.000000 -21.990700 150 150 150
170.000000 -110.000000 -21.990700 150 150 150
176.000000 -110.000000 -21.990700 150 150 150
182.000000 -110.000000 -21.990700 150 150 150
188.000000 -110.000000 -21.990700 150 150 150
194.000000 -110.000000 -21.990700 150 150 150
-256.000000 -116.000000 -21.990700 150 150 150
-250.000000 -116.000000 -21.990700 150 150 150
-244.000000 -116.000000 -21.990700 150 150 150
-238.000000 -116.000000 -21.990700 150 150 150
-232.000000 -116.000000 -21.990700 150 150 150
-226.000000 -116.000000 -21.990700 150 150 150
-220.000000 -116.000000 -21.990700 150 150 150
-214.000000 -116.000000 -21.990700 150 150 150
-208.000000 -116.000000 -21.990700 150 150 150
-202.000000 -116.000000 -21.990700 150 150 150
-196.000000 -116.000000 -21.990700 150 150 150
-190.000000 -116.000000 -21.990700 150 150 150
-184.000000 -116.000000 -21.990700 150 150 150
-178.000000 -116.000000 -21.990700 150 150 150
-172.000000 -116.000000 -21.990700 150 150 150
-166.000000 -116.000000 -21.990700 150 150 150
-160.000000 -116.000000 -21.990700 150 150 150
-154.000000 -116.000000 -21.990700 150 150 150
-148.000000 -116.000000 -21.990700 150 150 150
-142.000000 -116.000000 -21.990700 150 150 150
-136.000000 -116.000000 -21.990700 150 150 150
-130.000000 -116.000000 -21.990700 150 150 150
-124.000000 -116.000000 -21.990700 150 150 150
-118.000000 -116.000000 -21.990700 150 150 150
-112.000000 -116.000000 -21.990700 150 150 150
-106.000000 -116.000000 -21.990700 150 150 150
-100.000000 -116.000000 -21.990700 150 150 150
-94.000000 -116.000000 -21.990700 150 150 150
-88.000000 -116.000000 -21.990700 150 150 150
-82.000000 -116.000000 -21.990700 150 150 150
-76.000000 -116.000000 -21.990700 150 150 150
-70.000000 -116.000000 -21.990700 150 150 150
-64.000000 -116.000000 -21.990700 150 150 150
-58.000000 -116.000000 -21.990700 150 150 150
-52.000000 -116.000000 -21.990700 150 150 150
-46.000000 -116.000000 -21.990700 150 150 150
-40.000000 -116.000000 -21.990700 150 150 150
110.000000 -116.000000 -21.990700 150 150 150
116.000000 -116.000000 -21.990700 150 150 150
122.000000 -116.000000 -21.990700 150 150 150
128.000000 -116.000000 -21.990700 150 150 150
134.000000 -116.000000 -21.990700 150 150 150
140.000000 -116.000000 -21.990700 150 150 150
146.000000 -116.000000 -21.990700 150 150 150
152.000000 -116.000000 -21.990700 150 150 150
158.000000 -116.000000 -21.990700 150 150 150
164.000000 -116.000000 -21.990700 150 150 150
170.000000 -116.000000 -21.990700 150 150 150
176.000000 -116.000000 -21.990700 150 150 150
182.000000 -116.000000 -21.990700 150 150 150
188.000000 -116.000000 -21.990700 150 150 150
194.000000 -116.000000 -21.990700 150 150 150
-256.000000 -122.000000 -21.990700 150 150 150
-250.000000 -122.000000 -21.990700 150 150 150
-244.000000 -122.000000 -21.990700 150 150 150
-238.000000 -122.000000 -21.990700 150 150 150
-232.000000 -122.000000 -21.990700 150 150 150
-226.000000 -122.000000 -21.990700 150 150 150
-220.000000 -122.000000 -21.990700 150 150 150
-214.000000 -122.000000 -21.990700 150 150 150
-208.000000 -122.000000 -21.990700 150 150 150
-202.000000 -122.000000 -21.990700 150 150 150
-196.000000 -122.000000 -21.990700 150 150 150
-190.000000 -122.000000 -21.990700 150 150 150
-184.000000 -122.000000 -21.990700 150 150 150
-178.000000 -122.000000 -21.990700 150 150 150
-172.000000 -122.000000 -21.990700 150 150 150
-166.000000 -122.000000 -21.990700 150 150 150
-160.000000 -122.000000 -21.990700 150 150 150
-154.000000 -122.000000 -21.990700 150 150 150
-148.000000 -122.000000 -21.990700 150 150 150
-142.000000 -122.000000 -21.990700 150 150 150
-136.000000 -122.000000 -21.990700 150 150 150
-130.000000 -122.000000 -21.990700 150 150 150
-124.000000 -122.000000 -21.990700 150 150 150
-118.000000 -122.000000 -21.990700 150 150 150
-112.000000 -122.000000 -21.990700 150 150 150
-106.000000 -122.000000 -21.990700 150 150 150
-100.000000 -122.000000 -21.990700 150 150 150
-94.000000 -122.000000 -21.990700 150 150 150
-88.000000 -122.000000 -21.990700 150 150 150
-82.000000 -122.000000 -21.990700 150 150 150
-76.000000 -122.000000 -21.990700 150 150 150
-70.000000 -122.000000 -21.990700 150 150 150
-64.000000 -122.000000 -21.990700 150 150 150
-58.000000 -122.000000 -21.990700 150 150 150
-52.000000 -122.000000 -21.990700 150 150 150
-46.000000 -122.000000 -21.990700 150 150 150
-40.000000 -122.000000 -21.990700 150 150 150
-34.000000 -122.000000 -21.990700 150 150 150
110.000000 -122.000000 -21.990700 150 150 150
116.000000 -122.000000 -21.990700 150 150 150
122.000000 -122.000000 -21.990700 150 150 150
128.000000 -122.000000 -21.990700 150 150 150
134.000000 -122.000000 -21.990700 150 150 150
140.000000 -122.000000 -21.990700 150 150 150
146.000000 -122.000000 -21.990700 150 150 150
152.000000 -122.000000 -21.990700 150 150 150
158.000000 -122.000000 -21.990700 150 150 150
164.000000 -122.000000 -21.990700 150 150 150
170.000000 -122.000000 -21.990700 150 150 150
176.000000 -122.000000 -21.990700 150 150 150
182.000000 -122.000000 -21.990700 150 150 150
188.000000 -122.000000 -21.990700 150 150 150
194.000000 -122.000000 -21.990700 150 150 150
-256.000000 -128.000000 -21.990700 150 150 150
-250.000000 -128.000000 -21.990700 150 150 150
-244.000000 -128.000000 -21.990700 150 150 150
-238.000000 -128.000000 -21.990700 150 150 150
-232.000000 -128.000000 -21.990700 150 150 150
-226.000000 -128.000000 -21.990700 150 150 150
-220.000000 -128.000000 -21.990700 150 150 150
-214.000000 -128.000000 -21.990700 150 150 150
-208.000000 -128.000000 -21.990700 150 150 150
-202.000000 -128.000000 -21.990700 150 150 150
-196.000000 -128.000000 -21.990700 150 150 150
-190.000000 -128.000000 -21.990700 150 150 150
-184.000000 -128.000000 -21.990700 150 150 150
-178.000000 -128.000000 -21.990700 150 150 150
-172.000000 -128.000000 -21.990700 150 150 150
-166.000000 -128.000000 -21.990700 150 150 150
-160.000000 -128.000000 -21.990700 150 150 150
-154.000000 -128.000000 -21.990700 150 150 150
-148.000000 -128.000000 -21.990700 150 150 150
-142.000000 -128.000000 -21.990700 150 150 150
-136.000000 -128.000000 -21.990700 150 150 150
-130.000000 -128.000000 -21.990700 150 150 150
-124.000000 -128.000000 -21.990700 150 150 150
-118.000000 -128.000000 -21.990700 150 150 150
-112.000000 -128.000000 -21.990700 150 150 150
-106.000000 -128.000000 -21.990700 150 150 150
-100.000000 -128.000000 -21.990700 150 150 150
-94.000000 -128.000000 -21.990700 150 150 150
-88.000000 -128.000000 -21.990700 150 150 150
-82.000000 -128.000000 -21.990700 150 150 150
-76.000000 -128.000000 -21.990700 150 150 150
-70.000000 -128.000000 -21.990700 150 150 150
-64.000000 -128.000000 -21.990700 150 150 150
-58.000000 -128.000000 -21.990700 150 150 150
-52.000000 -128.000000 -21.990700 150 150 150
-46.000000 -128.000000 -21.990700 150 150 150
-40.000000 -128.000000 -21.990700 150 150 150
-34.000000 -128.000000 -21.990700 150 150 150
-28.000000 -128.000000 -21.990700 150 150 150
-22.000000 -128.000000 -21.990700 150 150 150
110.000000 -128.000000 -21.990700 150 150 150
116.000000 -128.000000 -21.990700 150 150 150
122.000000 -128.000000 -21.990700 150 150 150
128.000000 -128.000000 -21.990700 150 150 150
134.000000 -128.000000 -21.990700 150 150 150
140.000000 -128.000000 -21.990700 150 150 150
146.000000 -128.000000 -21.990700 150 150 150
152.000000 -128.000000 -21.990700 150 150 150
158.000000 -128.000000 -21.990700 150 150 150
164.000000 -128.000000 -21.990700 150 150 150
170.000000 -128.000000 -21.990700 150 150 150
176.000000 -128.000000 -21.990700 150 150 150
182.000000 -128.000000 -21.990700 150 150 150
188.000000 -128.000000 -21.990700 150 150 150
194.000000 -128.000000 -21.990700 150 150 150
-256.000000 -134.000000 -21.990700 150 150 150
-250.000000 -134.000000 -21.990700 150 150 150
-244.000000 -134.000000 -21.990700 150 150 150
-238.000000 -134.000000 -21.990700 150 150 150
-232.000000 -134.000000 -21.990700 150 150 150
-226.000000 -134.000000 -21.990700 150 150 150
-220.000000 -134.000000 -21.990700 150 150 150
-214.000000 -134.000000 -21.990700 150 150 150
-208.000000 -134.000000 -21.990700 150 150 150
-202.000000 -134.000000 -21.990700 150 150 150
-196.000000 -134.000000 -21.990700 150 150 150
-190.000000 -134.000000 -21.990700 150 150 150
-184.000000 -134.000000 -21.990700 150 150 150
-178.000000 -134.000000 -21.990700 150 150 150
-172.000000 -134.000000 -21.990700 150 150 150
-166.000000 -134.000000 -21.990700 150 150 150
-160.000000 -134.000000 -21.990700 150 150 150
-154.000000 -134.000000 -21.990700 150 150 150
-148.000000 -134.000000 -21.990700 150 150 150
-142.000000 -134.000000 -21.990700 150 150 150
-136.000000 -134.000000 -21.990700 150 150 150
-130.000000 -134.000000 -21.990700 150 150 150
-124.000000 -134.000000 -21.990700 150 150 150
-118.000000 -134.000000 -21.990700 150 150 150
-112.000000 -134.000000 -21.990700 150 150 150
-106.000000 -134.000000 -21.990700 150 150 150
-100.000000 -134.000000 -21.990700 150 150 150
-94.000000 -134.000000 -21.990700 150 150 150
-88.000000 -134.000000 -21.990700 150 150 150
-82.000000 -134.000000 -21.990700 150 150 150
-76.000000 -134.000000 -21.990700 150 150 150
-70.000000 -134.000000 -21.990700 150 150 150
-64.000000 -134.000000 -21.990700 150 150 150
-58.000000 -134.000000 -21.990700 150 150 150
-52.000000 -134.000000 -21.990700 150 150 150
-46.000000 -134.000000 -21.990700 150 150 150
-40.000000 -134.000000 -21.990700 150 150 150
-34.000000 -134.000000 -21.990700 150 150 150
-28.000000 -134.000000 -21.990700 150 150 150
-22.000000 -134.000000 -21.990700 150 150 150
-16.000000 -134.000000 -21.990700 150 150 150
-10.000000 -134.000000 -21.990700 150 150 150
104.000000 -134.000000 -21.990700 150 150 150
110.000000 -134.000000 -21.990700 150 150 150
116.000000 -134.000000 -21.990700 150 150 150
122.000000 -134.000000 -21.990700 150 150 150
128.000000 -134.000000 -21.990700 150 150 150
134.000000 -134.000000 -21.990700 150 150 150
140.000000 -134.000000 -21.990700 150 150 150
146.000000 -134.000000 -21.990700 150 150 150
152.000000 -134.000000 -21.990700 150 150 150
158.000000 -134.000000 -21.990700 150 150 150
164.000000 -134.000000 -21.990700 150 150 150
170.000000 -134.000000 -21.990700 150 150 150
176.000000 -134.000000 -21.990700 150 150 150
182.000000 -134.000000 -21.990700 150 150 150
188.000000 -134.000000 -21.990700 150 150 150
194.000000 -134.000000 -21.990700 150 150 150
-256.000000 -140.000000 -21.990700 150 150 150
-250.000000 -140.000000 -21.990700 150 150 150
-244.000000 -140.000000 -21.990700 150 150 150
-238.000000 -140.000000 -21.990700 150 150 150
-232.000000 -140.000000 -21.990700 150 150 150
-226.000000 -140.000000 -21.990700 150 150 150
-220.000000 -140.000000 -21.990700 150 150 150
-214.000000 -140.000000 -21.990700 150 150 150
-208.000000 -140.000000 -21.990700 150 150 150
-202.000000 -140.000000 -21.990700 150 150 150
-196.000000 -140.000000 -21.990700 150 150 150
-190.000000 -140.000000 -21.990700 150 150 150
-184.000000 -140.000000 -21.990700 150 150 150
-178.000000 -140.000000 -21.990700 150 150 150
-172.000000 -140.000000 -21.990700 150 150 150
-166.000000 -140.000000 -21.990700 150 150 150
-160.000000 -140.000000 -21.990700 150 150 150
-154.000000 -140.000000 -21.990700 150 150 150
-148.000000 -140.000000 -21.990700 150 150 150
-142.000000 -140.000000 -21.990700 150 150 150
-136.000000 -140.000000 -21.990700 150 150 150
-130.000000 -140.000000 -21.990700 150 150 150
-124.000000 -140.000000 -21.990700 150 150 150
-118.000000 -140.000000 -21.990700 150 150 150
-112.000000 -140.000000 -21.990700 150 150 150
-106.000000 -140.000000 -21.990700 150 150 150
-100.000000 -140.000000 -21.990700 150 150 150
-94.000000 -140.000000 -21.990700 150 150 150
-88.000000 -140.000000 -21.990700 150 150 150
-82.000000 -140.000000 -21.990700 150 150 150
-76.000000 -140.000000 -21.990700 150 150 150
-70.000000 -140.000000 -21.990700 150 150 150
-64.000000 -140.000000 -21.990700 150 150 150
-58.000000 -140.000000 -21.990700 150 150 150
-52.000000 -140.000000 -21.990700 150 150 150
-46.000000 -140.000000 -21.990700 150 150 150
-40.000000 -140.000000 -21.990700 150 150 150
-34.000000 -140.000000 -21.990700 150 150 150
-28.000000 -140.000000 -21.990700 150 150 150
-22.000000 -140.000000 -21.990700 150 150 150
-16.000000 -140.000000 -21.990700 150 150 150
-10.000000 -140.000000 -21.990700 150 150 150
-4.000000 -140.000000 -21.990700 150 150 150
2.000000 -140.000000 -21.990700 150 150 150
104.000000 -140.000000 -21.990700 150 150 150
110.000000 -140.000000 -21.990700 150 150 150
116.000000 -140.000000 -21.990700 150 150 150
122.000000 -140.000000 -21.990700 150 150 150
128.000000 -140.000000 -21.990700 150 150 150
134.000000 -140.000000 -21.990700 150 150 150
140.000000 -140.000000 -21.990700 150 150 150
146.000000 -140.000000 -21.990700 150 150 150
152.000000 -140.000000 -21.990700 150 150 150
158.000000 -140.000000 -21.990700 150 150 150
164.000000 -140.000000 -21.990700 150 150 150
170.000000 -140.000000 -21.990700 150 150 150
176.000000 -140.000000 -21.990700 150 150 150
182.000000 -140.000000 -21.990700 150 150 150
188.000000 -140.000000 -21.990700 150 150 150
194.000000 -140.000000 -21.990700 150 150 150
-256.000000 -146.000000 -21.990700 150 150 150
-250.000000 -146.000000 -21.990700 150 150 150
-244.000000 -146.000000 -21.990700 150 150 150
-238.000000 -146.000000 -21.990700 150 150 150
-232.000000 -146.000000 -21.990700 150 150 150
-226.000000 -146.000000 -21.990700 150 150 150
-220.000000 -146.000000 -21.990700 150 150 150
-214.000000 -146.000000 -21.990700 150 150 150
-208.000000 -146.000000 -21.990700 150 150 150
-202.000000 -146.000000 -21.990700 150 150 150
-196.000000 -146.000000 -21.990700 150 150 150
-190.000000 -146.000000 -21.990700 150 150 150
-184.000000 -146.000000 -21.990700 150 150 150
-178.000000 -146.000000 -21.990700 150 150 150
-172.000000 -146.000000 -21.990700 150 150 150
-166.000000 -146.000000 -21.990700 150 150 150
-160.000000 -146.000000 -21.990700 150 150 150
-154.000000 -146.000000 -21.990700 150 150 150
-148.000000 -146.000000 -21.990700 150 150 150
-142.000000 -146.000000 -21.990700 150 150 150
-136.000000 -146.000000 -21.990700 150 150 150
-130.000000 -146.000000 -21.990700 150 150 150
-124.000000 -146.000000 -21.990700 150 150 150
-118.000000 -146.000000 -21.990700 150 150 150
-112.000000 -146.000000 -21.990700 150 150 150
-106.000000 -146.000000 -21.990700 150 150 150
-100.000000 -146.000000 -21.990700 150 150 150
-94.000000 -146.000000 -21.990700 150 150 150
-88.000000 -146.000000 -21.990700 150 150 150
-82.000000 -146.000000 -21.990700 150 150 150
-76.000000 -146.000000 -21.990700 150 150 150
-70.000000 -146.000000 -21.990700 150 150 150
-64.000000 -146.000000 -21.990700 150 150 150
-58.000000 -146.000000 -21.990700 150 150 150
-52.000000 -146.000000 -21.990700 150 150 150
-46.000000 -146.000000 -21.990700 150 150 150
-40.000000 -146.000000 -21.990700 150 150 150
-34.000000 -146.000000 -21.990700 150 150 150
-28.000000 -146.000000 -21.990700 150 150 150
-22.000000 -146.000000 -21.990700 150 150 150
-16.000000 -146.000000 -21.990700 150 150 150
-10.000000 -146.000000 -21.990700 150 150 150
-4.000000 -146.000000 -21.990700 150 150 150
2.000000 -146.000000 -21.990700 150 150 150
8.000000 -146.000000 -21.990700 150 150 150
98.000000 -146.000000 -21.990700 150 150 150
104.000000 -146.000000 -21.990700 150 150 150
110.000000 -146.000000 -21.990700 150 150 150
116.000000 -146.000000 -21.990700 150 150 150
122.000000 -146.000000 -21.990700 150 150 150
128.000000 -146.000000 -21.990700 150 150 150
134.000000 -146.000000 -21.990700 150 150 150
140.000000 -146.000000 -21.990700 150 150 150
146.000000 -146.000000 -21.990700 150 150 150
152.000000 -146.000000 -21.990700 150 150 150
158.000000 -146.000000 -21.990700 150 150 150
164.000000 -146.000000 -21.990700 150 150 150
170.000000 -146.000000 -21.990700 150 150 150
176.000000 -146.000000 -21.990700 150 150 150
182.000000 -146.000000 -21.990700 150 150 150
188.000000 -146.000000 -21.990700 150 150 150
194.000000 -146.000000 -21.990700 150 150 150
-256.000000 -152.000000 -21.990700 150 150 150
-250.000000 -152.000000 -21.990700 150 150 150
-244.000000 -152.000000 -21.990700 150 150 150
-238.000000 -152.000000 -21.990700 150 150 150
-232.000000 -152.000000 -21.990700 150 150 150
-226.000000 -152.000000 -21.990700 150 150 150
-220.000000 -152.000000 -21.990700 150 150 150
-214.000000 -152.000000 -21.990700 150 150 150
-208.000000 -152.000000 -21.990700 150 150 150
-202.000000 -152.000000 -21.990700 150 150 150
-196.000000 -152.000000 -21.990700 150 150 150
-190.000000 -152.000000 -21.990700 150 150 150
-184.000000 -152.000000 -21.990700 150 150 150
-178.000000 -152.000000 -21.990700 150 150 150
-172.000000 -152.000000 -21.990700 150 150 150
-166.000000 -152.000000 -21.990700 150 150 150
-160.000000 -152.000000 -21.990700 150 150 150
-154.000000 -152.000000 -21.990700 150 150 150
-148.000000 -152.000000 -21.990700 150 150 150
-142.000000 -152.000000 -21.990700 150 150 150
-136.000000 -152.000000 -21.990700 150 150 150
-130.000000 -152.000000 -21.990700 150 150 150
-124.000000 -152.000000 -21.990700 150 150 150
-118.000000 -152.000000 -21.990700 150 150 150
-112.000000 -152.000000 -21.990700 150 150 150
-106.000000 -152.000000 -21.990700 150 150 150
-100.000000 -152.000000 -21.990700 150 150 150
-94.000000 -152.000000 -21.990700 150 150 150
-88.000000 -152.000000 -21.990700 150 150 150
-82.000000 -152.000000 -21.990700 150 150 150
-76.000000 -152.000000 -21.990700 150 150 150
-70.000000 -152.000000 -21.990700 150 150 150
-64.000000 -152.000000 -21.990700 150 150 150
-58.000000 -152.000000 -21.990700 150 150 150
-52.000000 -152.000000 -21.990700 150 150 150
-46.000000 -152.000000 -21.990700 150 150 150
-40.000000 -152.000000 -21.990700 150 150 150
-34.000000 -152.000000 -21.990700 150 150 150
-28.000000 -152.000000 -21.990700 150 150 150
-22.000000 -152.000000 -21.990700 150 150 150
-16.000000 -152.000000 -21.990700 150 150 150
-10.000000 -152.000000 -21.990700 150 150 150
-4.000000 -152.000000 -21.990700 150 150 150
2.000000 -152.000000 -21.990700 150 150 150
8.000000 -152.000000 -21.990700 150 150 150
14.000000 -152.000000 -21.990700 150 150 150
98.000000 -152.000000 -21.990700 150 150 150
104.000000 -152.000000 -21.990700 150 150 150
110.000000 -152.000000 -21.990700 150 150 150
116.000000 -152.000000 -21.990700 150 150 150
122.000000 -152.000000 -21.990700 150 150 150
128.000000 -152.000000 -21.990700 150 150 150
134.000000 -152.000000 -21.990700 150 150 150
140.000000 -152.000000 -21.990700 150 150 150
146.000000 -152.000000 -21.990700 150 150 150
152.000000 -152.000000 -21.990700 150 150 150
158.000000 -152.000000 -21.990700 150 150 150
164.000000 -152.000000 -21.990700 150 150 150
170.000000 -152.000000 -21.990700 150 150 150
176.000000 -152.000000 -21.990700 150 150 150
182.000000 -152.000000 -21.990700 150 150 150
188.000000 -152.000000 -21.990700 150 150 150
194.000000 -152.000000 -21.990700 150 150 150
-256.000000 -158.000000 -21.990700 150 150 150
-250.000000 -158.000000 -21.990700 150 150 150
-244.000000 -158.000000 -21.990700 150 150 150
-238.000000 -158.000000 -21.990700 150 150 150
-232.000000 -158.000000 -21.990700 150 150 150
-226.000000 -158.000000 -21.990700 150 150 150
-220.000000 -158.000000 -21.990700 150 150 150
-214.000000 -158.000000 -21.990700 150 150 150
-208.000000 -158.000000 -21.990700 150 150 150
-202.000000 -158.000000 -21.990700 150 150 150
-196.000000 -158.000000 -21.990700 150 150 150
-190.000000 -158.000000 -21.990700 150 150 150
-184.000000 -158.000000 -21.990700 150 150 150
-178.000000 -158.000000 -21.990700 150 150 150
-172.000000 -158.000000 -21.990700 150 150 150
-166.000000 -158.000000 -21.990700 150 150 150
-160.000000 -158.000000 -21.990700 150 150 150
-154.000000 -158.000000 -21.990700 150 150 150
-148.000000 -158.000000 -21.990700 150 150 150
-142.000000 -158.000000 -21.990700 150 150 150
-136.000000 -158.000000 -21.990700 150 150 150
-130.000000 -158.000000 -21.990700 150 150 150
-124.000000 -158.000000 -21.990700 150 150 150
-118.000000 -158.000000 -21.990700 150 150 150
-112.000000 -158.000000 -21.990700 150 150 150
-106.000000 -158.000000 -21.990700 150 150 150
-100.000000 -158.000000 -21.990700 150 150 150
-94.000000 -158.000000 -21.990700 150 150 150
-88.000000 -158.000000 -21.990700 150 150 150
-82.000000 -158.000000 -21.990700 150 150 150
-76.000000 -158.000000 -21.990700 150 150 150
-70.000000 -158.000000 -21.990700 150 150 150
-64.000000 -158.000000 -21.990700 150 150 150
-58.000000 -158.000000 -21.990700 150 150 150
-52.000000 -158.000000 -21.990700 150 150 150
-46.000000 -158.000000 -21.990700 150 150 150
-40.000000 -158.000000 -21.990700 150 150 150
-34.000000 -158.000000 -21.990700 150 150 150
-28.000000 -158.000000 -21.990700 150 150 150
-22.000000 -158.000000 -21.990700 150 150 150
-16.000000 -158.000000 -21.990700 150 150 150
-10.000000 -158.000000 -21.990700 150 150 150
-4.000000 -158.000000 -21.990700 150 150 150
2.000000 -158.000000 -21.990700 150 150 150
8.000000 -158.000000 -21.990700 150 150 150
14.000000 -158.000000 -21.990700 150 150 150
20.000000 -158.000000 -21.990700 150 150 150
26.000000 -158.000000 -21.990700 150 150 150
92.000000 -158.000000 -21.990700 150 150 150
98.000000 -158.000000 -21.990700 150 150 150
104.000000 -158.000000 -21.990700 150 150 150
110.000000 -158.000000 -21.990700 150 150 150
116.000000 -158.000000 -21.990700 150 150 150
122.000000 -158.000000 -21.990700 150 150 150
128.000000 -158.000000 -21.990700 150 150 150
134.000000 -158.000000 -21.990700 150 150 150
140.000000 -158.000000 -21.990700 150 150 150
146.000000 -158.000000 -21.990700 150 150 150
152.000000 -158.000000 -21.990700 150 150 150
158.000000 -158.000000 -21.990700 150 150 150
164.000000 -158.000000 -21.990700 150 150 150
170.000000 -158.000000 -21.990700 150 150 150
176.000000 -158.000000 -21.990700 150 150 150
182.000000 -158.000000 -21.990700 150 150 150
188.000000 -158.000000 -21.990700 150 150 150
194.000000 -158.000000 -21.990700 150 150 150
-256.000000 -164.000000 -21.990700 150 150 150
-250.000000 -164.000000 -21.990700 150 150 150
-244.000000 -164.000000 -21.990700 150 150 150
-238.000000 -164.000000 -21.990700 150 150 150
-232.000000 -164.000000 -21.990700 150 150 150
-226.000000 -164.000000 -21.990700 150 150 150
-220.000000 -164.000000 -21.990700 150 150 150
-214.000000 -164.000000 -21.990700 150 150 150
-208.000000 -164.000000 -21.990700 150 150 150
-202.000000 -164.000000 -21.990700 150 150 150
-196.000000 -164.000000 -21.990700 150 150 150
-190.000000 -164.000000 -21.990700 150 150 150
-184.000000 -164.000000 -21.990700 150 150 150
-178.000000 -164.000000 -21.990700 150 150 150
-172.000000 -164.000000 -21.990700 150 150 150
-166.000000 -164.000000 -21.990700 150 150 150
-160.000000 -164.000000 -21.990700 150 150 150
-154.000000 -164.000000 -21.990700 150 150 150
-148.000000 -164.000000 -21.990700 150 150 150
-142.000000 -164.000000 -21.990700 150 150 150
-136.000000 -164.000000 -21.990700 150 150 150
-130.000000 -164.000000 -21.990700 150 150 150
-124.000000 -164.000000 -21.990700 150 150 150
-118.000000 -164.000000 -21.990700 150 150 150
-112.000000 -164.000000 -21.990700 150 150 150
-106.000000 -164.000000 -21.990700 150 150 150
-100.000000 -164.000000 -21.990700 150 150 150
-94.000000 -164.000000 -21.990700 150 150 150
-88.000000 -164.000000 -21.990700 150 150 150
-82.000000 -164.000000 -21.990700 150 150 150
-76.000000 -164.000000 -21.990700 150 150 150
-70.000000 -164.000000 -21.990700 150 150 150
-64.000000 -164.000000 -21.990700 150 150 150
-58.000000 -164.000000 -21.990700 150 150 150
-52.000000 -164.000000 -21.990700 150 150 150
-46.000000 -164.000000 -21.990700 150 150 150
-40.000000 -164.000000 -21.990700 150 150 150
-34.000000 -164.000000 -21.990700 150 150 150
-28.000000 -164.000000 -21.990700 150 150 150
-22.000000 -164.000000 -21.990700 150 150 150
-16.000000 -164.000000 -21.990700 150 150 150
-10.000000 -164.000000 -21.990700 150 150 150
-4.000000 -164.000000 -21.990700 150 150 150
2.000000 -164.000000 -21.990700 150 150 150
8.000000 -164.000000 -21.990700 150 150 150
14.000000 -164.000000 -21.990700 150 150 150
20.000000 -164.000000 -21.990700 150 150 150
26.000000 -164.000000 -21.990700 150 150 150
32.000000 -164.000000 -21.990700 150 150 150
86.000000 -164.000000 -21.990700 150 150 150
92.000000 -164.000000 -21.990700 150 150 150
98.000000 -164.000000 -21.990700 150 150 150
104.000000 -164.000000 -21.990700 150 150 150
110.000000 -164.000000 -21.990700 150 150 150
116.000000 -164.000000 -21.990700 150 150 150
122.000000 -164.000000 -21.990700 150 150 150
128.000000 -164.000000 -21.990700 150 150 150
134.000000 -164.000000 -21.990700 150 150 150
140.000000 -164.000000 -21.990700 150 150 150
146.000000 -164.000000 -21.990700 150 150 150
152.000000 -164.000000 -21.990700 150 150 150
158.000000 -164.000000 -21.990700 150 150 150
164.000000 -164.000000 -21.990700 150 150 150
170.000000 -164.000000 -21.990700 150 150 150
176.000000 -164.000000 -21.990700 150 150 150
182.000000 -164.000000 -21.990700 150 150 150
188.000000 -164.000000 -21.990700 150 150 150
194.000000 -164.000000 -21.990700 150 150 150
-256.000000 -170.000000 -21.990700 150 150 150
-250.000000 -170.000000 -21.990700 150 150 150
-244.000000 -170.000000 -21.990700 150 150 150
-238.000000 -170.000000 -21.990700 150 150 150
-232.000000 -170.000000 -21.990700 150 150 150
-226.000000 -170.000000 -21.990700 150 150 150
-220.000000 -170.000000 -21.990700 150 150 150
-214.000000 -170.000000 -21.990700 150 150 150
-208.000000 -170.000000 -21.990700 150 150 150
-202.000000 -170.000000 -21.990700 150 150 150
-196.000000 -170.000000 -21.990700 150 150 150
-190.000000 -170.000000 -21.990700 150 150 150
-184.000000 -170.000000 -21.990700 150 150 150
-178.000000 -170.000000 -21.990700 150 150 150
-172.000000 -170.000000 -21.990700 150 150 150
-166.000000 -170.000000 -21.990700 150 150 150
-160.000000 -170.000000 -21.990700 150 150 150
-154.000000 -170.000000 -21.990700 150 150 150
-148.000000 -170.000000 -21.990700 150 150 150
-142.000000 -170.000000 -21.990700 150 150 150
-136.000000 -170.000000 -21.990700 150 150 150
-130.000000 -170.000000 -21.990700 150 150 150
-124.000000 -170.000000 -21.990700 150 150 150
-118.000000 -170.000000 -21.990700 150 150 150
-112.000000 -170.000000 -21.990700 150 150 150
-106.000000 -170.000000 -21.990700 150 150 150
-100.000000 -170.000000 -21.990700 150 150 150
-94.000000 -170.000000 -21.990700 150 150 150
-88.000000 -170.000000 -21.990700 150 150 150
-82.000000 -170.000000 -21.990700 150 150 150
-76.000000 -170.000000 -21.990700 150 150 150
-70.000000 -170.000000 -21.990700 150 150 150
-64.000000 -170.000000 -21.990700 150 150 150
-58.000000 -170.000000 -21.990700 150 150 150
-52.000000 -170.000000 -21.990700 150 150 150
-46.000000 -170.000000 -21.990700 150 150 150
-40.000000 -170.000000 -21.990700 150 150 150
-34.000000 -170.000000 -21.990700 150 150 150
-28.000000 -170.000000 -21.990700 150 150 150
-22.000000 -170.000000 -21.990700 150 150 150
-16.000000 -170.000000 -21.990700 150 150 150
-10.000000 -170.000000 -21.990700 150 150 150
-4.000000 -170.000000 -21.990700 150 150 150
2.000000 -170.000000 -21.990700 150 150 150
8.000000 -170.000000 -21.990700 150 150 150
14.000000 -170.000000 -21.990700 150 150 150
20.000000 -170.000000 -21.990700 150 150 150
26.000000 -170.000000 -21.990700 150 150 150
32.000000 -170.000000 -21.990700 150 150 150
38.000000 -170.000000 -21.990700 150 150 150
80.000000 -170.000000 -21.990700 150 150 150
86.000000 -170.000000 -21.990700 150 150 150
92.000000 -170.000000 -21.990700 150 150 150
98.000000 -170.000000 -21.990700 150 150 150
104.000000 -170.000000 -21.990700 150 150 150
110.000000 -170.000000 -21.990700 150 150 150
116.000000 -170.000000 -21.990700 150 150 150
122.000000 -170.000000 -21.990700 150 150 150
128.000000 -170.000000 -21.990700 150 150 150
134.000000 -170.000000 -21.990700 150 150 150
140.000000 -170.000000 -21.990700 150 150 150
146.000000 -170.000000 -21.990700 150 150 150
152.000000 -170.000000 -21.990700 150 150 150
158.000000 -170.000000 -21.990700 150 150 150
164.000000 -170.000000 -21.990700 150 150 150
170.000000 -170.000000 -21.990700 150 150 150
176.000000 -170.000000 -21.990700 150 150 150
182.000000 -170.000000 -21.990700 150 150 150
188.000000 -170.000000 -21.990700 150 150 150
194.000000 -170.000000 -21.990700 150 150 150
-256.000000 -176.000000 -21.990700 150 150 150
-250.000000 -176.000000 -21.990700 150 150 150
-244.000000 -176.000000 -21.990700 150 150 150
-238.000000 -176.000000 -21.990700 150 150 150
-232.000000 -176.000000 -21.990700 150 150 150
-226.000000 -176.000000 -21.990700 150 150 150
-220.000000 -176.000000 -21.990700 150 150 150
-214.000000 -176.000000 -21.990700 150 150 150
-208.000000 -176.000000 -21.990700 150 150 150
-202.000000 -176.000000 -21.990700 150 150 150
-196.000000 -176.000000 -21.990700 150 150 150
-190.000000 -176.000000 -21.990700 150 150 150
-184.000000 -176.000000 -21.990700 150 150 150
-178.000000 -176.000000 -21.990700 150 150 150
-172.000000 -176.000000 -21.990700 150 150 150
-166.000000 -176.000000 -21.990700 150 150 150
-160.000000 -176.000000 -21.990700 150 150 150
-154.000000 -176.000000 -21.990700 150 150 150
-148.000000 -176.000000 -21.990700 150 150 150
-142.000000 -176.000000 -21.990700 150 150 150
-136.000000 -176.000000 -21.990700 150 150 150
-130.000000 -176.000000 -21.990700 150 150 150
-124.000000 -176.000000 -21.990700 150 150 150
-118.000000 -176.000000 -21.990700 150 150 150
-112.000000 -176.000000 -21.990700 150 150 150
-106.000000 -176.000000 -21.990700 150 150 150
-100.000000 -176.000000 -21.990700 150 150 150
-94.000000 -176.000000 -21.990700 150 150 150
-88.000000 -176.000000 -21.990700 150 150 150
-82.000000 -176.000000 -21.990700 150 150 150
-76.000000 -176.000000 -21.990700 150 150 150
-70.000000 -176.000000 -21.990700 150 150 150
-64.000000 -176.000000 -21.990700 150 150 150
-58.000000 -176.000000 -21.990700 150 150 150
-52.000000 -176.000000 -21.990700 150 150 150
-46.000000 -176.000000 -21.990700 150 150 150
-40.000000 -176.000000 -21.990700 150 150 150
-34.000000 -176.000000 -21.990700 150 150 150
-28.000000 -176.000000 -21.990700 150 150 150
-22.000000 -176.000000 -21.990700 150 150 150
-16.000000 -176.000000 -21.990700 150 150 150
-10.000000 -176.000000 -21.990700 150 150 150
-4.000000 -176.000000 -21.990700 150 150 150
2.000000 -176.000000 -21.990700 150 150 150
8.000000 -176.000000 -21.990700 150 150 150
14.000000 -176.000000 -21.990700 150 150 150
20.000000 -176.000000 -21.990700 150 150 150
26.000000 -176.000000 -21.990700 150 150 150
32.000000 -176.000000 -21.990700 150 150 150
38.000000 -176.000000 -21.990700 150 150 150
44.000000 -176.000000 -21.990700 150 150 150
50.000000 -176.000000 -21.990700 150 150 150
74.000000 -176.000000 -21.990700 150 150 150
80.000000 -176.000000 -21.990700 150 150 150
86.000000 -176.000000 -21.990700 150 150 150
92.000000 -176.000000 -21.990700 150 150 150
98.000000 -176.000000 -21.990700 150 150 150
104.000000 -176.000000 -21.990700 150 150 150
110.000000 -176.000000 -21.990700 150 150 150
116.000000 -176.000000 -21.990700 150 150 150
122.000000 -176.000000 -21.990700 150 150 150
128.000000 -176.000000 -21.990700 150 150 150
134.000000 -176.000000 -21.990700 150 150 150
140.000000 -176.000000 -21.990700 150 150 150
146.000000 -176.000000 -21.990700 150 150 150
152.000000 -176.000000 -21.990700 150 150 150
158.000000 -176.000000 -21.990700 150 150 150
164.000000 -176.000000 -21.990700 150 150 150
170.000000 -176.000000 -21.990700 150 150 150
176.000000 -176.000000 -21.990700 150 150 150
182.000000 -176.000000 -21.990700 150 150 150
188.000000 -176.000000 -21.990700 150 150 150
194.000000 -176.000000 -21.990700 150 150 150
-256.000000 -182.000000 -21.990700 150 150 150
-250.000000 -182.000000 -21.990700 150 150 150
-244.000000 -182.000000 -21.990700 150 150 150
-238.000000 -182.000000 -21.990700 150 150 150
-232.000000 -182.000000 -21.990700 150 150 150
-226.000000 -182.000000 -21.990700 150 150 150
-220.000000 -182.000000 -21.990700 150 150 150
-214.000000 -182.000000 -21.990700 150 150 150
-208.000000 -182.000000 -21.990700 150 150 150
-202.000000 -182.000000 -21.990700 150 150 150
-196.000000 -182.000000 -21.990700 150 150 150
-190.000000 -182.000000 -21.990700 150 150 150
-184.000000 -182.000000 -21.990700 150 150 150
-178.000000 -182.000000 -21.990700 150 150 150
-172.000000 -182.000000 -21.990700 150 150 150
-166.000000 -182.000000 -21.990700 150 150 150
-160.000000 -182.000000 -21.990700 150 150 150
-154.000000 -182.000000 -21.990700 150 150 150
-148.000000 -182.000000 -21.990700 150 150 150
-142.000000 -182.000000 -21.990700 150 150 150
-136.000000 -182.000000 -21.990700 150 150 150
-130.000000 -182.000000 -21.990700 150 150 150
-124.000000 -182.000000 -21.990700 150 150 150
-118.000000 -182.000000 -21.990700 150 150 150
-112.000000 -182.000000 -21.990700 150 150 150
-106.000000 -182.000000 -21.990700 150 150 150
-100.000000 -182.000000 -21.990700 150 150 150
-94.000000 -182.000000 -21.990700 150 150 150
-88.000000 -182.000000 -21.990700 150 150 150
-82.000000 -182.000000 -21.990700 150 150 150
-76.000000 -182.000000 -21.990700 150 150 150
-70.000000 -182.000000 -21.990700 150 150 150
-64.000000 -182.000000 -21.990700 150 150 150
-58.000000 -182.000000 -21.990700 150 150 150
-52.000000 -182.000000 -21.990700 150 150 150
-46.000000 -182.000000 -21.990700 150 150 150
-40.000000 -182.000000 -21.990700 150 150 150
-34.000000 -182.000000 -21.990700 150 150 150
-28.000000 -182.000000 -21.990700 150 150 150
-22.000000 -182.000000 -21.990700 150 150 150
-16.000000 -182.000000 -21.990700 150 150 150
-10.000000 -182.000000 -21.990700 150 150 150
-4.000000 -182.000000 -21.990700 150 150 150
2.000000 -182.000000 -21.990700 150 150 150
8.000000 -182.000000 -21.990700 150 150 150
14.000000 -182.000000 -21.990700 150 150 150
20.000000 -182.000000 -21.990700 150 150 150
26.000000 -182.000000 -21.990700 150 150 150
32.000000 -182.000000 -21.990700 150 150 150
38.000000 -182.000000 -21.990700 150 150 150
44.000000 -182.000000 -21.990700 150 150 150
50.000000 -182.000000 -21.990700 150 150 150
56.000000 -182.000000 -21.990700 150 150 150
62.000000 -182.000000 -21.990700 150 150 150
68.000000 -182.000000 -21.990700 150 150 150
74.000000 -182.000000 -21.990700 150 150 150
80.000000 -182.000000 -21.990700 150 150 150
86.000000 -182.000000 -21.990700 150 150 150
92.000000 -182.000000 -21.990700 150 150 150
98.000000 -182.000000 -21.990700 150 150 150
104.000000 -182.000000 -21.990700 150 150 150
110.000000 -182.000000 -21.990700 150 150 150
116.000000 -182.000000 -21.990700 150 150 150
122.000000 -182.000000 -21.990700 150 150 150
128.000000 -182.000000 -21.990700 150 150 150
134.000000 -182.000000 -21.990700 150 150 150
140.000000 -182.000000 -21.990700 150 150 150
146.000000 -182.000000 -21.990700 150 150 150
152.000000 -182.000000 -21.990700 150 150 150
158.000000 -182.000000 -21.990700 150 150 150
164.000000 -182.000000 -21.990700 150 150 150
170.000000 -182.000000 -21.990700 150 150 150
176.000000 -182.000000 -21.990700 150 150 150
182.000000 -182.000000 -21.990700 150 150 150
188.000000 -182.000000 -21.990700 150 150 150
194.000000 -182.000000 -21.990700 150 150 150
-256.000000 -188.000000 -21.990700 150 150 150
-250.000000 -188.000000 -21.990700 150 150 150
-244.000000 -188.000000 -21.990700 150 150 150
-238.000000 -188.000000 -21.990700 150 150 150
-232.000000 -188.000000 -21.990700 150 150 150
-226.000000 -188.000000 -21.990700 150 150 150
-220.000000 -188.000000 -21.990700 150 150 150
-214.000000 -188.000000 -21.990700 150 150 150
-208.000000 -188.000000 -21.990700 150 150 150
-202.000000 -188.000000 -21.990700 150 150 150
-196.000000 -188.000000 -21.990700 150 150 150
-190.000000 -188.000000 -21.990700 150 150 150
-184.000000 -188.000000 -21.990700 150 150 150
-178.000000 -188.000000 -21.990700 150 150 150
-172.000000 -188.000000 -21.990700 150 150 150
-166.000000 -188.000000 -21.990700 150 150 150
-160.000000 -188.000000 -21.990700 150 150 150
-154.000000 -188.000000 -21.990700 150 150 150
-148.000000 -188.000000 -21.990700 150 150 150
-142.000000 -188.000000 -21.990700 150 150 150
-136.000000 -188.000000 -21.990700 150 150 150
-130.000000 -188.000000 -21.990700 150 150 150
-124.000000 -188.000000 -21.990700 150 150 150
-118.000000 -188.000000 -21.990700 150 150 150
-112.000000 -188.000000 -21.990700 150 150 150
-106.000000 -188.000000 -21.990700 150 150 150
-100.000000 -188.000000 -21.990700 150 150 150
-94.000000 -188.000000 -21.990700 150 150 150
-88.000000 -188.000000 -21.990700 150 150 150
-82.000000 -188.000000 -21.990700 150 150 150
-76.000000 -188.000000 -21.990700 150 150 150
-70.000000 -188.000000 -21.990700 150 150 150
-64.000000 -188.000000 -21.990700 150 150 150
-58.000000 -188.000000 -21.990700 150 150 150
-52.000000 -188.000000 -21.990700 150 150 150
-46.000000 -188.000000 -21.990700 150 150 150
-40.000000 -188.000000 -21.990700 150 150 150
-34.000000 -188.000000 -21.990700 150 150 150
-28.000000 -188.000000 -21.990700 150 150 150
-22.000000 -188.000000 -21.990700 150 150 150
-16.000000 -188.000000 -21.990700 150 150 150
-10.000000 -188.000000 -21.990700 150 150 150
-4.000000 -188.000000 -21.990700 150 150 150
2.000000 -188.000000 -21.990700 150 150 150
8.000000 -188.000000 -21.990700 150 150 150
14.000000 -188.000000 -21.990700 150 150 150
20.000000 -188.000000 -21.990700 150 150 150
26.000000 -188.000000 -21.990700 150 150 150
32.000000 -188.000000 -21.990700 150 150 150
38.000000 -188.000000 -21.990700 150 150 150
44.000000 -188.000000 -21.990700 150 150 150
50.000000 -188.000000 -21.990700 150 150 150
56.000000 -188.000000 -21.990700 150 150 150
62.000000 -188.000000 -21.990700 150 150 150
68.000000 -188.000000 -21.990700 150 150 150
74.000000 -188.000000 -21.990700 150 150 150
80.000000 -188.000000 -21.990700 150 150 150
86.000000 -188.000000 -21.990700 150 150 150
92.000000 -188.000000 -21.990700 150 150 150
98.000000 -188.000000 -21.990700 150 150 150
104.000000 -188.000000 -21.990700 150 150 150
110.000000 -188.000000 -21.990700 150 150 150
116.000000 -188.000000 -21.990700 150 150 150
122.000000 -188.000000 -21.990700 150 150 150
128.000000 -188.000000 -21.990700 150 150 150
134.000000 -188.000000 -21.990700 150 150 150
140.000000 -188.000000 -21.990700 150 150 150
146.000000 -188.000000 -21.990700 150 150 150
152.000000 -188.000000 -21.990700 150 150 150
158.000000 -188.000000 -21.990700 150 150 150
164.000000 -188.000000 -21.990700 150 150 150
170.000000 -188.000000 -21.990700 150 150 150
176.000000 -188.000000 -21.990700 150 150 150
182.000000 -188.000000 -21.990700 150 150 150
188.000000 -188.000000 -21.990700 150 150 150
194.000000 -188.000000 -21.990700 150 150 150
