ply
format ascii 1.0
comment Created by CloudCompare v2.11.1 (Anoia)
comment Created 9/4/26 12:02 AM
obj_info Generated by CloudCompare!
element vertex 19735
property float x
property float y
property float z
property uchar red
property uchar green
property uchar blue
end_header
-82 136 80.2095 48 18 59 
-80 136 78.4933 48 18 59 
-78 136 78.6266 48 18 59 
-76 136 78.4543 48 18 59 
-74 136 79.0075 48 18 59 
-72 136 80.0362 48 18 59 
-70 136 80.8073 48 18 59 
-68 136 81.1292 48 18 59 
-66 136 81.1411 48 18 59 
-64 136 81.3841 48 18 59 
-62 136 81.6694 48 18 59 
-60 136 81.7624 48 18 59 
-24 136 82.044 48 18 59 
-22 136 81.6577 48 18 59 
-18 136 81.3281 48 18 59 
-16 136 81.0382 48 18 59 
-14 136 80.9177 48 18 59 
-12 136 81.3968 48 18 59 
-10 136 81.835 48 18 59 
-8 136 82.0283 48 18 59 
-6 136 82.1802 48 18 59 
-4 136 82.2705 48 18 59 
-2 136 82.8063 48 18 59 
0 136 83.5499 48 18 59 
2 136 83.6748 48 18 59 
4 136 83.2261 48 18 59 
6 136 82.5605 48 18 59 
8 136 82.0441 48 18 59 
10 136 82.0373 48 18 59 
12 136 82.4236 48 18 59 
14 136 83.1005 48 18 59 
16 136 83.7622 48 18 59 
18 136 84.3227 48 18 59 
20 136 84.5811 48 18 59 
22 136 84.4201 48 18 59 
24 136 84.2615 48 18 59 
26 136 84.5352 48 18 59 
28 136 84.8724 48 18 59 
30 136 85.0919 48 18 59 
32 136 85.6362 48 18 59 
34 136 86.4381 48 18 59 
36 136 86.5999 48 18 59 
38 136 86.5003 48 18 59 
40 136 86.379 48 18 59 
42 136 86.2086 48 18 59 
44 136 86.5185 48 18 59 
46 136 87.016 48 18 59 
48 136 87.1115 48 18 59 
50 136 87.1547 48 18 59 
52 136 87.3389 48 18 59 
54 136 87.5099 48 18 59 
56 136 87.3286 48 18 59 
58 136 87.0804 48 18 59 
60 136 87.111 48 18 59 
62 136 87.3164 48 18 59 
64 136 87.7629 48 18 59 
66 136 87.9182 48 18 59 
-86 134 90.4248 48 18 59 
-84 134 87.6094 48 18 59 
-82 134 82.2087 48 18 59 
-80 134 80.8416 48 18 59 
-78 134 80.9063 48 18 59 
-76 134 80.8557 48 18 59 
-74 134 80.8844 48 18 59 
-72 134 81.0684 48 18 59 
-70 134 81.5194 48 18 59 
-68 134 81.7192 48 18 59 
-66 134 81.6898 48 18 59 
-64 134 81.8989 48 18 59 
-62 134 82.2968 48 18 59 
-60 134 82.6051 48 18 59 
-58 134 82.3893 48 18 59 
-56 134 81.8163 48 18 59 
-54 134 81.8076 48 18 59 
-52 134 81.9756 48 18 59 
-50 134 81.5061 48 18 59 
-48 134 81.1867 48 18 59 
-46 134 81.6983 48 18 59 
-44 134 82.5467 48 18 59 
-42 134 82.9304 48 18 59 
-40 134 83.1577 48 18 59 
-38 134 83.551 48 18 59 
-36 134 83.4832 48 18 59 
-34 134 83.1379 48 18 59 
-32 134 83.459 48 18 59 
-30 134 83.7149 48 18 59 
-28 134 83.8354 48 18 59 
-26 134 83.9213 48 18 59 
-24 134 83.6991 48 18 59 
-22 134 83.9096 48 18 59 
-20 134 83.8426 48 18 59 
-18 134 82.9988 48 18 59 
-16 134 82.807 48 18 59 
-14 134 83.2767 48 18 59 
-12 134 83.5776 48 18 59 
-10 134 83.7384 48 18 59 
-8 134 83.8486 48 18 59 
-6 134 84.037 48 18 59 
-4 134 84.3827 48 18 59 
-2 134 84.6206 48 18 59 
0 134 84.8352 48 18 59 
2 134 85.0697 48 18 59 
4 134 85.1847 48 18 59 
6 134 85.0279 48 18 59 
8 134 84.9008 48 18 59 
10 134 84.9805 48 18 59 
12 134 85.1809 48 18 59 
14 134 85.432 48 18 59 
16 134 85.688 48 18 59 
18 134 86.0909 48 18 59 
20 134 86.5665 48 18 59 
22 134 86.5356 48 18 59 
24 134 86.3276 48 18 59 
26 134 86.3939 48 18 59 
28 134 86.7254 48 18 59 
30 134 87.2419 48 18 59 
32 134 87.7044 48 18 59 
34 134 87.8016 48 18 59 
36 134 87.5409 48 18 59 
38 134 87.494 48 18 59 
40 134 87.7733 48 18 59 
42 134 87.9426 48 18 59 
44 134 87.7686 48 18 59 
46 134 87.9464 48 18 59 
48 134 88.4032 48 18 59 
50 134 88.5323 48 18 59 
52 134 88.5255 48 18 59 
54 134 88.6387 48 18 59 
56 134 88.7046 48 18 59 
58 134 88.7 48 18 59 
60 134 88.7648 48 18 59 
62 134 88.7748 48 18 59 
64 134 89.0869 48 18 59 
66 134 89.4109 48 18 59 
68 134 89.5106 48 18 59 
70 134 89.9271 48 18 59 
72 134 90.125 48 18 59 
74 134 89.9191 48 18 59 
76 134 90.0327 48 18 59 
78 134 90.2298 48 18 59 
80 134 90.3148 48 18 59 
82 134 90.521 48 18 59 
84 134 90.6124 48 18 59 
86 134 90.7047 48 18 59 
88 134 90.9941 48 18 59 
90 134 91.3242 48 18 59 
92 134 91.0873 48 18 59 
94 134 90.6795 48 18 59 
96 134 90.9388 48 18 59 
98 134 90.9932 48 18 59 
100 134 92.501 48 18 59 
-88 132 85.3478 48 18 59 
-86 132 85.9623 48 18 59 
-84 132 82.9776 48 18 59 
-82 132 80.4309 48 18 59 
-80 132 80.3841 48 18 59 
-78 132 80.7601 48 18 59 
-76 132 80.9095 48 18 59 
-74 132 80.7943 48 18 59 
-72 132 80.8586 48 18 59 
-70 132 81.2359 48 18 59 
-68 132 81.5362 48 18 59 
-66 132 81.6129 48 18 59 
-64 132 81.7075 48 18 59 
-62 132 81.8568 48 18 59 
-60 132 82.0454 48 18 59 
-58 132 81.8861 48 18 59 
-56 132 81.5775 48 18 59 
-54 132 81.7262 48 18 59 
-52 132 82.0884 48 18 59 
-50 132 82.0826 48 18 59 
-48 132 82.0354 48 18 59 
-46 132 82.2134 48 18 59 
-44 132 82.586 48 18 59 
-42 132 83.0014 48 18 59 
-40 132 83.3657 48 18 59 
-38 132 83.6029 48 18 59 
-36 132 83.6592 48 18 59 
-34 132 83.5596 48 18 59 
-32 132 83.5848 48 18 59 
-30 132 83.6427 48 18 59 
-28 132 83.7752 48 18 59 
-26 132 83.8966 48 18 59 
-24 132 84.0873 48 18 59 
-22 132 84.3958 48 18 59 
-20 132 84.4071 48 18 59 
-18 132 84.104 48 18 59 
-16 132 84.2605 48 18 59 
-14 132 84.8405 48 18 59 
-12 132 85.1591 48 18 59 
-10 132 85.3205 48 18 59 
-8 132 85.3426 48 18 59 
-6 132 85.3789 48 18 59 
-4 132 85.7504 48 18 59 
-2 132 85.8115 48 18 59 
0 132 85.808 48 18 59 
2 132 86.1738 48 18 59 
4 132 86.6445 48 18 59 
6 132 86.7455 48 18 59 
8 132 86.6429 48 18 59 
10 132 86.8752 48 18 59 
12 132 87.257 48 18 59 
14 132 87.2947 48 18 59 
16 132 87.3296 48 18 59 
18 132 87.6205 48 18 59 
20 132 88.0762 48 18 59 
22 132 88.282 48 18 59 
24 132 88.2274 48 18 59 
26 132 88.2961 48 18 59 
28 132 88.7452 48 18 59 
30 132 89.3093 48 18 59 
32 132 89.7181 48 18 59 
34 132 89.7585 48 18 59 
36 132 89.8253 48 18 59 
38 132 89.9525 48 18 59 
40 132 90.1857 48 18 59 
42 132 90.3471 48 18 59 
44 132 90.0994 48 18 59 
46 132 90.0301 48 18 59 
48 132 90.287 48 18 59 
50 132 90.4918 48 18 59 
52 132 90.4855 48 18 59 
54 132 90.6936 48 18 59 
56 132 91.152 48 18 59 
58 132 91.0615 48 18 59 
60 132 91.042 48 18 59 
62 132 91.2476 48 18 59 
64 132 91.6177 48 18 59 
66 132 91.9624 48 18 59 
68 132 91.8632 48 18 59 
70 132 91.8023 48 18 59 
72 132 91.9146 48 18 59 
74 132 91.9799 48 18 59 
76 132 92.3685 48 18 59 
78 132 92.5617 48 18 59 
80 132 92.4991 48 18 59 
82 132 92.4081 48 18 59 
84 132 92.5965 48 18 59 
86 132 92.9529 48 18 59 
88 132 93.0814 48 18 59 
90 132 93.3575 48 18 59 
92 132 93.4261 48 18 59 
94 132 93.1589 48 18 59 
96 132 93.1264 48 18 59 
98 132 92.4955 48 18 59 
100 132 93.0978 48 18 59 
102 132 97.5368 48 18 59 
104 132 100.249 48 18 59 
-90 130 84.5144 48 18 59 
-88 130 83.6659 48 18 59 
-86 130 80.099 48 18 59 
-84 130 76.7762 48 18 59 
-82 130 75.6658 50 21 67 
-80 130 75.929 48 18 59 
-78 130 76.5667 48 18 59 
-76 130 76.7072 48 18 59 
-74 130 76.6958 48 18 59 
-72 130 76.8531 48 18 59 
-70 130 76.901 48 18 59 
-68 130 77.2155 48 18 59 
-66 130 77.5785 48 18 59 
-64 130 77.6921 48 18 59 
-62 130 77.643 48 18 59 
-60 130 77.7425 48 18 59 
-58 130 77.8184 48 18 59 
-56 130 77.8449 48 18 59 
-54 130 78.2355 48 18 59 
-52 130 78.6192 48 18 59 
-50 130 78.8668 48 18 59 
-48 130 79.151 48 18 59 
-46 130 79.2134 48 18 59 
-44 130 79.0689 48 18 59 
-42 130 79.2741 48 18 59 
-40 130 79.6611 48 18 59 
-38 130 79.8329 48 18 59 
-36 130 80.0922 48 18 59 
-34 130 80.2479 48 18 59 
-32 130 80.3471 48 18 59 
-30 130 80.5006 48 18 59 
-28 130 80.637 48 18 59 
-26 130 80.7626 48 18 59 
-24 130 80.8151 48 18 59 
-22 130 80.9152 48 18 59 
-20 130 81.1171 48 18 59 
-18 130 81.1592 48 18 59 
-16 130 81.4256 48 18 59 
-14 130 81.833 48 18 59 
-12 130 82.1014 48 18 59 
-10 130 82.1821 48 18 59 
-8 130 82.1176 48 18 59 
-6 130 82.1712 48 18 59 
-4 130 82.4929 48 18 59 
-2 130 82.6676 48 18 59 
0 130 82.9033 48 18 59 
2 130 83.1858 48 18 59 
4 130 83.4889 48 18 59 
6 130 83.6677 48 18 59 
8 130 83.5915 48 18 59 
10 130 83.7997 48 18 59 
12 130 84.1537 48 18 59 
14 130 84.2889 48 18 59 
16 130 84.5625 48 18 59 
18 130 84.87 48 18 59 
20 130 85.0803 48 18 59 
22 130 85.2777 48 18 59 
24 130 85.4226 48 18 59 
26 130 85.5641 48 18 59 
28 130 85.9362 48 18 59 
30 130 86.2834 48 18 59 
32 130 86.4661 48 18 59 
34 130 86.4793 48 18 59 
36 130 86.7007 48 18 59 
38 130 87.0013 48 18 59 
40 130 87.2104 48 18 59 
42 130 87.3026 48 18 59 
44 130 87.379 48 18 59 
46 130 87.5326 48 18 59 
48 130 87.6574 48 18 59 
50 130 87.9144 48 18 59 
52 130 88.1282 48 18 59 
54 130 88.4284 48 18 59 
56 130 89.0561 48 18 59 
58 130 89.1826 48 18 59 
60 130 89.1348 48 18 59 
62 130 89.2549 48 18 59 
64 130 89.558 48 18 59 
66 130 89.9961 48 18 59 
68 130 90.1264 48 18 59 
70 130 90.0293 48 18 59 
72 130 90.2725 48 18 59 
74 130 90.6307 48 18 59 
76 130 90.896 48 18 59 
78 130 90.8664 48 18 59 
80 130 90.8397 48 18 59 
82 130 90.89 48 18 59 
84 130 91.3088 48 18 59 
86 130 91.7922 48 18 59 
88 130 91.7387 48 18 59 
90 130 91.7617 48 18 59 
92 130 92.1387 48 18 59 
94 130 92.454 48 18 59 
96 130 92.4991 48 18 59 
98 130 91.8093 48 18 59 
100 130 91.8506 48 18 59 
102 130 95.1206 48 18 59 
104 130 96.8335 48 18 59 
-92 128 87.7794 48 18 59 
-90 128 88.3145 48 18 59 
-88 128 84.2326 48 18 59 
-86 128 75.6311 50 21 67 
-84 128 72.5139 56 39 109 
-82 128 72.1538 57 42 115 
-80 128 72.2378 57 42 115 
-78 128 72.7642 55 36 102 
-76 128 72.9171 55 36 102 
-74 128 72.7448 56 39 109 
-72 128 72.6507 56 39 109 
-70 128 72.6222 56 39 109 
-68 128 72.9338 55 36 102 
-66 128 73.3682 54 33 95 
-64 128 73.3611 54 33 95 
-62 128 73.0938 55 36 102 
-60 128 73.2424 55 36 102 
-58 128 73.4305 54 33 95 
-56 128 73.5804 54 33 95 
-54 128 74.1574 53 30 88 
-52 128 74.4447 52 27 81 
-50 128 74.593 52 27 81 
-48 128 74.778 51 24 74 
-46 128 74.7299 52 27 81 
-44 128 74.6175 52 27 81 
-42 128 74.7002 52 27 81 
-40 128 74.8614 51 24 74 
-38 128 74.9511 51 24 74 
-36 128 75.142 51 24 74 
-34 128 75.4661 50 21 67 
-32 128 75.8673 48 18 59 
-30 128 76.0861 48 18 59 
-28 128 76.2488 48 18 59 
-26 128 76.3129 48 18 59 
-24 128 76.3128 48 18 59 
-22 128 76.4582 48 18 59 
-20 128 76.5729 48 18 59 
-18 128 76.5303 48 18 59 
-16 128 76.6742 48 18 59 
-14 128 76.69 48 18 59 
-12 128 76.7097 48 18 59 
-10 128 76.8057 48 18 59 
-8 128 77.0286 48 18 59 
-6 128 77.4289 48 18 59 
-4 128 77.6427 48 18 59 
-2 128 77.7045 48 18 59 
0 128 77.9576 48 18 59 
2 128 78.2307 48 18 59 
4 128 78.5073 48 18 59 
6 128 78.484 48 18 59 
8 128 78.2676 48 18 59 
10 128 78.4267 48 18 59 
12 128 78.8615 48 18 59 
14 128 79.1723 48 18 59 
16 128 79.4561 48 18 59 
18 128 79.604 48 18 59 
20 128 79.6811 48 18 59 
22 128 79.8592 48 18 59 
24 128 80.1165 48 18 59 
26 128 80.2258 48 18 59 
28 128 80.4989 48 18 59 
30 128 80.8304 48 18 59 
32 128 80.967 48 18 59 
34 128 80.9464 48 18 59 
36 128 81.0375 48 18 59 
38 128 81.3997 48 18 59 
40 128 81.8128 48 18 59 
42 128 81.986 48 18 59 
44 128 82.1863 48 18 59 
46 128 82.5137 48 18 59 
48 128 82.7057 48 18 59 
50 128 83.0413 48 18 59 
52 128 83.3122 48 18 59 
54 128 83.3347 48 18 59 
56 128 83.6106 48 18 59 
58 128 83.8685 48 18 59 
60 128 83.8485 48 18 59 
62 128 83.8732 48 18 59 
64 128 84.1164 48 18 59 
66 128 84.4232 48 18 59 
68 128 84.5984 48 18 59 
70 128 84.6893 48 18 59 
72 128 85.0347 48 18 59 
74 128 85.5586 48 18 59 
76 128 85.9322 48 18 59 
78 128 85.9081 48 18 59 
80 128 85.9442 48 18 59 
82 128 86.1363 48 18 59 
84 128 86.5126 48 18 59 
86 128 87.018 48 18 59 
88 128 87.1534 48 18 59 
90 128 87.252 48 18 59 
92 128 87.4817 48 18 59 
94 128 87.7737 48 18 59 
96 128 88.0927 48 18 59 
98 128 87.96 48 18 59 
100 128 88.4315 48 18 59 
102 128 91.3174 48 18 59 
104 128 92.8145 48 18 59 
-92 126 88.0225 48 18 59 
-90 126 88.9222 48 18 59 
-88 126 82.4377 48 18 59 
-86 126 73.8525 53 30 88 
-84 126 72.042 57 42 115 
-82 126 72.4167 56 39 109 
-80 126 72.5137 56 39 109 
-78 126 72.6022 56 39 109 
-76 126 72.8939 55 36 102 
-74 126 73.0187 55 36 102 
-72 126 72.8715 55 36 102 
-70 126 72.7477 56 39 109 
-68 126 72.6976 56 39 109 
-66 126 72.7943 55 36 102 
-64 126 72.9283 55 36 102 
-62 126 73.056 55 36 102 
-60 126 73.4661 54 33 95 
-58 126 73.4819 54 33 95 
-56 126 73.3542 54 33 95 
-54 126 73.6044 54 33 95 
-52 126 73.7373 54 33 95 
-50 126 73.7694 53 30 88 
-48 126 73.8212 53 30 88 
-46 126 73.7656 53 30 88 
-44 126 73.7393 54 33 95 
-42 126 73.8609 53 30 88 
-40 126 73.9365 53 30 88 
-38 126 73.9014 53 30 88 
-36 126 73.8091 53 30 88 
-34 126 74.1482 53 30 88 
-32 126 74.6404 52 27 81 
-30 126 74.5337 52 27 81 
-28 126 74.753 52 27 81 
-26 126 74.965 51 24 74 
-24 126 74.9383 51 24 74 
-22 126 75.0723 51 24 74 
-20 126 74.9734 51 24 74 
-18 126 74.8317 51 24 74 
-16 126 74.9192 51 24 74 
-14 126 75.0712 51 24 74 
-12 126 75.2518 51 24 74 
-10 126 75.3789 50 21 67 
-8 126 75.7017 50 21 67 
-6 126 75.9874 48 18 59 
-4 126 75.6895 50 21 67 
-2 126 75.5518 50 21 67 
0 126 75.7869 48 18 59 
2 126 75.8754 48 18 59 
4 126 76.0535 48 18 59 
6 126 76.123 48 18 59 
8 126 75.9926 48 18 59 
10 126 76.0063 48 18 59 
12 126 76.3683 48 18 59 
14 126 76.5311 48 18 59 
16 126 76.5616 48 18 59 
18 126 76.7535 48 18 59 
20 126 77.0028 48 18 59 
22 126 77.0714 48 18 59 
24 126 77.2424 48 18 59 
26 126 77.378 48 18 59 
28 126 77.4389 48 18 59 
30 126 77.547 48 18 59 
32 126 77.9063 48 18 59 
34 126 78.2143 48 18 59 
36 126 78.3038 48 18 59 
38 126 78.5282 48 18 59 
40 126 78.7196 48 18 59 
42 126 78.7925 48 18 59 
44 126 79.0394 48 18 59 
46 126 79.2758 48 18 59 
48 126 79.368 48 18 59 
50 126 79.6377 48 18 59 
52 126 80.0031 48 18 59 
54 126 80.0226 48 18 59 
56 126 79.9982 48 18 59 
58 126 80.097 48 18 59 
60 126 80.3666 48 18 59 
62 126 80.6016 48 18 59 
64 126 80.5163 48 18 59 
66 126 80.5214 48 18 59 
68 126 80.638 48 18 59 
70 126 80.6924 48 18 59 
72 126 80.9846 48 18 59 
74 126 81.3969 48 18 59 
76 126 81.7187 48 18 59 
78 126 81.7973 48 18 59 
80 126 81.7786 48 18 59 
82 126 81.787 48 18 59 
84 126 81.9654 48 18 59 
86 126 82.3074 48 18 59 
88 126 82.5809 48 18 59 
90 126 82.8643 48 18 59 
92 126 82.9403 48 18 59 
94 126 83.4646 48 18 59 
96 126 84.1206 48 18 59 
98 126 84.1199 48 18 59 
100 126 84.6131 48 18 59 
102 126 89.197 48 18 59 
104 126 93.9151 48 18 59 
106 126 96.0612 48 18 59 
-94 124 84.0598 48 18 59 
-92 124 85.4145 48 18 59 
-90 124 84.1914 48 18 59 
-88 124 77.5611 48 18 59 
-86 124 73.5797 54 33 95 
-84 124 73.9338 53 30 88 
-82 124 74.3783 52 27 81 
-80 124 74.1732 53 30 88 
-78 124 73.9354 53 30 88 
-76 124 74.232 53 30 88 
-74 124 74.6739 52 27 81 
-72 124 74.7885 51 24 74 
-70 124 74.7072 52 27 81 
-68 124 74.5864 52 27 81 
-66 124 74.6717 52 27 81 
-64 124 75.1076 51 24 74 
-62 124 75.6426 50 21 67 
-60 124 76.0237 48 18 59 
-58 124 75.7622 50 21 67 
-56 124 75.465 50 21 67 
-54 124 75.4477 50 21 67 
-52 124 75.6038 50 21 67 
-50 124 75.7781 48 18 59 
-48 124 75.9032 48 18 59 
-46 124 76.1108 48 18 59 
-44 124 76.168 48 18 59 
-42 124 76.2321 48 18 59 
-40 124 76.273 48 18 59 
-38 124 76.2043 48 18 59 
-36 124 75.9212 48 18 59 
-34 124 75.8809 48 18 59 
-32 124 76.1102 48 18 59 
-30 124 75.9962 48 18 59 
-28 124 76.3615 48 18 59 
-26 124 76.6676 48 18 59 
-24 124 76.535 48 18 59 
-22 124 76.7027 48 18 59 
-20 124 76.7991 48 18 59 
-18 124 76.8145 48 18 59 
-16 124 77.065 48 18 59 
-14 124 77.5896 48 18 59 
-12 124 77.7786 48 18 59 
-10 124 77.7751 48 18 59 
-8 124 78.0773 48 18 59 
-6 124 78.1052 48 18 59 
-4 124 77.5118 48 18 59 
-2 124 77.4327 48 18 59 
0 124 77.8056 48 18 59 
2 124 77.8254 48 18 59 
4 124 77.7952 48 18 59 
6 124 78.0422 48 18 59 
8 124 78.0084 48 18 59 
10 124 77.7777 48 18 59 
12 124 77.9182 48 18 59 
14 124 78.1186 48 18 59 
16 124 78.3693 48 18 59 
18 124 78.8147 48 18 59 
20 124 79.2745 48 18 59 
22 124 79.3105 48 18 59 
24 124 79.2262 48 18 59 
26 124 79.2944 48 18 59 
28 124 79.1663 48 18 59 
30 124 79.0438 48 18 59 
32 124 79.3429 48 18 59 
34 124 79.7029 48 18 59 
36 124 79.839 48 18 59 
38 124 79.6329 48 18 59 
40 124 79.4061 48 18 59 
42 124 79.5657 48 18 59 
44 124 79.6143 48 18 59 
46 124 79.6306 48 18 59 
48 124 79.76 48 18 59 
50 124 79.813 48 18 59 
52 124 80.2608 48 18 59 
54 124 80.8061 48 18 59 
56 124 80.811 48 18 59 
58 124 80.7949 48 18 59 
60 124 81.4848 48 18 59 
62 124 81.8938 48 18 59 
64 124 81.7097 48 18 59 
66 124 81.646 48 18 59 
68 124 81.7918 48 18 59 
70 124 81.6986 48 18 59 
72 124 81.6756 48 18 59 
74 124 81.8037 48 18 59 
76 124 81.6527 48 18 59 
78 124 81.5408 48 18 59 
80 124 81.6986 48 18 59 
82 124 81.9518 48 18 59 
84 124 82.0542 48 18 59 
86 124 81.7125 48 18 59 
88 124 81.6777 48 18 59 
90 124 82.1484 48 18 59 
92 124 82.2817 48 18 59 
94 124 82.8533 48 18 59 
96 124 83.2341 48 18 59 
98 124 82.7694 48 18 59 
100 124 82.8797 48 18 59 
102 124 88.9212 48 18 59 
104 124 96.6082 48 18 59 
106 124 98.4781 48 18 59 
-96 122 86.645 48 18 59 
-94 122 86.2755 48 18 59 
-92 122 85.1091 48 18 59 
-90 122 78.444 48 18 59 
-88 122 72.0286 57 42 115 
-86 122 71.5053 58 45 121 
-84 122 72.3854 56 39 109 
-82 122 72.5932 56 39 109 
-80 122 72.4423 56 39 109 
-78 122 72.5401 56 39 109 
-76 122 73.0052 55 36 102 
-74 122 73.244 55 36 102 
-72 122 73.2321 55 36 102 
-70 122 73.2971 54 33 95 
-68 122 73.526 54 33 95 
-66 122 73.8765 53 30 88 
-64 122 74.1367 53 30 88 
-62 122 74.3021 52 27 81 
-60 122 74.4778 52 27 81 
-58 122 74.6907 52 27 81 
-56 122 74.764 51 24 74 
-54 122 74.855 51 24 74 
-52 122 75.0677 51 24 74 
-50 122 75.115 51 24 74 
-48 122 75.2231 51 24 74 
-46 122 75.68 50 21 67 
-44 122 75.9188 48 18 59 
-42 122 75.6502 50 21 67 
-40 122 75.4807 50 21 67 
-38 122 75.6196 50 21 67 
-36 122 75.6591 50 21 67 
-34 122 75.7415 50 21 67 
-32 122 75.8617 48 18 59 
-30 122 75.8972 48 18 59 
-28 122 76.1499 48 18 59 
-26 122 76.452 48 18 59 
-24 122 76.4919 48 18 59 
-22 122 76.6964 48 18 59 
-20 122 77.0577 48 18 59 
-18 122 77.2162 48 18 59 
-16 122 77.3695 48 18 59 
-14 122 77.7267 48 18 59 
-12 122 77.639 48 18 59 
-10 122 77.5943 48 18 59 
-8 122 78.0046 48 18 59 
-6 122 78.2678 48 18 59 
-4 122 78.2562 48 18 59 
-2 122 78.4622 48 18 59 
0 122 78.7682 48 18 59 
2 122 78.6725 48 18 59 
4 122 78.3462 48 18 59 
6 122 78.4476 48 18 59 
8 122 78.7854 48 18 59 
10 122 79.0359 48 18 59 
12 122 79.1196 48 18 59 
14 122 79.3 48 18 59 
16 122 79.6828 48 18 59 
18 122 79.9797 48 18 59 
20 122 80.2786 48 18 59 
22 122 80.4035 48 18 59 
24 122 80.3785 48 18 59 
26 122 80.3655 48 18 59 
28 122 80.2788 48 18 59 
30 122 80.3488 48 18 59 
32 122 80.623 48 18 59 
34 122 80.9681 48 18 59 
36 122 81.203 48 18 59 
38 122 80.9884 48 18 59 
40 122 80.8879 48 18 59 
42 122 81.1747 48 18 59 
44 122 81.0776 48 18 59 
46 122 81.0732 48 18 59 
48 122 81.405 48 18 59 
50 122 81.4201 48 18 59 
52 122 81.7355 48 18 59 
54 122 82.2828 48 18 59 
56 122 82.3382 48 18 59 
58 122 82.2936 48 18 59 
60 122 82.6668 48 18 59 
62 122 82.929 48 18 59 
64 122 83.1502 48 18 59 
66 122 83.4383 48 18 59 
68 122 83.6258 48 18 59 
70 122 83.5133 48 18 59 
72 122 83.4973 48 18 59 
74 122 83.6346 48 18 59 
76 122 83.3926 48 18 59 
78 122 83.3553 48 18 59 
80 122 83.53 48 18 59 
82 122 83.7265 48 18 59 
84 122 83.8961 48 18 59 
86 122 83.5682 48 18 59 
88 122 83.6292 48 18 59 
90 122 84.2125 48 18 59 
92 122 84.2439 48 18 59 
94 122 84.2968 48 18 59 
96 122 84.3125 48 18 59 
98 122 83.9896 48 18 59 
100 122 83.9551 48 18 59 
102 122 87.9585 48 18 59 
104 122 94.5733 48 18 59 
106 122 96.5232 48 18 59 
108 122 96.5244 48 18 59 
-98 120 89.7556 48 18 59 
-96 120 89.7049 48 18 59 
-94 120 89.922 48 18 59 
-92 120 84.6291 48 18 59 
-90 120 72.7703 55 36 102 
-88 120 67.2341 65 70 172 
-86 120 67.1954 65 70 172 
-84 120 67.5408 65 67 167 
-82 120 67.8091 64 64 162 
-80 120 67.9386 64 64 162 
-78 120 68.227 64 64 162 
-76 120 68.5853 63 62 156 
-74 120 68.6383 63 62 156 
-72 120 68.6387 63 62 156 
-70 120 68.6455 63 62 156 
-68 120 68.7722 63 59 151 
-66 120 69.0104 63 59 151 
-64 120 69.2263 63 59 151 
-62 120 69.3027 62 56 145 
-60 120 69.2853 62 56 145 
-58 120 69.6026 62 56 145 
-56 120 69.8451 61 53 139 
-54 120 70.034 61 53 139 
-52 120 70.2243 61 53 139 
-50 120 70.2127 61 53 139 
-48 120 70.2802 60 50 134 
-46 120 70.5109 60 50 134 
-44 120 70.7794 59 47 128 
-42 120 70.732 60 50 134 
-40 120 70.849 59 47 128 
-38 120 71.3544 58 45 121 
-36 120 71.5698 58 45 121 
-34 120 71.622 58 45 121 
-32 120 71.5709 58 45 121 
-30 120 71.5867 58 45 121 
-28 120 71.8678 57 42 115 
-26 120 72.2192 57 42 115 
-24 120 72.2406 57 42 115 
-22 120 72.2738 56 39 109 
-20 120 72.4839 56 39 109 
-18 120 72.6927 56 39 109 
-16 120 73.0115 55 36 102 
-14 120 73.3823 54 33 95 
-12 120 73.5534 54 33 95 
-10 120 73.756 54 33 95 
-8 120 73.9459 53 30 88 
-6 120 74.2462 53 30 88 
-4 120 74.5388 52 27 81 
-2 120 74.6196 52 27 81 
0 120 74.592 52 27 81 
2 120 74.627 52 27 81 
4 120 74.6616 52 27 81 
6 120 74.7281 52 27 81 
8 120 75.2636 51 24 74 
10 120 75.9422 48 18 59 
12 120 76.0575 48 18 59 
14 120 75.9222 48 18 59 
16 120 76.0108 48 18 59 
18 120 76.2727 48 18 59 
20 120 76.5597 48 18 59 
22 120 76.7688 48 18 59 
24 120 76.8355 48 18 59 
26 120 76.9422 48 18 59 
28 120 77.1542 48 18 59 
30 120 77.3229 48 18 59 
32 120 77.4374 48 18 59 
34 120 77.5059 48 18 59 
36 120 77.7969 48 18 59 
38 120 78.0285 48 18 59 
40 120 78.1582 48 18 59 
42 120 78.4203 48 18 59 
44 120 78.4782 48 18 59 
46 120 78.6573 48 18 59 
48 120 78.9526 48 18 59 
50 120 78.965 48 18 59 
52 120 79.2337 48 18 59 
54 120 79.6465 48 18 59 
56 120 79.8718 48 18 59 
58 120 79.985 48 18 59 
60 120 80.0027 48 18 59 
62 120 80.0665 48 18 59 
64 120 80.3944 48 18 59 
66 120 80.9118 48 18 59 
68 120 81.1657 48 18 59 
70 120 81.0676 48 18 59 
72 120 81.2004 48 18 59 
74 120 81.4581 48 18 59 
76 120 81.4723 48 18 59 
78 120 81.6235 48 18 59 
80 120 81.7993 48 18 59 
82 120 81.947 48 18 59 
84 120 82.2382 48 18 59 
86 120 82.3812 48 18 59 
88 120 82.4801 48 18 59 
90 120 82.8822 48 18 59 
92 120 82.6921 48 18 59 
94 120 82.5064 48 18 59 
96 120 82.7525 48 18 59 
98 120 82.981 48 18 59 
100 120 82.8614 48 18 59 
102 120 84.3751 48 18 59 
104 120 89.9031 48 18 59 
-98 118 87.6014 48 18 59 
-96 118 88.8178 48 18 59 
-94 118 88.1985 48 18 59 
-92 118 78.7157 48 18 59 
-90 118 67.1267 65 70 172 
-88 118 63.8245 68 86 199 
-86 118 63.8935 68 86 199 
-84 118 64.1348 68 86 199 
-82 118 63.8711 68 86 199 
-80 118 63.713 69 89 203 
-78 118 64.1159 68 86 199 
-76 118 64.4226 68 84 195 
-74 118 64.2978 68 84 195 
-72 118 64.4562 68 84 195 
-70 118 64.6559 68 84 195 
-68 118 64.8411 68 81 191 
-66 118 64.8756 68 81 191 
-64 118 65.019 68 81 191 
-62 118 65.0874 68 81 191 
-60 118 64.8524 68 81 191 
-58 118 64.9569 68 81 191 
-56 118 65.2903 67 78 186 
-54 118 65.3894 67 78 186 
-52 118 65.2416 68 81 191 
-50 118 65.5315 67 78 186 
-48 118 65.9891 66 75 181 
-46 118 65.9753 66 75 181 
-44 118 66.1363 66 75 181 
-42 118 66.4206 66 73 177 
-40 118 66.6024 66 73 177 
-38 118 66.9407 65 70 172 
-36 118 67.0831 65 70 172 
-34 118 67.0414 65 70 172 
-32 118 66.8422 65 70 172 
-30 118 66.8163 65 70 172 
-28 118 67.1674 65 70 172 
-26 118 67.5195 65 67 167 
-24 118 67.526 65 67 167 
-22 118 67.5925 65 67 167 
-20 118 67.6131 65 67 167 
-18 118 67.6119 65 67 167 
-16 118 67.9967 64 64 162 
-14 118 68.4095 63 62 156 
-12 118 68.5764 63 62 156 
-10 118 68.5755 63 62 156 
-8 118 68.5073 63 62 156 
-6 118 68.8117 63 59 151 
-4 118 69.1918 63 59 151 
-2 118 69.3396 62 56 145 
0 118 69.3756 62 56 145 
2 118 69.6008 62 56 145 
4 118 69.9103 61 53 139 
6 118 70.0615 61 53 139 
8 118 70.2325 61 53 139 
10 118 70.5792 60 50 134 
12 118 70.8829 59 47 128 
14 118 70.8483 59 47 128 
16 118 70.704 60 50 134 
18 118 70.8461 59 47 128 
20 118 70.9854 59 47 128 
22 118 71.1749 59 47 128 
24 118 71.434 58 45 121 
26 118 71.6796 58 45 121 
28 118 72.1208 57 42 115 
30 118 72.2994 56 39 109 
32 118 72.276 56 39 109 
34 118 72.2858 56 39 109 
36 118 72.4689 56 39 109 
38 118 72.8206 55 36 102 
40 118 73.0763 55 36 102 
42 118 73.3322 54 33 95 
44 118 73.5372 54 33 95 
46 118 73.7883 53 30 88 
48 118 73.8925 53 30 88 
50 118 73.6663 54 33 95 
52 118 73.9031 53 30 88 
54 118 74.4902 52 27 81 
56 118 74.9437 51 24 74 
58 118 75.0626 51 24 74 
60 118 75.2057 51 24 74 
62 118 75.2468 51 24 74 
64 118 75.3482 50 21 67 
66 118 75.7441 50 21 67 
68 118 75.9988 48 18 59 
70 118 76.093 48 18 59 
72 118 76.0799 48 18 59 
74 118 76.1336 48 18 59 
76 118 76.2968 48 18 59 
78 118 76.5618 48 18 59 
80 118 76.9125 48 18 59 
82 118 77.1162 48 18 59 
84 118 77.4082 48 18 59 
86 118 77.7294 48 18 59 
88 118 77.7888 48 18 59 
90 118 78.0251 48 18 59 
92 118 77.979 48 18 59 
94 118 78.0621 48 18 59 
96 118 78.5717 48 18 59 
98 118 78.9794 48 18 59 
100 118 79.1503 48 18 59 
102 118 80.0665 48 18 59 
-100 116 83.9509 48 18 59 
-98 116 85.0702 48 18 59 
-96 116 86.5936 48 18 59 
-94 116 82.7035 48 18 59 
-92 116 71.3824 58 45 121 
-90 116 64.913 68 81 191 
-88 116 64.1373 68 86 199 
-86 116 64.4004 68 84 195 
-84 116 64.484 68 84 195 
-82 116 63.8058 68 86 199 
-80 116 63.566 69 89 203 
-78 116 63.8721 68 86 199 
-76 116 64.1341 68 86 199 
-74 116 64.3269 68 84 195 
-72 116 64.8164 68 81 191 
-70 116 65.347 67 78 186 
-68 116 65.2076 68 81 191 
-66 116 64.8988 68 81 191 
-64 116 65.0704 68 81 191 
-62 116 65.0282 68 81 191 
-60 116 64.6432 68 84 195 
-58 116 64.6864 68 84 195 
-56 116 65.0891 68 81 191 
-54 116 65.2919 67 78 186 
-52 116 65.2233 68 81 191 
-50 116 65.7427 67 78 186 
-48 116 66.2788 66 73 177 
-46 116 66.2149 66 75 181 
-44 116 66.1847 66 75 181 
-42 116 66.3824 66 73 177 
-40 116 66.4174 66 73 177 
-38 116 66.4967 66 73 177 
-36 116 66.5631 66 73 177 
-34 116 66.4611 66 73 177 
-32 116 66.1916 66 75 181 
-30 116 66.0384 66 75 181 
-28 116 66.0548 66 75 181 
-26 116 66.3122 66 73 177 
-24 116 66.7674 65 70 172 
-22 116 67.1672 65 70 172 
-20 116 67.156 65 70 172 
-18 116 66.8369 65 70 172 
-16 116 66.7652 65 70 172 
-14 116 66.8444 65 70 172 
-12 116 66.8884 65 70 172 
-10 116 66.836 65 70 172 
-8 116 66.8019 65 70 172 
-6 116 66.9193 65 70 172 
-4 116 66.9546 65 70 172 
-2 116 67.1405 65 70 172 
0 116 67.3636 65 67 167 
2 116 67.2867 65 67 167 
4 116 67.3406 65 67 167 
6 116 68.012 64 64 162 
8 116 68.4958 63 62 156 
10 116 68.4064 63 62 156 
12 116 68.5104 63 62 156 
14 116 68.8592 63 59 151 
16 116 68.94 63 59 151 
18 116 69.0147 63 59 151 
20 116 68.8735 63 59 151 
22 116 68.6845 63 62 156 
24 116 68.6345 63 62 156 
26 116 69.0061 63 59 151 
28 116 69.7435 62 56 145 
30 116 69.8332 61 53 139 
32 116 69.7617 61 53 139 
34 116 69.93 61 53 139 
36 116 69.8231 61 53 139 
38 116 69.8965 61 53 139 
40 116 70.0493 61 53 139 
42 116 70.2939 60 50 134 
44 116 70.5964 60 50 134 
46 116 70.6188 60 50 134 
48 116 70.5123 60 50 134 
50 116 70.7141 60 50 134 
52 116 71.3941 58 45 121 
54 116 71.6371 58 45 121 
56 116 71.4862 58 45 121 
58 116 71.2843 58 45 121 
60 116 71.4756 58 45 121 
62 116 71.639 58 45 121 
64 116 71.6071 58 45 121 
66 116 71.8176 57 42 115 
68 116 72.2481 57 42 115 
70 116 72.5338 56 39 109 
72 116 72.3164 56 39 109 
74 116 72.0604 57 42 115 
76 116 72.1535 57 42 115 
78 116 72.6105 56 39 109 
80 116 73.2345 55 36 102 
82 116 73.2941 54 33 95 
84 116 73.2422 55 36 102 
86 116 73.5384 54 33 95 
88 116 73.7638 53 30 88 
90 116 73.8653 53 30 88 
92 116 73.9347 53 30 88 
94 116 74.0743 53 30 88 
96 116 74.4871 52 27 81 
98 116 74.9473 51 24 74 
100 116 75.7091 50 21 67 
102 116 77.7178 48 18 59 
-94 114 76.6022 48 18 59 
-92 114 66.7219 66 73 177 
-90 114 65.0673 68 81 191 
-88 114 65.6877 67 78 186 
-86 114 65.9122 66 75 181 
-84 114 65.7814 66 75 181 
-82 114 65.5613 67 78 186 
-80 114 65.8021 66 75 181 
-78 114 66.1932 66 75 181 
-76 114 66.2294 66 75 181 
-74 114 66.3816 66 73 177 
-72 114 66.8577 65 70 172 
-70 114 67.4623 65 67 167 
-68 114 67.3332 65 67 167 
-66 114 66.8856 65 70 172 
-64 114 66.7014 66 73 177 
-62 114 66.6506 66 73 177 
-60 114 66.7957 65 70 172 
-58 114 66.9052 65 70 172 
-56 114 67.0313 65 70 172 
-54 114 67.3365 65 67 167 
-52 114 67.5849 65 67 167 
-50 114 67.9555 64 64 162 
-48 114 68.2523 63 62 156 
-46 114 68.3535 63 62 156 
-44 114 68.0726 64 64 162 
-42 114 67.9305 64 64 162 
-40 114 67.9946 64 64 162 
-38 114 68.2491 64 64 162 
-36 114 68.5583 63 62 156 
-34 114 68.6875 63 62 156 
-32 114 68.6476 63 62 156 
-30 114 68.5374 63 62 156 
-28 114 68.3215 63 62 156 
-26 114 68.1425 64 64 162 
-24 114 68.2963 63 62 156 
-22 114 68.6906 63 62 156 
-20 114 68.8678 63 59 151 
-18 114 68.8496 63 59 151 
-16 114 68.9063 63 59 151 
-14 114 68.675 63 62 156 
-12 114 68.6311 63 62 156 
-10 114 68.7612 63 59 151 
-8 114 68.8646 63 59 151 
-6 114 69.0041 63 59 151 
-4 114 68.8288 63 59 151 
-2 114 68.8683 63 59 151 
0 114 69.2164 63 59 151 
2 114 69.1281 63 59 151 
4 114 69.0518 63 59 151 
6 114 69.6959 62 56 145 
8 114 70.1451 61 53 139 
10 114 70.1446 61 53 139 
12 114 70.1369 61 53 139 
14 114 70.4253 60 50 134 
16 114 70.8006 59 47 128 
18 114 71.0971 59 47 128 
20 114 71.0098 59 47 128 
22 114 70.7713 59 47 128 
24 114 70.479 60 50 134 
26 114 70.7507 60 50 134 
28 114 71.2793 58 45 121 
30 114 71.1222 59 47 128 
32 114 71.0835 59 47 128 
34 114 71.2661 58 45 121 
36 114 71.0998 59 47 128 
38 114 71.2095 59 47 128 
40 114 71.5336 58 45 121 
42 114 71.778 57 42 115 
44 114 71.7809 57 42 115 
46 114 71.5004 58 45 121 
48 114 71.4815 58 45 121 
50 114 71.9574 57 42 115 
52 114 72.6249 56 39 109 
54 114 72.7622 55 36 102 
56 114 72.458 56 39 109 
58 114 72.0816 57 42 115 
60 114 72.0287 57 42 115 
62 114 72.193 57 42 115 
64 114 72.1845 57 42 115 
66 114 71.9474 57 42 115 
68 114 72.0957 57 42 115 
70 114 72.4388 56 39 109 
72 114 72.3859 56 39 109 
74 114 72.386 56 39 109 
76 114 72.4783 56 39 109 
78 114 72.6617 56 39 109 
80 114 73.115 55 36 102 
82 114 73.4282 54 33 95 
84 114 73.3793 54 33 95 
86 114 73.3836 54 33 95 
88 114 73.3932 54 33 95 
90 114 73.4228 54 33 95 
92 114 73.7017 54 33 95 
94 114 73.8989 53 30 88 
96 114 73.9978 53 30 88 
98 114 74.1842 53 30 88 
100 114 75.0665 51 24 74 
102 114 77.463 48 18 59 
-96 112 83.0423 48 18 59 
-94 112 68.796 63 59 151 
-92 112 62.4819 69 94 211 
-90 112 62.8948 69 92 207 
-88 112 63.5164 69 89 203 
-86 112 63.5677 69 89 203 
-84 112 63.5446 69 89 203 
-82 112 63.9037 68 86 199 
-80 112 64.2946 68 84 195 
-78 112 64.5741 68 84 195 
-76 112 64.6481 68 84 195 
-74 112 64.7313 68 84 195 
-72 112 64.8817 68 81 191 
-70 112 65.1392 68 81 191 
-68 112 65.3853 67 78 186 
-66 112 65.4735 67 78 186 
-64 112 65.3195 67 78 186 
-62 112 65.2297 68 81 191 
-60 112 65.415 67 78 186 
-58 112 65.5409 67 78 186 
-56 112 65.7157 67 78 186 
-54 112 65.9401 66 75 181 
-52 112 66.2694 66 73 177 
-50 112 66.5671 66 73 177 
-48 112 66.7053 66 73 177 
-46 112 66.8684 65 70 172 
-44 112 66.6644 66 73 177 
-42 112 66.4066 66 73 177 
-40 112 66.443 66 73 177 
-38 112 66.7546 65 70 172 
-36 112 67.0906 65 70 172 
-34 112 67.4412 65 67 167 
-32 112 67.6254 65 67 167 
-30 112 67.6307 65 67 167 
-28 112 67.6449 65 67 167 
-26 112 67.4864 65 67 167 
-24 112 67.4734 65 67 167 
-22 112 67.8644 64 64 162 
-20 112 68.0459 64 64 162 
-18 112 68.0696 64 64 162 
-16 112 68.3474 63 62 156 
-14 112 68.4966 63 62 156 
-12 112 68.7811 63 59 151 
-10 112 68.8383 63 59 151 
-8 112 68.7061 63 62 156 
-6 112 68.9386 63 59 151 
-4 112 69.1103 63 59 151 
-2 112 69.2596 62 56 145 
0 112 69.5382 62 56 145 
2 112 69.672 62 56 145 
4 112 69.7787 61 53 139 
6 112 70.152 61 53 139 
8 112 70.2435 61 53 139 
10 112 70.2934 60 50 134 
12 112 70.5002 60 50 134 
14 112 70.6785 60 50 134 
16 112 70.9432 59 47 128 
18 112 71.1633 59 47 128 
20 112 71.198 59 47 128 
22 112 71.3768 58 45 121 
24 112 71.437 58 45 121 
26 112 71.4941 58 45 121 
28 112 71.6633 58 45 121 
30 112 71.6592 58 45 121 
32 112 71.8301 57 42 115 
34 112 71.9537 57 42 115 
36 112 72.0813 57 42 115 
38 112 72.3742 56 39 109 
40 112 72.6201 56 39 109 
42 112 72.8739 55 36 102 
44 112 72.9214 55 36 102 
46 112 72.7268 56 39 109 
48 112 72.7439 56 39 109 
50 112 72.9369 55 36 102 
52 112 73.272 54 33 95 
54 112 73.5789 54 33 95 
56 112 73.5627 54 33 95 
58 112 73.4835 54 33 95 
60 112 73.5304 54 33 95 
62 112 73.7135 54 33 95 
64 112 73.9846 53 30 88 
66 112 73.9326 53 30 88 
68 112 73.8121 53 30 88 
70 112 74.0239 53 30 88 
72 112 74.4723 52 27 81 
74 112 74.9003 51 24 74 
76 112 74.8137 51 24 74 
78 112 74.5808 52 27 81 
80 112 74.5364 52 27 81 
82 112 74.726 52 27 81 
84 112 74.9457 51 24 74 
86 112 75.0861 51 24 74 
88 112 75.0434 51 24 74 
90 112 74.9455 51 24 74 
92 112 75.2632 51 24 74 
94 112 75.7226 50 21 67 
96 112 75.9534 48 18 59 
98 112 76.0339 48 18 59 
100 112 76.2475 48 18 59 
102 112 77.4903 48 18 59 
-96 110 73.885 53 30 88 
-94 110 60.9403 70 102 221 
-92 110 57.9729 71 118 238 
-90 110 58.1328 71 118 238 
-88 110 58.3847 71 115 235 
-86 110 58.5955 71 115 235 
-84 110 58.7005 71 115 235 
-82 110 58.9956 71 113 233 
-80 110 59.285 71 110 230 
-78 110 59.5064 71 110 230 
-76 110 59.6977 71 110 230 
-74 110 59.7391 70 107 227 
-72 110 59.7887 70 107 227 
-70 110 59.9746 70 107 227 
-68 110 60.1799 70 107 227 
-66 110 60.2022 70 107 227 
-64 110 60.314 70 105 224 
-62 110 60.5472 70 105 224 
-60 110 60.6585 70 105 224 
-58 110 60.7611 70 102 221 
-56 110 60.9595 70 102 221 
-54 110 61.0418 70 102 221 
-52 110 61.2974 70 100 218 
-50 110 61.5585 70 100 218 
-48 110 61.6146 70 100 218 
-46 110 61.7972 70 97 214 
-44 110 61.8973 70 97 214 
-42 110 61.7852 70 97 214 
-40 110 61.7621 70 97 214 
-38 110 62.071 70 97 214 
-36 110 62.4026 69 94 211 
-34 110 62.7903 69 92 207 
-32 110 62.9822 69 92 207 
-30 110 62.8702 69 92 207 
-28 110 62.967 69 92 207 
-26 110 63.0459 69 92 207 
-24 110 63.1268 69 92 207 
-22 110 63.4679 69 89 203 
-20 110 63.6773 69 89 203 
-18 110 63.63 69 89 203 
-16 110 63.7722 68 86 199 
-14 110 64.1528 68 86 199 
-12 110 64.6783 68 84 195 
-10 110 64.8176 68 81 191 
-8 110 64.6912 68 84 195 
-6 110 64.7362 68 84 195 
-4 110 64.965 68 81 191 
-2 110 65.3007 67 78 186 
0 110 65.6475 67 78 186 
2 110 65.769 66 75 181 
4 110 65.8586 66 75 181 
6 110 66.1816 66 75 181 
8 110 66.2997 66 73 177 
10 110 66.3848 66 73 177 
12 110 66.6916 66 73 177 
14 110 66.9123 65 70 172 
16 110 67.1265 65 70 172 
18 110 67.2205 65 70 172 
20 110 67.3122 65 67 167 
22 110 67.6674 65 67 167 
24 110 67.9054 64 64 162 
26 110 68.0291 64 64 162 
28 110 68.2391 64 64 162 
30 110 68.4455 63 62 156 
32 110 68.689 63 62 156 
34 110 68.7804 63 59 151 
36 110 68.9813 63 59 151 
38 110 69.1757 63 59 151 
40 110 69.3012 62 56 145 
42 110 69.4682 62 56 145 
44 110 69.6322 62 56 145 
46 110 69.8321 61 53 139 
48 110 69.8993 61 53 139 
50 110 69.9972 61 53 139 
52 110 70.3192 60 50 134 
54 110 70.5035 60 50 134 
56 110 70.5372 60 50 134 
58 110 70.8394 59 47 128 
60 110 71.0963 59 47 128 
62 110 71.3415 58 45 121 
64 110 71.6029 58 45 121 
66 110 71.8439 57 42 115 
68 110 72.1597 57 42 115 
70 110 72.4746 56 39 109 
72 110 72.7743 55 36 102 
74 110 72.8959 55 36 102 
76 110 72.8559 55 36 102 
78 110 72.9502 55 36 102 
80 110 73.1059 55 36 102 
82 110 73.1802 55 36 102 
84 110 73.3208 54 33 95 
86 110 73.5473 54 33 95 
88 110 73.6709 54 33 95 
90 110 73.6807 54 33 95 
92 110 73.9602 53 30 88 
94 110 74.3053 52 27 81 
96 110 74.4504 52 27 81 
98 110 74.5833 52 27 81 
100 110 74.4744 52 27 81 
102 110 76.6845 48 18 59 
104 110 85.7644 48 18 59 
-98 108 78.5018 48 18 59 
-96 108 63.6592 69 89 203 
-94 108 55.8712 70 128 246 
-92 108 54.9816 70 133 250 
-90 108 54.9439 70 133 250 
-88 108 55.0883 70 133 250 
-86 108 55.396 70 130 248 
-84 108 55.61 70 130 248 
-82 108 55.7046 70 130 248 
-80 108 55.8143 70 128 246 
-78 108 55.8749 70 128 246 
-76 108 55.7936 70 128 246 
-74 108 55.6035 70 130 248 
-72 108 55.4466 70 130 248 
-70 108 55.6236 70 130 248 
-68 108 55.8769 70 128 246 
-66 108 55.8685 70 128 246 
-64 108 55.9365 70 128 246 
-62 108 56.0792 70 128 246 
-60 108 56.2329 70 125 244 
-58 108 56.5206 70 125 244 
-56 108 56.9486 71 123 242 
-54 108 57.0482 71 123 242 
-52 108 56.988 71 123 242 
-50 108 56.9549 71 123 242 
-48 108 56.7147 70 125 244 
-46 108 56.7027 70 125 244 
-44 108 56.9793 71 123 242 
-42 108 57.2144 71 123 242 
-40 108 57.4561 71 120 240 
-38 108 57.8025 71 118 238 
-36 108 57.9545 71 118 238 
-34 108 57.9675 71 118 238 
-32 108 58.0029 71 118 238 
-30 108 58.0778 71 118 238 
-28 108 58.2783 71 115 235 
-26 108 58.4455 71 115 235 
-24 108 58.4274 71 115 235 
-22 108 58.4818 71 115 235 
-20 108 58.7423 71 113 233 
-18 108 59.0722 71 113 233 
-16 108 59.1707 71 113 233 
-14 108 59.2611 71 110 230 
-12 108 59.5127 71 110 230 
-10 108 59.7176 71 110 230 
-8 108 59.8278 70 107 227 
-6 108 59.9017 70 107 227 
-4 108 60.0576 70 107 227 
-2 108 60.2505 70 105 224 
0 108 60.4036 70 105 224 
2 108 60.5324 70 105 224 
4 108 60.836 70 102 221 
6 108 61.2567 70 100 218 
8 108 61.3516 70 100 218 
10 108 61.5277 70 100 218 
12 108 61.7667 70 97 214 
14 108 61.7661 70 97 214 
16 108 61.9105 70 97 214 
18 108 62.0753 70 97 214 
20 108 62.1807 70 97 214 
22 108 62.3592 69 94 211 
24 108 62.3826 69 94 211 
26 108 62.44 69 94 211 
28 108 62.8205 69 92 207 
30 108 63.0364 69 92 207 
32 108 63.188 69 92 207 
34 108 63.3808 69 89 203 
36 108 63.5009 69 89 203 
38 108 63.6675 69 89 203 
40 108 63.9705 68 86 199 
42 108 64.2438 68 84 195 
44 108 64.3548 68 84 195 
46 108 64.5035 68 84 195 
48 108 64.5499 68 84 195 
50 108 64.6652 68 84 195 
52 108 65.0279 68 81 191 
54 108 65.2164 68 81 191 
56 108 65.3946 67 78 186 
58 108 65.698 67 78 186 
60 108 65.9097 66 75 181 
62 108 66.1129 66 75 181 
64 108 66.2017 66 75 181 
66 108 66.3843 66 73 177 
68 108 66.8667 65 70 172 
70 108 67.1759 65 70 172 
72 108 67.2232 65 70 172 
74 108 67.1469 65 70 172 
76 108 67.3483 65 67 167 
78 108 67.7515 64 64 162 
80 108 68.1754 64 64 162 
82 108 68.4226 63 62 156 
84 108 68.4743 63 62 156 
86 108 68.6524 63 62 156 
88 108 68.9041 63 59 151 
90 108 69.0181 63 59 151 
92 108 69.259 62 56 145 
94 108 69.6653 62 56 145 
96 108 69.8919 61 53 139 
98 108 69.9886 61 53 139 
100 108 69.7381 62 56 145 
102 108 73.2469 55 36 102 
104 108 85.2988 48 18 59 
-98 106 71.0627 59 47 128 
-96 106 58.0327 71 118 238 
-94 106 55.9445 70 128 246 
-92 106 56.3844 70 125 244 
-90 106 56.3616 70 125 244 
-88 106 56.429 70 125 244 
-86 106 56.6201 70 125 244 
-84 106 56.8546 71 123 242 
-82 106 57.0374 71 123 242 
-80 106 57.1448 71 123 242 
-78 106 56.9827 71 123 242 
-76 106 56.5035 70 125 244 
-74 106 56.1796 70 128 246 
-72 106 55.8748 70 128 246 
-70 106 55.8107 70 128 246 
-68 106 56.154 70 128 246 
-66 106 56.4219 70 125 244 
-64 106 56.4369 70 125 244 
-62 106 56.3715 70 125 244 
-60 106 56.2423 70 125 244 
-58 106 56.1366 70 128 246 
-56 106 56.6241 70 125 244 
-54 106 57.3157 71 120 240 
-52 106 57.4121 71 120 240 
-50 106 57.196 71 123 242 
-48 106 56.8521 71 123 242 
-46 106 56.7111 70 125 244 
-44 106 56.7031 70 125 244 
-42 106 56.8896 71 123 242 
-40 106 57.2391 71 120 240 
-38 106 57.5247 71 120 240 
-36 106 57.5763 71 120 240 
-34 106 57.4947 71 120 240 
-32 106 57.5561 71 120 240 
-30 106 58.0706 71 118 238 
-28 106 58.3159 71 115 235 
-26 106 57.9586 71 118 238 
-24 106 57.4627 71 120 240 
-22 106 57.2158 71 123 242 
-20 106 57.517 71 120 240 
-18 106 58.1316 71 118 238 
-16 106 58.0932 71 118 238 
-14 106 57.9632 71 118 238 
-12 106 58.0082 71 118 238 
-10 106 58.216 71 118 238 
-8 106 58.4621 71 115 235 
-6 106 58.7925 71 113 233 
-4 106 58.9613 71 113 233 
-2 106 59.0195 71 113 233 
0 106 59.151 71 113 233 
2 106 59.31 71 110 230 
4 106 59.52 71 110 230 
6 106 59.507 71 110 230 
8 106 59.4601 71 110 230 
10 106 59.8408 70 107 227 
12 106 59.9196 70 107 227 
14 106 59.6351 71 110 230 
16 106 59.7542 70 107 227 
18 106 59.9817 70 107 227 
20 106 60.0209 70 107 227 
22 106 60.1919 70 107 227 
24 106 60.2241 70 107 227 
26 106 60.2429 70 105 224 
28 106 60.5462 70 105 224 
30 106 60.4736 70 105 224 
32 106 60.3383 70 105 224 
34 106 60.4414 70 105 224 
36 106 60.5489 70 105 224 
38 106 60.8048 70 102 221 
40 106 61.1053 70 102 221 
42 106 61.2426 70 100 218 
44 106 61.1698 70 102 221 
46 106 61.1994 70 102 221 
48 106 61.3535 70 100 218 
50 106 61.7013 70 100 218 
52 106 62.1308 70 97 214 
54 106 62.1344 70 97 214 
56 106 62.058 70 97 214 
58 106 62.1092 70 97 214 
60 106 62.3744 69 94 211 
62 106 62.6082 69 94 211 
64 106 62.5879 69 94 211 
66 106 62.6472 69 94 211 
68 106 62.9589 69 92 207 
70 106 63.0278 69 92 207 
72 106 62.873 69 92 207 
74 106 62.9003 69 92 207 
76 106 63.165 69 92 207 
78 106 63.4926 69 89 203 
80 106 64.0349 68 86 199 
82 106 64.4227 68 84 195 
84 106 64.5552 68 84 195 
86 106 64.7865 68 81 191 
88 106 65.0931 68 81 191 
90 106 65.2407 68 81 191 
92 106 65.1856 68 81 191 
94 106 65.2621 67 78 186 
96 106 65.3463 67 78 186 
98 106 65.427 67 78 186 
100 106 65.4425 67 78 186 
102 106 69.6092 62 56 145 
104 106 82.8951 48 18 59 
-98 104 64.9067 68 81 191 
-96 104 57.1403 71 123 242 
-94 104 57.4589 71 120 240 
-92 104 58.0062 71 118 238 
-90 104 57.9049 71 118 238 
-88 104 57.9161 71 118 238 
-86 104 57.9814 71 118 238 
-84 104 58.1923 71 118 238 
-82 104 58.514 71 115 235 
-80 104 58.636 71 115 235 
-78 104 58.491 71 115 235 
-76 104 58.1471 71 118 238 
-74 104 58.0493 71 118 238 
-72 104 58.0739 71 118 238 
-70 104 58.0011 71 118 238 
-68 104 58.1589 71 118 238 
-66 104 58.3298 71 115 235 
-64 104 58.3215 71 115 235 
-62 104 58.6545 71 115 235 
-60 104 58.8012 71 113 233 
-58 104 58.3959 71 115 235 
-56 104 58.4664 71 115 235 
-54 104 59.1784 71 113 233 
-52 104 59.478 71 110 230 
-50 104 59.4464 71 110 230 
-48 104 59.5233 71 110 230 
-46 104 59.6356 71 110 230 
-44 104 59.4166 71 110 230 
-42 104 59.2864 71 110 230 
-40 104 59.5081 71 110 230 
-38 104 59.7969 70 107 227 
-36 104 59.8392 70 107 227 
-34 104 59.7547 70 107 227 
-32 104 59.9829 70 107 227 
-30 104 60.5205 70 105 224 
-28 104 60.6323 70 105 224 
-26 104 60.2193 70 107 227 
-24 104 59.8138 70 107 227 
-22 104 59.7863 70 107 227 
-20 104 59.9989 70 107 227 
-18 104 60.3204 70 105 224 
-16 104 60.3167 70 105 224 
-14 104 60.3451 70 105 224 
-12 104 60.4157 70 105 224 
-10 104 60.7678 70 102 221 
-8 104 61.0943 70 102 221 
-6 104 61.4027 70 100 218 
-4 104 61.5799 70 100 218 
-2 104 61.4592 70 100 218 
0 104 61.4533 70 100 218 
2 104 61.4693 70 100 218 
4 104 61.4956 70 100 218 
6 104 61.1412 70 102 221 
8 104 60.9203 70 102 221 
10 104 61.4347 70 100 218 
12 104 61.7406 70 97 214 
14 104 61.6769 70 100 218 
16 104 61.8311 70 97 214 
18 104 61.9665 70 97 214 
20 104 62.0101 70 97 214 
22 104 62.3011 69 94 211 
24 104 62.4737 69 94 211 
26 104 62.7125 69 94 211 
28 104 62.8419 69 92 207 
30 104 62.5401 69 94 211 
32 104 62.3677 69 94 211 
34 104 62.5246 69 94 211 
36 104 62.6428 69 94 211 
38 104 62.5088 69 94 211 
40 104 62.288 69 94 211 
42 104 62.394 69 94 211 
44 104 62.5122 69 94 211 
46 104 62.4998 69 94 211 
48 104 62.6206 69 94 211 
50 104 62.9216 69 92 207 
52 104 63.2669 69 89 203 
54 104 63.4007 69 89 203 
56 104 63.1801 69 92 207 
58 104 63.1144 69 92 207 
60 104 63.4714 69 89 203 
62 104 63.7378 69 89 203 
64 104 63.689 69 89 203 
66 104 63.7141 69 89 203 
68 104 63.7453 68 86 199 
70 104 63.6182 69 89 203 
72 104 63.4028 69 89 203 
74 104 63.3416 69 89 203 
76 104 63.4259 69 89 203 
78 104 63.664 69 89 203 
80 104 64.1749 68 86 199 
82 104 64.516 68 84 195 
84 104 64.5801 68 84 195 
86 104 64.7566 68 81 191 
88 104 64.9623 68 81 191 
90 104 64.9348 68 81 191 
92 104 64.8071 68 81 191 
94 104 65.0007 68 81 191 
96 104 65.1705 68 81 191 
98 104 65.3427 67 78 186 
100 104 65.5541 67 78 186 
102 104 69.6274 62 56 145 
-98 102 56.5078 70 125 244 
-96 102 54.0343 69 138 252 
-94 102 54.6514 70 135 251 
-92 102 55.0503 70 133 250 
-90 102 55.1191 70 133 250 
-88 102 55.1448 70 133 250 
-86 102 55.081 70 133 250 
-84 102 55.235 70 130 248 
-82 102 55.5636 70 130 248 
-80 102 55.7643 70 128 246 
-78 102 55.9024 70 128 246 
-76 102 55.9518 70 128 246 
-74 102 56.092 70 128 246 
-72 102 56.325 70 125 244 
-70 102 56.3477 70 125 244 
-68 102 56.4226 70 125 244 
-66 102 56.5685 70 125 244 
-64 102 56.7205 70 125 244 
-62 102 56.9192 71 123 242 
-60 102 57.0911 71 123 242 
-58 102 57.1558 71 123 242 
-56 102 57.166 71 123 242 
-54 102 57.432 71 120 240 
-52 102 57.6161 71 120 240 
-50 102 57.6769 71 120 240 
-48 102 57.9665 71 118 238 
-46 102 58.2859 71 115 235 
-44 102 58.351 71 115 235 
-42 102 58.2954 71 115 235 
-40 102 58.3938 71 115 235 
-38 102 58.5116 71 115 235 
-36 102 58.671 71 115 235 
-34 102 58.7894 71 113 233 
-32 102 58.8675 71 113 233 
-30 102 59.0416 71 113 233 
-28 102 59.0678 71 113 233 
-26 102 59.2192 71 113 233 
-24 102 59.5574 71 110 230 
-22 102 59.8835 70 107 227 
-20 102 59.9584 70 107 227 
-18 102 60.0323 70 107 227 
-16 102 60.1295 70 107 227 
-14 102 60.2295 70 107 227 
-12 102 60.3106 70 105 224 
-10 102 60.6745 70 105 224 
-8 102 60.9543 70 102 221 
-6 102 61.1098 70 102 221 
-4 102 61.1591 70 102 221 
-2 102 60.9802 70 102 221 
0 102 60.9281 70 102 221 
2 102 60.9568 70 102 221 
4 102 61.1683 70 102 221 
6 102 61.2255 70 102 221 
8 102 61.3973 70 100 218 
10 102 61.8974 70 97 214 
12 102 62.1961 70 97 214 
14 102 62.3318 69 94 211 
16 102 62.4271 69 94 211 
18 102 62.4452 69 94 211 
20 102 62.5862 69 94 211 
22 102 62.8368 69 92 207 
24 102 63.0661 69 92 207 
26 102 63.3419 69 89 203 
28 102 63.4509 69 89 203 
30 102 63.4464 69 89 203 
32 102 63.5857 69 89 203 
34 102 63.766 68 86 199 
36 102 63.8107 68 86 199 
38 102 63.71 69 89 203 
40 102 63.825 68 86 199 
42 102 64.1164 68 86 199 
44 102 64.1564 68 86 199 
46 102 64.0923 68 86 199 
48 102 64.2261 68 86 199 
50 102 64.2016 68 86 199 
52 102 64.2716 68 84 195 
54 102 64.7946 68 81 191 
56 102 65.1792 68 81 191 
58 102 65.2434 68 81 191 
60 102 65.2061 68 81 191 
62 102 65.3095 67 78 186 
64 102 65.5449 67 78 186 
66 102 65.7308 67 78 186 
68 102 65.5922 67 78 186 
70 102 65.6178 67 78 186 
72 102 65.9378 66 75 181 
74 102 65.993 66 75 181 
76 102 65.8491 66 75 181 
78 102 65.9942 66 75 181 
80 102 66.2227 66 75 181 
82 102 66.267 66 73 177 
84 102 66.2455 66 75 181 
86 102 66.3053 66 73 177 
88 102 66.5223 66 73 177 
90 102 66.7831 65 70 172 
92 102 67.0087 65 70 172 
94 102 67.3079 65 67 167 
96 102 67.4343 65 67 167 
98 102 67.5426 65 67 167 
100 102 67.5166 65 67 167 
102 102 71.1166 59 47 128 
-100 100 57.5755 71 120 240 
-98 100 49.3428 59 160 253 
-96 100 49.2573 59 160 253 
-94 100 49.6576 59 160 253 
-92 100 49.9024 61 158 254 
-90 100 49.8574 61 158 254 
-88 100 49.6917 59 160 253 
-86 100 49.65 59 160 253 
-84 100 49.9381 61 158 254 
-82 100 50.3968 62 155 254 
-80 100 50.6478 62 155 254 
-78 100 50.7404 64 153 255 
-76 100 50.7489 64 153 255 
-74 100 50.8183 64 153 255 
-72 100 51.0878 64 153 255 
-70 100 51.2869 65 150 255 
-68 100 51.4813 65 150 255 
-66 100 51.6706 65 150 255 
-64 100 51.8935 66 148 255 
-62 100 51.8376 66 148 255 
-60 100 51.6748 65 150 255 
-58 100 51.8888 66 148 255 
-56 100 52.117 66 148 255 
-54 100 52.3686 67 145 254 
-52 100 52.6678 67 145 254 
-50 100 52.8779 68 143 254 
-48 100 53.0579 68 143 254 
-46 100 53.2546 69 140 253 
-44 100 53.4497 69 140 253 
-42 100 53.4273 69 140 253 
-40 100 53.3586 69 140 253 
-38 100 53.5324 69 140 253 
-36 100 53.8818 69 138 252 
-34 100 54.1416 69 138 252 
-32 100 54.2056 69 138 252 
-30 100 54.2026 69 138 252 
-28 100 54.1289 69 138 252 
-26 100 54.289 70 135 251 
-24 100 54.7424 70 133 250 
-22 100 55.0827 70 133 250 
-20 100 55.2457 70 130 248 
-18 100 55.4937 70 130 248 
-16 100 55.5829 70 130 248 
-14 100 55.5983 70 130 248 
-12 100 55.65 70 130 248 
-10 100 55.7703 70 128 246 
-8 100 55.9876 70 128 246 
-6 100 56.3114 70 125 244 
-4 100 56.3596 70 125 244 
-2 100 56.4004 70 125 244 
0 100 56.7075 70 125 244 
2 100 56.9413 71 123 242 
4 100 57.0605 71 123 242 
6 100 57.2432 71 120 240 
8 100 57.6274 71 120 240 
10 100 57.9467 71 118 238 
12 100 58.1112 71 118 238 
14 100 58.358 71 115 235 
16 100 58.5218 71 115 235 
18 100 58.5002 71 115 235 
20 100 58.5664 71 115 235 
22 100 58.7012 71 115 235 
24 100 58.8862 71 113 233 
26 100 59.1773 71 113 233 
28 100 59.4352 71 110 230 
30 100 59.5474 71 110 230 
32 100 59.7136 71 110 230 
34 100 59.9068 70 107 227 
36 100 60.1143 70 107 227 
38 100 60.4162 70 105 224 
40 100 60.6326 70 105 224 
42 100 60.7423 70 102 221 
44 100 60.9203 70 102 221 
46 100 60.9938 70 102 221 
48 100 61.145 70 102 221 
50 100 61.2859 70 100 218 
52 100 61.4703 70 100 218 
54 100 61.9446 70 97 214 
56 100 62.4394 69 94 211 
58 100 62.6174 69 94 211 
60 100 62.5433 69 94 211 
62 100 62.5798 69 94 211 
64 100 62.8389 69 92 207 
66 100 63.1796 69 92 207 
68 100 63.2597 69 89 203 
70 100 63.3692 69 89 203 
72 100 63.7094 69 89 203 
74 100 63.9564 68 86 199 
76 100 63.963 68 86 199 
78 100 64.1254 68 86 199 
80 100 64.3021 68 84 195 
82 100 64.4533 68 84 195 
84 100 64.5587 68 84 195 
86 100 64.5479 68 84 195 
88 100 64.8316 68 81 191 
90 100 65.3605 67 78 186 
92 100 65.603 67 78 186 
94 100 65.7476 66 75 181 
96 100 65.6692 67 78 186 
98 100 65.6621 67 78 186 
100 100 65.5717 67 78 186 
102 100 69.6355 62 56 145 
-100 98 49.2376 59 160 253 
-98 98 46.0799 47 178 244 
-96 98 46.1684 47 178 244 
-94 98 46.0451 47 178 244 
-92 98 45.9807 47 178 244 
-90 98 45.88 47 178 244 
-88 98 45.7029 47 178 244 
-86 98 45.8879 47 178 244 
-84 98 46.4609 49 175 245 
-82 98 46.8799 51 173 247 
-80 98 46.9097 51 173 247 
-78 98 46.8465 51 173 247 
-76 98 46.7236 51 173 247 
-74 98 46.6105 49 175 245 
-72 98 46.8128 51 173 247 
-70 98 47.1038 51 173 247 
-68 98 47.4463 53 171 248 
-66 98 47.7316 55 168 250 
-64 98 47.7193 55 168 250 
-62 98 47.3249 53 171 248 
-60 98 47.205 53 171 248 
-58 98 47.4048 53 171 248 
-56 98 47.4699 53 171 248 
-54 98 47.4699 53 171 248 
-52 98 47.7244 55 168 250 
-50 98 48.0785 55 168 250 
-48 98 48.2429 56 165 251 
-46 98 48.4728 56 165 251 
-44 98 48.6671 56 165 251 
-42 98 48.6349 56 165 251 
-40 98 48.6192 56 165 251 
-38 98 49.0705 58 163 252 
-36 98 49.4159 59 160 253 
-34 98 49.4761 59 160 253 
-32 98 49.5364 59 160 253 
-30 98 49.5701 59 160 253 
-28 98 49.6108 59 160 253 
-26 98 49.5545 59 160 253 
-24 98 49.7701 61 158 254 
-22 98 50.0931 61 158 254 
-20 98 50.4057 62 155 254 
-18 98 50.657 62 155 254 
-16 98 50.7017 62 155 254 
-14 98 50.6957 62 155 254 
-12 98 50.7227 64 153 255 
-10 98 50.6721 62 155 254 
-8 98 50.889 64 153 255 
-6 98 51.3278 65 150 255 
-4 98 51.4759 65 150 255 
-2 98 51.5591 65 150 255 
0 98 51.9293 66 148 255 
2 98 52.3411 67 145 254 
4 98 52.2584 67 145 254 
6 98 52.2295 67 145 254 
8 98 52.4217 67 145 254 
10 98 52.4869 67 145 254 
12 98 52.6864 67 145 254 
14 98 53.0404 68 143 254 
16 98 53.3185 69 140 253 
18 98 53.3256 69 140 253 
20 98 53.2221 69 140 253 
22 98 53.2999 69 140 253 
24 98 53.4912 69 140 253 
26 98 53.7126 69 140 253 
28 98 53.8984 69 138 252 
30 98 54.0118 69 138 252 
32 98 54.2018 69 138 252 
34 98 54.5795 70 135 251 
36 98 54.9696 70 133 250 
38 98 55.2152 70 133 250 
40 98 55.1217 70 133 250 
42 98 55.1236 70 133 250 
44 98 55.4955 70 130 248 
46 98 55.859 70 128 246 
48 98 56.0226 70 128 246 
50 98 56.0903 70 128 246 
52 98 56.3128 70 125 244 
54 98 56.5565 70 125 244 
56 98 56.7554 71 123 242 
58 98 56.9027 71 123 242 
60 98 57.0548 71 123 242 
62 98 57.3061 71 120 240 
64 98 57.6331 71 120 240 
66 98 57.9362 71 118 238 
68 98 58.0634 71 118 238 
70 98 58.1777 71 118 238 
72 98 58.3774 71 115 235 
74 98 58.6663 71 115 235 
76 98 58.8963 71 113 233 
78 98 59.0307 71 113 233 
80 98 59.1703 71 113 233 
82 98 59.3851 71 110 230 
84 98 59.4769 71 110 230 
86 98 59.5772 71 110 230 
88 98 59.8578 70 107 227 
90 98 60.1791 70 107 227 
92 98 60.3115 70 105 224 
94 98 60.589 70 105 224 
96 98 60.9014 70 102 221 
98 98 61.2135 70 102 221 
100 98 61.2954 70 100 218 
102 98 65.1405 68 81 191 
-102 96 58.5211 71 115 235 
-100 96 46.9929 51 173 247 
-98 96 46.0874 47 178 244 
-96 96 45.9962 47 178 244 
-94 96 45.7654 47 178 244 
-92 96 45.9399 47 178 244 
-90 96 46.2577 49 175 245 
-88 96 46.305 49 175 245 
-86 96 46.3541 49 175 245 
-84 96 46.6035 49 175 245 
-82 96 46.5841 49 175 245 
-80 96 46.49 49 175 245 
-78 96 46.5983 49 175 245 
-76 96 46.6392 49 175 245 
-74 96 46.583 49 175 245 
-72 96 46.5985 49 175 245 
-70 96 46.5541 49 175 245 
-68 96 46.6239 49 175 245 
-66 96 46.9731 51 173 247 
-64 96 47.3385 53 171 248 
-62 96 47.008 51 173 247 
-60 96 46.8634 51 173 247 
-58 96 46.9227 51 173 247 
-56 96 46.9141 51 173 247 
-54 96 46.8516 51 173 247 
-52 96 46.874 51 173 247 
-50 96 46.9542 51 173 247 
-48 96 47.1445 51 173 247 
-46 96 47.3644 53 171 248 
-44 96 47.3642 53 171 248 
-42 96 47.2265 53 171 248 
-40 96 47.3487 53 171 248 
-38 96 47.7745 55 168 250 
-36 96 47.869 55 168 250 
-34 96 47.9682 55 168 250 
-32 96 48.0336 55 168 250 
-30 96 48.2136 56 165 251 
-28 96 48.3753 56 165 251 
-26 96 48.1732 55 168 250 
-24 96 48.1715 55 168 250 
-22 96 48.7643 58 163 252 
-20 96 49.2313 59 160 253 
-18 96 49.0857 58 163 252 
-16 96 48.9533 58 163 252 
-14 96 49.0477 58 163 252 
-12 96 49.0836 58 163 252 
-10 96 49.0077 58 163 252 
-8 96 49.1126 58 163 252 
-6 96 49.3065 59 160 253 
-4 96 49.4482 59 160 253 
-2 96 49.5798 59 160 253 
0 96 49.5543 59 160 253 
2 96 49.5095 59 160 253 
4 96 49.5352 59 160 253 
6 96 49.6629 59 160 253 
8 96 49.871 61 158 254 
10 96 50.0629 61 158 254 
12 96 50.1835 61 158 254 
14 96 50.1563 61 158 254 
16 96 50.1037 61 158 254 
18 96 50.171 61 158 254 
20 96 50.2427 62 155 254 
22 96 50.475 62 155 254 
24 96 50.5717 62 155 254 
26 96 50.602 62 155 254 
28 96 50.9402 64 153 255 
30 96 51.1805 64 153 255 
32 96 51.2478 65 150 255 
34 96 51.4694 65 150 255 
36 96 51.803 66 148 255 
38 96 51.9594 66 148 255 
40 96 51.7937 66 148 255 
42 96 51.5749 65 150 255 
44 96 51.6973 65 150 255 
46 96 52.1192 66 148 255 
48 96 52.2213 67 145 254 
50 96 52.1206 66 148 255 
52 96 52.4604 67 145 254 
54 96 52.7547 68 143 254 
56 96 52.7418 68 143 254 
58 96 52.6558 67 145 254 
60 96 52.8216 68 143 254 
62 96 53.1533 68 143 254 
64 96 53.4912 69 140 253 
66 96 53.5468 69 140 253 
68 96 53.6578 69 140 253 
70 96 53.9836 69 138 252 
72 96 54.271 70 135 251 
74 96 54.4664 70 135 251 
76 96 54.5249 70 135 251 
78 96 54.652 70 135 251 
80 96 54.8092 70 133 250 
82 96 54.9632 70 133 250 
84 96 55.0474 70 133 250 
86 96 55.1955 70 133 250 
88 96 55.4538 70 130 248 
90 96 55.7223 70 130 248 
92 96 55.9996 70 128 246 
94 96 56.2756 70 125 244 
96 96 56.4343 70 125 244 
98 96 56.7241 70 125 244 
100 96 56.9139 71 123 242 
102 96 59.808 70 107 227 
104 96 71.4115 58 45 121 
-102 94 51.1026 64 153 255 
-100 94 46.8093 51 173 247 
-98 94 47.3063 53 171 248 
-96 94 47.4079 53 171 248 
-94 94 47.3225 53 171 248 
-92 94 47.6237 53 171 248 
-90 94 47.8228 55 168 250 
-88 94 47.7848 55 168 250 
-86 94 47.6102 53 171 248 
-84 94 47.5289 53 171 248 
-82 94 47.5617 53 171 248 
-80 94 47.8127 55 168 250 
-78 94 48.0867 55 168 250 
-76 94 48.2342 56 165 251 
-74 94 48.5784 56 165 251 
-72 94 48.5598 56 165 251 
-70 94 48.1003 55 168 250 
-68 94 48.0915 55 168 250 
-66 94 48.3924 56 165 251 
-64 94 48.9013 58 163 252 
-62 94 49.0616 58 163 252 
-60 94 48.9344 58 163 252 
-58 94 48.8242 58 163 252 
-56 94 48.9365 58 163 252 
-54 94 49.1649 58 163 252 
-52 94 49.29 59 160 253 
-50 94 49.3922 59 160 253 
-48 94 49.5263 59 160 253 
-46 94 49.2656 59 160 253 
-44 94 49.1242 58 163 252 
-42 94 49.2713 59 160 253 
-40 94 49.3695 59 160 253 
-38 94 49.3748 59 160 253 
-36 94 49.3667 59 160 253 
-34 94 49.4962 59 160 253 
-32 94 49.6038 59 160 253 
-30 94 49.9401 61 158 254 
-28 94 49.901 61 158 254 
-26 94 49.6825 59 160 253 
-24 94 49.9858 61 158 254 
-22 94 50.8354 64 153 255 
-20 94 51.1836 64 153 255 
-18 94 50.5434 62 155 254 
-16 94 50.2112 61 158 254 
-14 94 50.6274 62 155 254 
-12 94 50.8936 64 153 255 
-10 94 50.7613 64 153 255 
-8 94 50.6653 62 155 254 
-6 94 50.6733 62 155 254 
-4 94 50.5725 62 155 254 
-2 94 50.4719 62 155 254 
0 94 50.4703 62 155 254 
2 94 50.3965 62 155 254 
4 94 50.6409 62 155 254 
6 94 50.9678 64 153 255 
8 94 51.2601 65 150 255 
10 94 51.8053 66 148 255 
12 94 51.8747 66 148 255 
14 94 51.243 65 150 255 
16 94 50.7253 64 153 255 
18 94 50.9742 64 153 255 
20 94 51.4699 65 150 255 
22 94 51.6495 65 150 255 
24 94 51.4271 65 150 255 
26 94 51.3816 65 150 255 
28 94 51.9268 66 148 255 
30 94 52.1753 66 148 255 
32 94 52.0219 66 148 255 
34 94 52.0967 66 148 255 
36 94 52.3968 67 145 254 
38 94 52.5981 67 145 254 
40 94 52.6049 67 145 254 
42 94 52.3841 67 145 254 
44 94 52.1603 66 148 255 
46 94 52.3002 67 145 254 
48 94 52.445 67 145 254 
50 94 52.3653 67 145 254 
52 94 52.6031 67 145 254 
54 94 52.9149 68 143 254 
56 94 53.0097 68 143 254 
58 94 52.9723 68 143 254 
60 94 53.0916 68 143 254 
62 94 53.1994 68 143 254 
64 94 53.2916 69 140 253 
66 94 53.243 69 140 253 
68 94 53.3343 69 140 253 
70 94 53.4991 69 140 253 
72 94 53.6932 69 140 253 
74 94 53.6965 69 140 253 
76 94 53.4447 69 140 253 
78 94 53.6055 69 140 253 
80 94 53.8168 69 138 252 
82 94 53.8568 69 138 252 
84 94 54.1491 69 138 252 
86 94 54.4807 70 135 251 
88 94 54.5675 70 135 251 
90 94 54.6509 70 135 251 
92 94 54.8547 70 133 250 
94 94 55.0313 70 133 250 
96 94 55.0231 70 133 250 
98 94 55.1508 70 133 250 
100 94 55.232 70 130 248 
102 94 57.2566 71 120 240 
104 94 63.8672 68 86 199 
-104 92 56.7403 71 123 242 
-102 92 45.1389 44 183 240 
-100 92 44.6718 42 185 238 
-98 92 45.1756 44 183 240 
-96 92 45.3215 46 180 242 
-94 92 45.3744 46 180 242 
-92 92 45.4001 46 180 242 
-90 92 45.3325 46 180 242 
-88 92 45.3786 46 180 242 
-86 92 45.4888 46 180 242 
-84 92 45.4967 46 180 242 
-82 92 45.5465 46 180 242 
-80 92 45.931 47 178 244 
-78 92 46.2176 49 175 245 
-76 92 46.3102 49 175 245 
-74 92 46.753 51 173 247 
-72 92 46.9323 51 173 247 
-70 92 46.8578 51 173 247 
-68 92 47.0244 51 173 247 
-66 92 47.0152 51 173 247 
-64 92 47.1202 51 173 247 
-62 92 47.4874 53 171 248 
-60 92 47.6665 53 171 248 
-58 92 47.6588 53 171 248 
-56 92 47.7127 55 168 250 
-54 92 47.7564 55 168 250 
-52 92 48.0004 55 168 250 
-50 92 48.434 56 165 251 
-48 92 48.5943 56 165 251 
-46 92 48.4703 56 165 251 
-44 92 48.5197 56 165 251 
-42 92 48.681 56 165 251 
-40 92 48.7525 58 163 252 
-38 92 48.8145 58 163 252 
-36 92 49.063 58 163 252 
-34 92 49.2383 59 160 253 
-32 92 49.3312 59 160 253 
-30 92 49.3392 59 160 253 
-28 92 49.0356 58 163 252 
-26 92 49.2503 59 160 253 
-24 92 49.7278 61 158 254 
-22 92 50.0357 61 158 254 
-20 92 50.1876 61 158 254 
-18 92 49.9493 61 158 254 
-16 92 50.0203 61 158 254 
-14 92 50.552 62 155 254 
-12 92 50.9197 64 153 255 
-10 92 50.8157 64 153 255 
-8 92 50.6187 62 155 254 
-6 92 50.7157 64 153 255 
-4 92 50.6964 62 155 254 
-2 92 50.6078 62 155 254 
0 92 50.8491 64 153 255 
2 92 51.0912 64 153 255 
4 92 51.3651 65 150 255 
6 92 51.6409 65 150 255 
8 92 51.7612 66 148 255 
10 92 52.0683 66 148 255 
12 92 52.2696 67 145 254 
14 92 52.0827 66 148 255 
16 92 52.0101 66 148 255 
18 92 52.3065 67 145 254 
20 92 52.5593 67 145 254 
22 92 52.5938 67 145 254 
24 92 52.622 67 145 254 
26 92 52.9239 68 143 254 
28 92 53.153 68 143 254 
30 92 53.1742 68 143 254 
32 92 53.1033 68 143 254 
34 92 53.2301 69 140 253 
36 92 53.433 69 140 253 
38 92 53.5435 69 140 253 
40 92 53.5948 69 140 253 
42 92 53.6677 69 140 253 
44 92 53.748 69 138 252 
46 92 53.9998 69 138 252 
48 92 54.1992 69 138 252 
50 92 54.2847 70 135 251 
52 92 54.6511 70 135 251 
54 92 54.6612 70 135 251 
56 92 54.4813 70 135 251 
58 92 54.489 70 135 251 
60 92 54.7204 70 135 251 
62 92 55.0151 70 133 250 
64 92 55.2495 70 130 248 
66 92 55.276 70 130 248 
68 92 55.2534 70 130 248 
70 92 55.297 70 130 248 
72 92 55.4295 70 130 248 
74 92 55.5129 70 130 248 
76 92 55.4828 70 130 248 
78 92 55.417 70 130 248 
80 92 55.2971 70 130 248 
82 92 55.2738 70 130 248 
84 92 55.7339 70 128 246 
86 92 56.1849 70 128 246 
88 92 56.192 70 128 246 
90 92 56.1327 70 128 246 
92 92 56.4595 70 125 244 
94 92 56.7266 71 123 242 
96 92 56.6599 70 125 244 
98 92 56.6227 70 125 244 
100 92 56.7784 71 123 242 
102 92 58.1074 71 118 238 
104 92 63.0464 69 92 207 
-104 90 45.7971 47 178 244 
-102 90 39.8465 28 205 216 
-100 90 39.8639 28 205 216 
-98 90 39.8151 28 205 216 
-96 90 39.8744 28 205 216 
-94 90 39.9265 28 205 216 
-92 90 39.8314 28 205 216 
-90 90 39.9519 28 205 216 
-88 90 40.2258 30 203 218 
-86 90 40.4137 30 203 218 
-84 90 40.5358 30 203 218 
-82 90 40.6213 30 203 218 
-80 90 40.8021 31 201 221 
-78 90 41.0323 31 201 221 
-76 90 41.2444 32 199 223 
-74 90 41.4512 32 199 223 
-72 90 41.6224 32 199 223 
-70 90 41.8891 34 197 226 
-68 90 42.0255 34 197 226 
-66 90 41.9021 34 197 226 
-64 90 41.9115 34 197 226 
-62 90 42.1816 34 197 226 
-60 90 42.427 35 195 228 
-58 90 42.5172 35 195 228 
-56 90 42.5896 35 195 228 
-54 90 42.6623 35 195 228 
-52 90 42.8293 37 192 231 
-50 90 43.2106 39 190 233 
-48 90 43.5018 39 190 233 
-46 90 43.7192 40 188 235 
-44 90 43.8047 40 188 235 
-42 90 43.7794 40 188 235 
-40 90 43.8649 40 188 235 
-38 90 44.0656 40 188 235 
-36 90 44.357 42 185 238 
-34 90 44.5234 42 185 238 
-32 90 44.58 42 185 238 
-30 90 44.5838 42 185 238 
-28 90 44.5271 42 185 238 
-26 90 44.9902 44 183 240 
-24 90 45.3838 46 180 242 
-22 90 45.4821 46 180 242 
-20 90 45.6218 46 180 242 
-18 90 45.5668 46 180 242 
-16 90 45.7043 47 178 244 
-14 90 45.9885 47 178 244 
-12 90 46.2938 49 175 245 
-10 90 46.497 49 175 245 
-8 90 46.5792 49 175 245 
-6 90 46.7827 51 173 247 
-4 90 46.9048 51 173 247 
-2 90 46.841 51 173 247 
0 90 46.9629 51 173 247 
2 90 47.2736 53 171 248 
4 90 47.4006 53 171 248 
6 90 47.4354 53 171 248 
8 90 47.5378 53 171 248 
10 90 47.7679 55 168 250 
12 90 47.9491 55 168 250 
14 90 48.1791 55 168 250 
16 90 48.4913 56 165 251 
18 90 48.8438 58 163 252 
20 90 49.0287 58 163 252 
22 90 49.1484 58 163 252 
24 90 49.4522 59 160 253 
26 90 49.9419 61 158 254 
28 90 49.9126 61 158 254 
30 90 49.8299 61 158 254 
32 90 50.0263 61 158 254 
34 90 50.1599 61 158 254 
36 90 50.17 61 158 254 
38 90 50.2596 62 155 254 
40 90 50.5309 62 155 254 
42 90 50.9415 64 153 255 
44 90 51.1523 64 153 255 
46 90 51.2967 65 150 255 
48 90 51.4187 65 150 255 
50 90 51.6144 65 150 255 
52 90 52.0515 66 148 255 
54 90 52.1132 66 148 255 
56 90 52.2196 67 145 254 
58 90 52.3512 67 145 254 
60 90 52.5851 67 145 254 
62 90 52.9715 68 143 254 
64 90 53.0119 68 143 254 
66 90 52.7829 68 143 254 
68 90 52.8908 68 143 254 
70 90 53.2546 69 140 253 
72 90 53.486 69 140 253 
74 90 53.7483 69 138 252 
76 90 54.0638 69 138 252 
78 90 54.0846 69 138 252 
80 90 54.04 69 138 252 
82 90 54.2292 70 135 251 
84 90 54.6924 70 135 251 
86 90 55.0306 70 133 250 
88 90 55.0905 70 133 250 
90 90 55.0324 70 133 250 
92 90 55.4101 70 130 248 
94 90 55.7452 70 128 246 
96 90 55.7675 70 128 246 
98 90 55.8966 70 128 246 
100 90 56.2264 70 125 244 
102 90 57.6814 71 120 240 
104 90 65.5877 67 78 186 
-106 88 54.5228 70 135 251 
-104 88 38.0249 25 213 205 
-102 88 35.9936 24 221 194 
-100 88 35.7387 24 221 194 
-98 88 35.692 24 221 194 
-96 88 35.9174 24 221 194 
-94 88 35.8477 24 221 194 
-92 88 35.4753 24 222 192 
-90 88 35.6066 24 222 192 
-88 88 35.7414 24 221 194 
-86 88 35.7819 24 221 194 
-84 88 36.0526 24 221 194 
-82 88 36.3026 24 219 197 
-80 88 36.3886 24 219 197 
-78 88 36.4906 24 219 197 
-76 88 36.7167 24 217 200 
-74 88 36.8332 24 217 200 
-72 88 36.9544 24 217 200 
-70 88 37.2042 24 215 202 
-68 88 37.4693 24 215 202 
-66 88 37.6383 24 215 202 
-64 88 37.6943 25 213 205 
-62 88 37.716 25 213 205 
-60 88 37.649 24 215 202 
-58 88 37.6669 24 215 202 
-56 88 37.8656 25 213 205 
-54 88 38.029 25 213 205 
-52 88 37.9786 25 213 205 
-50 88 38.0829 25 213 205 
-48 88 38.4849 26 212 208 
-46 88 38.6788 26 212 208 
-44 88 38.619 26 212 208 
-42 88 38.8394 26 210 210 
-40 88 38.991 26 210 210 
-38 88 39.0454 26 210 210 
-36 88 39.1674 26 210 210 
-34 88 39.1952 27 208 213 
-32 88 39.2801 27 208 213 
-30 88 39.457 27 208 213 
-28 88 39.6776 27 208 213 
-26 88 39.9171 28 205 216 
-24 88 39.9857 28 205 216 
-22 88 40.235 30 203 218 
-20 88 40.39 30 203 218 
-18 88 40.2708 30 203 218 
-16 88 40.3962 30 203 218 
-14 88 40.6507 30 203 218 
-12 88 40.8396 31 201 221 
-10 88 41.1321 31 201 221 
-8 88 41.4118 32 199 223 
-6 88 41.6163 32 199 223 
-4 88 41.7309 34 197 226 
-2 88 41.6325 32 199 223 
0 88 41.6882 32 199 223 
2 88 41.894 34 197 226 
4 88 41.9065 34 197 226 
6 88 42.1004 34 197 226 
8 88 42.3491 35 195 228 
10 88 42.4095 35 195 228 
12 88 42.4743 35 195 228 
14 88 42.6873 35 195 228 
16 88 43.026 37 192 231 
18 88 43.272 39 190 233 
20 88 43.4879 39 190 233 
22 88 43.767 40 188 235 
24 88 44.0309 40 188 235 
26 88 44.2075 42 185 238 
28 88 44.2574 42 185 238 
30 88 44.3642 42 185 238 
32 88 44.6112 42 185 238 
34 88 44.7601 44 183 240 
36 88 44.6981 42 185 238 
38 88 44.7194 44 183 240 
40 88 44.9847 44 183 240 
42 88 45.3283 46 180 242 
44 88 45.5262 46 180 242 
46 88 45.7753 47 178 244 
48 88 46.0126 47 178 244 
50 88 46.2096 49 175 245 
52 88 46.4313 49 175 245 
54 88 46.63 49 175 245 
56 88 47.0145 51 173 247 
58 88 47.3537 53 171 248 
60 88 47.4219 53 171 248 
62 88 47.3389 53 171 248 
64 88 47.4491 53 171 248 
66 88 47.5942 53 171 248 
68 88 47.8993 55 168 250 
70 88 48.2726 56 165 251 
72 88 48.3953 56 165 251 
74 88 48.5312 56 165 251 
76 88 48.7586 58 163 252 
78 88 48.8655 58 163 252 
80 88 49.1258 58 163 252 
82 88 49.4595 59 160 253 
84 88 49.6529 59 160 253 
86 88 49.7544 61 158 254 
88 88 49.9654 61 158 254 
90 88 50.1966 61 158 254 
92 88 50.4521 62 155 254 
94 88 50.5926 62 155 254 
96 88 50.7889 64 153 255 
98 88 51.1282 64 153 255 
100 88 51.3864 65 150 255 
102 88 53.8206 69 138 252 
-106 86 42.7126 37 192 231 
-104 86 35.4766 24 222 192 
-102 86 35.5623 24 222 192 
-100 86 35.5191 24 222 192 
-98 86 35.6394 24 222 192 
-96 86 36.1254 24 221 194 
-94 86 35.9254 24 221 194 
-92 86 35.4859 24 222 192 
-90 86 35.6604 24 222 192 
-88 86 35.7952 24 221 194 
-86 86 35.7347 24 221 194 
-84 86 35.7579 24 221 194 
-82 86 35.9787 24 221 194 
-80 86 36.2706 24 219 197 
-78 86 36.3517 24 219 197 
-76 86 36.3366 24 219 197 
-74 86 36.2639 24 219 197 
-72 86 36.4319 24 219 197 
-70 86 36.5561 24 219 197 
-68 86 36.6173 24 219 197 
-66 86 36.9349 24 217 200 
-64 86 37.0966 24 217 200 
-62 86 36.9025 24 217 200 
-60 86 36.838 24 217 200 
-58 86 37.1362 24 217 200 
-56 86 37.3706 24 215 202 
-54 86 37.4057 24 215 202 
-52 86 37.176 24 217 200 
-50 86 36.7173 24 217 200 
-48 86 36.5735 24 219 197 
-46 86 36.8388 24 217 200 
-44 86 36.9711 24 217 200 
-42 86 37.1368 24 217 200 
-40 86 37.3742 24 215 202 
-38 86 37.4678 24 215 202 
-36 86 37.4669 24 215 202 
-34 86 37.546 24 215 202 
-32 86 37.6307 24 215 202 
-30 86 37.5098 24 215 202 
-28 86 37.6681 24 215 202 
-26 86 37.7936 25 213 205 
-24 86 37.7571 25 213 205 
-22 86 37.9929 25 213 205 
-20 86 38.1196 25 213 205 
-18 86 38.1701 25 213 205 
-16 86 38.3574 26 212 208 
-14 86 38.4838 26 212 208 
-12 86 38.5746 26 212 208 
-10 86 38.734 26 210 210 
-8 86 38.7361 26 210 210 
-6 86 38.7478 26 210 210 
-4 86 38.8382 26 210 210 
-2 86 39.0231 26 210 210 
0 86 39.153 26 210 210 
2 86 39.2283 27 208 213 
4 86 39.3395 27 208 213 
6 86 39.4156 27 208 213 
8 86 39.4445 27 208 213 
10 86 39.2102 27 208 213 
12 86 39.2006 27 208 213 
14 86 39.7028 28 205 216 
16 86 40.1121 28 205 216 
18 86 40.0752 28 205 216 
20 86 40.2586 30 203 218 
22 86 40.49 30 203 218 
24 86 40.6155 30 203 218 
26 86 40.5156 30 203 218 
28 86 40.4537 30 203 218 
30 86 40.5638 30 203 218 
32 86 40.8122 31 201 221 
34 86 41.0103 31 201 221 
36 86 40.8619 31 201 221 
38 86 40.7426 31 201 221 
40 86 40.9018 31 201 221 
42 86 41.0214 31 201 221 
44 86 41.2816 32 199 223 
46 86 41.8288 34 197 226 
48 86 42.2577 35 195 228 
50 86 42.3214 35 195 228 
52 86 42.2819 35 195 228 
54 86 42.493 35 195 228 
56 86 42.7476 37 192 231 
58 86 43.0474 37 192 231 
60 86 43.1335 37 192 231 
62 86 42.9401 37 192 231 
64 86 43.2928 39 190 233 
66 86 43.7314 40 188 235 
68 86 43.7948 40 188 235 
70 86 44.0175 40 188 235 
72 86 44.2604 42 185 238 
74 86 44.3121 42 185 238 
76 86 44.3853 42 185 238 
78 86 44.4326 42 185 238 
80 86 44.5711 42 185 238 
82 86 44.6918 42 185 238 
84 86 44.6913 42 185 238 
86 86 44.699 42 185 238 
88 86 45.0796 44 183 240 
90 86 45.6094 46 180 242 
92 86 45.8972 47 178 244 
94 86 45.9182 47 178 244 
96 86 46.0108 47 178 244 
98 86 46.2316 49 175 245 
100 86 46.6488 49 175 245 
102 86 49.5426 59 160 253 
-106 84 37.3826 24 215 202 
-104 84 36.0727 24 221 194 
-102 84 36.939 24 217 200 
-100 84 37.2309 24 215 202 
-98 84 37.3729 24 215 202 
-96 84 37.7664 25 213 205 
-94 84 37.7561 25 213 205 
-92 84 37.7202 25 213 205 
-90 84 37.8321 25 213 205 
-88 84 37.9364 25 213 205 
-86 84 38.1771 25 213 205 
-84 84 38.3695 26 212 208 
-82 84 38.323 26 212 208 
-80 84 38.3232 26 212 208 
-78 84 38.2711 26 212 208 
-76 84 38.2846 26 212 208 
-74 84 38.3212 26 212 208 
-72 84 38.4043 26 212 208 
-70 84 38.3946 26 212 208 
-68 84 38.39 26 212 208 
-66 84 38.7487 26 210 210 
-64 84 38.8166 26 210 210 
-62 84 38.5846 26 212 208 
-60 84 38.7697 26 210 210 
-58 84 39.0002 26 210 210 
-56 84 38.915 26 210 210 
-54 84 38.8242 26 210 210 
-52 84 38.8625 26 210 210 
-50 84 38.7274 26 210 210 
-48 84 38.7295 26 210 210 
-46 84 39.3234 27 208 213 
-44 84 39.6328 27 208 213 
-42 84 39.2474 27 208 213 
-40 84 39.0977 26 210 210 
-38 84 39.0044 26 210 210 
-36 84 38.7833 26 210 210 
-34 84 39.0953 26 210 210 
-32 84 39.5439 27 208 213 
-30 84 39.4203 27 208 213 
-28 84 39.3831 27 208 213 
-26 84 39.5424 27 208 213 
-24 84 39.7806 28 205 216 
-22 84 39.959 28 205 216 
-20 84 40.1314 28 205 216 
-18 84 40.3302 30 203 218 
-16 84 40.2535 30 203 218 
-14 84 39.6864 27 208 213 
-12 84 39.5907 27 208 213 
-10 84 39.931 28 205 216 
-8 84 39.9489 28 205 216 
-6 84 39.6861 27 208 213 
-4 84 39.6964 28 205 216 
-2 84 39.9295 28 205 216 
0 84 39.9465 28 205 216 
2 84 40.2043 30 203 218 
4 84 40.5203 30 203 218 
6 84 40.1056 28 205 216 
8 84 39.7898 28 205 216 
10 84 39.6291 27 208 213 
12 84 39.7872 28 205 216 
14 84 40.5445 30 203 218 
16 84 41.1019 31 201 221 
18 84 41.1065 31 201 221 
20 84 41.3348 32 199 223 
22 84 41.5239 32 199 223 
24 84 41.5025 32 199 223 
26 84 41.4615 32 199 223 
28 84 41.2721 32 199 223 
30 84 41.0027 31 201 221 
32 84 41.0169 31 201 221 
34 84 41.3093 32 199 223 
36 84 41.3696 32 199 223 
38 84 41.3073 32 199 223 
40 84 41.4632 32 199 223 
42 84 41.6253 32 199 223 
44 84 41.6954 34 197 226 
46 84 42.1197 34 197 226 
48 84 42.6692 35 195 228 
50 84 42.8004 37 192 231 
52 84 42.8449 37 192 231 
54 84 42.637 35 195 228 
56 84 42.3012 35 195 228 
58 84 42.5471 35 195 228 
60 84 42.9457 37 192 231 
62 84 42.9074 37 192 231 
64 84 42.7601 37 192 231 
66 84 42.6954 37 192 231 
68 84 42.6136 35 195 228 
70 84 43.1081 37 192 231 
72 84 43.6338 39 190 233 
74 84 43.4018 39 190 233 
76 84 43.3904 39 190 233 
78 84 43.6836 39 190 233 
80 84 43.6538 39 190 233 
82 84 43.3678 39 190 233 
84 84 43.2944 39 190 233 
86 84 43.4699 39 190 233 
88 84 43.6275 39 190 233 
90 84 43.7569 40 188 235 
92 84 44.175 40 188 235 
94 84 44.6458 42 185 238 
96 84 44.8668 44 183 240 
98 84 45.0842 44 183 240 
100 84 45.5436 46 180 242 
102 84 47.8317 55 168 250 
-108 82 41.0432 31 201 221 
-106 82 34.7273 24 224 189 
-104 82 35.2893 24 222 192 
-102 82 35.723 24 221 194 
-100 82 35.9776 24 221 194 
-98 82 36.1895 24 219 197 
-96 82 36.4011 24 219 197 
-94 82 36.3423 24 219 197 
-92 82 36.496 24 219 197 
-90 82 36.6024 24 219 197 
-88 82 36.4983 24 219 197 
-86 82 36.7319 24 217 200 
-84 82 37.0326 24 217 200 
-82 82 37.144 24 217 200 
-80 82 37.2304 24 215 202 
-78 82 37.2444 24 215 202 
-76 82 37.2865 24 215 202 
-74 82 37.4167 24 215 202 
-72 82 37.515 24 215 202 
-70 82 37.5552 24 215 202 
-68 82 37.6874 25 213 205 
-66 82 37.9576 25 213 205 
-64 82 38.0807 25 213 205 
-62 82 38.0932 25 213 205 
-60 82 38.3528 26 212 208 
-58 82 38.5024 26 212 208 
-56 82 38.4905 26 212 208 
-54 82 38.4675 26 212 208 
-52 82 38.5953 26 212 208 
-50 82 38.8189 26 210 210 
-48 82 39.1553 26 210 210 
-46 82 39.6492 27 208 213 
-44 82 39.9281 28 205 216 
-42 82 39.5857 27 208 213 
-40 82 39.2979 27 208 213 
-38 82 39.1958 27 208 213 
-36 82 39.1859 26 210 210 
-34 82 39.5948 27 208 213 
-32 82 39.9586 28 205 216 
-30 82 39.968 28 205 216 
-28 82 40.0332 28 205 216 
-26 82 40.1735 28 205 216 
-24 82 40.3889 30 203 218 
-22 82 40.5169 30 203 218 
-20 82 40.6372 30 203 218 
-18 82 40.9088 31 201 221 
-16 82 41.0148 31 201 221 
-14 82 40.7142 31 201 221 
-12 82 40.6946 31 201 221 
-10 82 40.9325 31 201 221 
-8 82 41.1299 31 201 221 
-6 82 41.0916 31 201 221 
-4 82 41.1675 31 201 221 
-2 82 41.2376 32 199 223 
0 82 41.1423 31 201 221 
2 82 41.38 32 199 223 
4 82 41.7207 34 197 226 
6 82 41.5815 32 199 223 
8 82 41.4503 32 199 223 
10 82 41.4714 32 199 223 
12 82 41.6237 32 199 223 
14 82 41.9328 34 197 226 
16 82 42.4087 35 195 228 
18 82 42.6305 35 195 228 
20 82 42.7531 37 192 231 
22 82 43.0567 37 192 231 
24 82 43.17 37 192 231 
26 82 43.1451 37 192 231 
28 82 43.1141 37 192 231 
30 82 43.1128 37 192 231 
32 82 43.0973 37 192 231 
34 82 43.2454 39 190 233 
36 82 43.4366 39 190 233 
38 82 43.6602 39 190 233 
40 82 43.8748 40 188 235 
42 82 44.0689 40 188 235 
44 82 43.9306 40 188 235 
46 82 43.9783 40 188 235 
48 82 44.4805 42 185 238 
50 82 44.7729 44 183 240 
52 82 44.8545 44 183 240 
54 82 44.5275 42 185 238 
56 82 44.1687 40 188 235 
58 82 44.5606 42 185 238 
60 82 44.9016 44 183 240 
62 82 44.5247 42 185 238 
64 82 44.0399 40 188 235 
66 82 43.9851 40 188 235 
68 82 44.3197 42 185 238 
70 82 45.0502 44 183 240 
72 82 45.5318 46 180 242 
74 82 45.3033 46 180 242 
76 82 45.4627 46 180 242 
78 82 45.6794 46 180 242 
80 82 45.3795 46 180 242 
82 82 45.1804 44 183 240 
84 82 45.4371 46 180 242 
86 82 45.6205 46 180 242 
88 82 45.4036 46 180 242 
90 82 45.3523 46 180 242 
92 82 45.7701 47 178 244 
94 82 46.1856 47 178 244 
96 82 46.2772 49 175 245 
98 82 46.4958 49 175 245 
100 82 46.802 51 173 247 
102 82 48.2263 56 165 251 
-108 80 30.7039 34 235 170 
-106 80 30.0714 39 238 164 
-104 80 30.6331 37 236 167 
-102 80 30.8394 34 235 170 
-100 80 31.0427 34 235 170 
-98 80 31.2756 32 234 172 
-96 80 31.488 32 234 172 
-94 80 31.5508 32 234 172 
-92 80 31.7654 31 233 175 
-90 80 31.817 31 233 175 
-88 80 31.6308 32 234 172 
-86 80 31.8304 31 233 175 
-84 80 32.0546 31 233 175 
-82 80 32.331 29 231 178 
-80 80 32.596 29 231 178 
-78 80 32.656 29 231 178 
-76 80 32.658 29 231 178 
-74 80 32.7675 28 230 180 
-72 80 32.8324 28 230 180 
-70 80 32.9232 28 230 180 
-68 80 33.2098 26 228 182 
-66 80 33.4305 26 228 182 
-64 80 33.6929 25 227 185 
-62 80 33.8958 25 227 185 
-60 80 34.0764 25 227 185 
-58 80 34.2784 25 226 187 
-56 80 34.4723 25 226 187 
-54 80 34.5303 25 226 187 
-52 80 34.5895 25 226 187 
-50 80 34.7833 24 224 189 
-48 80 34.909 24 224 189 
-46 80 34.9495 24 224 189 
-44 80 35.1677 24 224 189 
-42 80 35.2503 24 222 192 
-40 80 35.2796 24 222 192 
-38 80 35.3396 24 222 192 
-36 80 35.567 24 222 192 
-34 80 35.9237 24 221 194 
-32 80 36.1528 24 221 194 
-30 80 36.297 24 219 197 
-28 80 36.3765 24 219 197 
-26 80 36.3433 24 219 197 
-24 80 36.4762 24 219 197 
-22 80 36.6655 24 219 197 
-20 80 36.7441 24 217 200 
-18 80 36.9919 24 217 200 
-16 80 37.1278 24 217 200 
-14 80 37.2139 24 215 202 
-12 80 37.5117 24 215 202 
-10 80 37.7042 25 213 205 
-8 80 37.8732 25 213 205 
-6 80 38.1932 26 212 208 
-4 80 38.5087 26 212 208 
-2 80 38.6191 26 212 208 
0 80 38.6598 26 212 208 
2 80 38.7102 26 210 210 
4 80 38.863 26 210 210 
6 80 39.0381 26 210 210 
8 80 39.2163 27 208 213 
10 80 39.1415 26 210 210 
12 80 39.2595 27 208 213 
14 80 39.5092 27 208 213 
16 80 39.7984 28 205 216 
18 80 40.0339 28 205 216 
20 80 40.1375 28 205 216 
22 80 40.4081 30 203 218 
24 80 40.6655 30 203 218 
26 80 40.813 31 201 221 
28 80 40.8797 31 201 221 
30 80 40.8353 31 201 221 
32 80 40.8175 31 201 221 
34 80 41.0759 31 201 221 
36 80 41.3602 32 199 223 
38 80 41.533 32 199 223 
40 80 41.8054 34 197 226 
42 80 42.2264 35 195 228 
44 80 42.2864 35 195 228 
46 80 42.3369 35 195 228 
48 80 42.5562 35 195 228 
50 80 42.7262 37 192 231 
52 80 42.8271 37 192 231 
54 80 43.0137 37 192 231 
56 80 43.1343 37 192 231 
58 80 43.3453 39 190 233 
60 80 43.5993 39 190 233 
62 80 43.4732 39 190 233 
64 80 43.327 39 190 233 
66 80 43.4639 39 190 233 
68 80 43.9226 40 188 235 
70 80 44.3855 42 185 238 
72 80 44.7075 44 183 240 
74 80 44.9264 44 183 240 
76 80 45.0379 44 183 240 
78 80 44.7454 44 183 240 
80 80 44.6829 42 185 238 
82 80 44.9707 44 183 240 
84 80 45.1686 44 183 240 
86 80 45.1975 44 183 240 
88 80 45.2572 46 180 242 
90 80 45.5066 46 180 242 
92 80 45.6987 46 180 242 
94 80 45.8013 47 178 244 
96 80 45.7103 47 178 244 
98 80 46.0877 47 178 244 
100 80 46.1752 47 178 244 
102 80 47.1353 51 173 247 
-110 78 31.2021 32 234 172 
-108 78 25.4528 67 247 135 
-106 78 25.8647 63 246 138 
-104 78 26.2013 60 245 142 
-102 78 26.2875 60 245 142 
-100 78 26.3569 60 245 142 
-98 78 26.4999 60 245 142 
-96 78 26.6409 60 245 142 
-94 78 26.7671 56 244 145 
-92 78 27.0013 56 244 145 
-90 78 27.1949 53 243 148 
-88 78 27.0539 56 244 145 
-86 78 27.1045 56 244 145 
-84 78 27.3254 53 243 148 
-82 78 27.4649 53 243 148 
-80 78 27.7135 50 242 152 
-78 78 27.8452 50 242 152 
-76 78 27.8222 50 242 152 
-74 78 27.8878 50 242 152 
-72 78 27.8229 50 242 152 
-70 78 27.9793 50 242 152 
-68 78 28.3233 47 241 155 
-66 78 28.4312 47 241 155 
-64 78 28.5909 47 241 155 
-62 78 28.797 44 240 158 
-60 78 28.83 44 240 158 
-58 78 28.9229 44 240 158 
-56 78 29.2631 42 239 161 
-54 78 29.4944 42 239 161 
-52 78 29.5733 42 239 161 
-50 78 29.7394 39 238 164 
-48 78 29.818 39 238 164 
-46 78 29.7787 39 238 164 
-44 78 29.9549 39 238 164 
-42 78 30.1533 39 238 164 
-40 78 30.2246 37 236 167 
-38 78 30.2633 37 236 167 
-36 78 30.475 37 236 167 
-34 78 30.7158 34 235 170 
-32 78 30.884 34 235 170 
-30 78 30.8969 34 235 170 
-28 78 30.9856 34 235 170 
-26 78 31.1249 34 235 170 
-24 78 31.1189 34 235 170 
-22 78 31.0738 34 235 170 
-20 78 31.2485 32 234 172 
-18 78 31.7608 31 233 175 
-16 78 31.8705 31 233 175 
-14 78 31.8525 31 233 175 
-12 78 32.3067 29 231 178 
-10 78 32.4738 29 231 178 
-8 78 32.4361 29 231 178 
-6 78 32.7816 28 230 180 
-4 78 33.0803 28 230 180 
-2 78 33.0958 28 230 180 
0 78 33.1334 28 230 180 
2 78 33.2575 26 228 182 
4 78 33.4501 26 228 182 
6 78 33.6011 26 228 182 
8 78 33.9939 25 227 185 
10 78 34.2449 25 226 187 
12 78 34.2718 25 226 187 
14 78 34.3237 25 226 187 
16 78 34.5105 25 226 187 
18 78 34.7031 24 224 189 
20 78 34.8904 24 224 189 
22 78 35.0239 24 224 189 
24 78 35.3394 24 222 192 
26 78 35.6238 24 222 192 
28 78 35.6267 24 222 192 
30 78 35.6166 24 222 192 
32 78 35.699 24 221 194 
34 78 35.9643 24 221 194 
36 78 36.3046 24 219 197 
38 78 36.406 24 219 197 
40 78 36.5598 24 219 197 
42 78 36.9344 24 217 200 
44 78 37.0882 24 217 200 
46 78 37.2094 24 215 202 
48 78 37.2136 24 215 202 
50 78 37.3562 24 215 202 
52 78 37.6666 24 215 202 
54 78 38.1114 25 213 205 
56 78 38.3603 26 212 208 
58 78 38.2258 26 212 208 
60 78 38.4962 26 212 208 
62 78 38.8491 26 210 210 
64 78 39.0624 26 210 210 
66 78 39.3581 27 208 213 
68 78 39.5549 27 208 213 
70 78 39.5552 27 208 213 
72 78 39.7602 28 205 216 
74 78 40.2077 30 203 218 
76 78 40.33 30 203 218 
78 78 40.2877 30 203 218 
80 78 40.6484 30 203 218 
82 78 40.8323 31 201 221 
84 78 40.6794 30 203 218 
86 78 40.9057 31 201 221 
88 78 41.1589 31 201 221 
90 78 41.2012 32 199 223 
92 78 41.2898 32 199 223 
94 78 41.7753 34 197 226 
96 78 42.0593 34 197 226 
98 78 42.5388 35 195 228 
100 78 42.4632 35 195 228 
102 78 43.6242 39 190 233 
-110 76 26.34 60 245 142 
-108 76 25.3943 67 247 135 
-106 76 25.7244 63 246 138 
-104 76 25.754 63 246 138 
-102 76 25.8603 63 246 138 
-100 76 26.0768 63 246 138 
-98 76 26.0836 63 246 138 
-96 76 26.0637 63 246 138 
-94 76 26.076 63 246 138 
-92 76 26.1838 60 245 142 
-90 76 26.4439 60 245 142 
-88 76 26.5515 60 245 142 
-86 76 26.6714 56 244 145 
-84 76 26.775 56 244 145 
-82 76 26.624 60 245 142 
-80 76 26.7061 56 244 145 
-78 76 26.9503 56 244 145 
-76 76 26.9091 56 244 145 
-74 76 26.8707 56 244 145 
-72 76 26.8144 56 244 145 
-70 76 26.8111 56 244 145 
-68 76 26.829 56 244 145 
-66 76 26.889 56 244 145 
-64 76 27.0749 56 244 145 
-62 76 27.1106 56 244 145 
-60 76 26.9709 56 244 145 
-58 76 26.8676 56 244 145 
-56 76 27.1139 56 244 145 
-54 76 27.4895 53 243 148 
-52 76 27.5708 53 243 148 
-50 76 27.6122 53 243 148 
-48 76 27.696 50 242 152 
-46 76 27.6497 53 243 148 
-44 76 27.6288 53 243 148 
-42 76 27.6998 50 242 152 
-40 76 27.8951 50 242 152 
-38 76 28.2332 47 241 155 
-36 76 28.4394 47 241 155 
-34 76 28.364 47 241 155 
-32 76 28.2595 47 241 155 
-30 76 28.1061 50 242 152 
-28 76 28.0319 50 242 152 
-26 76 28.1658 47 241 155 
-24 76 28.2924 47 241 155 
-22 76 28.3932 47 241 155 
-20 76 28.5613 47 241 155 
-18 76 28.791 44 240 158 
-16 76 28.8607 44 240 158 
-14 76 28.9011 44 240 158 
-12 76 29.1842 42 239 161 
-10 76 29.3502 42 239 161 
-8 76 29.4348 42 239 161 
-6 76 29.6736 39 238 164 
-4 76 29.8843 39 238 164 
-2 76 29.9165 39 238 164 
0 76 29.8035 39 238 164 
2 76 29.793 39 238 164 
4 76 29.7343 39 238 164 
6 76 29.7706 39 238 164 
8 76 30.125 39 238 164 
10 76 30.5422 37 236 167 
12 76 30.5121 37 236 167 
14 76 30.4362 37 236 167 
16 76 30.5234 37 236 167 
18 76 30.5637 37 236 167 
20 76 30.7167 34 235 170 
22 76 30.9825 34 235 170 
24 76 31.3927 32 234 172 
26 76 31.574 32 234 172 
28 76 31.4703 32 234 172 
30 76 31.5071 32 234 172 
32 76 31.6653 32 234 172 
34 76 31.7421 31 233 175 
36 76 31.9901 31 233 175 
38 76 32.1439 31 233 175 
40 76 32.208 29 231 178 
42 76 32.4627 29 231 178 
44 76 32.5114 29 231 178 
46 76 32.7205 28 230 180 
48 76 32.922 28 230 180 
50 76 33.075 28 230 180 
52 76 33.1899 26 228 182 
54 76 33.2391 26 228 182 
56 76 33.2583 26 228 182 
58 76 33.1742 28 230 180 
60 76 33.4952 26 228 182 
62 76 33.7737 25 227 185 
64 76 33.9499 25 227 185 
66 76 34.3762 25 226 187 
68 76 34.6992 24 224 189 
70 76 34.4969 25 226 187 
72 76 34.1962 25 226 187 
74 76 34.4646 25 226 187 
76 76 34.8455 24 224 189 
78 76 35.2909 24 222 192 
80 76 35.8496 24 221 194 
82 76 35.9471 24 221 194 
84 76 35.8514 24 221 194 
86 76 36.3002 24 219 197 
88 76 36.637 24 219 197 
90 76 36.5309 24 219 197 
92 76 36.3482 24 219 197 
94 76 36.9652 24 217 200 
96 76 37.7749 25 213 205 
98 76 38.2289 26 212 208 
100 76 38.0376 25 213 205 
102 76 38.8153 26 210 210 
-112 74 34.1333 25 227 185 
-110 74 26.4955 60 245 142 
-108 74 27.2712 53 243 148 
-106 74 27.6729 50 242 152 
-104 74 27.6501 53 243 148 
-102 74 27.6402 53 243 148 
-100 74 27.8646 50 242 152 
-98 74 28.1565 50 242 152 
-96 74 28.4198 47 241 155 
-94 74 28.4233 47 241 155 
-92 74 28.3271 47 241 155 
-90 74 28.4736 47 241 155 
-88 74 28.739 44 240 158 
-86 74 28.8045 44 240 158 
-84 74 28.6201 47 241 155 
-82 74 28.4688 47 241 155 
-80 74 28.6355 47 241 155 
-78 74 28.8559 44 240 158 
-76 74 28.8122 44 240 158 
-74 74 28.8129 44 240 158 
-72 74 28.8691 44 240 158 
-70 74 28.8556 44 240 158 
-68 74 28.8803 44 240 158 
-66 74 29.0208 44 240 158 
-64 74 29.2071 42 239 161 
-62 74 29.0435 44 240 158 
-60 74 29.1098 44 240 158 
-58 74 29.1842 42 239 161 
-56 74 28.9896 44 240 158 
-54 74 28.927 44 240 158 
-52 74 29.0242 44 240 158 
-50 74 29.2923 42 239 161 
-48 74 29.5727 42 239 161 
-46 74 29.5195 42 239 161 
-44 74 29.4141 42 239 161 
-42 74 29.4563 42 239 161 
-40 74 29.518 42 239 161 
-38 74 29.8028 39 238 164 
-36 74 29.8634 39 238 164 
-34 74 29.7824 39 238 164 
-32 74 29.7918 39 238 164 
-30 74 29.7243 39 238 164 
-28 74 29.5407 42 239 161 
-26 74 29.4725 42 239 161 
-24 74 29.6113 42 239 161 
-22 74 29.752 39 238 164 
-20 74 29.8031 39 238 164 
-18 74 29.8441 39 238 164 
-16 74 30.0824 39 238 164 
-14 74 30.3821 37 236 167 
-12 74 30.4426 37 236 167 
-10 74 30.4023 37 236 167 
-8 74 30.4562 37 236 167 
-6 74 30.5854 37 236 167 
-4 74 30.8795 34 235 170 
-2 74 31.0838 34 235 170 
0 74 30.7371 34 235 170 
2 74 30.3809 37 236 167 
4 74 30.2759 37 236 167 
6 74 30.4368 37 236 167 
8 74 30.5151 37 236 167 
10 74 30.6756 34 235 170 
12 74 30.8226 34 235 170 
14 74 30.909 34 235 170 
16 74 31.0016 34 235 170 
18 74 31.0783 34 235 170 
20 74 31.2394 32 234 172 
22 74 31.2792 32 234 172 
24 74 31.1005 34 235 170 
26 74 31.0592 34 235 170 
28 74 31.1244 34 235 170 
30 74 31.1975 32 234 172 
32 74 31.3959 32 234 172 
34 74 31.4525 32 234 172 
36 74 31.487 32 234 172 
38 74 31.5074 32 234 172 
40 74 31.5371 32 234 172 
42 74 31.652 32 234 172 
44 74 31.8371 31 233 175 
46 74 32.0323 31 233 175 
48 74 31.9944 31 233 175 
50 74 31.8808 31 233 175 
52 74 31.937 31 233 175 
54 74 31.9623 31 233 175 
56 74 32.1271 31 233 175 
58 74 32.2582 29 231 178 
60 74 32.2764 29 231 178 
62 74 32.3128 29 231 178 
64 74 32.317 29 231 178 
66 74 32.52 29 231 178 
68 74 33.0368 28 230 180 
70 74 33.0185 28 230 180 
72 74 32.7309 28 230 180 
74 74 32.9021 28 230 180 
76 74 33.2177 26 228 182 
78 74 33.5664 26 228 182 
80 74 33.7605 25 227 185 
82 74 33.7664 25 227 185 
84 74 33.6403 26 228 182 
86 74 34.1811 25 226 187 
88 74 34.8409 24 224 189 
90 74 34.8993 24 224 189 
92 74 34.5251 25 226 187 
94 74 34.6138 25 226 187 
96 74 35.208 24 222 192 
98 74 35.2756 24 222 192 
100 74 34.9933 24 224 189 
102 74 35.7785 24 221 194 
-112 72 26.1998 60 245 142 
-110 72 24.8664 70 248 132 
-108 72 25.9123 63 246 138 
-106 72 26.2639 60 245 142 
-104 72 26.4219 60 245 142 
-102 72 26.3976 60 245 142 
-100 72 26.3838 60 245 142 
-98 72 26.5472 60 245 142 
-96 72 26.7686 56 244 145 
-94 72 26.8998 56 244 145 
-92 72 26.9736 56 244 145 
-90 72 27.2524 53 243 148 
-88 72 27.602 53 243 148 
-86 72 27.6479 53 243 148 
-84 72 27.4976 53 243 148 
-82 72 27.3447 53 243 148 
-80 72 27.5754 53 243 148 
-78 72 27.8928 50 242 152 
-76 72 27.9172 50 242 152 
-74 72 27.9511 50 242 152 
-72 72 28.1334 50 242 152 
-70 72 28.2677 47 241 155 
-68 72 28.4036 47 241 155 
-66 72 28.6103 47 241 155 
-64 72 28.8702 44 240 158 
-62 72 28.813 44 240 158 
-60 72 28.9692 44 240 158 
-58 72 29.0638 44 240 158 
-56 72 28.9452 44 240 158 
-54 72 28.8967 44 240 158 
-52 72 28.9534 44 240 158 
-50 72 29.1305 44 240 158 
-48 72 29.3862 42 239 161 
-46 72 29.5871 42 239 161 
-44 72 29.7684 39 238 164 
-42 72 29.8581 39 238 164 
-40 72 29.8434 39 238 164 
-38 72 30.0509 39 238 164 
-36 72 30.1538 39 238 164 
-34 72 30.0811 39 238 164 
-32 72 30.0705 39 238 164 
-30 72 30.1757 37 236 167 
-28 72 30.3905 37 236 167 
-26 72 30.5616 37 236 167 
-24 72 30.4979 37 236 167 
-22 72 30.4559 37 236 167 
-20 72 30.6974 34 235 170 
-18 72 30.7472 34 235 170 
-16 72 30.8705 34 235 170 
-14 72 31.2644 32 234 172 
-12 72 31.4896 32 234 172 
-10 72 31.3762 32 234 172 
-8 72 31.3648 32 234 172 
-6 72 31.5098 32 234 172 
-4 72 31.7152 31 233 175 
-2 72 31.9786 31 233 175 
0 72 31.936 31 233 175 
2 72 31.6743 31 233 175 
4 72 31.6013 32 234 172 
6 72 31.8784 31 233 175 
8 72 32.1296 31 233 175 
10 72 32.345 29 231 178 
12 72 32.4316 29 231 178 
14 72 32.5411 29 231 178 
16 72 32.5472 29 231 178 
18 72 32.5419 29 231 178 
20 72 32.8315 28 230 180 
22 72 32.8665 28 230 180 
24 72 32.5912 29 231 178 
26 72 32.4125 29 231 178 
28 72 32.4888 29 231 178 
30 72 32.8505 28 230 180 
32 72 33.4114 26 228 182 
34 72 33.6348 26 228 182 
36 72 33.326 26 228 182 
38 72 33.0274 28 230 180 
40 72 33.0988 28 230 180 
42 72 33.3188 26 228 182 
44 72 33.6849 25 227 185 
46 72 33.7781 25 227 185 
48 72 33.5291 26 228 182 
50 72 33.4868 26 228 182 
52 72 33.6834 25 227 185 
54 72 33.7924 25 227 185 
56 72 34.1448 25 227 185 
58 72 34.3777 25 226 187 
60 72 34.221 25 226 187 
62 72 34.4064 25 226 187 
64 72 34.5525 25 226 187 
66 72 34.5955 25 226 187 
68 72 34.9597 24 224 189 
70 72 35.1125 24 224 189 
72 72 35.334 24 222 192 
74 72 35.3772 24 222 192 
76 72 35.4739 24 222 192 
78 72 35.7118 24 221 194 
80 72 35.8206 24 221 194 
82 72 35.8084 24 221 194 
84 72 35.7792 24 221 194 
86 72 35.903 24 221 194 
88 72 36.0578 24 221 194 
90 72 36.05 24 221 194 
92 72 35.802 24 221 194 
94 72 35.6405 24 222 192 
96 72 35.9857 24 221 194 
98 72 36.103 24 221 194 
100 72 35.7239 24 221 194 
102 72 36.2197 24 219 197 
-114 70 27.6733 50 242 152 
-112 70 19.493 113 254 95 
-110 70 20.3022 105 253 102 
-108 70 21.1349 101 253 105 
-106 70 21.3806 97 252 108 
-104 70 21.6392 97 252 108 
-102 70 21.7111 93 252 111 
-100 70 21.5285 97 252 108 
-98 70 21.57 97 252 108 
-96 70 21.8955 93 252 111 
-94 70 22.1369 93 252 111 
-92 70 22.1629 89 251 115 
-90 70 22.3019 89 251 115 
-88 70 22.557 89 251 115 
-86 70 22.6983 85 250 118 
-84 70 22.7378 85 250 118 
-82 70 22.5942 89 251 115 
-80 70 22.7015 85 250 118 
-78 70 23.0953 85 250 118 
-76 70 23.2903 82 250 122 
-74 70 23.2011 82 250 122 
-72 70 23.3496 82 250 122 
-70 70 23.6123 82 250 122 
-68 70 23.8252 78 249 125 
-66 70 24.0069 78 249 125 
-64 70 24.2065 74 248 128 
-62 70 24.2267 74 248 128 
-60 70 24.3009 74 248 128 
-58 70 24.3459 74 248 128 
-56 70 24.5596 74 248 128 
-54 70 24.8306 70 248 132 
-52 70 24.9654 70 248 132 
-50 70 25.0148 70 248 132 
-48 70 25.017 70 248 132 
-46 70 25.176 67 247 135 
-44 70 25.4056 67 247 135 
-42 70 25.5217 67 247 135 
-40 70 25.645 67 247 135 
-38 70 25.8829 63 246 138 
-36 70 26.1065 63 246 138 
-34 70 26.2321 60 245 142 
-32 70 26.4045 60 245 142 
-30 70 26.5635 60 245 142 
-28 70 26.6384 60 245 142 
-26 70 26.7959 56 244 145 
-24 70 26.9069 56 244 145 
-22 70 27.0472 56 244 145 
-20 70 27.3096 53 243 148 
-18 70 27.3461 53 243 148 
-16 70 27.5206 53 243 148 
-14 70 27.8423 50 242 152 
-12 70 28.0928 50 242 152 
-10 70 28.1884 47 241 155 
-8 70 28.247 47 241 155 
-6 70 28.2996 47 241 155 
-4 70 28.4225 47 241 155 
-2 70 28.6704 44 240 158 
0 70 28.8581 44 240 158 
2 70 28.9768 44 240 158 
4 70 28.9777 44 240 158 
6 70 29.1113 44 240 158 
8 70 29.3562 42 239 161 
10 70 29.5745 42 239 161 
12 70 29.6859 39 238 164 
14 70 30.1017 39 238 164 
16 70 30.2233 37 236 167 
18 70 30.1279 39 238 164 
20 70 30.407 37 236 167 
22 70 30.6231 37 236 167 
24 70 30.713 34 235 170 
26 70 30.8275 34 235 170 
28 70 30.8938 34 235 170 
30 70 30.9394 34 235 170 
32 70 31.1718 32 234 172 
34 70 31.4843 32 234 172 
36 70 31.5249 32 234 172 
38 70 31.5098 32 234 172 
40 70 31.6915 31 233 175 
42 70 31.9742 31 233 175 
44 70 32.3213 29 231 178 
46 70 32.4326 29 231 178 
48 70 32.3416 29 231 178 
50 70 32.3747 29 231 178 
52 70 32.6745 28 230 180 
54 70 32.8448 28 230 180 
56 70 32.9508 28 230 180 
58 70 33.2127 26 228 182 
60 70 33.4215 26 228 182 
62 70 33.7581 25 227 185 
64 70 33.8958 25 227 185 
66 70 33.9638 25 227 185 
68 70 34.2542 25 226 187 
70 70 34.4091 25 226 187 
72 70 34.7848 24 224 189 
74 70 34.819 24 224 189 
76 70 34.8885 24 224 189 
78 70 35.0429 24 224 189 
80 70 35.2807 24 222 192 
82 70 35.7287 24 221 194 
84 70 36.0437 24 221 194 
86 70 35.7091 24 221 194 
88 70 35.5078 24 222 192 
90 70 35.615 24 222 192 
92 70 35.592 24 222 192 
94 70 35.7954 24 221 194 
96 70 36.2253 24 219 197 
98 70 36.6023 24 219 197 
100 70 36.3246 24 219 197 
102 70 36.8309 24 217 200 
-114 68 16.2899 136 255 78 
-112 68 15.489 143 255 73 
-110 68 16.0552 139 255 75 
-108 68 16.3859 136 255 78 
-106 68 16.46 136 255 78 
-104 68 16.6783 132 255 81 
-102 68 16.7309 132 255 81 
-100 68 16.6342 136 255 78 
-98 68 16.7155 132 255 81 
-96 68 17.0073 132 255 81 
-94 68 17.2647 128 255 83 
-92 68 17.2972 128 255 83 
-90 68 17.3531 128 255 83 
-88 68 17.5924 128 255 83 
-86 68 17.753 125 255 86 
-84 68 17.8185 125 255 86 
-82 68 17.8151 125 255 86 
-80 68 17.7736 125 255 86 
-78 68 17.8429 125 255 86 
-76 68 18.0076 125 255 86 
-74 68 18.0287 125 255 86 
-72 68 18.2227 121 254 89 
-70 68 18.5539 121 254 89 
-68 68 18.6957 117 254 92 
-66 68 18.6797 117 254 92 
-64 68 18.7435 117 254 92 
-62 68 18.8804 117 254 92 
-60 68 19.0753 117 254 92 
-58 68 19.1289 117 254 92 
-56 68 19.2347 113 254 95 
-54 68 19.4584 113 254 95 
-52 68 19.7637 109 254 98 
-50 68 19.8406 109 254 98 
-48 68 19.6873 109 254 98 
-46 68 19.7818 109 254 98 
-44 68 19.9889 109 254 98 
-42 68 20.2734 105 253 102 
-40 68 20.5144 105 253 102 
-38 68 20.6356 105 253 102 
-36 68 20.7743 101 253 105 
-34 68 21.0921 101 253 105 
-32 68 21.3278 97 252 108 
-30 68 21.3857 97 252 108 
-28 68 21.3384 97 252 108 
-26 68 21.2928 97 252 108 
-24 68 21.4902 97 252 108 
-22 68 21.743 93 252 111 
-20 68 21.8388 93 252 111 
-18 68 21.9538 93 252 111 
-16 68 22.2879 89 251 115 
-14 68 22.6048 89 251 115 
-12 68 22.7435 85 250 118 
-10 68 22.8387 85 250 118 
-8 68 22.8783 85 250 118 
-6 68 22.8775 85 250 118 
-4 68 23.0956 85 250 118 
-2 68 23.3508 82 250 122 
0 68 23.535 82 250 122 
2 68 23.7397 78 249 125 
4 68 23.8363 78 249 125 
6 68 23.9521 78 249 125 
8 68 24.043 78 249 125 
10 68 24.1674 74 248 128 
12 68 24.3716 74 248 128 
14 68 24.8078 70 248 132 
16 68 25.002 70 248 132 
18 68 24.9672 70 248 132 
20 68 25.1152 70 248 132 
22 68 25.226 67 247 135 
24 68 25.3 67 247 135 
26 68 25.7209 63 246 138 
28 68 26.0406 63 246 138 
30 68 26.049 63 246 138 
32 68 26.1472 63 246 138 
34 68 26.3295 60 245 142 
36 68 26.5023 60 245 142 
38 68 26.5724 60 245 142 
40 68 26.7058 56 244 145 
42 68 26.998 56 244 145 
44 68 27.2959 53 243 148 
46 68 27.4103 53 243 148 
48 68 27.4673 53 243 148 
50 68 27.5718 53 243 148 
52 68 27.9669 50 242 152 
54 68 28.2994 47 241 155 
56 68 28.354 47 241 155 
58 68 28.6327 47 241 155 
60 68 29.0174 44 240 158 
62 68 29.2764 42 239 161 
64 68 29.3314 42 239 161 
66 68 29.4359 42 239 161 
68 68 29.7135 39 238 164 
70 68 29.6814 39 238 164 
72 68 29.8307 39 238 164 
74 68 30.2671 37 236 167 
76 68 30.8245 34 235 170 
78 68 30.9319 34 235 170 
80 68 31.0495 34 235 170 
82 68 31.5421 32 234 172 
84 68 31.6327 32 234 172 
86 68 31.3404 32 234 172 
88 68 31.5238 32 234 172 
90 68 31.7909 31 233 175 
92 68 31.9044 31 233 175 
94 68 32.3269 29 231 178 
96 68 32.4429 29 231 178 
98 68 32.7818 28 230 180 
100 68 33.1348 28 230 180 
102 68 33.5494 26 228 182 
104 68 41.0007 31 201 221 
-118 66 21.1581 97 252 108 
-116 66 13.5373 156 254 64 
-114 66 14.3524 150 254 68 
-112 66 14.8631 146 255 71 
-110 66 15.1434 143 255 73 
-108 66 14.9557 146 255 71 
-106 66 14.7098 146 255 71 
-104 66 14.8824 146 255 71 
-102 66 15.2446 143 255 73 
-100 66 15.5577 143 255 73 
-98 66 15.5137 143 255 73 
-96 66 15.449 143 255 73 
-94 66 15.5696 143 255 73 
-92 66 15.64 139 255 75 
-90 66 15.9492 139 255 75 
-88 66 16.3114 136 255 78 
-86 66 16.2669 136 255 78 
-84 66 16.1888 136 255 78 
-82 66 16.322 136 255 78 
-80 66 16.1591 136 255 78 
-78 66 15.9509 139 255 75 
-76 66 15.9753 139 255 75 
-74 66 15.8977 139 255 75 
-72 66 15.9984 139 255 75 
-70 66 16.4002 136 255 78 
-68 66 16.6693 132 255 81 
-66 66 16.5976 136 255 78 
-64 66 16.4814 136 255 78 
-62 66 16.5717 136 255 78 
-60 66 16.8563 132 255 81 
-58 66 16.8859 132 255 81 
-56 66 16.7187 132 255 81 
-54 66 16.8299 132 255 81 
-52 66 17.102 132 255 81 
-50 66 17.0957 132 255 81 
-48 66 17.0463 132 255 81 
-46 66 17.2387 128 255 83 
-44 66 17.3973 128 255 83 
-42 66 17.6666 125 255 86 
-40 66 17.7674 125 255 86 
-38 66 17.7284 125 255 86 
-36 66 17.7894 125 255 86 
-34 66 17.8697 125 255 86 
-32 66 17.8338 125 255 86 
-30 66 17.9651 125 255 86 
-28 66 18.1548 121 254 89 
-26 66 18.0023 125 255 86 
-24 66 18.0815 125 255 86 
-22 66 18.2546 121 254 89 
-20 66 18.305 121 254 89 
-18 66 18.5809 121 254 89 
-16 66 18.77 117 254 92 
-14 66 18.9576 117 254 92 
-12 66 19.1329 117 254 92 
-10 66 19.2621 113 254 95 
-8 66 19.2863 113 254 95 
-6 66 19.184 113 254 95 
-4 66 19.3162 113 254 95 
-2 66 19.6555 109 254 98 
0 66 19.8072 109 254 98 
2 66 19.7898 109 254 98 
4 66 19.8654 109 254 98 
6 66 20.0254 109 254 98 
8 66 20.134 109 254 98 
10 66 20.1853 105 253 102 
12 66 20.3203 105 253 102 
14 66 20.4079 105 253 102 
16 66 20.4667 105 253 102 
18 66 20.5528 105 253 102 
20 66 20.6249 105 253 102 
22 66 20.5554 105 253 102 
24 66 20.521 105 253 102 
26 66 20.9512 101 253 105 
28 66 21.3284 97 252 108 
30 66 21.4528 97 252 108 
32 66 21.7125 93 252 111 
34 66 21.8349 93 252 111 
36 66 21.8832 93 252 111 
38 66 22.0289 93 252 111 
40 66 22.1386 93 252 111 
42 66 22.2396 89 251 115 
44 66 22.428 89 251 115 
46 66 22.6255 89 251 115 
48 66 22.7749 85 250 118 
50 66 22.9284 85 250 118 
52 66 23.1851 82 250 122 
54 66 23.4869 82 250 122 
56 66 23.6812 78 249 125 
58 66 23.8145 78 249 125 
60 66 24.0126 78 249 125 
62 66 24.3838 74 248 128 
64 66 24.4836 74 248 128 
66 66 24.4156 74 248 128 
68 66 24.6576 70 248 132 
70 66 24.5131 74 248 128 
72 66 24.4783 74 248 128 
74 66 25.1187 70 248 132 
76 66 25.696 63 246 138 
78 66 25.8553 63 246 138 
80 66 26.198 60 245 142 
82 66 26.4663 60 245 142 
84 66 26.2962 60 245 142 
86 66 26.2939 60 245 142 
88 66 26.649 60 245 142 
90 66 26.8946 56 244 145 
92 66 27.272 53 243 148 
94 66 27.552 53 243 148 
96 66 27.3827 53 243 148 
98 66 27.699 50 242 152 
100 66 28.0094 50 242 152 
102 66 27.8926 50 242 152 
104 66 26.3923 60 245 142 
106 66 19.2412 113 254 95 
-118 64 14.0054 153 254 66 
-116 64 16.8238 132 255 81 
-114 64 16.3716 136 255 78 
-112 64 17.2561 128 255 83 
-110 64 17.6594 125 255 86 
-108 64 17.3992 128 255 83 
-106 64 16.8971 132 255 81 
-104 64 16.8908 132 255 81 
-102 64 17.3135 128 255 83 
-100 64 17.6229 128 255 83 
-98 64 17.7466 125 255 86 
-96 64 17.9281 125 255 86 
-94 64 17.9268 125 255 86 
-92 64 17.5928 128 255 83 
-90 64 17.7241 125 255 86 
-88 64 17.9291 125 255 86 
-86 64 17.8206 125 255 86 
-84 64 17.814 125 255 86 
-82 64 18.1451 121 254 89 
-80 64 18.2364 121 254 89 
-78 64 18.1627 121 254 89 
-76 64 18.1041 125 255 86 
-74 64 17.9128 125 255 86 
-72 64 18.0475 125 255 86 
-70 64 18.5054 121 254 89 
-68 64 18.8005 117 254 92 
-66 64 18.8758 117 254 92 
-64 64 18.5518 121 254 89 
-62 64 18.078 125 255 86 
-60 64 18.171 121 254 89 
-58 64 18.2468 121 254 89 
-56 64 18.2687 121 254 89 
-54 64 18.6107 121 254 89 
-52 64 18.7915 117 254 92 
-50 64 18.7037 117 254 92 
-48 64 18.7572 117 254 92 
-46 64 18.925 117 254 92 
-44 64 19.0909 117 254 92 
-42 64 19.1536 113 254 95 
-40 64 19.026 117 254 92 
-38 64 18.9982 117 254 92 
-36 64 19.0539 117 254 92 
-34 64 19.0742 117 254 92 
-32 64 18.9924 117 254 92 
-30 64 19.0989 117 254 92 
-28 64 19.2962 113 254 95 
-26 64 19.208 113 254 95 
-24 64 19.2478 113 254 95 
-22 64 19.408 113 254 95 
-20 64 19.3321 113 254 95 
-18 64 19.4505 113 254 95 
-16 64 19.3825 113 254 95 
-14 64 19.4948 113 254 95 
-12 64 19.4279 113 254 95 
-10 64 19.4211 113 254 95 
-8 64 19.7516 109 254 98 
-6 64 19.8673 109 254 98 
-4 64 19.7903 109 254 98 
-2 64 19.916 109 254 98 
0 64 19.9917 109 254 98 
2 64 19.8437 109 254 98 
4 64 19.8626 109 254 98 
6 64 20.0769 109 254 98 
8 64 20.2239 105 253 102 
10 64 20.122 109 254 98 
12 64 20.1299 109 254 98 
14 64 20.078 109 254 98 
16 64 20.1253 109 254 98 
18 64 20.3674 105 253 102 
20 64 20.3913 105 253 102 
22 64 20.2558 105 253 102 
24 64 20.069 109 254 98 
26 64 20.1484 105 253 102 
28 64 20.372 105 253 102 
30 64 20.6733 101 253 105 
32 64 21.019 101 253 105 
34 64 20.9833 101 253 105 
36 64 20.9937 101 253 105 
38 64 21.2166 97 252 108 
40 64 21.1281 101 253 105 
42 64 20.994 101 253 105 
44 64 21.2977 97 252 108 
46 64 21.6887 93 252 111 
48 64 21.7624 93 252 111 
50 64 21.6864 93 252 111 
52 64 21.6919 93 252 111 
54 64 21.8919 93 252 111 
56 64 21.9452 93 252 111 
58 64 22.0323 93 252 111 
60 64 22.1941 89 251 115 
62 64 22.4026 89 251 115 
64 64 22.487 89 251 115 
66 64 22.6443 89 251 115 
68 64 23.0295 85 250 118 
70 64 23.0937 85 250 118 
72 64 22.9354 85 250 118 
74 64 23.0462 85 250 118 
76 64 23.2749 82 250 122 
78 64 23.5041 82 250 122 
80 64 23.8016 78 249 125 
82 64 23.9699 78 249 125 
84 64 23.9521 78 249 125 
86 64 24.1213 78 249 125 
88 64 24.3868 74 248 128 
90 64 24.5178 74 248 128 
92 64 24.807 70 248 132 
94 64 24.5259 74 248 128 
96 64 24.3734 74 248 128 
98 64 24.7669 70 248 132 
100 64 24.4565 74 248 128 
102 64 23.9776 78 249 125 
104 64 17.4759 128 255 83 
-116 62 13.938 153 254 66 
-114 62 16.169 136 255 78 
-112 62 16.9431 132 255 81 
-110 62 17.2413 128 255 83 
-108 62 17.3864 128 255 83 
-106 62 17.235 128 255 83 
-104 62 17.1393 132 255 81 
-102 62 17.329 128 255 83 
-100 62 17.377 128 255 83 
-98 62 17.5719 128 255 83 
-96 62 18.0674 125 255 86 
-94 62 18.181 121 254 89 
-92 62 17.9772 125 255 86 
-90 62 17.946 125 255 86 
-88 62 17.9568 125 255 86 
-86 62 18.0402 125 255 86 
-84 62 18.222 121 254 89 
-82 62 18.4742 121 254 89 
-80 62 18.5922 121 254 89 
-78 62 18.7065 117 254 92 
-76 62 18.8032 117 254 92 
-74 62 18.8408 117 254 92 
-72 62 19.0554 117 254 92 
-70 62 19.2015 113 254 95 
-68 62 19.2494 113 254 95 
-66 62 19.6249 113 254 95 
-64 62 19.6919 109 254 98 
-62 62 19.3521 113 254 95 
-60 62 19.4016 113 254 95 
-58 62 19.5396 113 254 95 
-56 62 19.6488 109 254 98 
-54 62 19.7731 109 254 98 
-52 62 19.7244 109 254 98 
-50 62 19.7249 109 254 98 
-48 62 19.8292 109 254 98 
-46 62 20.0423 109 254 98 
-44 62 20.365 105 253 102 
-42 62 20.3584 105 253 102 
-40 62 20.201 105 253 102 
-38 62 20.3885 105 253 102 
-36 62 20.5973 105 253 102 
-34 62 20.8539 101 253 105 
-32 62 20.8336 101 253 105 
-30 62 20.6593 101 253 105 
-28 62 20.6824 101 253 105 
-26 62 20.833 101 253 105 
-24 62 20.9232 101 253 105 
-22 62 21.0296 101 253 105 
-20 62 21.0336 101 253 105 
-18 62 21.0347 101 253 105 
-16 62 21.1404 101 253 105 
-14 62 21.4062 97 252 108 
-12 62 21.2264 97 252 108 
-10 62 20.988 101 253 105 
-8 62 21.0917 101 253 105 
-6 62 21.2785 97 252 108 
-4 62 21.314 97 252 108 
-2 62 21.3733 97 252 108 
0 62 21.6808 93 252 111 
2 62 21.8049 93 252 111 
4 62 21.7516 93 252 111 
6 62 21.8725 93 252 111 
8 62 21.954 93 252 111 
10 62 21.8773 93 252 111 
12 62 21.9833 93 252 111 
14 62 22.0133 93 252 111 
16 62 22.1978 89 251 115 
18 62 22.6052 89 251 115 
20 62 22.6673 85 250 118 
22 62 22.4867 89 251 115 
24 62 22.286 89 251 115 
26 62 22.4104 89 251 115 
28 62 22.6103 89 251 115 
30 62 23.0169 85 250 118 
32 62 23.2168 82 250 122 
34 62 23.0522 85 250 118 
36 62 23.1979 82 250 122 
38 62 23.2598 82 250 122 
40 62 23.0316 85 250 118 
42 62 23.0371 85 250 118 
44 62 23.3822 82 250 122 
46 62 23.6283 82 250 122 
48 62 23.4911 82 250 122 
50 62 23.2045 82 250 122 
52 62 23.1346 85 250 118 
54 62 23.3594 82 250 122 
56 62 23.7293 78 249 125 
58 62 24.1409 78 249 125 
60 62 24.1822 74 248 128 
62 62 24.0548 78 249 125 
64 62 24.1015 78 249 125 
66 62 24.351 74 248 128 
68 62 24.7051 70 248 132 
70 62 25.0143 70 248 132 
72 62 24.6851 70 248 132 
74 62 23.9782 78 249 125 
76 62 24.2059 74 248 128 
78 62 24.4055 74 248 128 
80 62 24.291 74 248 128 
82 62 24.4852 74 248 128 
84 62 24.8144 70 248 132 
86 62 25.0182 70 248 132 
88 62 25.3639 67 247 135 
90 62 25.6789 63 246 138 
92 62 25.6569 67 247 135 
94 62 25.4243 67 247 135 
96 62 25.5745 67 247 135 
98 62 25.7178 63 246 138 
100 62 25.4378 67 247 135 
102 62 24.9571 70 248 132 
-118 60 5.00098 200 239 52 
-116 60 10.6135 172 251 56 
-114 60 11.6045 167 252 58 
-112 60 12.1048 164 252 60 
-110 60 12.2816 161 253 61 
-108 60 12.4909 161 253 61 
-106 60 12.6808 159 253 63 
-104 60 12.7413 159 253 63 
-102 60 12.8925 159 253 63 
-100 60 13.022 159 253 63 
-98 60 13.1346 156 254 64 
-96 60 13.3934 156 254 64 
-94 60 13.3684 156 254 64 
-92 60 13.3461 156 254 64 
-90 60 13.4398 156 254 64 
-88 60 13.594 156 254 64 
-86 60 13.8292 153 254 66 
-84 60 14.157 150 254 68 
-82 60 14.4005 150 254 68 
-80 60 14.4299 150 254 68 
-78 60 14.4146 150 254 68 
-76 60 14.5867 150 254 68 
-74 60 14.8296 146 255 71 
-72 60 14.9583 146 255 71 
-70 60 14.9192 146 255 71 
-68 60 14.9422 146 255 71 
-66 60 15.294 143 255 73 
-64 60 15.6471 139 255 75 
-62 60 15.7627 139 255 75 
-60 60 15.7911 139 255 75 
-58 60 15.9171 139 255 75 
-56 60 16.0708 139 255 75 
-54 60 16.1356 139 255 75 
-52 60 16.1748 136 255 78 
-50 60 16.3112 136 255 78 
-48 60 16.4109 136 255 78 
-46 60 16.5832 136 255 78 
-44 60 16.8389 132 255 81 
-42 60 16.9607 132 255 81 
-40 60 17.0173 132 255 81 
-38 60 17.1632 128 255 83 
-36 60 17.2921 128 255 83 
-34 60 17.5106 128 255 83 
-32 60 17.7051 125 255 86 
-30 60 17.73 125 255 86 
-28 60 17.7848 125 255 86 
-26 60 18.0869 125 255 86 
-24 60 18.191 121 254 89 
-22 60 18.2321 121 254 89 
-20 60 18.4856 121 254 89 
-18 60 18.6152 121 254 89 
-16 60 18.8701 117 254 92 
-14 60 19.0305 117 254 92 
-12 60 18.9784 117 254 92 
-10 60 19.0589 117 254 92 
-8 60 19.1371 117 254 92 
-6 60 19.2603 113 254 95 
-4 60 19.365 113 254 95 
-2 60 19.4052 113 254 95 
0 60 19.6644 109 254 98 
2 60 19.9301 109 254 98 
4 60 20.0489 109 254 98 
6 60 20.3466 105 253 102 
8 60 20.5128 105 253 102 
10 60 20.4849 105 253 102 
12 60 20.6137 105 253 102 
14 60 20.7148 101 253 105 
16 60 20.9225 101 253 105 
18 60 21.3177 97 252 108 
20 60 21.5366 97 252 108 
22 60 21.464 97 252 108 
24 60 21.3131 97 252 108 
26 60 21.5978 97 252 108 
28 60 21.8663 93 252 111 
30 60 22.0552 93 252 111 
32 60 22.0983 93 252 111 
34 60 22.0848 93 252 111 
36 60 22.3455 89 251 115 
38 60 22.4208 89 251 115 
40 60 22.445 89 251 115 
42 60 22.7692 85 250 118 
44 60 23.0526 85 250 118 
46 60 23.1153 85 250 118 
48 60 22.9749 85 250 118 
50 60 22.8121 85 250 118 
52 60 22.8786 85 250 118 
54 60 23.1423 85 250 118 
56 60 23.5575 82 250 122 
58 60 23.9913 78 249 125 
60 60 24.0806 78 249 125 
62 60 24.0483 78 249 125 
64 60 24.1173 78 249 125 
66 60 24.2666 74 248 128 
68 60 24.5352 74 248 128 
70 60 24.7104 70 248 132 
72 60 24.5843 74 248 128 
74 60 24.3254 74 248 128 
76 60 24.5582 74 248 128 
78 60 24.5434 74 248 128 
80 60 24.2835 74 248 128 
82 60 24.1654 74 248 128 
84 60 24.4418 74 248 128 
86 60 24.7631 70 248 132 
88 60 25.2219 67 247 135 
90 60 25.5591 67 247 135 
92 60 25.3938 67 247 135 
94 60 25.5883 67 247 135 
96 60 25.9918 63 246 138 
98 60 26.1929 60 245 142 
100 60 26.7605 56 244 145 
102 60 25.7437 63 246 138 
-118 58 5.59664 198 240 52 
-116 58 6.45189 193 243 52 
-114 58 6.54389 193 243 52 
-112 58 6.81786 190 244 52 
-110 58 7.00366 190 244 52 
-108 58 7.1557 188 245 52 
-106 58 7.38726 188 245 52 
-104 58 7.49252 188 245 52 
-102 58 7.56552 188 245 52 
-100 58 7.67479 185 246 53 
-98 58 7.73521 185 246 53 
-96 58 7.84318 185 246 53 
-94 58 7.74305 185 246 53 
-92 58 7.68032 185 246 53 
-90 58 7.86999 185 246 53 
-88 58 8.24431 183 247 53 
-86 58 8.43289 183 247 53 
-84 58 8.53697 183 247 53 
-82 58 8.82904 180 248 54 
-80 58 9.118 180 248 54 
-78 58 9.05953 180 248 54 
-76 58 9.11455 180 248 54 
-74 58 9.27935 177 249 54 
-72 58 9.41074 177 249 54 
-70 58 9.50604 177 249 54 
-68 58 9.66946 175 250 55 
-66 58 9.81168 175 250 55 
-64 58 10.1136 175 250 55 
-62 58 10.4199 172 251 56 
-60 58 10.4124 172 251 56 
-58 58 10.3852 172 251 56 
-56 58 10.4343 172 251 56 
-54 58 10.509 172 251 56 
-52 58 10.7257 169 251 57 
-50 58 10.9991 169 251 57 
-48 58 11.1317 167 252 58 
-46 58 11.2403 167 252 58 
-44 58 11.3508 167 252 58 
-42 58 11.5381 167 252 58 
-40 58 11.6717 164 252 60 
-38 58 11.5789 167 252 58 
-36 58 11.6428 164 252 60 
-34 58 11.8644 164 252 60 
-32 58 12.1373 161 253 61 
-30 58 12.3578 161 253 61 
-28 58 12.4616 161 253 61 
-26 58 12.593 161 253 61 
-24 58 12.6898 159 253 63 
-22 58 12.9112 159 253 63 
-20 58 13.1515 156 254 64 
-18 58 13.1936 156 254 64 
-16 58 13.3404 156 254 64 
-14 58 13.3726 156 254 64 
-12 58 13.4924 156 254 64 
-10 58 13.7691 153 254 66 
-8 58 13.9788 153 254 66 
-6 58 14.1529 150 254 68 
-4 58 14.245 150 254 68 
-2 58 14.3519 150 254 68 
0 58 14.5385 150 254 68 
2 58 14.7252 146 255 71 
4 58 14.8905 146 255 71 
6 58 15.1874 143 255 73 
8 58 15.3316 143 255 73 
10 58 15.3556 143 255 73 
12 58 15.492 143 255 73 
14 58 15.6575 139 255 75 
16 58 15.921 139 255 75 
18 58 16.3466 136 255 78 
20 58 16.611 136 255 78 
22 58 16.6507 132 255 81 
24 58 16.5364 136 255 78 
26 58 16.6892 132 255 81 
28 58 17.0436 132 255 81 
30 58 17.2114 128 255 83 
32 58 17.2823 128 255 83 
34 58 17.3865 128 255 83 
36 58 17.591 128 255 83 
38 58 17.7163 125 255 86 
40 58 17.8268 125 255 86 
42 58 18.0884 125 255 86 
44 58 18.365 121 254 89 
46 58 18.6561 117 254 92 
48 58 18.8005 117 254 92 
50 58 18.7744 117 254 92 
52 58 18.7965 117 254 92 
54 58 18.952 117 254 92 
56 58 19.1797 113 254 95 
58 58 19.613 113 254 95 
60 58 19.9602 109 254 98 
62 58 19.8692 109 254 98 
64 58 19.916 109 254 98 
66 58 20.2016 105 253 102 
68 58 20.5405 105 253 102 
70 58 20.6299 105 253 102 
72 58 20.5832 105 253 102 
74 58 20.7178 101 253 105 
76 58 21.099 101 253 105 
78 58 21.2864 97 252 108 
80 58 21.1037 101 253 105 
82 58 21.0097 101 253 105 
84 58 21.2976 97 252 108 
86 58 21.6958 93 252 111 
88 58 22.1234 93 252 111 
90 58 22.2124 89 251 115 
92 58 22.1719 89 251 115 
94 58 22.3334 89 251 115 
96 58 22.4276 89 251 115 
98 58 22.7366 85 250 118 
100 58 23.413 82 250 122 
102 58 22.0219 93 252 111 
-120 56 0.644725 219 226 54 
-118 56 4.57129 203 237 52 
-116 56 4.48051 203 237 52 
-114 56 4.14038 203 237 52 
-112 56 4.28391 203 237 52 
-110 56 4.50156 203 237 52 
-108 56 4.64611 200 239 52 
-106 56 4.64571 200 239 52 
-104 56 4.47206 203 237 52 
-102 56 4.5239 203 237 52 
-100 56 4.71625 200 239 52 
-98 56 4.91527 200 239 52 
-96 56 5.13659 198 240 52 
-94 56 5.05455 200 239 52 
-92 56 4.91959 200 239 52 
-90 56 4.90652 200 239 52 
-88 56 5.25257 198 240 52 
-86 56 5.35064 198 240 52 
-84 56 5.09885 200 239 52 
-82 56 5.20996 198 240 52 
-80 56 5.69213 195 241 52 
-78 56 5.95042 195 241 52 
-76 56 6.09259 195 241 52 
-74 56 6.17167 193 243 52 
-72 56 6.22984 193 243 52 
-70 56 6.21078 193 243 52 
-68 56 6.39383 193 243 52 
-66 56 6.45131 193 243 52 
-64 56 6.58117 193 243 52 
-62 56 6.74863 190 244 52 
-60 56 6.72355 190 244 52 
-58 56 6.77613 190 244 52 
-56 56 6.81545 190 244 52 
-54 56 6.76052 190 244 52 
-52 56 6.89218 190 244 52 
-50 56 7.13165 188 245 52 
-48 56 7.20329 188 245 52 
-46 56 7.22295 188 245 52 
-44 56 7.32668 188 245 52 
-42 56 7.4935 188 245 52 
-40 56 7.58993 188 245 52 
-38 56 7.48647 188 245 52 
-36 56 7.54579 188 245 52 
-34 56 7.67204 185 246 53 
-32 56 7.71498 185 246 53 
-30 56 7.91028 185 246 53 
-28 56 8.11355 185 246 53 
-26 56 8.33505 183 247 53 
-24 56 8.48409 183 247 53 
-22 56 8.52744 183 247 53 
-20 56 8.64989 180 248 54 
-18 56 8.84194 180 248 54 
-16 56 8.88002 180 248 54 
-14 56 8.8144 180 248 54 
-12 56 9.00467 180 248 54 
-10 56 9.26343 177 249 54 
-8 56 9.38213 177 249 54 
-6 56 9.44527 177 249 54 
-4 56 9.53358 177 249 54 
-2 56 9.68833 175 250 55 
0 56 9.88119 175 250 55 
2 56 10.0085 175 250 55 
4 56 9.94899 175 250 55 
6 56 10.1004 175 250 55 
8 56 10.2658 172 251 56 
10 56 10.4234 172 251 56 
12 56 10.528 172 251 56 
14 56 10.5993 172 251 56 
16 56 10.8458 169 251 57 
18 56 11.184 167 252 58 
20 56 11.3048 167 252 58 
22 56 11.3509 167 252 58 
24 56 11.5224 167 252 58 
26 56 11.6652 164 252 60 
28 56 11.879 164 252 60 
30 56 12.0584 164 252 60 
32 56 12.0847 164 252 60 
34 56 12.3022 161 253 61 
36 56 12.5355 161 253 61 
38 56 12.5619 161 253 61 
40 56 12.5594 161 253 61 
42 56 12.735 159 253 63 
44 56 12.9257 159 253 63 
46 56 13.1424 156 254 64 
48 56 13.3345 156 254 64 
50 56 13.4555 156 254 64 
52 56 13.5366 156 254 64 
54 56 13.6226 156 254 64 
56 56 13.754 153 254 66 
58 56 13.9672 153 254 66 
60 56 14.2871 150 254 68 
62 56 14.4784 150 254 68 
64 56 14.602 150 254 68 
66 56 14.8147 146 255 71 
68 56 15.2057 143 255 73 
70 56 15.4059 143 255 73 
72 56 15.3417 143 255 73 
74 56 15.4734 143 255 73 
76 56 15.993 139 255 75 
78 56 16.376 136 255 78 
80 56 16.3182 136 255 78 
82 56 16.4125 136 255 78 
84 56 16.7484 132 255 81 
86 56 16.8077 132 255 81 
88 56 16.7742 132 255 81 
90 56 16.9915 132 255 81 
92 56 17.3862 128 255 83 
94 56 17.4271 128 255 83 
96 56 17.3877 128 255 83 
98 56 17.5568 128 255 83 
100 56 17.7103 125 255 86 
102 56 16.1655 136 255 78 
-120 54 3.96055 205 236 52 
-118 54 5.185 198 240 52 
-116 54 5.14812 198 240 52 
-114 54 5.1261 198 240 52 
-112 54 5.3037 198 240 52 
-110 54 5.29597 198 240 52 
-108 54 5.23873 198 240 52 
-106 54 5.27772 198 240 52 
-104 54 5.25528 198 240 52 
-102 54 5.19253 198 240 52 
-100 54 5.26441 198 240 52 
-98 54 5.44736 198 240 52 
-96 54 5.76703 195 241 52 
-94 54 5.9438 195 241 52 
-92 54 5.79449 195 241 52 
-90 54 5.46124 198 240 52 
-88 54 5.59729 198 240 52 
-86 54 5.99977 195 241 52 
-84 54 5.87255 195 241 52 
-82 54 5.83056 195 241 52 
-80 54 6.36626 193 243 52 
-78 54 6.66468 190 244 52 
-76 54 6.66701 190 244 52 
-74 54 6.69971 190 244 52 
-72 54 6.7533 190 244 52 
-70 54 6.62397 190 244 52 
-68 54 6.60091 193 243 52 
-66 54 6.60493 193 243 52 
-64 54 6.63323 190 244 52 
-62 54 6.39848 193 243 52 
-60 54 6.17673 193 243 52 
-58 54 6.44785 193 243 52 
-56 54 6.70796 190 244 52 
-54 54 6.79819 190 244 52 
-52 54 6.72917 190 244 52 
-50 54 6.7738 190 244 52 
-48 54 6.8479 190 244 52 
-46 54 7.05814 190 244 52 
-44 54 7.24376 188 245 52 
-42 54 7.02794 190 244 52 
-40 54 6.87348 190 244 52 
-38 54 6.84235 190 244 52 
-36 54 6.7136 190 244 52 
-34 54 6.76406 190 244 52 
-32 54 6.76753 190 244 52 
-30 54 6.92393 190 244 52 
-28 54 7.27662 188 245 52 
-26 54 7.69726 185 246 53 
-24 54 7.81575 185 246 53 
-22 54 7.64005 185 246 53 
-20 54 7.61832 188 245 52 
-18 54 7.77344 185 246 53 
-16 54 7.81366 185 246 53 
-14 54 7.84396 185 246 53 
-12 54 8.0429 185 246 53 
-10 54 8.1671 183 247 53 
-8 54 8.04184 185 246 53 
-6 54 7.7927 185 246 53 
-4 54 7.71653 185 246 53 
-2 54 7.75625 185 246 53 
0 54 7.94733 185 246 53 
2 54 8.26606 183 247 53 
4 54 8.17127 183 247 53 
6 54 8.31981 183 247 53 
8 54 8.64676 180 248 54 
10 54 8.87493 180 248 54 
12 54 8.69681 180 248 54 
14 54 8.40664 183 247 53 
16 54 8.4363 183 247 53 
18 54 8.52083 183 247 53 
20 54 8.6393 180 248 54 
22 54 9.01081 180 248 54 
24 54 9.38772 177 249 54 
26 54 9.44629 177 249 54 
28 54 9.40714 177 249 54 
30 54 9.46381 177 249 54 
32 54 9.42884 177 249 54 
34 54 9.58184 177 249 54 
36 54 9.8135 175 250 55 
38 54 9.98268 175 250 55 
40 54 10.0559 175 250 55 
42 54 10.1106 175 250 55 
44 54 10.2089 172 251 56 
46 54 10.3573 172 251 56 
48 54 10.4909 172 251 56 
50 54 10.5507 172 251 56 
52 54 10.6151 172 251 56 
54 54 10.6616 169 251 57 
56 54 10.6979 169 251 57 
58 54 10.584 172 251 56 
60 54 10.5267 172 251 56 
62 54 10.8436 169 251 57 
64 54 11.3283 167 252 58 
66 54 11.6133 167 252 58 
68 54 11.6987 164 252 60 
70 54 11.7435 164 252 60 
72 54 11.7792 164 252 60 
74 54 11.9637 164 252 60 
76 54 12.1617 161 253 61 
78 54 12.4163 161 253 61 
80 54 12.6264 161 253 61 
82 54 12.6663 159 253 63 
84 54 12.7539 159 253 63 
86 54 12.8143 159 253 63 
88 54 12.6789 159 253 63 
90 54 12.76 159 253 63 
92 54 13.2734 156 254 64 
94 54 13.5563 156 254 64 
96 54 13.7366 153 254 66 
98 54 13.797 153 254 66 
100 54 13.5534 156 254 64 
102 54 11.5848 167 252 58 
-122 52 -2.50477 233 213 57 
-120 52 4.83455 200 239 52 
-118 52 5.30021 198 240 52 
-116 52 5.58216 198 240 52 
-114 52 6.01151 195 241 52 
-112 52 6.33501 193 243 52 
-110 52 6.1502 193 243 52 
-108 52 5.96971 195 241 52 
-106 52 6.02962 195 241 52 
-104 52 6.12786 193 243 52 
-102 52 6.02555 195 241 52 
-100 52 5.96831 195 241 52 
-98 52 5.99324 195 241 52 
-96 52 6.20169 193 243 52 
-94 52 6.47711 193 243 52 
-92 52 6.53036 193 243 52 
-90 52 6.50523 193 243 52 
-88 52 6.59739 193 243 52 
-86 52 6.79021 190 244 52 
-84 52 6.74662 190 244 52 
-82 52 6.77271 190 244 52 
-80 52 7.02804 190 244 52 
-78 52 7.24235 188 245 52 
-76 52 7.42847 188 245 52 
-74 52 7.45101 188 245 52 
-72 52 7.5708 188 245 52 
-70 52 7.54457 188 245 52 
-68 52 7.2643 188 245 52 
-66 52 7.2317 188 245 52 
-64 52 7.47873 188 245 52 
-62 52 7.40579 188 245 52 
-60 52 7.30608 188 245 52 
-58 52 7.56869 188 245 52 
-56 52 7.83572 185 246 53 
-54 52 8.02156 185 246 53 
-52 52 7.95007 185 246 53 
-50 52 7.93482 185 246 53 
-48 52 8.01363 185 246 53 
-46 52 8.35987 183 247 53 
-44 52 8.6376 180 248 54 
-42 52 8.31047 183 247 53 
-40 52 8.13684 183 247 53 
-38 52 8.33924 183 247 53 
-36 52 8.18025 183 247 53 
-34 52 8.14367 183 247 53 
-32 52 8.27645 183 247 53 
-30 52 8.36718 183 247 53 
-28 52 8.59453 183 247 53 
-26 52 8.76405 180 248 54 
-24 52 8.73817 180 248 54 
-22 52 8.72953 180 248 54 
-20 52 8.71352 180 248 54 
-18 52 8.79127 180 248 54 
-16 52 8.95272 180 248 54 
-14 52 9.02707 180 248 54 
-12 52 9.11544 180 248 54 
-10 52 9.10993 180 248 54 
-8 52 9.10141 180 248 54 
-6 52 9.10458 180 248 54 
-4 52 9.09472 180 248 54 
-2 52 9.08943 180 248 54 
0 52 9.16043 177 249 54 
2 52 9.44405 177 249 54 
4 52 9.6004 177 249 54 
6 52 9.71748 175 250 55 
8 52 9.87081 175 250 55 
10 52 9.92949 175 250 55 
12 52 9.86421 175 250 55 
14 52 9.68386 175 250 55 
16 52 9.61481 177 249 54 
18 52 9.69146 175 250 55 
20 52 9.77592 175 250 55 
22 52 9.9815 175 250 55 
24 52 10.1548 172 251 56 
26 52 10.2783 172 251 56 
28 52 10.4383 172 251 56 
30 52 10.381 172 251 56 
32 52 10.1913 172 251 56 
34 52 10.2306 172 251 56 
36 52 10.5236 172 251 56 
38 52 11.0627 169 251 57 
40 52 11.085 169 251 57 
42 52 10.5718 172 251 56 
44 52 10.5092 172 251 56 
46 52 11.0086 169 251 57 
48 52 11.1431 167 252 58 
50 52 10.9856 169 251 57 
52 52 11.0504 169 251 57 
54 52 11.1547 167 252 58 
56 52 11.2093 167 252 58 
58 52 10.9647 169 251 57 
60 52 10.6796 169 251 57 
62 52 10.8518 169 251 57 
64 52 11.2735 167 252 58 
66 52 11.4962 167 252 58 
68 52 11.4671 167 252 58 
70 52 11.6072 167 252 58 
72 52 11.8922 164 252 60 
74 52 11.9133 164 252 60 
76 52 11.7475 164 252 60 
78 52 11.9283 164 252 60 
80 52 12.2707 161 253 61 
82 52 12.2117 161 253 61 
84 52 11.8488 164 252 60 
86 52 11.9409 164 252 60 
88 52 12.1187 164 252 60 
90 52 12.0752 164 252 60 
92 52 12.3191 161 253 61 
94 52 12.3814 161 253 61 
96 52 12.4483 161 253 61 
98 52 12.624 161 253 61 
100 52 12.55 161 253 61 
102 52 10.9134 169 251 57 
-124 50 -17.7792 253 141 39 
-122 50 -1.87481 229 217 56 
-120 50 1.18213 217 228 54 
-118 50 1.42992 217 228 54 
-116 50 1.76647 215 229 53 
-114 50 2.12395 212 231 53 
-112 50 2.42898 212 231 53 
-110 50 2.42343 212 231 53 
-108 50 2.31428 212 231 53 
-106 50 2.33387 212 231 53 
-104 50 2.45811 212 231 53 
-102 50 2.58555 212 231 53 
-100 50 2.6959 210 233 53 
-98 50 2.82058 210 233 53 
-96 50 3.09292 210 233 53 
-94 50 3.30988 208 234 52 
-92 50 3.44343 208 234 52 
-90 50 3.55243 208 234 52 
-88 50 3.47326 208 234 52 
-86 50 3.49959 208 234 52 
-84 50 3.74235 205 236 52 
-82 50 3.95722 205 236 52 
-80 50 4.00618 205 236 52 
-78 50 4.07909 205 236 52 
-76 50 4.36132 203 237 52 
-74 50 4.57234 203 237 52 
-72 50 4.78383 200 239 52 
-70 50 4.8545 200 239 52 
-68 50 4.72127 200 239 52 
-66 50 4.65648 200 239 52 
-64 50 4.82298 200 239 52 
-62 50 4.98156 200 239 52 
-60 50 5.09911 200 239 52 
-58 50 5.23 198 240 52 
-56 50 5.33668 198 240 52 
-54 50 5.4571 198 240 52 
-52 50 5.66947 195 241 52 
-50 50 5.94376 195 241 52 
-48 50 6.14233 193 243 52 
-46 50 6.20315 193 243 52 
-44 50 6.20065 193 243 52 
-42 50 6.19947 193 243 52 
-40 50 6.32635 193 243 52 
-38 50 6.52552 193 243 52 
-36 50 6.60823 193 243 52 
-34 50 6.70974 190 244 52 
-32 50 6.8776 190 244 52 
-30 50 7.0683 190 244 52 
-28 50 7.29886 188 245 52 
-26 50 7.26617 188 245 52 
-24 50 7.2533 188 245 52 
-22 50 7.48723 188 245 52 
-20 50 7.5463 188 245 52 
-18 50 7.66407 185 246 53 
-16 50 7.87666 185 246 53 
-14 50 7.96721 185 246 53 
-12 50 8.08682 185 246 53 
-10 50 8.12227 183 247 53 
-8 50 8.27333 183 247 53 
-6 50 8.5628 183 247 53 
-4 50 8.65375 180 248 54 
-2 50 8.64223 180 248 54 
0 50 8.64191 180 248 54 
2 50 8.83529 180 248 54 
4 50 9.18173 177 249 54 
6 50 9.39374 177 249 54 
8 50 9.35697 177 249 54 
10 50 9.29562 177 249 54 
12 50 9.53601 177 249 54 
14 50 9.85536 175 250 55 
16 50 10.0117 175 250 55 
18 50 10.0825 175 250 55 
20 50 9.99022 175 250 55 
22 50 9.93616 175 250 55 
24 50 10.1099 175 250 55 
26 50 10.3717 172 251 56 
28 50 10.6288 169 251 57 
30 50 10.5352 172 251 56 
32 50 10.4156 172 251 56 
34 50 10.4698 172 251 56 
36 50 10.7352 169 251 57 
38 50 11.0934 169 251 57 
40 50 11.1801 167 252 58 
42 50 10.9212 169 251 57 
44 50 10.928 169 251 57 
46 50 11.4511 167 252 58 
48 50 11.6699 164 252 60 
50 50 11.6532 164 252 60 
52 50 11.8869 164 252 60 
54 50 12.078 164 252 60 
56 50 12.0509 164 252 60 
58 50 11.956 164 252 60 
60 50 11.9072 164 252 60 
62 50 12.0861 164 252 60 
64 50 12.2953 161 253 61 
66 50 12.4647 161 253 61 
68 50 12.7323 159 253 63 
70 50 12.9742 159 253 63 
72 50 13.0924 159 253 63 
74 50 13.0332 159 253 63 
76 50 12.9938 159 253 63 
78 50 13.0249 159 253 63 
80 50 13.1171 159 253 63 
82 50 13.3036 156 254 64 
84 50 13.1911 156 254 64 
86 50 13.3941 156 254 64 
88 50 13.7821 153 254 66 
90 50 13.8244 153 254 66 
92 50 13.8816 153 254 66 
94 50 13.7479 153 254 66 
96 50 13.5764 156 254 64 
98 50 13.6616 153 254 66 
100 50 13.6825 153 254 66 
102 50 11.8642 164 252 60 
-124 48 -14.9685 254 155 45 
-122 48 -5.08467 241 203 58 
-120 48 -4.23749 238 207 58 
-118 48 -4.16104 238 207 58 
-116 48 -4.0778 238 207 58 
-114 48 -3.99078 238 207 58 
-112 48 -3.74394 236 209 58 
-110 48 -3.46274 236 209 58 
-108 48 -3.39266 235 211 57 
-106 48 -3.3006 235 211 57 
-104 48 -3.17733 235 211 57 
-102 48 -2.94882 235 211 57 
-100 48 -2.73341 233 213 57 
-98 48 -2.63476 233 213 57 
-96 48 -2.47136 233 213 57 
-94 48 -2.28482 231 215 57 
-92 48 -2.14204 231 215 57 
-90 48 -2.05005 231 215 57 
-88 48 -2.09848 231 215 57 
-86 48 -1.92657 231 215 57 
-84 48 -1.57944 229 217 56 
-82 48 -1.37306 227 219 56 
-80 48 -1.2778 227 219 56 
-78 48 -1.21673 227 219 56 
-76 48 -1.10497 227 219 56 
-74 48 -0.970033 227 219 56 
-72 48 -0.786624 225 221 55 
-70 48 -0.723866 225 221 55 
-68 48 -0.727359 225 221 55 
-66 48 -0.716236 225 221 55 
-64 48 -0.701398 225 221 55 
-62 48 -0.479086 225 221 55 
-60 48 -0.270286 223 223 55 
-58 48 -0.119819 223 223 55 
-56 48 0.174149 221 224 55 
-54 48 0.265125 221 224 55 
-52 48 0.429465 221 224 55 
-50 48 0.739905 219 226 54 
-48 48 0.945636 219 226 54 
-46 48 0.900497 219 226 54 
-44 48 0.928167 219 226 54 
-42 48 1.21048 217 228 54 
-40 48 1.42933 217 228 54 
-38 48 1.44511 217 228 54 
-36 48 1.59267 217 228 54 
-34 48 1.79014 215 229 53 
-32 48 1.93792 215 229 53 
-30 48 2.15765 212 231 53 
-28 48 2.30581 212 231 53 
-26 48 2.32205 212 231 53 
-24 48 2.48179 212 231 53 
-22 48 2.69224 210 233 53 
-20 48 2.82242 210 233 53 
-18 48 3.00975 210 233 53 
-16 48 3.1675 208 234 52 
-14 48 3.27572 208 234 52 
-12 48 3.41578 208 234 52 
-10 48 3.51359 208 234 52 
-8 48 3.66036 205 236 52 
-6 48 3.92654 205 236 52 
-4 48 4.11397 203 237 52 
-2 48 4.21892 203 237 52 
0 48 4.2861 203 237 52 
2 48 4.44172 203 237 52 
4 48 4.7466 200 239 52 
6 48 4.9107 200 239 52 
8 48 4.93952 200 239 52 
10 48 5.02618 200 239 52 
12 48 5.23192 198 240 52 
14 48 5.49644 198 240 52 
16 48 5.72255 195 241 52 
18 48 5.80329 195 241 52 
20 48 5.89292 195 241 52 
22 48 6.08995 195 241 52 
24 48 6.26633 193 243 52 
26 48 6.40374 193 243 52 
28 48 6.69036 190 244 52 
30 48 6.71724 190 244 52 
32 48 6.66709 190 244 52 
34 48 6.7365 190 244 52 
36 48 7.04463 190 244 52 
38 48 7.35291 188 245 52 
40 48 7.64095 185 246 53 
42 48 7.85689 185 246 53 
44 48 8.05155 185 246 53 
46 48 8.28658 183 247 53 
48 48 8.45883 183 247 53 
50 48 8.61897 183 247 53 
52 48 8.7637 180 248 54 
54 48 8.94214 180 248 54 
56 48 9.06327 180 248 54 
58 48 9.17679 177 249 54 
60 48 9.29156 177 249 54 
62 48 9.42257 177 249 54 
64 48 9.49909 177 249 54 
66 48 9.67849 175 250 55 
68 48 10.1292 172 251 56 
70 48 10.4256 172 251 56 
72 48 10.4822 172 251 56 
74 48 10.5338 172 251 56 
76 48 10.6396 169 251 57 
78 48 10.7394 169 251 57 
80 48 10.872 169 251 57 
82 48 11.1615 167 252 58 
84 48 11.4551 167 252 58 
86 48 11.8417 164 252 60 
88 48 12.0694 164 252 60 
90 48 12.2157 161 253 61 
92 48 12.331 161 253 61 
94 48 12.3938 161 253 61 
96 48 12.4318 161 253 61 
98 48 12.2827 161 253 61 
100 48 12.2632 161 253 61 
102 48 10.9485 169 251 57 
-124 46 -13.4345 254 164 49 
-122 46 -7.86407 247 193 58 
-120 46 -7.62844 247 193 58 
-118 46 -7.50546 247 193 58 
-116 46 -7.33645 246 195 58 
-114 46 -7.59459 247 193 58 
-112 46 -7.56308 247 193 58 
-110 46 -7.12684 246 195 58 
-108 46 -6.95644 246 195 58 
-106 46 -6.98196 246 195 58 
-104 46 -6.99573 246 195 58 
-102 46 -6.73305 245 197 58 
-100 46 -6.49929 245 197 58 
-98 46 -6.52835 245 197 58 
-96 46 -6.41896 245 197 58 
-94 46 -6.27516 244 199 58 
-92 46 -6.32202 244 199 58 
-90 46 -6.24972 244 199 58 
-88 46 -6.21659 244 199 58 
-86 46 -6.15368 244 199 58 
-84 46 -5.93455 244 199 58 
-82 46 -5.91336 244 199 58 
-80 46 -6.00902 244 199 58 
-78 46 -5.86944 242 201 58 
-76 46 -5.66639 242 201 58 
-74 46 -5.61883 242 201 58 
-72 46 -5.56032 242 201 58 
-70 46 -5.47677 242 201 58 
-68 46 -5.46506 242 201 58 
-66 46 -5.30373 241 203 58 
-64 46 -5.19796 241 203 58 
-62 46 -5.05423 241 203 58 
-60 46 -4.83168 239 205 58 
-58 46 -4.66345 239 205 58 
-56 46 -4.39389 238 207 58 
-54 46 -4.28865 238 207 58 
-52 46 -4.21885 238 207 58 
-50 46 -4.12394 238 207 58 
-48 46 -4.02454 238 207 58 
-46 46 -3.96123 238 207 58 
-44 46 -3.90552 238 207 58 
-42 46 -3.6635 236 209 58 
-40 46 -3.43715 236 209 58 
-38 46 -3.34508 235 211 57 
-36 46 -3.18657 235 211 57 
-34 46 -3.08081 235 211 57 
-32 46 -3.0765 235 211 57 
-30 46 -3.05967 235 211 57 
-28 46 -3.07313 235 211 57 
-26 46 -2.85436 233 213 57 
-24 46 -2.40203 233 213 57 
-22 46 -2.24123 231 215 57 
-20 46 -2.19058 231 215 57 
-18 46 -2.10719 231 215 57 
-16 46 -2.08521 231 215 57 
-14 46 -1.99521 231 215 57 
-12 46 -1.92669 231 215 57 
-10 46 -1.88197 229 217 56 
-8 46 -1.68632 229 217 56 
-6 46 -1.45741 229 217 56 
-4 46 -1.29948 227 219 56 
-2 46 -1.21091 227 219 56 
0 46 -1.22846 227 219 56 
2 46 -1.08778 227 219 56 
4 46 -0.81057 225 221 55 
6 46 -0.729785 225 221 55 
8 46 -0.56024 225 221 55 
10 46 -0.349251 223 223 55 
12 46 -0.354023 223 223 55 
14 46 -0.375736 223 223 55 
16 46 -0.17749 223 223 55 
18 46 0.066555 223 223 55 
20 46 0.397596 221 224 55 
22 46 0.642889 219 226 54 
24 46 0.699783 219 226 54 
26 46 0.784041 219 226 54 
28 46 1.148 217 228 54 
30 46 1.34597 217 228 54 
32 46 1.53935 217 228 54 
34 46 1.73684 215 229 53 
36 46 1.87386 215 229 53 
38 46 1.98918 215 229 53 
40 46 2.11237 212 231 53 
42 46 2.30783 212 231 53 
44 46 2.57257 212 231 53 
46 46 2.68138 210 233 53 
48 46 2.81591 210 233 53 
50 46 3.11072 208 234 52 
52 46 3.251 208 234 52 
54 46 3.42693 208 234 52 
56 46 3.61022 208 234 52 
58 46 3.63917 205 236 52 
60 46 3.70073 205 236 52 
62 46 3.84954 205 236 52 
64 46 4.02527 205 236 52 
66 46 4.39291 203 237 52 
68 46 4.79733 200 239 52 
70 46 5.00907 200 239 52 
72 46 5.11378 200 239 52 
74 46 5.2741 198 240 52 
76 46 5.52252 198 240 52 
78 46 5.75447 195 241 52 
80 46 5.85724 195 241 52 
82 46 5.99326 195 241 52 
84 46 6.29807 193 243 52 
86 46 6.58269 193 243 52 
88 46 6.77077 190 244 52 
90 46 7.03767 190 244 52 
92 46 7.07418 190 244 52 
94 46 7.13127 188 245 52 
96 46 7.36746 188 245 52 
98 46 7.39102 188 245 52 
100 46 7.44733 188 245 52 
102 46 6.90502 190 244 52 
-124 44 -9.7512 251 184 56 
-122 44 -6.88859 245 197 58 
-120 44 -6.57622 245 197 58 
-118 44 -6.55552 245 197 58 
-116 44 -6.48173 245 197 58 
-114 44 -6.51949 245 197 58 
-112 44 -6.37811 244 199 58 
-110 44 -6.19264 244 199 58 
-108 44 -6.19105 244 199 58 
-106 44 -6.41791 245 197 58 
-104 44 -6.51544 245 197 58 
-102 44 -6.36052 244 199 58 
-100 44 -6.32513 244 199 58 
-98 44 -6.36057 244 199 58 
-96 44 -6.14917 244 199 58 
-94 44 -6.05821 244 199 58 
-92 44 -6.36718 244 199 58 
-90 44 -6.44968 245 197 58 
-88 44 -6.36686 244 199 58 
-86 44 -6.44574 245 197 58 
-84 44 -6.2868 244 199 58 
-82 44 -6.18147 244 199 58 
-80 44 -6.37831 244 199 58 
-78 44 -6.47854 245 197 58 
-76 44 -6.39536 244 199 58 
-74 44 -6.13552 244 199 58 
-72 44 -5.96338 244 199 58 
-70 44 -5.86384 242 201 58 
-68 44 -5.67707 242 201 58 
-66 44 -5.45044 242 201 58 
-64 44 -5.27745 241 203 58 
-62 44 -5.30553 241 203 58 
-60 44 -5.49122 242 201 58 
-58 44 -5.72287 242 201 58 
-56 44 -5.71132 242 201 58 
-54 44 -5.52087 242 201 58 
-52 44 -5.42032 242 201 58 
-50 44 -5.49216 242 201 58 
-48 44 -5.48385 242 201 58 
-46 44 -5.17262 241 203 58 
-44 44 -5.04247 241 203 58 
-42 44 -5.01399 241 203 58 
-40 44 -4.96003 241 203 58 
-38 44 -5.01075 241 203 58 
-36 44 -4.91107 241 203 58 
-34 44 -4.71697 239 205 58 
-32 44 -4.76101 239 205 58 
-30 44 -4.96975 241 203 58 
-28 44 -4.9679 241 203 58 
-26 44 -4.68054 239 205 58 
-24 44 -4.38401 238 207 58 
-22 44 -4.33389 238 207 58 
-20 44 -4.28409 238 207 58 
-18 44 -4.13247 238 207 58 
-16 44 -4.12419 238 207 58 
-14 44 -4.00094 238 207 58 
-12 44 -4.01546 238 207 58 
-10 44 -4.2369 238 207 58 
-8 44 -4.13656 238 207 58 
-6 44 -3.90714 238 207 58 
-4 44 -3.86225 236 209 58 
-2 44 -4.0093 238 207 58 
0 44 -4.32272 238 207 58 
2 44 -4.37465 238 207 58 
4 44 -4.22357 238 207 58 
6 44 -3.92874 238 207 58 
8 44 -3.71805 236 209 58 
10 44 -3.62568 236 209 58 
12 44 -3.61622 236 209 58 
14 44 -3.82897 236 209 58 
16 44 -3.73149 236 209 58 
18 44 -3.37505 235 211 57 
20 44 -2.99698 235 211 57 
22 44 -3.04224 235 211 57 
24 44 -3.12076 235 211 57 
26 44 -2.97365 235 211 57 
28 44 -2.69294 233 213 57 
30 44 -2.34844 231 215 57 
32 44 -2.08673 231 215 57 
34 44 -1.94036 231 215 57 
36 44 -1.98284 231 215 57 
38 44 -2.05299 231 215 57 
40 44 -2.03079 231 215 57 
42 44 -1.95649 231 215 57 
44 44 -1.82949 229 217 56 
46 44 -1.6111 229 217 56 
48 44 -1.5013 229 217 56 
50 44 -1.44345 229 217 56 
52 44 -1.54422 229 217 56 
54 44 -1.39784 227 219 56 
56 44 -1.16269 227 219 56 
58 44 -1.07604 227 219 56 
60 44 -0.955797 227 219 56 
62 44 -0.679162 225 221 55 
64 44 -0.428016 225 221 55 
66 44 -0.16705 223 223 55 
68 44 0.091931 223 223 55 
70 44 0.282399 221 224 55 
72 44 0.460373 221 224 55 
74 44 0.693045 219 226 54 
76 44 0.988454 219 226 54 
78 44 1.07424 219 226 54 
80 44 0.938057 219 226 54 
82 44 0.889798 219 226 54 
84 44 1.08858 219 226 54 
86 44 1.34748 217 228 54 
88 44 1.65138 215 229 53 
90 44 1.87363 215 229 53 
92 44 1.85498 215 229 53 
94 44 1.94251 215 229 53 
96 44 2.10482 215 229 53 
98 44 2.32318 212 231 53 
100 44 2.47871 212 231 53 
102 44 2.24126 212 231 53 
-126 42 -14.2239 254 161 48 
-124 42 -6.11685 244 199 58 
-122 42 -4.67645 239 205 58 
-120 42 -4.3518 238 207 58 
-118 42 -4.21075 238 207 58 
-116 42 -4.48526 239 205 58 
-114 42 -4.46388 239 205 58 
-112 42 -4.16661 238 207 58 
-110 42 -4.11472 238 207 58 
-108 42 -4.06191 238 207 58 
-106 42 -4.20482 238 207 58 
-104 42 -4.38626 238 207 58 
-102 42 -4.45044 239 205 58 
-100 42 -4.36505 238 207 58 
-98 42 -4.15334 238 207 58 
-96 42 -4.01844 238 207 58 
-94 42 -4.01696 238 207 58 
-92 42 -4.12884 238 207 58 
-90 42 -4.16606 238 207 58 
-88 42 -4.10909 238 207 58 
-86 42 -3.9683 238 207 58 
-84 42 -3.77832 236 209 58 
-82 42 -3.63089 236 209 58 
-80 42 -3.66421 236 209 58 
-78 42 -3.8428 236 209 58 
-76 42 -3.92312 238 207 58 
-74 42 -3.77452 236 209 58 
-72 42 -3.68862 236 209 58 
-70 42 -3.58541 236 209 58 
-68 42 -3.27245 235 211 57 
-66 42 -3.19649 235 211 57 
-64 42 -3.11046 235 211 57 
-62 42 -3.16892 235 211 57 
-60 42 -3.50269 236 209 58 
-58 42 -3.75517 236 209 58 
-56 42 -3.71508 236 209 58 
-54 42 -3.57712 236 209 58 
-52 42 -3.54052 236 209 58 
-50 42 -3.53061 236 209 58 
-48 42 -3.35351 235 211 57 
-46 42 -3.0481 235 211 57 
-44 42 -2.98197 235 211 57 
-42 42 -2.96024 235 211 57 
-40 42 -2.94762 235 211 57 
-38 42 -3.01703 235 211 57 
-36 42 -2.8791 233 213 57 
-34 42 -2.57186 233 213 57 
-32 42 -2.4542 233 213 57 
-30 42 -2.69825 233 213 57 
-28 42 -2.88204 233 213 57 
-26 42 -2.86238 233 213 57 
-24 42 -3.02225 235 211 57 
-22 42 -3.16522 235 211 57 
-20 42 -3.03185 235 211 57 
-18 42 -2.68104 233 213 57 
-16 42 -2.23152 231 215 57 
-14 42 -2.21225 231 215 57 
-12 42 -2.5267 233 213 57 
-10 42 -2.70754 233 213 57 
-8 42 -2.79353 233 213 57 
-6 42 -2.91699 235 211 57 
-4 42 -2.67 233 213 57 
-2 42 -2.45307 233 213 57 
0 42 -2.6432 233 213 57 
2 42 -2.68528 233 213 57 
4 42 -2.90175 233 213 57 
6 42 -2.9178 235 211 57 
8 42 -2.73942 233 213 57 
10 42 -2.52913 233 213 57 
12 42 -2.19183 231 215 57 
14 42 -2.48481 233 213 57 
16 42 -2.801 233 213 57 
18 42 -2.65589 233 213 57 
20 42 -2.36742 231 215 57 
22 42 -2.50985 233 213 57 
24 42 -2.63852 233 213 57 
26 42 -2.48112 233 213 57 
28 42 -2.41841 233 213 57 
30 42 -2.04548 231 215 57 
32 42 -1.84906 229 217 56 
34 42 -2.03276 231 215 57 
36 42 -2.16617 231 215 57 
38 42 -2.10962 231 215 57 
40 42 -2.10724 231 215 57 
42 42 -2.12767 231 215 57 
44 42 -1.91213 231 215 57 
46 42 -1.5082 229 217 56 
48 42 -1.62549 229 217 56 
50 42 -1.92291 231 215 57 
52 42 -2.19847 231 215 57 
54 42 -2.12106 231 215 57 
56 42 -1.86383 229 217 56 
58 42 -1.61865 229 217 56 
60 42 -1.50949 229 217 56 
62 42 -1.21467 227 219 56 
64 42 -0.763919 225 221 55 
66 42 -0.712406 225 221 55 
68 42 -0.848841 225 221 55 
70 42 -0.529663 225 221 55 
72 42 -0.312338 223 223 55 
74 42 -0.437393 225 221 55 
76 42 -0.459155 225 221 55 
78 42 -0.525362 225 221 55 
80 42 -0.642516 225 221 55 
82 42 -0.682381 225 221 55 
84 42 -0.555574 225 221 55 
86 42 -0.213269 223 223 55 
88 42 0.178854 221 224 55 
90 42 0.43922 221 224 55 
92 42 0.501621 221 224 55 
94 42 0.521125 221 224 55 
96 42 0.405715 221 224 55 
98 42 0.590693 221 224 55 
100 42 0.832085 219 226 54 
102 42 0.420683 221 224 55 
104 42 -11.2409 252 177 54 
-128 40 -23.4781 245 105 24 
-126 40 -11.7008 253 174 53 
-124 40 -7.75078 247 193 58 
-122 40 -7.00246 246 195 58 
-120 40 -6.74321 245 197 58 
-118 40 -6.46761 245 197 58 
-116 40 -6.4506 245 197 58 
-114 40 -6.35609 244 199 58 
-112 40 -6.30585 244 199 58 
-110 40 -6.44919 245 197 58 
-108 40 -6.29487 244 199 58 
-106 40 -5.99629 244 199 58 
-104 40 -6.05025 244 199 58 
-102 40 -6.17662 244 199 58 
-100 40 -5.85294 242 201 58 
-98 40 -5.51184 242 201 58 
-96 40 -5.58237 242 201 58 
-94 40 -5.5629 242 201 58 
-92 40 -5.36603 241 203 58 
-90 40 -5.28485 241 203 58 
-88 40 -5.28661 241 203 58 
-86 40 -5.12797 241 203 58 
-84 40 -5.01443 241 203 58 
-82 40 -4.94713 241 203 58 
-80 40 -4.91927 241 203 58 
-78 40 -4.77372 239 205 58 
-76 40 -4.50511 239 205 58 
-74 40 -4.43059 239 205 58 
-72 40 -4.50007 239 205 58 
-70 40 -4.53136 239 205 58 
-68 40 -4.36969 238 207 58 
-66 40 -4.25401 238 207 58 
-64 40 -4.17437 238 207 58 
-62 40 -4.07806 238 207 58 
-60 40 -3.97473 238 207 58 
-58 40 -3.78813 236 209 58 
-56 40 -3.55788 236 209 58 
-54 40 -3.4656 236 209 58 
-52 40 -3.61905 236 209 58 
-50 40 -3.69552 236 209 58 
-48 40 -3.61637 236 209 58 
-46 40 -3.57133 236 209 58 
-44 40 -3.66716 236 209 58 
-42 40 -3.4899 236 209 58 
-40 40 -3.113 235 211 57 
-38 40 -2.83625 233 213 57 
-36 40 -2.53507 233 213 57 
-34 40 -2.38453 231 215 57 
-32 40 -2.33411 231 215 57 
-30 40 -2.38324 231 215 57 
-28 40 -2.55348 233 213 57 
-26 40 -2.67207 233 213 57 
-24 40 -2.74973 233 213 57 
-22 40 -2.59186 233 213 57 
-20 40 -2.29106 231 215 57 
-18 40 -2.03832 231 215 57 
-16 40 -1.64241 229 217 56 
-14 40 -1.56989 229 217 56 
-12 40 -1.58107 229 217 56 
-10 40 -1.48919 229 217 56 
-8 40 -1.54808 229 217 56 
-6 40 -1.7172 229 217 56 
-4 40 -1.56571 229 217 56 
-2 40 -1.389 227 219 56 
0 40 -1.38258 227 219 56 
2 40 -1.05831 227 219 56 
4 40 -1.111 227 219 56 
6 40 -1.30221 227 219 56 
8 40 -1.17903 227 219 56 
10 40 -1.02899 227 219 56 
12 40 -0.613252 225 221 55 
14 40 -0.503351 225 221 55 
16 40 -0.642938 225 221 55 
18 40 -0.654151 225 221 55 
20 40 -0.426652 225 221 55 
22 40 -0.363226 223 223 55 
24 40 -0.330094 223 223 55 
26 40 -0.188705 223 223 55 
28 40 -0.222332 223 223 55 
30 40 -0.149878 223 223 55 
32 40 -0.004074 223 223 55 
34 40 -0.080993 223 223 55 
36 40 -0.023178 223 223 55 
38 40 0.16784 221 224 55 
40 40 0.026186 223 223 55 
42 40 -0.069236 223 223 55 
44 40 0.22242 221 224 55 
46 40 0.656144 219 226 54 
48 40 0.751317 219 226 54 
50 40 0.438036 221 224 55 
52 40 0.381556 221 224 55 
54 40 0.732042 219 226 54 
56 40 0.814812 219 226 54 
58 40 0.856744 219 226 54 
60 40 1.07869 219 226 54 
62 40 1.32596 217 228 54 
64 40 1.48289 217 228 54 
66 40 1.4347 217 228 54 
68 40 1.18195 217 228 54 
70 40 1.35019 217 228 54 
72 40 1.65866 215 229 53 
74 40 1.52625 217 228 54 
76 40 1.27517 217 228 54 
78 40 1.3028 217 228 54 
80 40 1.44158 217 228 54 
82 40 1.43919 217 228 54 
84 40 1.38824 217 228 54 
86 40 1.71897 215 229 53 
88 40 2.07218 215 229 53 
90 40 2.33895 212 231 53 
92 40 2.47337 212 231 53 
94 40 2.40582 212 231 53 
96 40 2.08942 215 229 53 
98 40 2.07787 215 229 53 
100 40 2.45772 212 231 53 
102 40 1.59204 217 228 54 
104 40 -9.84268 251 184 56 
-128 38 -21.1551 249 120 30 
-126 38 -13.9156 254 164 49 
-124 38 -12.7461 254 169 51 
-122 38 -12.3821 253 172 52 
-120 38 -12.1483 253 172 52 
-118 38 -12.0664 253 172 52 
-116 38 -12.0212 253 172 52 
-114 38 -11.6551 253 174 53 
-112 38 -11.4337 253 174 53 
-110 38 -11.5354 253 174 53 
-108 38 -11.4386 253 174 53 
-106 38 -11.3349 252 177 54 
-104 38 -11.3507 252 177 54 
-102 38 -11.2412 252 177 54 
-100 38 -11.0584 252 177 54 
-98 38 -10.8855 252 179 54 
-96 38 -10.7027 252 179 54 
-94 38 -10.4891 252 179 54 
-92 38 -10.2719 251 182 55 
-90 38 -10.069 251 182 55 
-88 38 -10.1383 251 182 55 
-86 38 -10.291 251 182 55 
-84 38 -10.1626 251 182 55 
-82 38 -9.89825 251 184 56 
-80 38 -9.76968 251 184 56 
-78 38 -9.65983 251 184 56 
-76 38 -9.44001 251 184 56 
-74 38 -9.20983 250 186 57 
-72 38 -9.10294 250 186 57 
-70 38 -9.07608 250 186 57 
-68 38 -8.99563 250 186 57 
-66 38 -8.85482 249 188 57 
-64 38 -8.81247 249 188 57 
-62 38 -8.76066 249 188 57 
-60 38 -8.61647 249 188 57 
-58 38 -8.36399 248 190 57 
-56 38 -8.14872 248 190 57 
-54 38 -7.95089 248 190 57 
-52 38 -7.77809 247 193 58 
-50 38 -7.81388 247 193 58 
-48 38 -7.90704 247 193 58 
-46 38 -7.84999 247 193 58 
-44 38 -7.82634 247 193 58 
-42 38 -7.6622 247 193 58 
-40 38 -7.41778 247 193 58 
-38 38 -7.27464 246 195 58 
-36 38 -7.00675 246 195 58 
-34 38 -6.90572 245 197 58 
-32 38 -6.92181 246 195 58 
-30 38 -6.7862 245 197 58 
-28 38 -6.61019 245 197 58 
-26 38 -6.49804 245 197 58 
-24 38 -6.36254 244 199 58 
-22 38 -6.11625 244 199 58 
-20 38 -5.92309 244 199 58 
-18 38 -5.8934 242 201 58 
-16 38 -5.69834 242 201 58 
-14 38 -5.4039 241 203 58 
-12 38 -5.08157 241 203 58 
-10 38 -4.93292 241 203 58 
-8 38 -4.89496 239 205 58 
-6 38 -4.84937 239 205 58 
-4 38 -4.90784 241 203 58 
-2 38 -4.90379 239 205 58 
0 38 -4.64307 239 205 58 
2 38 -4.23536 238 207 58 
4 38 -4.12236 238 207 58 
6 38 -3.98489 238 207 58 
8 38 -3.77191 236 209 58 
10 38 -3.70991 236 209 58 
12 38 -3.49944 236 209 58 
14 38 -3.32043 235 211 57 
16 38 -3.21621 235 211 57 
18 38 -3.07717 235 211 57 
20 38 -2.80812 233 213 57 
22 38 -2.63253 233 213 57 
24 38 -2.39209 231 215 57 
26 38 -2.2482 231 215 57 
28 38 -2.2125 231 215 57 
30 38 -2.16929 231 215 57 
32 38 -2.00156 231 215 57 
34 38 -1.77384 229 217 56 
36 38 -1.34492 227 219 56 
38 38 -1.09685 227 219 56 
40 38 -1.16929 227 219 56 
42 38 -1.07336 227 219 56 
44 38 -0.892478 225 221 55 
46 38 -0.649655 225 221 55 
48 38 -0.441248 225 221 55 
50 38 -0.574431 225 221 55 
52 38 -0.479075 225 221 55 
54 38 -0.098657 223 223 55 
56 38 -0.031452 223 223 55 
58 38 0.005234 223 223 55 
60 38 0.338283 221 224 55 
62 38 0.633475 219 226 54 
64 38 0.680417 219 226 54 
66 38 0.74073 219 226 54 
68 38 0.751013 219 226 54 
70 38 0.735872 219 226 54 
72 38 1.03543 219 226 54 
74 38 1.21946 217 228 54 
76 38 1.12815 217 228 54 
78 38 1.15714 217 228 54 
80 38 1.20253 217 228 54 
82 38 1.26379 217 228 54 
84 38 1.34473 217 228 54 
86 38 1.53484 217 228 54 
88 38 1.79256 215 229 53 
90 38 1.97923 215 229 53 
92 38 2.0614 215 229 53 
94 38 2.12479 212 231 53 
96 38 2.17916 212 231 53 
98 38 2.29977 212 231 53 
100 38 2.54721 212 231 53 
102 38 1.86435 215 229 53 
104 38 -8.04883 248 190 57 
-128 36 -20.2149 251 126 33 
-126 36 -16.7967 254 147 42 
-124 36 -16.6591 254 147 42 
-122 36 -16.7389 254 147 42 
-120 36 -16.5235 254 147 42 
-118 36 -16.4146 254 150 43 
-116 36 -16.5411 254 147 42 
-114 36 -16.3108 254 150 43 
-112 36 -16.0137 254 150 43 
-110 36 -15.9026 254 153 44 
-108 36 -15.8525 254 153 44 
-106 36 -15.9571 254 150 43 
-104 36 -16.0542 254 150 43 
-102 36 -15.9841 254 150 43 
-100 36 -15.8455 254 153 44 
-98 36 -15.5837 254 153 44 
-96 36 -15.239 254 155 45 
-94 36 -15.1784 254 155 45 
-92 36 -15.2026 254 155 45 
-90 36 -15.1396 254 155 45 
-88 36 -15.1462 254 155 45 
-86 36 -15.2546 254 155 45 
-84 36 -15.1285 254 155 45 
-82 36 -14.8429 254 158 47 
-80 36 -14.7744 254 158 47 
-78 36 -14.9038 254 158 47 
-76 36 -14.982 254 155 45 
-74 36 -14.796 254 158 47 
-72 36 -14.5848 254 158 47 
-70 36 -14.428 254 158 47 
-68 36 -14.3494 254 161 48 
-66 36 -14.2333 254 161 48 
-64 36 -14.095 254 161 48 
-62 36 -14.0169 254 161 48 
-60 36 -13.9661 254 161 48 
-58 36 -13.7319 254 164 49 
-56 36 -13.5904 254 164 49 
-54 36 -13.5883 254 164 49 
-52 36 -13.3813 254 167 50 
-50 36 -13.2831 254 167 50 
-48 36 -13.3425 254 167 50 
-46 36 -13.1586 254 167 50 
-44 36 -12.8908 254 169 51 
-42 36 -12.7694 254 169 51 
-40 36 -12.7715 254 169 51 
-38 36 -12.6907 254 169 51 
-36 36 -12.4947 254 169 51 
-34 36 -12.4341 254 169 51 
-32 36 -12.4698 254 169 51 
-30 36 -12.317 253 172 52 
-28 36 -12.0143 253 172 52 
-26 36 -11.903 253 174 53 
-24 36 -11.7876 253 174 53 
-22 36 -11.4965 253 174 53 
-20 36 -11.2758 252 177 54 
-18 36 -11.3848 252 177 54 
-16 36 -11.4023 252 177 54 
-14 36 -11.0966 252 177 54 
-12 36 -10.8435 252 179 54 
-10 36 -10.7569 252 179 54 
-8 36 -10.567 252 179 54 
-6 36 -10.375 251 182 55 
-4 36 -10.4364 252 179 54 
-2 36 -10.3797 251 182 55 
0 36 -10.0294 251 182 55 
2 36 -9.67575 251 184 56 
4 36 -9.58124 251 184 56 
6 36 -9.33625 250 186 57 
8 36 -9.14919 250 186 57 
10 36 -9.11926 250 186 57 
12 36 -8.99165 250 186 57 
14 36 -8.85197 249 188 57 
16 36 -8.68824 249 188 57 
18 36 -8.46369 249 188 57 
20 36 -8.23014 248 190 57 
22 36 -8.00939 248 190 57 
24 36 -7.76888 247 193 58 
26 36 -7.67078 247 193 58 
28 36 -7.56922 247 193 58 
30 36 -7.47228 247 193 58 
32 36 -7.30332 246 195 58 
34 36 -7.09679 246 195 58 
36 36 -6.75984 245 197 58 
38 36 -6.55506 245 197 58 
40 36 -6.4007 244 199 58 
42 36 -6.08295 244 199 58 
44 36 -5.91761 244 199 58 
46 36 -5.88215 242 201 58 
48 36 -5.79739 242 201 58 
50 36 -5.61225 242 201 58 
52 36 -5.46162 242 201 58 
54 36 -5.34118 241 203 58 
56 36 -5.22995 241 203 58 
58 36 -5.03257 241 203 58 
60 36 -4.78496 239 205 58 
62 36 -4.63202 239 205 58 
64 36 -4.49469 239 205 58 
66 36 -4.25083 238 207 58 
68 36 -4.08441 238 207 58 
70 36 -4.05883 238 207 58 
72 36 -3.86112 236 209 58 
74 36 -3.55652 236 209 58 
76 36 -3.44326 236 209 58 
78 36 -3.37716 235 211 57 
80 36 -3.23126 235 211 57 
82 36 -3.00363 235 211 57 
84 36 -2.76259 233 213 57 
86 36 -2.67495 233 213 57 
88 36 -2.3776 231 215 57 
90 36 -2.09764 231 215 57 
92 36 -1.96584 231 215 57 
94 36 -1.86548 229 217 56 
96 36 -1.67516 229 217 56 
98 36 -1.531 229 217 56 
100 36 -1.53103 229 217 56 
102 36 -1.8076 229 217 56 
104 36 -9.94944 251 182 55 
-130 34 -24.2247 244 102 23 
-128 34 -17.537 253 141 39 
-126 34 -16.4136 254 150 43 
-124 34 -16.7647 254 147 42 
-122 34 -16.9125 254 147 42 
-120 34 -16.668 254 147 42 
-118 34 -16.6445 254 147 42 
-116 34 -16.846 254 147 42 
-114 34 -16.8078 254 147 42 
-112 34 -16.5996 254 147 42 
-110 34 -16.4739 254 147 42 
-108 34 -16.461 254 147 42 
-106 34 -16.6964 254 147 42 
-104 34 -16.9933 254 144 41 
-102 34 -16.7859 254 147 42 
-100 34 -16.4576 254 147 42 
-98 34 -16.3683 254 150 43 
-96 34 -16.3312 254 150 43 
-94 34 -16.483 254 147 42 
-92 34 -16.5609 254 147 42 
-90 34 -16.6708 254 147 42 
-88 34 -16.5897 254 147 42 
-86 34 -16.4599 254 147 42 
-84 34 -16.5033 254 147 42 
-82 34 -16.48 254 147 42 
-80 34 -16.4306 254 150 43 
-78 34 -16.4451 254 147 42 
-76 34 -16.5088 254 147 42 
-74 34 -16.6659 254 147 42 
-72 34 -16.7749 254 147 42 
-70 34 -16.5871 254 147 42 
-68 34 -16.5049 254 147 42 
-66 34 -16.5322 254 147 42 
-64 34 -16.4571 254 147 42 
-62 34 -16.3272 254 150 43 
-60 34 -16.2367 254 150 43 
-58 34 -16.068 254 150 43 
-56 34 -15.9741 254 150 43 
-54 34 -16.1888 254 150 43 
-52 34 -16.4017 254 150 43 
-50 34 -16.414 254 150 43 
-48 34 -16.2498 254 150 43 
-46 34 -16.0532 254 150 43 
-44 34 -15.9652 254 150 43 
-42 34 -15.9104 254 153 44 
-40 34 -15.8031 254 153 44 
-38 34 -15.6127 254 153 44 
-36 34 -15.608 254 153 44 
-34 34 -15.7546 254 153 44 
-32 34 -15.7509 254 153 44 
-30 34 -15.5083 254 153 44 
-28 34 -15.2794 254 155 45 
-26 34 -15.38 254 155 45 
-24 34 -15.331 254 155 45 
-22 34 -15.0326 254 155 45 
-20 34 -14.778 254 158 47 
-18 34 -14.748 254 158 47 
-16 34 -14.9407 254 155 45 
-14 34 -14.8685 254 158 47 
-12 34 -14.7805 254 158 47 
-10 34 -14.744 254 158 47 
-8 34 -14.5903 254 158 47 
-6 34 -14.4123 254 161 48 
-4 34 -14.4026 254 161 48 
-2 34 -14.4812 254 158 47 
0 34 -14.3901 254 161 48 
2 34 -14.0891 254 161 48 
4 34 -13.9316 254 161 48 
6 34 -13.8836 254 164 49 
8 34 -13.8767 254 164 49 
10 34 -13.8295 254 164 49 
12 34 -13.4823 254 164 49 
14 34 -13.1363 254 167 50 
16 34 -13.054 254 167 50 
18 34 -12.9496 254 167 50 
20 34 -12.8996 254 169 51 
22 34 -12.9212 254 169 51 
24 34 -12.8606 254 169 51 
26 34 -12.65 254 169 51 
28 34 -12.412 253 172 52 
30 34 -12.2837 253 172 52 
32 34 -12.1487 253 172 52 
34 34 -12.0932 253 172 52 
36 34 -11.9987 253 172 52 
38 34 -11.8738 253 174 53 
40 34 -11.6057 253 174 53 
42 34 -11.3348 252 177 54 
44 34 -11.2397 252 177 54 
46 34 -11.2909 252 177 54 
48 34 -11.0477 252 177 54 
50 34 -10.5798 252 179 54 
52 34 -10.3879 251 182 55 
54 34 -10.4024 251 182 55 
56 34 -10.3923 251 182 55 
58 34 -10.2898 251 182 55 
60 34 -10.0911 251 182 55 
62 34 -10.0865 251 182 55 
64 34 -10.0674 251 182 55 
66 34 -9.8425 251 184 56 
68 34 -9.61717 251 184 56 
70 34 -9.44557 251 184 56 
72 34 -9.34317 250 186 57 
74 34 -9.24938 250 186 57 
76 34 -9.13642 250 186 57 
78 34 -8.93056 250 186 57 
80 34 -8.68723 249 188 57 
82 34 -8.44873 249 188 57 
84 34 -8.30647 248 190 57 
86 34 -8.27917 248 190 57 
88 34 -8.04628 248 190 57 
90 34 -7.7274 247 193 58 
92 34 -7.4324 247 193 58 
94 34 -7.26358 246 195 58 
96 34 -7.10094 246 195 58 
98 34 -6.99609 246 195 58 
100 34 -6.98518 246 195 58 
102 34 -6.96255 246 195 58 
104 34 -14.4375 254 158 47 
-130 32 -20.3704 251 126 33 
-128 32 -15.5158 254 153 44 
-126 32 -15.1575 254 155 45 
-124 32 -15.413 254 155 45 
-122 32 -15.5313 254 153 44 
-120 32 -15.4662 254 153 44 
-118 32 -15.3326 254 155 45 
-116 32 -15.2014 254 155 45 
-114 32 -15.1691 254 155 45 
-112 32 -15.1151 254 155 45 
-110 32 -15.1238 254 155 45 
-108 32 -15.1116 254 155 45 
-106 32 -15.3214 254 155 45 
-104 32 -15.5216 254 153 44 
-102 32 -15.3263 254 155 45 
-100 32 -15.0527 254 155 45 
-98 32 -14.8817 254 158 47 
-96 32 -14.8522 254 158 47 
-94 32 -15.076 254 155 45 
-92 32 -15.1669 254 155 45 
-90 32 -15.0824 254 155 45 
-88 32 -14.9653 254 155 45 
-86 32 -14.8858 254 158 47 
-84 32 -14.9956 254 155 45 
-82 32 -15.1363 254 155 45 
-80 32 -14.9818 254 155 45 
-78 32 -14.9583 254 155 45 
-76 32 -14.9697 254 155 45 
-74 32 -15.0353 254 155 45 
-72 32 -15.1572 254 155 45 
-70 32 -15.0998 254 155 45 
-68 32 -15.1284 254 155 45 
-66 32 -15.2841 254 155 45 
-64 32 -15.4023 254 155 45 
-62 32 -15.1647 254 155 45 
-60 32 -14.9236 254 158 47 
-58 32 -15.0543 254 155 45 
-56 32 -15.2042 254 155 45 
-54 32 -15.2832 254 155 45 
-52 32 -15.3086 254 155 45 
-50 32 -15.2177 254 155 45 
-48 32 -14.9085 254 158 47 
-46 32 -14.6792 254 158 47 
-44 32 -14.8366 254 158 47 
-42 32 -15.0003 254 155 45 
-40 32 -14.8954 254 158 47 
-38 32 -14.7155 254 158 47 
-36 32 -14.7749 254 158 47 
-34 32 -14.9956 254 155 45 
-32 32 -14.9767 254 155 45 
-30 32 -14.7253 254 158 47 
-28 32 -14.621 254 158 47 
-26 32 -14.8634 254 158 47 
-24 32 -14.9764 254 155 45 
-22 32 -14.7261 254 158 47 
-20 32 -14.5343 254 158 47 
-18 32 -14.4307 254 158 47 
-16 32 -14.4823 254 158 47 
-14 32 -14.7208 254 158 47 
-12 32 -14.7265 254 158 47 
-10 32 -14.5116 254 158 47 
-8 32 -14.5633 254 158 47 
-6 32 -14.5881 254 158 47 
-4 32 -14.3479 254 161 48 
-2 32 -14.189 254 161 48 
0 32 -14.2003 254 161 48 
2 32 -14.2352 254 161 48 
4 32 -14.1429 254 161 48 
6 32 -14.1281 254 161 48 
8 32 -14.3287 254 161 48 
10 32 -14.4062 254 161 48 
12 32 -14.1132 254 161 48 
14 32 -13.8668 254 164 49 
16 32 -13.8508 254 164 49 
18 32 -13.6498 254 164 49 
20 32 -13.6259 254 164 49 
22 32 -13.9159 254 164 49 
24 32 -14.0184 254 161 48 
26 32 -13.8357 254 164 49 
28 32 -13.5887 254 164 49 
30 32 -13.4849 254 164 49 
32 32 -13.3602 254 167 50 
34 32 -13.4003 254 167 50 
36 32 -13.3377 254 167 50 
38 32 -13.2118 254 167 50 
40 32 -13.1162 254 167 50 
42 32 -13.1038 254 167 50 
44 32 -13.1678 254 167 50 
46 32 -13.0043 254 167 50 
48 32 -12.557 254 169 51 
50 32 -12.3559 253 172 52 
52 32 -12.5425 254 169 51 
54 32 -12.6074 254 169 51 
56 32 -12.501 254 169 51 
58 32 -12.4157 253 172 52 
60 32 -12.2458 253 172 52 
62 32 -12.2494 253 172 52 
64 32 -12.272 253 172 52 
66 32 -12.2863 253 172 52 
68 32 -12.2967 253 172 52 
70 32 -12.1756 253 172 52 
72 32 -12.1674 253 172 52 
74 32 -12.1116 253 172 52 
76 32 -12.0342 253 172 52 
78 32 -11.8723 253 174 53 
80 32 -11.7374 253 174 53 
82 32 -11.8123 253 174 53 
84 32 -11.893 253 174 53 
86 32 -11.7473 253 174 53 
88 32 -11.5313 253 174 53 
90 32 -11.1294 252 177 54 
92 32 -10.7884 252 179 54 
94 32 -10.6763 252 179 54 
96 32 -10.5794 252 179 54 
98 32 -10.5629 252 179 54 
100 32 -10.5374 252 179 54 
102 32 -10.6324 252 179 54 
104 32 -17.8177 253 141 39 
-132 30 -31.5547 225 65 9 
-130 30 -20.3519 251 126 33 
-128 30 -17.2849 254 144 41 
-126 30 -16.9338 254 144 41 
-124 30 -17.0424 254 144 41 
-122 30 -17.2053 254 144 41 
-120 30 -17.1222 254 144 41 
-118 30 -16.9235 254 147 42 
-116 30 -16.7412 254 147 42 
-114 30 -16.5581 254 147 42 
-112 30 -16.3473 254 150 43 
-110 30 -16.3117 254 150 43 
-108 30 -16.3288 254 150 43 
-106 30 -16.2769 254 150 43 
-104 30 -16.2128 254 150 43 
-102 30 -16.174 254 150 43 
-100 30 -16.0622 254 150 43 
-98 30 -15.914 254 153 44 
-96 30 -15.8705 254 153 44 
-94 30 -15.9716 254 150 43 
-92 30 -16.0258 254 150 43 
-90 30 -15.7789 254 153 44 
-88 30 -15.5181 254 153 44 
-86 30 -15.4209 254 155 45 
-84 30 -15.3698 254 155 45 
-82 30 -15.5435 254 153 44 
-80 30 -15.6651 254 153 44 
-78 30 -15.7443 254 153 44 
-76 30 -15.7209 254 153 44 
-74 30 -15.4886 254 153 44 
-72 30 -15.3014 254 155 45 
-70 30 -15.3076 254 155 45 
-68 30 -15.2587 254 155 45 
-66 30 -15.0721 254 155 45 
-64 30 -14.9504 254 155 45 
-62 30 -14.8114 254 158 47 
-60 30 -14.7631 254 158 47 
-58 30 -14.914 254 158 47 
-56 30 -15.1035 254 155 45 
-54 30 -15.0085 254 155 45 
-52 30 -14.7251 254 158 47 
-50 30 -14.5689 254 158 47 
-48 30 -14.4523 254 158 47 
-46 30 -14.2982 254 161 48 
-44 30 -14.2651 254 161 48 
-42 30 -14.3455 254 161 48 
-40 30 -14.3611 254 161 48 
-38 30 -14.1943 254 161 48 
-36 30 -14.0667 254 161 48 
-34 30 -13.978 254 161 48 
-32 30 -13.7857 254 164 49 
-30 30 -13.6328 254 164 49 
-28 30 -13.5401 254 164 49 
-26 30 -13.7502 254 164 49 
-24 30 -14.0576 254 161 48 
-22 30 -13.8683 254 164 49 
-20 30 -13.5165 254 164 49 
-18 30 -13.3874 254 167 50 
-16 30 -13.3551 254 167 50 
-14 30 -13.5397 254 164 49 
-12 30 -13.494 254 164 49 
-10 30 -13.1726 254 167 50 
-8 30 -13.169 254 167 50 
-6 30 -13.3443 254 167 50 
-4 30 -13.2606 254 167 50 
-2 30 -12.9217 254 169 51 
0 30 -12.7951 254 169 51 
2 30 -12.9555 254 167 50 
4 30 -12.8969 254 169 51 
6 30 -12.6225 254 169 51 
8 30 -12.6419 254 169 51 
10 30 -12.8341 254 169 51 
12 30 -12.8547 254 169 51 
14 30 -12.7744 254 169 51 
16 30 -12.62 254 169 51 
18 30 -12.4655 254 169 51 
20 30 -12.4146 253 172 52 
22 30 -12.4067 253 172 52 
24 30 -12.4001 253 172 52 
26 30 -12.398 253 172 52 
28 30 -12.3722 253 172 52 
30 30 -12.2885 253 172 52 
32 30 -12.0211 253 172 52 
34 30 -12.0062 253 172 52 
36 30 -11.9218 253 172 52 
38 30 -11.7384 253 174 53 
40 30 -11.6964 253 174 53 
42 30 -11.7737 253 174 53 
44 30 -11.9383 253 172 52 
46 30 -11.7272 253 174 53 
48 30 -11.4547 253 174 53 
50 30 -11.4316 253 174 53 
52 30 -11.5811 253 174 53 
54 30 -11.446 253 174 53 
56 30 -11.2939 252 177 54 
58 30 -11.2719 252 177 54 
60 30 -11.1834 252 177 54 
62 30 -11.21 252 177 54 
64 30 -11.2814 252 177 54 
66 30 -11.2159 252 177 54 
68 30 -11.2469 252 177 54 
70 30 -11.2721 252 177 54 
72 30 -11.1635 252 177 54 
74 30 -10.7509 252 179 54 
76 30 -10.8294 252 179 54 
78 30 -10.9487 252 177 54 
80 30 -10.8131 252 179 54 
82 30 -10.9524 252 177 54 
84 30 -11.0693 252 177 54 
86 30 -10.8811 252 179 54 
88 30 -10.5654 252 179 54 
90 30 -10.295 251 182 55 
92 30 -10.1817 251 182 55 
94 30 -10.1828 251 182 55 
96 30 -10.1356 251 182 55 
98 30 -10.1249 251 182 55 
100 30 -10.0595 251 182 55 
102 30 -10.4446 252 179 54 
104 30 -16.9869 254 144 41 
-132 28 -29.0531 232 75 12 
-130 28 -23.1837 246 108 25 
-128 28 -22.0869 248 114 28 
-126 28 -21.7719 249 117 29 
-124 28 -21.8405 249 117 29 
-122 28 -21.7788 249 117 29 
-120 28 -21.4666 249 117 29 
-118 28 -21.3838 249 120 30 
-116 28 -21.5027 249 117 29 
-114 28 -21.3936 249 120 30 
-112 28 -21.1156 249 120 30 
-110 28 -20.9304 250 123 31 
-108 28 -20.8314 250 123 31 
-106 28 -20.7636 250 123 31 
-104 28 -20.7534 250 123 31 
-102 28 -20.7217 250 123 31 
-100 28 -20.6442 250 123 31 
-98 28 -20.6302 250 123 31 
-96 28 -20.5885 250 123 31 
-94 28 -20.4464 250 123 31 
-92 28 -20.3327 251 126 33 
-90 28 -20.1758 251 126 33 
-88 28 -19.9352 251 129 34 
-86 28 -19.7984 251 129 34 
-84 28 -19.6506 251 129 34 
-82 28 -19.5973 251 129 34 
-80 28 -19.5371 251 129 34 
-78 28 -19.4955 251 129 34 
-76 28 -19.4661 251 129 34 
-74 28 -19.3068 252 132 35 
-72 28 -19.1361 252 132 35 
-70 28 -19.0638 252 132 35 
-68 28 -18.9733 252 132 35 
-66 28 -18.6412 252 135 37 
-64 28 -18.3666 253 138 38 
-62 28 -18.3435 253 138 38 
-60 28 -18.3164 253 138 38 
-58 28 -18.2779 253 138 38 
-56 28 -18.3085 253 138 38 
-54 28 -18.1729 253 138 38 
-52 28 -17.9774 253 138 38 
-50 28 -17.8917 253 141 39 
-48 28 -17.8193 253 141 39 
-46 28 -17.6841 253 141 39 
-44 28 -17.5566 253 141 39 
-42 28 -17.3974 254 144 41 
-40 28 -17.2236 254 144 41 
-38 28 -17.0589 254 144 41 
-36 28 -17.0055 254 144 41 
-34 28 -16.9018 254 147 42 
-32 28 -16.6796 254 147 42 
-30 28 -16.4832 254 147 42 
-28 28 -16.3093 254 150 43 
-26 28 -16.309 254 150 43 
-24 28 -16.3672 254 150 43 
-22 28 -16.222 254 150 43 
-20 28 -16.0251 254 150 43 
-18 28 -15.9441 254 150 43 
-16 28 -15.8259 254 153 44 
-14 28 -15.8022 254 153 44 
-12 28 -15.7454 254 153 44 
-10 28 -15.5482 254 153 44 
-8 28 -15.3056 254 155 45 
-6 28 -15.1798 254 155 45 
-4 28 -15.1254 254 155 45 
-2 28 -14.8295 254 158 47 
0 28 -14.5907 254 158 47 
2 28 -14.5585 254 158 47 
4 28 -14.4857 254 158 47 
6 28 -14.3075 254 161 48 
8 28 -14.1878 254 161 48 
10 28 -14.1618 254 161 48 
12 28 -14.0533 254 161 48 
14 28 -13.8538 254 164 49 
16 28 -13.734 254 164 49 
18 28 -13.7055 254 164 49 
20 28 -13.6601 254 164 49 
22 28 -13.5301 254 164 49 
24 28 -13.3474 254 167 50 
26 28 -13.2618 254 167 50 
28 28 -13.1763 254 167 50 
30 28 -13.0048 254 167 50 
32 28 -12.6632 254 169 51 
34 28 -12.4735 254 169 51 
36 28 -12.5152 254 169 51 
38 28 -12.5969 254 169 51 
40 28 -12.575 254 169 51 
42 28 -12.3618 253 172 52 
44 28 -12.3656 253 172 52 
46 28 -12.3467 253 172 52 
48 28 -12.2239 253 172 52 
50 28 -12.1153 253 172 52 
52 28 -11.9055 253 174 53 
54 28 -11.5674 253 174 53 
56 28 -11.4088 252 177 54 
58 28 -11.4157 252 177 54 
60 28 -11.3831 252 177 54 
62 28 -11.2958 252 177 54 
64 28 -11.1362 252 177 54 
66 28 -10.9116 252 179 54 
68 28 -10.9434 252 177 54 
70 28 -10.9838 252 177 54 
72 28 -10.8572 252 179 54 
74 28 -10.5793 252 179 54 
76 28 -10.5544 252 179 54 
78 28 -10.4306 252 179 54 
80 28 -10.1105 251 182 55 
82 28 -9.89616 251 184 56 
84 28 -9.87351 251 184 56 
86 28 -9.83219 251 184 56 
88 28 -9.54161 251 184 56 
90 28 -9.45202 251 184 56 
92 28 -9.44807 251 184 56 
94 28 -9.44267 251 184 56 
96 28 -9.33889 250 186 57 
98 28 -9.11113 250 186 57 
100 28 -9.05125 250 186 57 
102 28 -9.36569 250 186 57 
104 28 -15.2178 254 155 45 
-134 26 -34.3695 216 55 6 
-132 26 -29.0092 232 75 12 
-130 26 -26.8509 239 88 17 
-128 26 -26.4174 240 91 18 
-126 26 -26.1271 240 91 18 
-124 26 -26.0775 240 91 18 
-122 26 -25.9686 240 91 18 
-120 26 -25.7682 241 93 19 
-118 26 -25.8016 241 93 19 
-116 26 -26.0271 240 91 18 
-114 26 -26.1551 240 91 18 
-112 26 -26.1011 240 91 18 
-110 26 -25.9328 241 93 19 
-108 26 -25.8397 241 93 19 
-106 26 -25.8782 241 93 19 
-104 26 -25.8887 241 93 19 
-102 26 -25.8261 241 93 19 
-100 26 -25.8589 241 93 19 
-98 26 -25.8136 241 93 19 
-96 26 -25.6397 241 93 19 
-94 26 -25.4909 241 93 19 
-92 26 -25.5119 241 93 19 
-90 26 -25.4831 241 93 19 
-88 26 -25.2762 242 96 20 
-86 26 -25.0644 242 96 20 
-84 26 -24.966 242 96 20 
-82 26 -24.9964 242 96 20 
-80 26 -24.8471 243 99 21 
-78 26 -24.6561 243 99 21 
-76 26 -24.6191 243 99 21 
-74 26 -24.6259 243 99 21 
-72 26 -24.5776 243 99 21 
-70 26 -24.4188 244 102 23 
-68 26 -24.3577 244 102 23 
-66 26 -24.2112 244 102 23 
-64 26 -23.8846 245 105 24 
-62 26 -23.754 245 105 24 
-60 26 -23.699 245 105 24 
-58 26 -23.6551 245 105 24 
-56 26 -23.6877 245 105 24 
-54 26 -23.551 245 105 24 
-52 26 -23.4945 245 105 24 
-50 26 -23.3351 246 108 25 
-48 26 -22.9756 246 108 25 
-46 26 -22.7906 247 111 26 
-44 26 -22.8589 247 111 26 
-42 26 -22.7181 247 111 26 
-40 26 -22.3662 248 114 28 
-38 26 -22.1879 248 114 28 
-36 26 -22.243 248 114 28 
-34 26 -22.3073 248 114 28 
-32 26 -22.1147 248 114 28 
-30 26 -21.8121 249 117 29 
-28 26 -21.6178 249 117 29 
-26 26 -21.6254 249 117 29 
-24 26 -21.5849 249 117 29 
-22 26 -21.4758 249 117 29 
-20 26 -21.4766 249 117 29 
-18 26 -21.3647 249 120 30 
-16 26 -21.1061 249 120 30 
-14 26 -20.8651 250 123 31 
-12 26 -20.6732 250 123 31 
-10 26 -20.6327 250 123 31 
-8 26 -20.4855 250 123 31 
-6 26 -20.2082 251 126 33 
-4 26 -19.9419 251 126 33 
-2 26 -19.6445 251 129 34 
0 26 -19.4881 251 129 34 
2 26 -19.4647 251 129 34 
4 26 -19.3954 252 132 35 
6 26 -19.349 252 132 35 
8 26 -19.2761 252 132 35 
10 26 -19.1003 252 132 35 
12 26 -18.8014 252 135 37 
14 26 -18.4798 252 135 37 
16 26 -18.2994 253 138 38 
18 26 -18.2131 253 138 38 
20 26 -18.0985 253 138 38 
22 26 -17.8237 253 141 39 
24 26 -17.5679 253 141 39 
26 26 -17.5236 253 141 39 
28 26 -17.4879 253 141 39 
30 26 -17.2777 254 144 41 
32 26 -16.9319 254 147 42 
34 26 -16.6832 254 147 42 
36 26 -16.687 254 147 42 
38 26 -16.7039 254 147 42 
40 26 -16.6136 254 147 42 
42 26 -16.3316 254 150 43 
44 26 -16.2434 254 150 43 
46 26 -16.2521 254 150 43 
48 26 -16.0621 254 150 43 
50 26 -15.8848 254 153 44 
52 26 -15.6713 254 153 44 
54 26 -15.3669 254 155 45 
56 26 -15.1513 254 155 45 
58 26 -14.9984 254 155 45 
60 26 -14.906 254 158 47 
62 26 -14.8462 254 158 47 
64 26 -14.5046 254 158 47 
66 26 -14.1737 254 161 48 
68 26 -14.2083 254 161 48 
70 26 -14.2191 254 161 48 
72 26 -14.1397 254 161 48 
74 26 -14.0564 254 161 48 
76 26 -13.8478 254 164 49 
78 26 -13.3975 254 167 50 
80 26 -13.1511 254 167 50 
82 26 -12.9338 254 167 50 
84 26 -12.7919 254 169 51 
86 26 -12.75 254 169 51 
88 26 -12.4528 254 169 51 
90 26 -12.2558 253 172 52 
92 26 -12.2258 253 172 52 
94 26 -12.1918 253 172 52 
96 26 -12.0052 253 172 52 
98 26 -11.7094 253 174 53 
100 26 -11.607 253 174 53 
102 26 -11.8277 253 174 53 
104 26 -17.0578 254 144 41 
-134 24 -32.6085 221 61 8 
-132 24 -27.9489 236 83 15 
-130 24 -26.3991 240 91 18 
-128 24 -26.2876 240 91 18 
-126 24 -26.3834 240 91 18 
-124 24 -26.3147 240 91 18 
-122 24 -26.0803 240 91 18 
-120 24 -25.9771 240 91 18 
-118 24 -26.3113 240 91 18 
-116 24 -26.966 237 85 16 
-114 24 -27.3883 237 85 16 
-112 24 -27.2039 237 85 16 
-110 24 -26.9281 239 88 17 
-108 24 -26.97 237 85 16 
-106 24 -27.1949 237 85 16 
-104 24 -27.0623 237 85 16 
-102 24 -26.9399 239 88 17 
-100 24 -27.1653 237 85 16 
-98 24 -27.1355 237 85 16 
-96 24 -26.9108 239 88 17 
-94 24 -26.9651 237 85 16 
-92 24 -27.2562 237 85 16 
-90 24 -27.2492 237 85 16 
-88 24 -27.1111 237 85 16 
-86 24 -27.0549 237 85 16 
-84 24 -27.0327 237 85 16 
-82 24 -27.1353 237 85 16 
-80 24 -27.2357 237 85 16 
-78 24 -27.0685 237 85 16 
-76 24 -27.017 237 85 16 
-74 24 -27.0901 237 85 16 
-72 24 -27.0121 237 85 16 
-70 24 -26.8874 239 88 17 
-68 24 -26.9617 237 85 16 
-66 24 -27.1589 237 85 16 
-64 24 -27.0115 237 85 16 
-62 24 -26.8773 239 88 17 
-60 24 -26.9139 239 88 17 
-58 24 -27.0167 237 85 16 
-56 24 -27.085 237 85 16 
-54 24 -26.8596 239 88 17 
-52 24 -26.8299 239 88 17 
-50 24 -26.8724 239 88 17 
-48 24 -26.7104 239 88 17 
-46 24 -26.6562 239 88 17 
-44 24 -26.7363 239 88 17 
-42 24 -26.586 239 88 17 
-40 24 -26.2444 240 91 18 
-38 24 -26.0346 240 91 18 
-36 24 -26.1186 240 91 18 
-34 24 -26.3444 240 91 18 
-32 24 -26.1559 240 91 18 
-30 24 -25.8474 241 93 19 
-28 24 -25.8817 241 93 19 
-26 24 -26.038 240 91 18 
-24 24 -25.9663 240 91 18 
-22 24 -25.8574 241 93 19 
-20 24 -25.9278 241 93 19 
-18 24 -25.7918 241 93 19 
-16 24 -25.5602 241 93 19 
-14 24 -25.3707 242 96 20 
-12 24 -25.1957 242 96 20 
-10 24 -25.2069 242 96 20 
-8 24 -25.2061 242 96 20 
-6 24 -25.0556 242 96 20 
-4 24 -24.7946 243 99 21 
-2 24 -24.418 244 102 23 
0 24 -24.3128 244 102 23 
2 24 -24.4068 244 102 23 
4 24 -24.3182 244 102 23 
6 24 -24.1687 244 102 23 
8 24 -24.1456 244 102 23 
10 24 -24.0933 244 102 23 
12 24 -23.9023 245 105 24 
14 24 -23.7826 245 105 24 
16 24 -23.7304 245 105 24 
18 24 -23.5838 245 105 24 
20 24 -23.309 246 108 25 
22 24 -22.9391 247 111 26 
24 24 -22.7752 247 111 26 
26 24 -22.7648 247 111 26 
28 24 -22.7113 247 111 26 
30 24 -22.654 247 111 26 
32 24 -22.5009 247 111 26 
34 24 -22.2624 248 114 28 
36 24 -22.0472 248 114 28 
38 24 -21.9115 249 117 29 
40 24 -21.8678 249 117 29 
42 24 -21.7872 249 117 29 
44 24 -21.6375 249 117 29 
46 24 -21.4678 249 117 29 
48 24 -21.2181 249 120 30 
50 24 -21.0141 249 120 30 
52 24 -20.8982 250 123 31 
54 24 -20.7127 250 123 31 
56 24 -20.6722 250 123 31 
58 24 -20.586 250 123 31 
60 24 -20.3015 251 126 33 
62 24 -20.1498 251 126 33 
64 24 -20.0009 251 126 33 
66 24 -19.7363 251 129 34 
68 24 -19.5199 251 129 34 
70 24 -19.3504 252 132 35 
72 24 -19.3013 252 132 35 
74 24 -19.1441 252 132 35 
76 24 -18.8349 252 135 37 
78 24 -18.5714 252 135 37 
80 24 -18.5122 252 135 37 
82 24 -18.3065 253 138 38 
84 24 -18.0704 253 138 38 
86 24 -18.0055 253 138 38 
88 24 -17.8288 253 141 39 
90 24 -17.5741 253 141 39 
92 24 -17.374 254 144 41 
94 24 -17.266 254 144 41 
96 24 -17.2029 254 144 41 
98 24 -16.9703 254 144 41 
100 24 -16.7576 254 147 42 
102 24 -16.6975 254 147 42 
104 24 -20.4184 251 126 33 
-134 22 -29.7773 231 73 12 
-132 22 -24.7745 243 99 21 
-130 22 -23.694 245 105 24 
-128 22 -23.8431 245 105 24 
-126 22 -24.2577 244 102 23 
-124 22 -24.3504 244 102 23 
-122 22 -24.1108 244 102 23 
-120 22 -24.0048 244 102 23 
-118 22 -24.2311 244 102 23 
-116 22 -24.6721 243 99 21 
-114 22 -24.8717 243 99 21 
-112 22 -24.5478 243 99 21 
-110 22 -24.3076 244 102 23 
-108 22 -24.4088 244 102 23 
-106 22 -24.614 243 99 21 
-104 22 -24.5916 243 99 21 
-102 22 -24.5632 243 99 21 
-100 22 -24.6172 243 99 21 
-98 22 -24.6032 243 99 21 
-96 22 -24.556 243 99 21 
-94 22 -24.6196 243 99 21 
-92 22 -24.8519 243 99 21 
-90 22 -24.9196 243 99 21 
-88 22 -24.8624 243 99 21 
-86 22 -24.9776 242 96 20 
-84 22 -25.0626 242 96 20 
-82 22 -25.0185 242 96 20 
-80 22 -25.1317 242 96 20 
-78 22 -25.1192 242 96 20 
-76 22 -25.1113 242 96 20 
-74 22 -25.0547 242 96 20 
-72 22 -24.9748 242 96 20 
-70 22 -25.0945 242 96 20 
-68 22 -25.22 242 96 20 
-66 22 -25.2772 242 96 20 
-64 22 -25.3358 242 96 20 
-62 22 -25.4969 241 93 19 
-60 22 -25.567 241 93 19 
-58 22 -25.5417 241 93 19 
-56 22 -25.5109 241 93 19 
-54 22 -25.4826 241 93 19 
-52 22 -25.5198 241 93 19 
-50 22 -25.5827 241 93 19 
-48 22 -25.5662 241 93 19 
-46 22 -25.64 241 93 19 
-44 22 -25.8461 241 93 19 
-42 22 -25.9195 241 93 19 
-40 22 -25.8563 241 93 19 
-38 22 -25.7774 241 93 19 
-36 22 -25.7404 241 93 19 
-34 22 -25.8643 241 93 19 
-32 22 -25.7971 241 93 19 
-30 22 -25.772 241 93 19 
-28 22 -26.2046 240 91 18 
-26 22 -26.2582 240 91 18 
-24 22 -25.8302 241 93 19 
-22 22 -25.7094 241 93 19 
-20 22 -25.8697 241 93 19 
-18 22 -26.1037 240 91 18 
-16 22 -26.2012 240 91 18 
-14 22 -26.0224 240 91 18 
-12 22 -25.862 241 93 19 
-10 22 -25.7527 241 93 19 
-8 22 -25.7814 241 93 19 
-6 22 -25.7635 241 93 19 
-4 22 -25.6491 241 93 19 
-2 22 -25.5001 241 93 19 
0 22 -25.3416 242 96 20 
2 22 -25.2597 242 96 20 
4 22 -25.2816 242 96 20 
6 22 -25.1303 242 96 20 
8 22 -24.9696 242 96 20 
10 22 -25.0167 242 96 20 
12 22 -25.0938 242 96 20 
14 22 -25.1862 242 96 20 
16 22 -25.2975 242 96 20 
18 22 -25.3287 242 96 20 
20 22 -25.2455 242 96 20 
22 22 -25.0727 242 96 20 
24 22 -24.9825 242 96 20 
26 22 -24.8485 243 99 21 
28 22 -24.6202 243 99 21 
30 22 -24.6858 243 99 21 
32 22 -24.8508 243 99 21 
34 22 -24.8281 243 99 21 
36 22 -24.6815 243 99 21 
38 22 -24.7154 243 99 21 
40 22 -24.6768 243 99 21 
42 22 -24.3953 244 102 23 
44 22 -24.1568 244 102 23 
46 22 -24.0993 244 102 23 
48 22 -24.137 244 102 23 
50 22 -24.1754 244 102 23 
52 22 -24.0462 244 102 23 
54 22 -23.9107 245 105 24 
56 22 -24.026 244 102 23 
58 22 -24.1161 244 102 23 
60 22 -23.9495 244 102 23 
62 22 -23.906 245 105 24 
64 22 -23.8574 245 105 24 
66 22 -23.648 245 105 24 
68 22 -23.4315 246 108 25 
70 22 -23.3277 246 108 25 
72 22 -23.3329 246 108 25 
74 22 -23.1418 246 108 25 
76 22 -22.9027 247 111 26 
78 22 -22.8176 247 111 26 
80 22 -22.728 247 111 26 
82 22 -22.4734 247 111 26 
84 22 -22.4186 248 114 28 
86 22 -22.5139 247 111 26 
88 22 -22.4857 247 111 26 
90 22 -22.3508 248 114 28 
92 22 -22.0954 248 114 28 
94 22 -21.7987 249 117 29 
96 22 -21.664 249 117 29 
98 22 -21.5298 249 117 29 
100 22 -21.3537 249 120 30 
102 22 -21.0489 249 120 30 
104 22 -23.4185 246 108 25 
-136 20 -36.6384 206 45 4 
-134 20 -28.5063 234 78 13 
-132 20 -25.3255 242 96 20 
-130 20 -25.0145 242 96 20 
-128 20 -24.9086 243 99 21 
-126 20 -24.823 243 99 21 
-124 20 -24.7761 243 99 21 
-122 20 -24.8201 243 99 21 
-120 20 -24.9057 243 99 21 
-118 20 -24.8264 243 99 21 
-116 20 -24.7408 243 99 21 
-114 20 -24.6734 243 99 21 
-112 20 -24.5368 243 99 21 
-110 20 -24.4311 244 102 23 
-108 20 -24.402 244 102 23 
-106 20 -24.3967 244 102 23 
-104 20 -24.4022 244 102 23 
-102 20 -24.339 244 102 23 
-100 20 -24.1441 244 102 23 
-98 20 -24.208 244 102 23 
-96 20 -24.5026 243 99 21 
-94 20 -24.4975 243 99 21 
-92 20 -24.3304 244 102 23 
-90 20 -24.3133 244 102 23 
-88 20 -24.2052 244 102 23 
-86 20 -24.15 244 102 23 
-84 20 -24.2467 244 102 23 
-82 20 -24.1497 244 102 23 
-80 20 -24.0222 244 102 23 
-78 20 -24.0372 244 102 23 
-76 20 -24.0384 244 102 23 
-74 20 -23.9417 245 105 24 
-72 20 -23.8828 245 105 24 
-70 20 -23.9701 244 102 23 
-68 20 -23.8827 245 105 24 
-66 20 -23.6276 245 105 24 
-64 20 -23.61 245 105 24 
-62 20 -23.7869 245 105 24 
-60 20 -23.9002 245 105 24 
-58 20 -23.7458 245 105 24 
-56 20 -23.636 245 105 24 
-54 20 -23.7361 245 105 24 
-52 20 -23.6643 245 105 24 
-50 20 -23.5511 245 105 24 
-48 20 -23.4479 245 105 24 
-46 20 -23.4531 245 105 24 
-44 20 -23.5503 245 105 24 
-42 20 -23.6286 245 105 24 
-40 20 -23.7293 245 105 24 
-38 20 -23.6985 245 105 24 
-36 20 -23.6476 245 105 24 
-34 20 -23.6526 245 105 24 
-32 20 -23.6341 245 105 24 
-30 20 -23.7008 245 105 24 
-28 20 -23.8644 245 105 24 
-26 20 -23.7418 245 105 24 
-24 20 -23.4903 245 105 24 
-22 20 -23.5156 245 105 24 
-20 20 -23.49 245 105 24 
-18 20 -23.6079 245 105 24 
-16 20 -23.7304 245 105 24 
-14 20 -23.7145 245 105 24 
-12 20 -23.7707 245 105 24 
-10 20 -23.5999 245 105 24 
-8 20 -23.5896 245 105 24 
-6 20 -23.7579 245 105 24 
-4 20 -23.6618 245 105 24 
-2 20 -23.7387 245 105 24 
0 20 -23.7076 245 105 24 
2 20 -23.4108 246 108 25 
4 20 -23.3873 246 108 25 
6 20 -23.3837 246 108 25 
8 20 -23.2967 246 108 25 
10 20 -23.3116 246 108 25 
12 20 -23.2312 246 108 25 
14 20 -23.0071 246 108 25 
16 20 -22.9403 247 111 26 
18 20 -23.0259 246 108 25 
20 20 -23.0086 246 108 25 
22 20 -22.9626 246 108 25 
24 20 -22.9901 246 108 25 
26 20 -23.0099 246 108 25 
28 20 -22.8546 247 111 26 
30 20 -22.9007 247 111 26 
32 20 -23.1453 246 108 25 
34 20 -23.2445 246 108 25 
36 20 -23.1984 246 108 25 
38 20 -23.212 246 108 25 
40 20 -23.1649 246 108 25 
42 20 -22.917 247 111 26 
44 20 -22.8271 247 111 26 
46 20 -22.9442 247 111 26 
48 20 -22.9657 246 108 25 
50 20 -22.9845 246 108 25 
52 20 -22.9758 246 108 25 
54 20 -23.0077 246 108 25 
56 20 -22.9084 247 111 26 
58 20 -22.8398 247 111 26 
60 20 -22.9846 246 108 25 
62 20 -22.9682 246 108 25 
64 20 -22.7477 247 111 26 
66 20 -22.6721 247 111 26 
68 20 -22.682 247 111 26 
70 20 -22.6867 247 111 26 
72 20 -22.5456 247 111 26 
74 20 -22.4874 247 111 26 
76 20 -22.7899 247 111 26 
78 20 -22.979 246 108 25 
80 20 -22.7698 247 111 26 
82 20 -22.4796 247 111 26 
84 20 -22.4525 247 111 26 
86 20 -22.6256 247 111 26 
88 20 -22.7219 247 111 26 
90 20 -22.5841 247 111 26 
92 20 -22.2919 248 114 28 
94 20 -22.0787 248 114 28 
96 20 -22.0256 248 114 28 
98 20 -22.0793 248 114 28 
100 20 -22.0848 248 114 28 
102 20 -22.0923 248 114 28 
104 20 -24.8633 243 99 21 
-138 18 -36.5577 206 45 4 
-136 18 -34.2142 216 55 6 
-134 18 -31.0283 226 67 10 
-132 18 -29.895 231 73 12 
-130 18 -29.7414 231 73 12 
-128 18 -29.6571 231 73 12 
-126 18 -29.5476 231 73 12 
-124 18 -29.4696 231 73 12 
-122 18 -29.4575 232 75 12 
-120 18 -29.3656 232 75 12 
-118 18 -29.2766 232 75 12 
-116 18 -29.222 232 75 12 
-114 18 -29.0456 232 75 12 
-112 18 -28.8492 234 78 13 
-110 18 -28.7411 234 78 13 
-108 18 -28.7018 234 78 13 
-106 18 -28.6249 234 78 13 
-104 18 -28.4928 234 78 13 
-102 18 -28.343 235 80 14 
-100 18 -28.1753 235 80 14 
-98 18 -28.1842 235 80 14 
-96 18 -28.31 235 80 14 
-94 18 -28.241 235 80 14 
-92 18 -28.0718 235 80 14 
-90 18 -28.0529 235 80 14 
-88 18 -28.0115 235 80 14 
-86 18 -27.8432 236 83 15 
-84 18 -27.7464 236 83 15 
-82 18 -27.6631 236 83 15 
-80 18 -27.4522 237 85 16 
-78 18 -27.2918 237 85 16 
-76 18 -27.1563 237 85 16 
-74 18 -27.1355 237 85 16 
-72 18 -27.0764 237 85 16 
-70 18 -26.8973 239 88 17 
-68 18 -26.715 239 88 17 
-66 18 -26.5638 239 88 17 
-64 18 -26.4634 239 88 17 
-62 18 -26.4482 240 91 18 
-60 18 -26.4245 240 91 18 
-58 18 -26.2491 240 91 18 
-56 18 -26.1104 240 91 18 
-54 18 -26.0988 240 91 18 
-52 18 -25.9643 240 91 18 
-50 18 -25.8865 241 93 19 
-48 18 -25.8414 241 93 19 
-46 18 -25.6936 241 93 19 
-44 18 -25.4389 242 96 20 
-42 18 -25.2905 242 96 20 
-40 18 -25.3136 242 96 20 
-38 18 -25.3022 242 96 20 
-36 18 -25.3452 242 96 20 
-34 18 -25.3282 242 96 20 
-32 18 -25.2535 242 96 20 
-30 18 -25.1913 242 96 20 
-28 18 -25.0173 242 96 20 
-26 18 -24.7292 243 99 21 
-24 18 -24.5751 243 99 21 
-22 18 -24.5757 243 99 21 
-20 18 -24.4312 244 102 23 
-18 18 -24.2082 244 102 23 
-16 18 -24.029 244 102 23 
-14 18 -23.9524 244 102 23 
-12 18 -24.0308 244 102 23 
-10 18 -23.9864 244 102 23 
-8 18 -23.9091 245 105 24 
-6 18 -24.0669 244 102 23 
-4 18 -23.9809 244 102 23 
-2 18 -23.8637 245 105 24 
0 18 -23.779 245 105 24 
2 18 -23.5974 245 105 24 
4 18 -23.4371 246 108 25 
6 18 -23.3501 246 108 25 
8 18 -23.3249 246 108 25 
10 18 -23.2923 246 108 25 
12 18 -23.1532 246 108 25 
14 18 -22.9192 247 111 26 
16 18 -22.882 247 111 26 
18 18 -22.7998 247 111 26 
20 18 -22.5414 247 111 26 
22 18 -22.3781 248 114 28 
24 18 -22.3123 248 114 28 
26 18 -22.3827 248 114 28 
28 18 -22.4004 248 114 28 
30 18 -22.34 248 114 28 
32 18 -22.3057 248 114 28 
34 18 -22.2368 248 114 28 
36 18 -22.1729 248 114 28 
38 18 -22.1123 248 114 28 
40 18 -22.1173 248 114 28 
42 18 -22.084 248 114 28 
44 18 -21.9595 248 114 28 
46 18 -21.7841 249 117 29 
48 18 -21.6113 249 117 29 
50 18 -21.5295 249 117 29 
52 18 -21.4957 249 117 29 
54 18 -21.48 249 117 29 
56 18 -21.2988 249 120 30 
58 18 -21.1052 249 120 30 
60 18 -21.1374 249 120 30 
62 18 -21.0473 249 120 30 
64 18 -20.8886 250 123 31 
66 18 -20.8582 250 123 31 
68 18 -20.8051 250 123 31 
70 18 -20.785 250 123 31 
72 18 -20.7075 250 123 31 
74 18 -20.6178 250 123 31 
76 18 -20.6066 250 123 31 
78 18 -20.6333 250 123 31 
80 18 -20.4725 250 123 31 
82 18 -20.3249 251 126 33 
84 18 -20.204 251 126 33 
86 18 -20.217 251 126 33 
88 18 -20.2637 251 126 33 
90 18 -20.0381 251 126 33 
92 18 -19.8486 251 129 34 
94 18 -19.8788 251 129 34 
96 18 -19.8488 251 129 34 
98 18 -19.7746 251 129 34 
100 18 -19.8505 251 129 34 
102 18 -19.9803 251 126 33 
104 18 -23.2419 246 108 25 
-138 16 -37.7247 202 42 4 
-136 16 -35.3321 212 51 5 
-134 16 -34.2263 216 55 6 
-132 16 -33.8096 218 57 7 
-130 16 -33.6122 218 57 7 
-128 16 -33.6453 218 57 7 
-126 16 -33.8654 218 57 7 
-124 16 -34.0494 216 55 6 
-122 16 -34.1895 216 55 6 
-120 16 -34.0709 216 55 6 
-118 16 -33.9164 218 57 7 
-116 16 -33.8746 218 57 7 
-114 16 -33.8627 218 57 7 
-112 16 -33.7814 218 57 7 
-110 16 -33.6307 218 57 7 
-108 16 -33.6157 218 57 7 
-106 16 -33.6034 218 57 7 
-104 16 -33.4585 220 59 7 
-102 16 -33.36 220 59 7 
-100 16 -33.3522 220 59 7 
-98 16 -33.4431 220 59 7 
-96 16 -33.3707 220 59 7 
-94 16 -33.1338 220 59 7 
-92 16 -33.0789 220 59 7 
-90 16 -33.2194 220 59 7 
-88 16 -33.3238 220 59 7 
-86 16 -33.1921 220 59 7 
-84 16 -33.0364 220 59 7 
-82 16 -32.9853 220 59 7 
-80 16 -32.8356 221 61 8 
-78 16 -32.6933 221 61 8 
-76 16 -32.654 221 61 8 
-74 16 -32.6234 221 61 8 
-72 16 -32.5234 221 61 8 
-70 16 -32.3482 223 63 8 
-68 16 -32.2145 223 63 8 
-66 16 -32.2017 223 63 8 
-64 16 -32.083 223 63 8 
-62 16 -31.9323 225 65 9 
-60 16 -31.8261 225 65 9 
-58 16 -31.6857 225 65 9 
-56 16 -31.5815 225 65 9 
-54 16 -31.4286 226 67 10 
-52 16 -31.1933 226 67 10 
-50 16 -31.1147 226 67 10 
-48 16 -31.1083 226 67 10 
-46 16 -30.9928 226 67 10 
-44 16 -30.7588 228 69 10 
-42 16 -30.5468 228 69 10 
-40 16 -30.5066 228 69 10 
-38 16 -30.5416 228 69 10 
-36 16 -30.5272 228 69 10 
-34 16 -30.3784 229 71 11 
-32 16 -30.248 229 71 11 
-30 16 -30.2117 229 71 11 
-28 16 -30.1135 229 71 11 
-26 16 -29.7661 231 73 12 
-24 16 -29.4938 231 73 12 
-22 16 -29.4043 232 75 12 
-20 16 -29.3016 232 75 12 
-18 16 -29.1407 232 75 12 
-16 16 -28.8552 234 78 13 
-14 16 -28.6169 234 78 13 
-12 16 -28.5861 234 78 13 
-10 16 -28.6034 234 78 13 
-8 16 -28.6 234 78 13 
-6 16 -28.5755 234 78 13 
-4 16 -28.3631 235 80 14 
-2 16 -28.1048 235 80 14 
0 16 -27.9227 236 83 15 
2 16 -27.8715 236 83 15 
4 16 -27.7171 236 83 15 
6 16 -27.4526 237 85 16 
8 16 -27.278 237 85 16 
10 16 -27.1841 237 85 16 
12 16 -27.0013 237 85 16 
14 16 -26.6957 239 88 17 
16 16 -26.5889 239 88 17 
18 16 -26.5567 239 88 17 
20 16 -26.4349 240 91 18 
22 16 -26.2981 240 91 18 
24 16 -26.0754 240 91 18 
26 16 -25.916 241 93 19 
28 16 -25.8645 241 93 19 
30 16 -25.7785 241 93 19 
32 16 -25.6915 241 93 19 
34 16 -25.602 241 93 19 
36 16 -25.4496 242 96 20 
38 16 -25.2566 242 96 20 
40 16 -25.0944 242 96 20 
42 16 -24.8952 243 99 21 
44 16 -24.7044 243 99 21 
46 16 -24.5324 243 99 21 
48 16 -24.413 244 102 23 
50 16 -24.2308 244 102 23 
52 16 -24.018 244 102 23 
54 16 -23.8896 245 105 24 
56 16 -23.8452 245 105 24 
58 16 -23.6685 245 105 24 
60 16 -23.4482 245 105 24 
62 16 -23.2935 246 108 25 
64 16 -23.231 246 108 25 
66 16 -23.1514 246 108 25 
68 16 -22.9697 246 108 25 
70 16 -22.775 247 111 26 
72 16 -22.6282 247 111 26 
74 16 -22.5477 247 111 26 
76 16 -22.3427 248 114 28 
78 16 -22.0894 248 114 28 
80 16 -21.7835 249 117 29 
82 16 -21.6571 249 117 29 
84 16 -21.5567 249 117 29 
86 16 -21.3857 249 120 30 
88 16 -21.2477 249 120 30 
90 16 -21.2205 249 120 30 
92 16 -21.2124 249 120 30 
94 16 -21.0991 249 120 30 
96 16 -20.8453 250 123 31 
98 16 -20.5379 250 123 31 
100 16 -20.4146 251 126 33 
102 16 -20.5077 250 123 31 
104 16 -22.9539 246 108 25 
-138 14 -38.1211 200 40 3 
-136 14 -35.019 212 51 5 
-134 14 -34.2213 216 55 6 
-132 14 -34.0566 216 55 6 
-130 14 -34.0288 216 55 6 
-128 14 -34.1699 216 55 6 
-126 14 -34.4205 216 55 6 
-124 14 -34.6736 214 53 6 
-122 14 -34.9298 214 53 6 
-120 14 -34.8887 214 53 6 
-118 14 -34.6886 214 53 6 
-116 14 -34.6293 214 53 6 
-114 14 -34.8162 214 53 6 
-112 14 -34.9397 214 53 6 
-110 14 -34.7633 214 53 6 
-108 14 -34.7216 214 53 6 
-106 14 -34.9289 214 53 6 
-104 14 -35.0868 212 51 5 
-102 14 -35.2583 212 51 5 
-100 14 -35.4616 212 51 5 
-98 14 -35.51 210 49 5 
-96 14 -35.45 212 51 5 
-94 14 -35.3502 212 51 5 
-92 14 -35.32 212 51 5 
-90 14 -35.4057 212 51 5 
-88 14 -35.5924 210 49 5 
-86 14 -35.7168 210 49 5 
-84 14 -35.6909 210 49 5 
-82 14 -35.5487 210 49 5 
-80 14 -35.4765 210 49 5 
-78 14 -35.5806 210 49 5 
-76 14 -35.7265 210 49 5 
-74 14 -35.7412 210 49 5 
-72 14 -35.7076 210 49 5 
-70 14 -35.7721 210 49 5 
-68 14 -35.8438 210 49 5 
-66 14 -35.8636 210 49 5 
-64 14 -35.7509 210 49 5 
-62 14 -35.5788 210 49 5 
-60 14 -35.575 210 49 5 
-58 14 -35.5361 210 49 5 
-56 14 -35.4289 212 51 5 
-54 14 -35.3093 212 51 5 
-52 14 -35.1867 212 51 5 
-50 14 -35.1467 212 51 5 
-48 14 -35.0614 212 51 5 
-46 14 -35.0691 212 51 5 
-44 14 -35.1482 212 51 5 
-42 14 -35.0795 212 51 5 
-40 14 -34.9308 214 53 6 
-38 14 -34.8551 214 53 6 
-36 14 -34.894 214 53 6 
-34 14 -34.8116 214 53 6 
-32 14 -34.6783 214 53 6 
-30 14 -34.6124 214 53 6 
-28 14 -34.4682 216 55 6 
-26 14 -34.2933 216 55 6 
-24 14 -34.3324 216 55 6 
-22 14 -34.428 216 55 6 
-20 14 -34.4621 216 55 6 
-18 14 -34.3916 216 55 6 
-16 14 -34.1913 216 55 6 
-14 14 -34.0043 216 55 6 
-12 14 -33.8357 218 57 7 
-10 14 -33.7693 218 57 7 
-8 14 -33.8144 218 57 7 
-6 14 -33.7591 218 57 7 
-4 14 -33.618 218 57 7 
-2 14 -33.4949 218 57 7 
0 14 -33.3396 220 59 7 
2 14 -33.2759 220 59 7 
4 14 -33.1828 220 59 7 
6 14 -32.9975 220 59 7 
8 14 -32.7697 221 61 8 
10 14 -32.6464 221 61 8 
12 14 -32.5165 221 61 8 
14 14 -32.2402 223 63 8 
16 14 -32.1353 223 63 8 
18 14 -32.1462 223 63 8 
20 14 -32.0872 223 63 8 
22 14 -32.0217 223 63 8 
24 14 -31.7992 225 65 9 
26 14 -31.5749 225 65 9 
28 14 -31.4578 226 67 10 
30 14 -31.3011 226 67 10 
32 14 -31.1152 226 67 10 
34 14 -31.0457 226 67 10 
36 14 -30.9389 228 69 10 
38 14 -30.747 228 69 10 
40 14 -30.5704 228 69 10 
42 14 -30.4846 228 69 10 
44 14 -30.446 229 71 11 
46 14 -30.3302 229 71 11 
48 14 -30.0269 229 71 11 
50 14 -29.6672 231 73 12 
52 14 -29.5164 231 73 12 
54 14 -29.5425 231 73 12 
56 14 -29.4794 231 73 12 
58 14 -29.156 232 75 12 
60 14 -28.8543 234 78 13 
62 14 -28.6424 234 78 13 
64 14 -28.4733 234 78 13 
66 14 -28.4494 235 80 14 
68 14 -28.3928 235 80 14 
70 14 -28.1927 235 80 14 
72 14 -27.9437 236 83 15 
74 14 -27.7717 236 83 15 
76 14 -27.5913 236 83 15 
78 14 -27.3236 237 85 16 
80 14 -26.9291 239 88 17 
82 14 -26.676 239 88 17 
84 14 -26.6302 239 88 17 
86 14 -26.5114 239 88 17 
88 14 -26.3306 240 91 18 
90 14 -26.333 240 91 18 
92 14 -26.1687 240 91 18 
94 14 -25.9249 241 93 19 
96 14 -25.728 241 93 19 
98 14 -25.476 241 93 19 
100 14 -25.2775 242 96 20 
102 14 -25.3165 242 96 20 
104 14 -26.3115 240 91 18 
106 14 -30.2959 229 71 11 
-146 12 -39.9085 193 35 2 
-144 12 -39.5666 193 35 2 
-142 12 -39.363 195 37 3 
-140 12 -38.6061 197 38 3 
-138 12 -35.325 212 51 5 
-136 12 -33.0859 220 59 7 
-134 12 -32.88 221 61 8 
-132 12 -32.926 221 61 8 
-130 12 -32.9201 221 61 8 
-128 12 -32.9373 221 61 8 
-126 12 -33.1169 220 59 7 
-124 12 -33.2598 220 59 7 
-122 12 -33.029 220 59 7 
-120 12 -32.8726 221 61 8 
-118 12 -33.0316 220 59 7 
-116 12 -33.1655 220 59 7 
-114 12 -33.2058 220 59 7 
-112 12 -33.2719 220 59 7 
-110 12 -33.4011 220 59 7 
-108 12 -33.5098 218 57 7 
-106 12 -33.6185 218 57 7 
-104 12 -33.8476 218 57 7 
-102 12 -34.2413 216 55 6 
-100 12 -34.5912 214 53 6 
-98 12 -34.6033 214 53 6 
-96 12 -34.4213 216 55 6 
-94 12 -34.3758 216 55 6 
-92 12 -34.4244 216 55 6 
-90 12 -34.4608 216 55 6 
-88 12 -34.5129 214 53 6 
-86 12 -34.5959 214 53 6 
-84 12 -34.5908 214 53 6 
-82 12 -34.4347 216 55 6 
-80 12 -34.4463 216 55 6 
-78 12 -34.6458 214 53 6 
-76 12 -34.7308 214 53 6 
-74 12 -34.7414 214 53 6 
-72 12 -34.7511 214 53 6 
-70 12 -34.9186 214 53 6 
-68 12 -35.1161 212 51 5 
-66 12 -35.275 212 51 5 
-64 12 -35.3879 212 51 5 
-62 12 -35.4487 212 51 5 
-60 12 -35.5715 210 49 5 
-58 12 -35.3642 212 51 5 
-56 12 -35.1014 212 51 5 
-54 12 -35.0995 212 51 5 
-52 12 -35.3123 212 51 5 
-50 12 -35.4978 210 49 5 
-48 12 -35.3497 212 51 5 
-46 12 -35.2735 212 51 5 
-44 12 -35.5435 210 49 5 
-42 12 -35.6346 210 49 5 
-40 12 -35.436 212 51 5 
-38 12 -35.2464 212 51 5 
-36 12 -35.3601 212 51 5 
-34 12 -35.4594 212 51 5 
-32 12 -35.375 212 51 5 
-30 12 -35.3563 212 51 5 
-28 12 -35.2803 212 51 5 
-26 12 -35.2535 212 51 5 
-24 12 -35.5604 210 49 5 
-22 12 -35.8868 210 49 5 
-12 12 -35.7076 210 49 5 
-10 12 -35.6265 210 49 5 
-8 12 -35.4922 210 49 5 
-6 12 -35.4808 210 49 5 
68 12 -33.2394 220 59 7 
70 12 -33.1769 220 59 7 
72 12 -33.0709 220 59 7 
74 12 -32.9673 220 59 7 
76 12 -32.8605 221 61 8 
78 12 -32.7432 221 61 8 
80 12 -32.4637 223 63 8 
82 12 -32.1914 223 63 8 
84 12 -32.1025 223 63 8 
86 12 -31.9694 223 63 8 
88 12 -31.8302 225 65 9 
90 12 -31.7554 225 65 9 
92 12 -31.5056 225 65 9 
94 12 -31.3885 226 67 10 
96 12 -31.3493 226 67 10 
98 12 -31.1822 226 67 10 
100 12 -31.0922 226 67 10 
102 12 -30.9129 228 69 10 
104 12 -31.1788 226 67 10 
-146 10 -36.6334 206 45 4 
-144 10 -36.7079 206 45 4 
-142 10 -36.5089 206 45 4 
-140 10 -36.019 208 47 5 
-138 10 -34.816 214 53 6 
-136 10 -34.0495 216 55 6 
-134 10 -33.924 218 57 7 
-132 10 -33.7912 218 57 7 
-130 10 -33.7763 218 57 7 
-128 10 -33.7969 218 57 7 
-126 10 -33.8321 218 57 7 
-124 10 -33.842 218 57 7 
-122 10 -33.6733 218 57 7 
-120 10 -33.5925 218 57 7 
-118 10 -33.6839 218 57 7 
-116 10 -33.6975 218 57 7 
-114 10 -33.5681 218 57 7 
-112 10 -33.5525 218 57 7 
-110 10 -33.6701 218 57 7 
-108 10 -33.692 218 57 7 
-106 10 -33.6569 218 57 7 
-104 10 -33.8085 218 57 7 
-102 10 -34.0351 216 55 6 
-100 10 -34.2448 216 55 6 
-98 10 -34.3219 216 55 6 
-96 10 -34.1072 216 55 6 
-94 10 -33.947 218 57 7 
-92 10 -34.0519 216 55 6 
-90 10 -34.1238 216 55 6 
-88 10 -34.044 216 55 6 
-86 10 -33.999 216 55 6 
-84 10 -33.8577 218 57 7 
-82 10 -33.6974 218 57 7 
-80 10 -33.7659 218 57 7 
-78 10 -33.9505 218 57 7 
-76 10 -34.0319 216 55 6 
-74 10 -34.0485 216 55 6 
-72 10 -33.9788 216 55 6 
-70 10 -33.856 218 57 7 
-68 10 -33.8945 218 57 7 
-66 10 -34.1292 216 55 6 
-64 10 -34.3069 216 55 6 
-62 10 -34.3707 216 55 6 
-60 10 -34.4496 216 55 6 
-58 10 -34.2186 216 55 6 
-56 10 -33.9331 218 57 7 
-54 10 -33.8446 218 57 7 
-52 10 -34.016 216 55 6 
-50 10 -34.2328 216 55 6 
-48 10 -34.2364 216 55 6 
-46 10 -34.1225 216 55 6 
-44 10 -34.211 216 55 6 
-42 10 -34.3267 216 55 6 
-40 10 -34.3854 216 55 6 
-38 10 -34.3793 216 55 6 
-36 10 -34.4629 216 55 6 
-34 10 -34.5691 214 53 6 
-32 10 -34.4204 216 55 6 
-30 10 -34.4074 216 55 6 
-28 10 -34.5146 214 53 6 
-26 10 -34.4471 216 55 6 
-24 10 -34.4032 216 55 6 
-22 10 -34.3921 216 55 6 
-20 10 -34.5842 214 53 6 
-18 10 -34.7402 214 53 6 
-16 10 -34.8092 214 53 6 
-14 10 -34.8687 214 53 6 
-12 10 -34.7547 214 53 6 
-10 10 -34.5837 214 53 6 
-8 10 -34.3737 216 55 6 
-6 10 -34.4033 216 55 6 
-4 10 -34.6975 214 53 6 
-2 10 -34.8721 214 53 6 
0 10 -34.9511 214 53 6 
2 10 -35.0685 212 51 5 
4 10 -34.9375 214 53 6 
6 10 -34.685 214 53 6 
8 10 -34.6557 214 53 6 
10 10 -34.739 214 53 6 
12 10 -34.7378 214 53 6 
14 10 -34.7967 214 53 6 
16 10 -34.9785 212 51 5 
18 10 -34.7754 214 53 6 
20 10 -34.6271 214 53 6 
22 10 -35.0197 212 51 5 
24 10 -35.1233 212 51 5 
26 10 -35.1272 212 51 5 
28 10 -35.1234 212 51 5 
30 10 -35.1076 212 51 5 
32 10 -35.0677 212 51 5 
-148 8 -40.1565 190 33 2 
-146 8 -39.4562 195 37 3 
-144 8 -39.3568 195 37 3 
-142 8 -39.3932 195 37 3 
-140 8 -39.1092 195 37 3 
-138 8 -38.7077 197 38 3 
-136 8 -38.466 200 40 3 
-134 8 -38.2508 200 40 3 
-132 8 -38.0699 200 40 3 
-130 8 -38.0463 200 40 3 
-128 8 -38.0612 200 40 3 
-126 8 -38.0365 200 40 3 
-124 8 -37.9469 202 42 4 
-122 8 -37.8292 202 42 4 
-120 8 -37.7511 202 42 4 
-118 8 -37.7159 202 42 4 
-116 8 -37.7095 202 42 4 
-114 8 -37.6557 202 42 4 
-112 8 -37.6073 202 42 4 
-110 8 -37.5118 202 42 4 
-108 8 -37.3561 204 43 4 
-106 8 -37.2551 204 43 4 
-104 8 -37.3327 204 43 4 
-102 8 -37.3777 204 43 4 
-100 8 -37.33 204 43 4 
-98 8 -37.2024 204 43 4 
-96 8 -37.0765 204 43 4 
-94 8 -37.003 204 43 4 
-92 8 -36.9398 206 45 4 
-90 8 -36.8401 206 45 4 
-88 8 -36.737 206 45 4 
-86 8 -36.6884 206 45 4 
-84 8 -36.5677 206 45 4 
-82 8 -36.4683 208 47 5 
-80 8 -36.4919 206 45 4 
-78 8 -36.547 206 45 4 
-76 8 -36.5615 206 45 4 
-74 8 -36.5266 206 45 4 
-72 8 -36.392 208 47 5 
-70 8 -36.1775 208 47 5 
-68 8 -36.0895 208 47 5 
-66 8 -36.1302 208 47 5 
-64 8 -36.1694 208 47 5 
-62 8 -36.1724 208 47 5 
-60 8 -36.1083 208 47 5 
-58 8 -35.9416 210 49 5 
-56 8 -35.8009 210 49 5 
-54 8 -35.6951 210 49 5 
-52 8 -35.6197 210 49 5 
-50 8 -35.5165 210 49 5 
-48 8 -35.5353 210 49 5 
-46 8 -35.5827 210 49 5 
-44 8 -35.5128 210 49 5 
-42 8 -35.454 212 51 5 
-40 8 -35.4831 210 49 5 
-38 8 -35.4114 212 51 5 
-36 8 -35.3418 212 51 5 
-34 8 -35.3287 212 51 5 
-32 8 -35.2662 212 51 5 
-30 8 -35.3306 212 51 5 
-28 8 -35.3746 212 51 5 
-26 8 -35.1725 212 51 5 
-24 8 -34.8899 214 53 6 
-22 8 -34.7846 214 53 6 
-20 8 -34.8489 214 53 6 
-18 8 -34.8011 214 53 6 
-16 8 -34.786 214 53 6 
-14 8 -34.8298 214 53 6 
-12 8 -34.7037 214 53 6 
-10 8 -34.5853 214 53 6 
-8 8 -34.5361 214 53 6 
-6 8 -34.6208 214 53 6 
-4 8 -34.6748 214 53 6 
-2 8 -34.5994 214 53 6 
0 8 -34.4909 214 53 6 
2 8 -34.4292 216 55 6 
4 8 -34.5222 214 53 6 
6 8 -34.4786 214 53 6 
8 8 -34.2514 216 55 6 
10 8 -34.0809 216 55 6 
12 8 -33.9739 216 55 6 
14 8 -33.936 218 57 7 
16 8 -34.0282 216 55 6 
18 8 -34.095 216 55 6 
20 8 -34.2384 216 55 6 
22 8 -34.2754 216 55 6 
24 8 -34.0821 216 55 6 
26 8 -34.0973 216 55 6 
28 8 -34.145 216 55 6 
30 8 -34.0123 216 55 6 
32 8 -33.8009 218 57 7 
34 8 -33.8862 218 57 7 
36 8 -34.0505 216 55 6 
38 8 -33.8788 218 57 7 
40 8 -33.6535 218 57 7 
42 8 -33.6357 218 57 7 
44 8 -33.6141 218 57 7 
46 8 -33.6901 218 57 7 
48 8 -33.7321 218 57 7 
50 8 -33.5734 218 57 7 
52 8 -33.5719 218 57 7 
54 8 -33.7031 218 57 7 
56 8 -33.5896 218 57 7 
58 8 -33.2999 220 59 7 
60 8 -33.1799 220 59 7 
62 8 -33.2762 220 59 7 
64 8 -33.3483 220 59 7 
66 8 -33.4622 220 59 7 
68 8 -33.3796 220 59 7 
70 8 -33.3218 220 59 7 
72 8 -33.263 220 59 7 
74 8 -33.1316 220 59 7 
76 8 -33.2657 220 59 7 
78 8 -33.3288 220 59 7 
80 8 -33.1427 220 59 7 
82 8 -33.1069 220 59 7 
84 8 -33.1675 220 59 7 
86 8 -33.1129 220 59 7 
88 8 -32.9565 221 61 8 
90 8 -32.8568 221 61 8 
92 8 -32.7584 221 61 8 
94 8 -32.7007 221 61 8 
96 8 -32.7141 221 61 8 
98 8 -32.8781 221 61 8 
100 8 -32.7935 221 61 8 
102 8 -32.6508 221 61 8 
-148 6 -41.971 183 29 2 
-146 6 -42.1845 180 27 1 
-144 6 -42.4319 180 27 1 
-142 6 -41.7469 183 29 2 
-140 6 -40.6666 188 32 2 
-138 6 -40.9892 185 30 2 
-136 6 -40.7916 188 32 2 
-134 6 -40.5889 188 32 2 
-132 6 -40.5589 188 32 2 
-130 6 -40.5281 188 32 2 
-128 6 -40.5461 188 32 2 
-126 6 -40.6645 188 32 2 
-124 6 -40.7074 188 32 2 
-122 6 -40.6516 188 32 2 
-120 6 -40.6583 188 32 2 
-118 6 -40.8402 188 32 2 
-116 6 -41.0094 185 30 2 
-114 6 -41.0861 185 30 2 
-112 6 -41.1416 185 30 2 
-110 6 -41.053 185 30 2 
-108 6 -40.9312 188 32 2 
-106 6 -40.828 188 32 2 
-104 6 -40.9008 188 32 2 
-102 6 -41.1801 185 30 2 
-100 6 -41.3243 185 30 2 
-98 6 -41.1057 185 30 2 
-96 6 -40.9249 188 32 2 
-94 6 -40.9461 188 32 2 
-92 6 -40.9097 188 32 2 
-90 6 -40.6534 188 32 2 
-88 6 -40.4963 188 32 2 
-86 6 -40.6147 188 32 2 
-84 6 -40.7629 188 32 2 
-82 6 -40.7848 188 32 2 
-80 6 -40.7884 188 32 2 
-78 6 -40.91 188 32 2 
-76 6 -41.0283 185 30 2 
-74 6 -41.0081 185 30 2 
-72 6 -40.7856 188 32 2 
-70 6 -40.6956 188 32 2 
-68 6 -40.765 188 32 2 
-66 6 -40.5998 188 32 2 
-64 6 -40.4842 188 32 2 
-62 6 -40.5313 188 32 2 
-60 6 -40.5276 188 32 2 
-58 6 -40.4615 190 33 2 
-56 6 -40.4609 190 33 2 
-54 6 -40.4392 190 33 2 
-52 6 -40.3037 190 33 2 
-50 6 -40.2045 190 33 2 
-48 6 -40.2418 190 33 2 
-46 6 -40.1723 190 33 2 
-44 6 -40.144 190 33 2 
-42 6 -40.1747 190 33 2 
-40 6 -40.0265 190 33 2 
-38 6 -39.7941 193 35 2 
-36 6 -39.6438 193 35 2 
-34 6 -39.4895 193 35 2 
-32 6 -39.3858 195 37 3 
-30 6 -39.3038 195 37 3 
-28 6 -39.203 195 37 3 
-26 6 -39.1474 195 37 3 
-24 6 -39.0142 195 37 3 
-22 6 -38.9451 197 38 3 
-20 6 -38.851 197 38 3 
-18 6 -38.6839 197 38 3 
-16 6 -38.5382 197 38 3 
-14 6 -38.453 200 40 3 
-12 6 -38.2799 200 40 3 
-10 6 -38.1572 200 40 3 
-8 6 -38.1405 200 40 3 
-6 6 -38.1356 200 40 3 
-4 6 -37.9869 200 40 3 
-2 6 -37.793 202 42 4 
0 6 -37.5807 202 42 4 
2 6 -37.45 204 43 4 
4 6 -37.4852 202 42 4 
6 6 -37.4401 204 43 4 
8 6 -37.2706 204 43 4 
10 6 -37.1098 204 43 4 
12 6 -36.9841 204 43 4 
14 6 -36.7193 206 45 4 
16 6 -36.4741 208 47 5 
18 6 -36.4618 208 47 5 
20 6 -36.5926 206 45 4 
22 6 -36.5505 206 45 4 
24 6 -36.3642 208 47 5 
26 6 -36.1781 208 47 5 
28 6 -36.0265 208 47 5 
30 6 -35.9109 210 49 5 
32 6 -35.7502 210 49 5 
34 6 -35.7398 210 49 5 
36 6 -35.7065 210 49 5 
38 6 -35.5013 210 49 5 
40 6 -35.3203 212 51 5 
42 6 -35.1632 212 51 5 
44 6 -34.9838 212 51 5 
46 6 -34.9253 214 53 6 
48 6 -34.9164 214 53 6 
50 6 -34.8311 214 53 6 
52 6 -34.7553 214 53 6 
54 6 -34.7576 214 53 6 
56 6 -34.6461 214 53 6 
58 6 -34.3994 216 55 6 
60 6 -34.0875 216 55 6 
62 6 -33.9286 218 57 7 
64 6 -33.9193 218 57 7 
66 6 -34.0297 216 55 6 
68 6 -33.9138 218 57 7 
70 6 -33.693 218 57 7 
72 6 -33.5474 218 57 7 
74 6 -33.4728 218 57 7 
76 6 -33.4722 218 57 7 
78 6 -33.2207 220 59 7 
80 6 -33.0197 220 59 7 
82 6 -33.0886 220 59 7 
84 6 -32.9623 221 61 8 
86 6 -32.7811 221 61 8 
88 6 -32.6697 221 61 8 
90 6 -32.5416 221 61 8 
92 6 -32.3956 223 63 8 
94 6 -32.1351 223 63 8 
96 6 -32.0109 223 63 8 
98 6 -32.1792 223 63 8 
100 6 -32.122 223 63 8 
102 6 -32.0201 223 63 8 
104 6 -32.3832 223 63 8 
106 6 -32.7264 221 61 8 
108 6 -33.5819 218 57 7 
112 6 -34.0959 216 55 6 
-148 4 -39.033 195 37 3 
-146 4 -39.6941 193 35 2 
-144 4 -39.5641 193 35 2 
-142 4 -37.7934 202 42 4 
-140 4 -36.9202 206 45 4 
-138 4 -38.4447 200 40 3 
-136 4 -38.7016 197 38 3 
-134 4 -38.5498 197 38 3 
-132 4 -38.4826 197 38 3 
-130 4 -38.5021 197 38 3 
-128 4 -38.7578 197 38 3 
-126 4 -38.9689 197 38 3 
-124 4 -38.9594 197 38 3 
-122 4 -38.9197 197 38 3 
-120 4 -39.0857 195 37 3 
-118 4 -39.4702 195 37 3 
-116 4 -39.789 193 35 2 
-114 4 -39.9396 193 35 2 
-112 4 -40.0103 190 33 2 
-110 4 -39.9771 193 35 2 
-108 4 -40.1231 190 33 2 
-106 4 -40.1987 190 33 2 
-104 4 -40.1976 190 33 2 
-102 4 -40.4203 190 33 2 
-100 4 -40.8242 188 32 2 
-98 4 -41.0839 185 30 2 
-96 4 -41.002 185 30 2 
-94 4 -40.9509 188 32 2 
-92 4 -41.088 185 30 2 
-90 4 -41.0002 185 30 2 
-88 4 -40.7852 188 32 2 
-86 4 -40.9827 188 32 2 
-84 4 -41.479 185 30 2 
-82 4 -41.767 183 29 2 
-80 4 -41.9021 183 29 2 
-78 4 -42.1059 180 27 1 
-76 4 -42.3008 180 27 1 
-74 4 -42.5079 178 26 1 
-72 4 -42.4294 180 27 1 
-70 4 -42.3245 180 27 1 
-68 4 -42.3163 180 27 1 
-66 4 -42.2094 180 27 1 
-64 4 -42.3567 180 27 1 
-62 4 -42.7787 178 26 1 
-60 4 -43.0498 175 24 1 
-58 4 -43.0493 175 24 1 
-56 4 -43.2018 175 24 1 
-54 4 -43.2607 175 24 1 
-52 4 -43.0822 175 24 1 
-50 4 -43.17 175 24 1 
-48 4 -43.3725 175 24 1 
-46 4 -43.5004 172 23 1 
-44 4 -43.694 172 23 1 
-42 4 -43.6389 172 23 1 
-40 4 -43.4085 175 24 1 
-38 4 -43.387 175 24 1 
-36 4 -43.4488 175 24 1 
-34 4 -43.4346 175 24 1 
-32 4 -43.248 175 24 1 
-30 4 -43.0494 175 24 1 
-28 4 -43.009 175 24 1 
-26 4 -43.0735 175 24 1 
-24 4 -43.1394 175 24 1 
-22 4 -43.0617 175 24 1 
-20 4 -42.8955 178 26 1 
-18 4 -42.9413 178 26 1 
-16 4 -42.9702 178 26 1 
-14 4 -42.9917 175 24 1 
-12 4 -42.9212 178 26 1 
-10 4 -42.7358 178 26 1 
-8 4 -42.6661 178 26 1 
-6 4 -42.5876 178 26 1 
-4 4 -42.3237 180 27 1 
-2 4 -42.1753 180 27 1 
0 4 -42.0734 180 27 1 
2 4 -42.1261 180 27 1 
4 4 -42.256 180 27 1 
6 4 -42.221 180 27 1 
8 4 -41.9988 180 27 1 
10 4 -41.7979 183 29 2 
12 4 -41.8717 183 29 2 
14 4 -41.9408 183 29 2 
16 4 -41.8338 183 29 2 
18 4 -41.7022 183 29 2 
20 4 -41.7218 183 29 2 
22 4 -41.7569 183 29 2 
24 4 -41.6123 183 29 2 
26 4 -41.3998 185 30 2 
28 4 -41.2748 185 30 2 
30 4 -41.0534 185 30 2 
32 4 -40.8061 188 32 2 
34 4 -40.7366 188 32 2 
36 4 -40.6159 188 32 2 
38 4 -40.4238 190 33 2 
40 4 -40.2916 190 33 2 
42 4 -40.1235 190 33 2 
44 4 -40.0116 190 33 2 
46 4 -39.9434 193 35 2 
48 4 -39.8517 193 35 2 
50 4 -39.8391 193 35 2 
54 4 -39.5487 193 35 2 
56 4 -39.327 195 37 3 
58 4 -39.0594 195 37 3 
60 4 -38.82 197 38 3 
62 4 -38.68 197 38 3 
64 4 -38.5048 197 38 3 
66 4 -38.3613 200 40 3 
68 4 -38.192 200 40 3 
70 4 -37.9875 200 40 3 
72 4 -37.8184 202 42 4 
74 4 -37.7099 202 42 4 
76 4 -37.5617 202 42 4 
78 4 -37.2969 204 43 4 
80 4 -37.1492 204 43 4 
82 4 -37.1049 204 43 4 
90 4 -36.4434 208 47 5 
92 4 -36.202 208 47 5 
94 4 -36.0893 208 47 5 
106 4 -34.6936 214 53 6 
108 4 -34.6029 214 53 6 
112 4 -34.8208 214 53 6 
-148 2 -36.4324 208 47 5 
-146 2 -36.7753 206 45 4 
-144 2 -36.3615 208 47 5 
-142 2 -35.795 210 49 5 
-140 2 -36.0333 208 47 5 
-138 2 -36.84 206 45 4 
-136 2 -37.0273 204 43 4 
-134 2 -36.9525 206 45 4 
-132 2 -36.8161 206 45 4 
-130 2 -36.7648 206 45 4 
-128 2 -36.9425 206 45 4 
-126 2 -37.081 204 43 4 
-124 2 -37.0366 204 43 4 
-122 2 -36.7639 206 45 4 
-120 2 -36.7392 206 45 4 
-118 2 -37.0617 204 43 4 
-116 2 -37.4568 204 43 4 
-114 2 -37.8161 202 42 4 
-112 2 -37.8529 202 42 4 
-110 2 -37.7473 202 42 4 
-108 2 -38.0145 200 40 3 
-106 2 -38.3615 200 40 3 
-104 2 -38.5204 197 38 3 
-102 2 -38.4404 200 40 3 
-100 2 -38.4931 197 38 3 
-98 2 -38.7598 197 38 3 
-96 2 -38.8011 197 38 3 
-94 2 -38.9667 197 38 3 
-92 2 -39.1042 195 37 3 
-90 2 -39.0018 195 37 3 
-88 2 -38.96 197 38 3 
-86 2 -39.2002 195 37 3 
-84 2 -39.5214 193 35 2 
-82 2 -39.6648 193 35 2 
-80 2 -39.7704 193 35 2 
-78 2 -39.8024 193 35 2 
-76 2 -39.8374 193 35 2 
-74 2 -40.1771 190 33 2 
-72 2 -40.3526 190 33 2 
-70 2 -40.3229 190 33 2 
-68 2 -40.3201 190 33 2 
-66 2 -40.4743 190 33 2 
-64 2 -40.8798 188 32 2 
-62 2 -41.1641 185 30 2 
-60 2 -41.1873 185 30 2 
-58 2 -41.1814 185 30 2 
-56 2 -41.3592 185 30 2 
-54 2 -41.4634 185 30 2 
-52 2 -41.463 185 30 2 
-50 2 -41.5707 183 29 2 
-48 2 -41.629 183 29 2 
-46 2 -41.956 183 29 2 
-44 2 -42.187 180 27 1 
-42 2 -42.0023 180 27 1 
-40 2 -41.9234 183 29 2 
-38 2 -42.0894 180 27 1 
-36 2 -42.1633 180 27 1 
-34 2 -42.3754 180 27 1 
-32 2 -42.3884 180 27 1 
-30 2 -42.2844 180 27 1 
-28 2 -42.3886 180 27 1 
-26 2 -42.6866 178 26 1 
-24 2 -42.9535 178 26 1 
-22 2 -42.8484 178 26 1 
-20 2 -42.6715 178 26 1 
-18 2 -42.8925 178 26 1 
-16 2 -43.0755 175 24 1 
-14 2 -43.223 175 24 1 
-12 2 -43.318 175 24 1 
-10 2 -43.2986 175 24 1 
-8 2 -43.3336 175 24 1 
-6 2 -43.3021 175 24 1 
-4 2 -43.1779 175 24 1 
-2 2 -43.2509 175 24 1 
0 2 -43.4587 175 24 1 
2 2 -43.6503 172 23 1 
4 2 -43.7891 172 23 1 
6 2 -43.9399 172 23 1 
8 2 -43.8878 172 23 1 
10 2 -43.6737 172 23 1 
12 2 -43.8692 172 23 1 
14 2 -44.3024 169 22 1 
16 2 -44.557 167 20 1 
18 2 -44.6862 167 20 1 
20 2 -44.7348 167 20 1 
22 2 -44.6533 167 20 1 
24 2 -44.5153 167 20 1 
26 2 -44.4865 169 22 1 
28 2 -44.6574 167 20 1 
30 2 -44.4644 169 22 1 
32 2 -44.2337 169 22 1 
34 2 -44.306 169 22 1 
36 2 -44.3001 169 22 1 
38 2 -44.1904 169 22 1 
40 2 -44.1362 169 22 1 
42 2 -44.113 169 22 1 
44 2 -44.022 169 22 1 
46 2 -44.0121 169 22 1 
48 2 -44.0542 169 22 1 
50 2 -44.0949 169 22 1 
52 2 -44.1465 169 22 1 
54 2 -44.113 169 22 1 
56 2 -44.0218 169 22 1 
58 2 -43.6892 172 23 1 
60 2 -43.5913 172 23 1 
62 2 -43.7003 172 23 1 
64 2 -43.5715 172 23 1 
66 2 -43.2778 175 24 1 
68 2 -43.0189 175 24 1 
-148 0 -39.555 193 35 2 
-146 0 -39.6308 193 35 2 
-144 0 -39.2895 195 37 3 
-142 0 -39.0105 195 37 3 
-140 0 -39.1691 195 37 3 
-138 0 -39.3195 195 37 3 
-136 0 -39.1925 195 37 3 
-134 0 -39.0781 195 37 3 
-132 0 -39.0589 195 37 3 
-130 0 -39.0171 195 37 3 
-128 0 -38.9561 197 38 3 
-126 0 -38.9983 195 37 3 
-124 0 -39.0694 195 37 3 
-122 0 -38.944 197 38 3 
-120 0 -38.8311 197 38 3 
-118 0 -38.8259 197 38 3 
-116 0 -38.936 197 38 3 
-114 0 -39.1203 195 37 3 
-112 0 -39.076 195 37 3 
-110 0 -38.954 197 38 3 
-108 0 -39.0903 195 37 3 
-106 0 -39.2359 195 37 3 
-104 0 -39.3992 195 37 3 
-102 0 -39.592 193 35 2 
-100 0 -39.6304 193 35 2 
-98 0 -39.5276 193 35 2 
-96 0 -39.3994 195 37 3 
-94 0 -39.5112 193 35 2 
-92 0 -39.468 195 37 3 
-90 0 -39.3211 195 37 3 
-88 0 -39.3777 195 37 3 
-86 0 -39.5248 193 35 2 
-84 0 -39.5056 193 35 2 
-82 0 -39.4096 195 37 3 
-80 0 -39.3702 195 37 3 
-78 0 -39.2733 195 37 3 
-76 0 -39.1215 195 37 3 
-74 0 -39.1542 195 37 3 
-72 0 -39.2576 195 37 3 
-70 0 -39.4209 195 37 3 
-68 0 -39.6655 193 35 2 
-66 0 -39.7762 193 35 2 
-64 0 -39.7656 193 35 2 
-62 0 -39.5281 193 35 2 
-60 0 -39.282 195 37 3 
-58 0 -39.3958 195 37 3 
-56 0 -39.5495 193 35 2 
-54 0 -39.55 193 35 2 
-52 0 -39.7415 193 35 2 
-50 0 -39.7584 193 35 2 
-48 0 -39.4897 193 35 2 
-46 0 -39.4675 195 37 3 
-44 0 -39.5323 193 35 2 
-42 0 -39.6106 193 35 2 
-40 0 -39.7337 193 35 2 
-38 0 -39.6761 193 35 2 
-36 0 -39.461 195 37 3 
-34 0 -39.6385 193 35 2 
-32 0 -39.7841 193 35 2 
-30 0 -39.9726 193 35 2 
-28 0 -40.2347 190 33 2 
-26 0 -40.4692 190 33 2 
-24 0 -40.5522 188 32 2 
-22 0 -40.2711 190 33 2 
-20 0 -40.1446 190 33 2 
-18 0 -40.329 190 33 2 
-16 0 -40.4797 190 33 2 
-14 0 -40.6585 188 32 2 
-12 0 -40.8658 188 32 2 
-10 0 -41.0865 185 30 2 
-8 0 -41.1014 185 30 2 
-6 0 -40.9772 188 32 2 
-4 0 -41.0306 185 30 2 
-2 0 -41.3819 185 30 2 
0 0 -41.7044 183 29 2 
2 0 -41.6537 183 29 2 
4 0 -41.3898 185 30 2 
6 0 -41.243 185 30 2 
8 0 -41.2385 185 30 2 
10 0 -41.3952 185 30 2 
12 0 -41.6991 183 29 2 
14 0 -41.8935 183 29 2 
16 0 -42.07 180 27 1 
18 0 -42.2626 180 27 1 
20 0 -42.49 178 26 1 
22 0 -42.5581 178 26 1 
24 0 -42.4541 180 27 1 
26 0 -42.3392 180 27 1 
28 0 -42.3462 180 27 1 
30 0 -42.3054 180 27 1 
32 0 -42.3909 180 27 1 
34 0 -42.776 178 26 1 
36 0 -43.2528 175 24 1 
38 0 -43.348 175 24 1 
40 0 -43.0739 175 24 1 
42 0 -42.9399 178 26 1 
44 0 -43.0249 175 24 1 
46 0 -43.2899 175 24 1 
48 0 -43.4178 175 24 1 
50 0 -43.3376 175 24 1 
52 0 -43.399 175 24 1 
54 0 -43.7204 172 23 1 
56 0 -43.9163 172 23 1 
58 0 -43.7228 172 23 1 
60 0 -43.6921 172 23 1 
62 0 -43.7657 172 23 1 
64 0 -43.7194 172 23 1 
66 0 -43.6505 172 23 1 
68 0 -43.5283 172 23 1 
70 0 -43.6175 172 23 1 
72 0 -43.7882 172 23 1 
74 0 -43.8202 172 23 1 
76 0 -43.8428 172 23 1 
78 0 -43.7516 172 23 1 
80 0 -43.7273 172 23 1 
82 0 -43.8258 172 23 1 
84 0 -43.783 172 23 1 
86 0 -43.7462 172 23 1 
88 0 -43.9713 172 23 1 
90 0 -44.2765 169 22 1 
92 0 -44.1115 169 22 1 
94 0 -44.0843 169 22 1 
96 0 -44.1521 169 22 1 
98 0 -44.0697 169 22 1 
100 0 -44.0505 169 22 1 
102 0 -43.8996 172 23 1 
104 0 -43.5064 172 23 1 
106 0 -41.8867 183 29 2 
108 0 -39.7652 193 35 2 
110 0 -38.7865 197 38 3 
112 0 -37.8225 202 42 4 
-148 -2 -41.941 183 29 2 
-146 -2 -42.0713 180 27 1 
-144 -2 -41.7752 183 29 2 
-142 -2 -41.2919 185 30 2 
-140 -2 -41.7077 183 29 2 
-138 -2 -42.0694 180 27 1 
-136 -2 -42.0564 180 27 1 
-134 -2 -42.0906 180 27 1 
-132 -2 -42.1336 180 27 1 
-130 -2 -42.035 180 27 1 
-128 -2 -42.0676 180 27 1 
-126 -2 -42.3155 180 27 1 
-124 -2 -42.4117 180 27 1 
-122 -2 -42.3911 180 27 1 
-120 -2 -42.4106 180 27 1 
-118 -2 -42.3142 180 27 1 
-116 -2 -42.2599 180 27 1 
-114 -2 -42.3127 180 27 1 
-112 -2 -42.3869 180 27 1 
-110 -2 -42.4642 180 27 1 
-108 -2 -42.5255 178 26 1 
-106 -2 -42.5151 178 26 1 
-104 -2 -42.5201 178 26 1 
-102 -2 -42.575 178 26 1 
-100 -2 -42.6013 178 26 1 
-98 -2 -42.5581 178 26 1 
-96 -2 -42.498 178 26 1 
-94 -2 -42.5067 178 26 1 
-92 -2 -42.4685 180 27 1 
-90 -2 -42.4372 180 27 1 
-88 -2 -42.4637 180 27 1 
-86 -2 -42.4341 180 27 1 
-84 -2 -42.3558 180 27 1 
-82 -2 -42.304 180 27 1 
-80 -2 -42.3294 180 27 1 
-78 -2 -42.3511 180 27 1 
-76 -2 -42.2802 180 27 1 
-74 -2 -42.2079 180 27 1 
-72 -2 -42.1558 180 27 1 
-70 -2 -42.1643 180 27 1 
-68 -2 -42.2254 180 27 1 
-66 -2 -42.2242 180 27 1 
-64 -2 -42.1322 180 27 1 
-62 -2 -41.895 183 29 2 
-60 -2 -41.6629 183 29 2 
-58 -2 -41.7102 183 29 2 
-56 -2 -41.739 183 29 2 
-54 -2 -41.6217 183 29 2 
-52 -2 -41.681 183 29 2 
-50 -2 -41.7043 183 29 2 
-48 -2 -41.607 183 29 2 
-46 -2 -41.4785 185 30 2 
-44 -2 -41.4225 185 30 2 
-42 -2 -41.3832 185 30 2 
-40 -2 -41.3046 185 30 2 
-38 -2 -41.2874 185 30 2 
-36 -2 -41.2877 185 30 2 
-34 -2 -41.2534 185 30 2 
-32 -2 -41.1114 185 30 2 
-30 -2 -41.1752 185 30 2 
-28 -2 -41.229 185 30 2 
-26 -2 -41.1684 185 30 2 
-24 -2 -41.0388 185 30 2 
-22 -2 -40.7975 188 32 2 
-20 -2 -40.8142 188 32 2 
-18 -2 -40.8138 188 32 2 
-16 -2 -40.7635 188 32 2 
-14 -2 -40.8759 188 32 2 
-12 -2 -40.9805 188 32 2 
-10 -2 -41.0985 185 30 2 
-8 -2 -41.0514 185 30 2 
-6 -2 -40.9028 188 32 2 
-4 -2 -40.8556 188 32 2 
-2 -2 -40.9404 188 32 2 
0 -2 -40.8932 188 32 2 
2 -2 -40.7216 188 32 2 
4 -2 -40.5644 188 32 2 
6 -2 -40.3735 190 33 2 
8 -2 -40.2139 190 33 2 
10 -2 -40.3502 190 33 2 
12 -2 -40.4924 188 32 2 
14 -2 -40.4337 190 33 2 
16 -2 -40.3475 190 33 2 
18 -2 -40.2448 190 33 2 
20 -2 -40.3637 190 33 2 
22 -2 -40.5035 188 32 2 
24 -2 -40.4582 190 33 2 
26 -2 -40.1907 190 33 2 
28 -2 -39.9601 193 35 2 
30 -2 -39.9806 193 35 2 
32 -2 -40.1534 190 33 2 
34 -2 -40.3303 190 33 2 
36 -2 -40.5962 188 32 2 
38 -2 -40.6593 188 32 2 
40 -2 -40.5338 188 32 2 
42 -2 -40.5805 188 32 2 
44 -2 -40.683 188 32 2 
46 -2 -40.5805 188 32 2 
48 -2 -40.4163 190 33 2 
50 -2 -40.3631 190 33 2 
52 -2 -40.4363 190 33 2 
54 -2 -40.6845 188 32 2 
56 -2 -40.8922 188 32 2 
58 -2 -40.8157 188 32 2 
60 -2 -40.6108 188 32 2 
62 -2 -40.5482 188 32 2 
64 -2 -40.665 188 32 2 
66 -2 -40.9084 188 32 2 
68 -2 -40.8203 188 32 2 
70 -2 -40.8453 188 32 2 
72 -2 -41.1784 185 30 2 
74 -2 -41.3775 185 30 2 
76 -2 -41.3889 185 30 2 
78 -2 -41.1259 185 30 2 
80 -2 -40.9999 185 30 2 
82 -2 -41.1029 185 30 2 
84 -2 -41.2339 185 30 2 
86 -2 -41.2377 185 30 2 
88 -2 -41.273 185 30 2 
90 -2 -41.561 183 29 2 
92 -2 -41.7978 183 29 2 
94 -2 -41.9528 183 29 2 
96 -2 -42.0285 180 27 1 
98 -2 -42.0583 180 27 1 
100 -2 -42.0384 180 27 1 
102 -2 -42.0315 180 27 1 
104 -2 -41.6937 183 29 2 
106 -2 -38.6831 197 38 3 
108 -2 -34.9802 212 51 5 
110 -2 -34.6765 214 53 6 
112 -2 -34.558 214 53 6 
114 -2 -33.6967 218 57 7 
-148 -4 -38.1024 200 40 3 
-146 -4 -38.302 200 40 3 
-144 -4 -38.4002 200 40 3 
-142 -4 -39.755 193 35 2 
-140 -4 -42.2485 180 27 1 
-138 -4 -42.0985 180 27 1 
-136 -4 -41.6816 183 29 2 
-134 -4 -41.7456 183 29 2 
-132 -4 -41.7692 183 29 2 
-130 -4 -41.7998 183 29 2 
-128 -4 -42.0476 180 27 1 
-126 -4 -42.4472 180 27 1 
-124 -4 -42.6011 178 26 1 
-122 -4 -42.6631 178 26 1 
-120 -4 -42.7829 178 26 1 
-118 -4 -42.9647 178 26 1 
-116 -4 -43.1915 175 24 1 
-114 -4 -43.2386 175 24 1 
-112 -4 -43.2382 175 24 1 
-110 -4 -43.4469 175 24 1 
-108 -4 -43.6954 172 23 1 
-106 -4 -43.915 172 23 1 
-104 -4 -44.0263 169 22 1 
-102 -4 -43.901 172 23 1 
-100 -4 -43.7786 172 23 1 
-98 -4 -43.7578 172 23 1 
-96 -4 -43.8375 172 23 1 
-94 -4 -44.0811 169 22 1 
-92 -4 -44.3091 169 22 1 
-90 -4 -44.4736 169 22 1 
-88 -4 -44.6047 167 20 1 
-86 -4 -44.4599 169 22 1 
-84 -4 -44.3307 169 22 1 
-82 -4 -44.4894 169 22 1 
-80 -4 -44.746 167 20 1 
-78 -4 -44.9789 167 20 1 
-76 -4 -45.1713 164 19 1 
-74 -4 -45.2468 164 19 1 
-72 -4 -45.2932 164 19 1 
-70 -4 -45.4132 164 19 1 
-68 -4 -45.383 164 19 1 
-66 -4 -45.2403 164 19 1 
-64 -4 -45.2803 164 19 1 
-62 -4 -45.344 164 19 1 
-60 -4 -45.2298 164 19 1 
-58 -4 -45.2303 164 19 1 
-56 -4 -45.2602 164 19 1 
-54 -4 -45.2276 164 19 1 
-52 -4 -45.2207 164 19 1 
-50 -4 -45.2479 164 19 1 
-48 -4 -45.4079 164 19 1 
-46 -4 -45.5527 161 18 1 
-44 -4 -45.5011 161 18 1 
-42 -4 -45.4185 164 19 1 
-40 -4 -45.3324 164 19 1 
-38 -4 -45.2537 164 19 1 
-36 -4 -45.3307 164 19 1 
-34 -4 -45.3353 164 19 1 
-32 -4 -45.1573 164 19 1 
-30 -4 -44.9964 164 19 1 
-28 -4 -44.9836 167 20 1 
-26 -4 -45.0559 164 19 1 
-24 -4 -45.0895 164 19 1 
-22 -4 -45.0206 164 19 1 
-20 -4 -44.9301 167 20 1 
-18 -4 -44.7669 167 20 1 
-16 -4 -44.6724 167 20 1 
-14 -4 -44.6728 167 20 1 
-12 -4 -44.6085 167 20 1 
-10 -4 -44.5228 167 20 1 
-8 -4 -44.4204 169 22 1 
-6 -4 -44.3549 169 22 1 
-4 -4 -44.3745 169 22 1 
-2 -4 -44.3343 169 22 1 
0 -4 -44.1504 169 22 1 
2 -4 -43.9709 172 23 1 
4 -4 -43.8804 172 23 1 
6 -4 -43.8235 172 23 1 
8 -4 -43.7011 172 23 1 
10 -4 -43.6199 172 23 1 
12 -4 -43.5653 172 23 1 
14 -4 -43.5269 172 23 1 
16 -4 -43.4707 175 24 1 
18 -4 -43.3558 175 24 1 
20 -4 -43.122 175 24 1 
22 -4 -42.9983 175 24 1 
24 -4 -42.9837 178 26 1 
26 -4 -42.7824 178 26 1 
28 -4 -42.6439 178 26 1 
30 -4 -42.5985 178 26 1 
32 -4 -42.4601 180 27 1 
34 -4 -42.2686 180 27 1 
36 -4 -42.2031 180 27 1 
38 -4 -42.2098 180 27 1 
40 -4 -42.1944 180 27 1 
42 -4 -42.1466 180 27 1 
44 -4 -42.044 180 27 1 
46 -4 -41.8496 183 29 2 
48 -4 -41.7096 183 29 2 
50 -4 -41.6347 183 29 2 
52 -4 -41.5607 183 29 2 
54 -4 -41.5157 183 29 2 
56 -4 -41.4978 183 29 2 
58 -4 -41.3502 185 30 2 
60 -4 -41.0077 185 30 2 
62 -4 -40.9005 188 32 2 
64 -4 -41.0767 185 30 2 
66 -4 -41.1802 185 30 2 
68 -4 -40.9905 185 30 2 
70 -4 -40.8091 188 32 2 
72 -4 -40.883 188 32 2 
74 -4 -41.0433 185 30 2 
76 -4 -41.0652 185 30 2 
78 -4 -40.7957 188 32 2 
80 -4 -40.5984 188 32 2 
82 -4 -40.5052 188 32 2 
84 -4 -40.3073 190 33 2 
86 -4 -40.2005 190 33 2 
88 -4 -40.215 190 33 2 
90 -4 -40.2634 190 33 2 
92 -4 -40.1999 190 33 2 
94 -4 -40.1389 190 33 2 
96 -4 -40.1657 190 33 2 
98 -4 -39.9926 190 33 2 
100 -4 -39.8777 193 35 2 
102 -4 -40.1013 190 33 2 
104 -4 -39.7663 193 35 2 
106 -4 -37.0719 204 43 4 
108 -4 -34.4885 214 53 6 
110 -4 -34.966 214 53 6 
112 -4 -35.0321 212 51 5 
114 -4 -34.5521 214 53 6 
-148 -6 -36.1555 208 47 5 
-146 -6 -35.9662 210 49 5 
-144 -6 -36.5362 206 45 4 
-142 -6 -39.7259 193 35 2 
-138 -6 -41.5156 183 29 2 
-136 -6 -40.4244 190 33 2 
-134 -6 -40.3329 190 33 2 
-132 -6 -40.302 190 33 2 
-130 -6 -40.4413 190 33 2 
-128 -6 -40.7333 188 32 2 
-126 -6 -41.0168 185 30 2 
-124 -6 -41.1084 185 30 2 
-122 -6 -41.2 185 30 2 
-120 -6 -41.4132 185 30 2 
-118 -6 -41.745 183 29 2 
-116 -6 -42.0284 180 27 1 
-114 -6 -42.0858 180 27 1 
-112 -6 -42.0378 180 27 1 
-110 -6 -42.1765 180 27 1 
-108 -6 -42.5691 178 26 1 
-106 -6 -43.0104 175 24 1 
-104 -6 -43.2456 175 24 1 
-102 -6 -43.2622 175 24 1 
-100 -6 -43.1343 175 24 1 
-98 -6 -43.0407 175 24 1 
-96 -6 -43.1738 175 24 1 
-94 -6 -43.4709 175 24 1 
-92 -6 -43.7725 172 23 1 
-90 -6 -44.0234 169 22 1 
-88 -6 -44.1049 169 22 1 
-86 -6 -44.0005 169 22 1 
-84 -6 -43.9307 172 23 1 
-82 -6 -44.0682 169 22 1 
-80 -6 -44.2419 169 22 1 
-78 -6 -44.4084 169 22 1 
-76 -6 -44.6592 167 20 1 
-74 -6 -44.8762 167 20 1 
-72 -6 -45.0118 164 19 1 
-70 -6 -45.2096 164 19 1 
-68 -6 -45.291 164 19 1 
-66 -6 -45.2202 164 19 1 
-64 -6 -45.3157 164 19 1 
-62 -6 -45.5676 161 18 1 
-60 -6 -45.6273 161 18 1 
-58 -6 -45.6809 161 18 1 
-56 -6 -45.6786 161 18 1 
-54 -6 -45.7067 161 18 1 
-52 -6 -45.9411 161 18 1 
-50 -6 -46.1355 158 16 1 
-48 -6 -46.3675 158 16 1 
-46 -6 -46.5637 155 15 1 
-44 -6 -46.5342 155 15 1 
-42 -6 -46.6236 155 15 1 
-40 -6 -46.8142 155 15 1 
-38 -6 -46.7855 155 15 1 
-36 -6 -46.7533 155 15 1 
-34 -6 -46.7868 155 15 1 
-32 -6 -46.6985 155 15 1 
-30 -6 -46.727 155 15 1 
-28 -6 -46.911 155 15 1 
-26 -6 -47.0546 152 14 1 
-24 -6 -47.2946 152 14 1 
-22 -6 -47.5282 149 13 1 
-20 -6 -47.483 152 14 1 
-18 -6 -47.3679 152 14 1 
-16 -6 -47.2986 152 14 1 
-14 -6 -47.2165 152 14 1 
-12 -6 -47.2712 152 14 1 
-10 -6 -47.362 152 14 1 
-8 -6 -47.3479 152 14 1 
-6 -6 -47.3148 152 14 1 
-4 -6 -47.3976 152 14 1 
-2 -6 -47.4258 152 14 1 
0 -6 -47.4187 152 14 1 
2 -6 -47.48 152 14 1 
4 -6 -47.532 149 13 1 
6 -6 -47.468 152 14 1 
8 -6 -47.4384 152 14 1 
10 -6 -47.4599 152 14 1 
12 -6 -47.5322 149 13 1 
14 -6 -47.6293 149 13 1 
16 -6 -47.6959 149 13 1 
18 -6 -47.6768 149 13 1 
20 -6 -47.5261 149 13 1 
22 -6 -47.4052 152 14 1 
24 -6 -47.3813 152 14 1 
26 -6 -47.3434 152 14 1 
28 -6 -47.302 152 14 1 
30 -6 -47.2584 152 14 1 
32 -6 -47.1468 152 14 1 
34 -6 -47.0407 152 14 1 
36 -6 -46.9788 155 15 1 
38 -6 -46.939 155 15 1 
40 -6 -46.9018 155 15 1 
42 -6 -46.7508 155 15 1 
44 -6 -46.4684 158 16 1 
46 -6 -46.2721 158 16 1 
48 -6 -46.2257 158 16 1 
50 -6 -46.2506 158 16 1 
52 -6 -46.1822 158 16 1 
54 -6 -46.0549 158 16 1 
56 -6 -45.9587 161 18 1 
58 -6 -45.7859 161 18 1 
60 -6 -45.5866 161 18 1 
62 -6 -45.4471 164 19 1 
64 -6 -45.393 164 19 1 
66 -6 -45.3228 164 19 1 
68 -6 -45.2179 164 19 1 
70 -6 -45.0879 164 19 1 
72 -6 -45.0155 164 19 1 
74 -6 -45.0683 164 19 1 
76 -6 -44.947 167 20 1 
78 -6 -44.7556 167 20 1 
80 -6 -44.6329 167 20 1 
82 -6 -44.4368 169 22 1 
84 -6 -44.0755 169 22 1 
86 -6 -43.9346 172 23 1 
88 -6 -43.9426 172 23 1 
90 -6 -43.8388 172 23 1 
92 -6 -43.5914 172 23 1 
94 -6 -43.3539 175 24 1 
96 -6 -43.1462 175 24 1 
98 -6 -42.8696 178 26 1 
100 -6 -42.843 178 26 1 
102 -6 -42.9902 175 24 1 
104 -6 -42.7535 178 26 1 
106 -6 -40.7891 188 32 2 
108 -6 -39.0306 195 37 3 
110 -6 -38.931 197 38 3 
112 -6 -38.485 197 38 3 
114 -6 -38.2854 200 40 3 
-148 -8 -39.5298 193 35 2 
-146 -8 -39.2857 195 37 3 
-144 -8 -40.1092 190 33 2 
-142 -8 -42.3591 180 27 1 
-140 -8 -43.2011 175 24 1 
-138 -8 -41.8816 183 29 2 
-136 -8 -41.2495 185 30 2 
-134 -8 -41.2216 185 30 2 
-132 -8 -41.3221 185 30 2 
-130 -8 -41.4255 185 30 2 
-128 -8 -41.5061 183 29 2 
-126 -8 -41.612 183 29 2 
-124 -8 -41.5903 183 29 2 
-122 -8 -41.5982 183 29 2 
-120 -8 -41.753 183 29 2 
-118 -8 -41.9081 183 29 2 
-116 -8 -41.9988 180 27 1 
-114 -8 -42.1212 180 27 1 
-112 -8 -42.2579 180 27 1 
-110 -8 -42.4143 180 27 1 
-108 -8 -42.6343 178 26 1 
-106 -8 -42.7953 178 26 1 
-104 -8 -42.8829 178 26 1 
-102 -8 -42.9991 175 24 1 
-100 -8 -43.0439 175 24 1 
-98 -8 -43.0253 175 24 1 
-96 -8 -43.1211 175 24 1 
-94 -8 -43.3103 175 24 1 
-92 -8 -43.4618 175 24 1 
-90 -8 -43.5581 172 23 1 
-88 -8 -43.5762 172 23 1 
-86 -8 -43.5659 172 23 1 
-84 -8 -43.535 172 23 1 
-82 -8 -43.5954 172 23 1 
-80 -8 -43.724 172 23 1 
-78 -8 -43.7887 172 23 1 
-76 -8 -43.8557 172 23 1 
-74 -8 -43.9848 172 23 1 
-72 -8 -44.0533 169 22 1 
-70 -8 -44.1273 169 22 1 
-68 -8 -44.2976 169 22 1 
-66 -8 -44.4856 169 22 1 
-64 -8 -44.5079 167 20 1 
-62 -8 -44.591 167 20 1 
-60 -8 -44.7588 167 20 1 
-58 -8 -44.9286 167 20 1 
-56 -8 -44.9104 167 20 1 
-54 -8 -44.7626 167 20 1 
-52 -8 -44.8472 167 20 1 
-50 -8 -45.0686 164 19 1 
-48 -8 -45.24 164 19 1 
-46 -8 -45.3339 164 19 1 
-44 -8 -45.3449 164 19 1 
-42 -8 -45.3532 164 19 1 
-40 -8 -45.4064 164 19 1 
-38 -8 -45.5592 161 18 1 
-36 -8 -45.7106 161 18 1 
-34 -8 -45.7439 161 18 1 
-32 -8 -45.6447 161 18 1 
-30 -8 -45.7346 161 18 1 
-28 -8 -45.9974 158 16 1 
-26 -8 -46.1636 158 16 1 
-24 -8 -46.3235 158 16 1 
-22 -8 -46.5851 155 15 1 
-20 -8 -46.6082 155 15 1 
-18 -8 -46.4939 158 16 1 
-16 -8 -46.5005 155 15 1 
-14 -8 -46.5305 155 15 1 
-12 -8 -46.6869 155 15 1 
-10 -8 -46.8753 155 15 1 
-8 -8 -46.9049 155 15 1 
-6 -8 -46.8892 155 15 1 
-4 -8 -47.0545 152 14 1 
-2 -8 -47.2568 152 14 1 
0 -8 -47.2967 152 14 1 
2 -8 -47.3713 152 14 1 
4 -8 -47.4621 152 14 1 
6 -8 -47.4019 152 14 1 
8 -8 -47.5553 149 13 1 
10 -8 -47.8385 149 13 1 
12 -8 -48.055 146 11 1 
14 -8 -48.1784 146 11 1 
16 -8 -48.1264 146 11 1 
18 -8 -48.2106 146 11 1 
20 -8 -48.4394 146 11 1 
22 -8 -48.4853 146 11 1 
24 -8 -48.5321 142 10 1 
26 -8 -48.6569 142 10 1 
28 -8 -48.6494 142 10 1 
30 -8 -48.608 142 10 1 
32 -8 -48.7265 142 10 1 
34 -8 -48.8999 142 10 1 
36 -8 -48.9375 142 10 1 
38 -8 -48.8665 142 10 1 
40 -8 -48.8896 142 10 1 
42 -8 -48.8476 142 10 1 
44 -8 -48.6527 142 10 1 
46 -8 -48.5377 142 10 1 
48 -8 -48.7154 142 10 1 
50 -8 -49.1289 139 9 2 
52 -8 -49.4863 139 9 2 
54 -8 -49.4934 139 9 2 
56 -8 -49.3181 139 9 2 
58 -8 -49.1793 139 9 2 
60 -8 -49.1398 139 9 2 
62 -8 -48.9351 142 10 1 
64 -8 -48.822 142 10 1 
66 -8 -48.9667 142 10 1 
68 -8 -48.9923 142 10 1 
70 -8 -48.9291 142 10 1 
72 -8 -48.9963 142 10 1 
74 -8 -49.2683 139 9 2 
76 -8 -49.243 139 9 2 
78 -8 -49.1007 139 9 2 
80 -8 -49.0715 139 9 2 
82 -8 -49.0545 139 9 2 
84 -8 -48.9547 142 10 1 
86 -8 -48.7223 142 10 1 
88 -8 -48.6309 142 10 1 
90 -8 -48.6428 142 10 1 
92 -8 -48.4404 146 11 1 
94 -8 -48.082 146 11 1 
96 -8 -47.703 149 13 1 
98 -8 -47.7315 149 13 1 
100 -8 -47.9956 149 13 1 
102 -8 -48.1098 146 11 1 
104 -8 -47.6819 149 13 1 
106 -8 -43.5424 172 23 1 
108 -8 -39.5587 193 35 2 
110 -8 -39.1444 195 37 3 
112 -8 -38.533 197 38 3 
114 -8 -38.4909 197 38 3 
-150 -10 -41.6111 183 29 2 
-148 -10 -41.4296 185 30 2 
-146 -10 -41.0293 185 30 2 
-144 -10 -41.779 183 29 2 
-142 -10 -43.2067 175 24 1 
-140 -10 -43.0458 175 24 1 
-138 -10 -43.3077 175 24 1 
-136 -10 -43.5251 172 23 1 
-134 -10 -43.6252 172 23 1 
-132 -10 -43.7932 172 23 1 
-130 -10 -43.9525 172 23 1 
-128 -10 -44.1195 169 22 1 
-126 -10 -44.2384 169 22 1 
-124 -10 -44.0816 169 22 1 
-122 -10 -43.9474 172 23 1 
-120 -10 -43.9574 172 23 1 
-118 -10 -44.0183 169 22 1 
-116 -10 -44.0596 169 22 1 
-114 -10 -44.1535 169 22 1 
-112 -10 -44.3316 169 22 1 
-110 -10 -44.3632 169 22 1 
-108 -10 -44.2425 169 22 1 
-106 -10 -44.1866 169 22 1 
-104 -10 -44.3052 169 22 1 
-102 -10 -44.5437 167 20 1 
-100 -10 -44.7219 167 20 1 
-98 -10 -44.6809 167 20 1 
-96 -10 -44.6268 167 20 1 
-94 -10 -44.7069 167 20 1 
-92 -10 -44.7738 167 20 1 
-90 -10 -44.7522 167 20 1 
-88 -10 -44.7165 167 20 1 
-86 -10 -44.7211 167 20 1 
-84 -10 -44.6989 167 20 1 
-82 -10 -44.7169 167 20 1 
-80 -10 -44.79 167 20 1 
-78 -10 -44.8141 167 20 1 
-76 -10 -44.8633 167 20 1 
-74 -10 -44.9795 167 20 1 
-72 -10 -45.0088 164 19 1 
-70 -10 -44.9974 164 19 1 
-68 -10 -45.0585 164 19 1 
-66 -10 -45.1934 164 19 1 
-64 -10 -45.2719 164 19 1 
-62 -10 -45.3019 164 19 1 
-60 -10 -45.3193 164 19 1 
-58 -10 -45.2701 164 19 1 
-56 -10 -44.9321 167 20 1 
-54 -10 -44.7597 167 20 1 
-52 -10 -45.1445 164 19 1 
-50 -10 -45.3631 164 19 1 
-48 -10 -45.2628 164 19 1 
-46 -10 -44.9336 167 20 1 
-44 -10 -44.6953 167 20 1 
-42 -10 -44.6874 167 20 1 
-40 -10 -44.8453 167 20 1 
-38 -10 -45.3572 164 19 1 
-36 -10 -45.5725 161 18 1 
-34 -10 -45.5276 161 18 1 
-32 -10 -45.6498 161 18 1 
-30 -10 -45.7932 161 18 1 
-28 -10 -45.8962 161 18 1 
-26 -10 -45.9687 161 18 1 
-24 -10 -46.0695 158 16 1 
-22 -10 -46.2657 158 16 1 
-20 -10 -46.3159 158 16 1 
-18 -10 -46.159 158 16 1 
-16 -10 -46.1087 158 16 1 
-14 -10 -46.2076 158 16 1 
-12 -10 -46.309 158 16 1 
-10 -10 -46.4475 158 16 1 
-8 -10 -46.4879 158 16 1 
-6 -10 -46.3821 158 16 1 
-4 -10 -46.3217 158 16 1 
-2 -10 -46.3932 158 16 1 
0 -10 -46.3855 158 16 1 
2 -10 -46.3842 158 16 1 
4 -10 -46.3507 158 16 1 
6 -10 -46.3384 158 16 1 
8 -10 -46.4755 158 16 1 
10 -10 -46.6371 155 15 1 
12 -10 -46.846 155 15 1 
14 -10 -46.9178 155 15 1 
16 -10 -46.7149 155 15 1 
18 -10 -46.6535 155 15 1 
20 -10 -46.764 155 15 1 
22 -10 -46.8623 155 15 1 
24 -10 -46.9757 155 15 1 
26 -10 -46.8825 155 15 1 
28 -10 -46.8043 155 15 1 
30 -10 -46.9015 155 15 1 
32 -10 -47.0751 152 14 1 
34 -10 -47.2293 152 14 1 
36 -10 -47.3949 152 14 1 
38 -10 -47.4778 152 14 1 
40 -10 -47.4365 152 14 1 
42 -10 -47.3387 152 14 1 
44 -10 -47.2961 152 14 1 
46 -10 -47.4776 152 14 1 
48 -10 -47.6642 149 13 1 
50 -10 -47.8006 149 13 1 
52 -10 -48.1433 146 11 1 
54 -10 -48.358 146 11 1 
56 -10 -48.3394 146 11 1 
58 -10 -48.2142 146 11 1 
60 -10 -48.1494 146 11 1 
62 -10 -48.0263 146 11 1 
64 -10 -48.0065 146 11 1 
66 -10 -48.271 146 11 1 
68 -10 -48.3317 146 11 1 
70 -10 -48.2619 146 11 1 
72 -10 -48.3502 146 11 1 
74 -10 -48.7546 142 10 1 
76 -10 -49.0709 139 9 2 
78 -10 -49.1092 139 9 2 
80 -10 -49.1135 139 9 2 
82 -10 -49.2743 139 9 2 
84 -10 -49.5698 136 8 2 
86 -10 -49.411 139 9 2 
88 -10 -49.1902 139 9 2 
90 -10 -49.3055 139 9 2 
92 -10 -49.1047 139 9 2 
94 -10 -48.8316 142 10 1 
96 -10 -48.897 142 10 1 
98 -10 -49.3819 139 9 2 
100 -10 -49.7021 136 8 2 
102 -10 -50 136 8 2 
104 -10 -49.4062 139 9 2 
106 -10 -42.7789 178 26 1 
108 -10 -36.2324 208 47 5 
110 -10 -35.7604 210 49 5 
112 -10 -35.0717 212 51 5 
114 -10 -34.5418 214 53 6 
-150 -12 -38.6387 197 38 3 
-148 -12 -38.4141 200 40 3 
-146 -12 -37.6285 202 42 4 
-144 -12 -39.0021 195 37 3 
-140 -12 -42.3948 180 27 1 
-138 -12 -42.7759 178 26 1 
-136 -12 -43.3409 175 24 1 
-134 -12 -43.7508 172 23 1 
-132 -12 -44.0521 169 22 1 
-130 -12 -44.2692 169 22 1 
-128 -12 -44.5401 167 20 1 
-126 -12 -44.7554 167 20 1 
-124 -12 -44.6732 167 20 1 
-122 -12 -44.6362 167 20 1 
-120 -12 -44.7043 167 20 1 
-118 -12 -44.8363 167 20 1 
-116 -12 -44.9931 164 19 1 
-114 -12 -45.1285 164 19 1 
-112 -12 -45.2361 164 19 1 
-110 -12 -45.2641 164 19 1 
-108 -12 -45.2105 164 19 1 
-106 -12 -45.3011 164 19 1 
-104 -12 -45.5739 161 18 1 
-102 -12 -45.8406 161 18 1 
-100 -12 -46.0354 158 16 1 
-98 -12 -46.0712 158 16 1 
-96 -12 -46.1116 158 16 1 
-94 -12 -46.2233 158 16 1 
-92 -12 -46.2742 158 16 1 
-90 -12 -46.2543 158 16 1 
-88 -12 -46.239 158 16 1 
-86 -12 -46.3175 158 16 1 
-84 -12 -46.3697 158 16 1 
-82 -12 -46.3526 158 16 1 
-80 -12 -46.3668 158 16 1 
-78 -12 -46.3778 158 16 1 
-76 -12 -46.5077 155 15 1 
-74 -12 -46.7506 155 15 1 
-72 -12 -46.7957 155 15 1 
-70 -12 -46.6944 155 15 1 
-68 -12 -46.6434 155 15 1 
-66 -12 -46.7058 155 15 1 
-64 -12 -46.8571 155 15 1 
-62 -12 -46.9377 155 15 1 
-60 -12 -46.8688 155 15 1 
-58 -12 -46.7436 155 15 1 
-56 -12 -45.9015 161 18 1 
-54 -12 -45.4682 164 19 1 
-52 -12 -46.5094 155 15 1 
-50 -12 -46.8942 155 15 1 
-48 -12 -46.3787 158 16 1 
-46 -12 -45.4802 164 19 1 
-44 -12 -45.1449 164 19 1 
-42 -12 -45.2838 164 19 1 
-40 -12 -45.893 161 18 1 
-38 -12 -46.9271 155 15 1 
-36 -12 -47.1885 152 14 1 
-34 -12 -47.184 152 14 1 
-32 -12 -47.5024 149 13 1 
-30 -12 -47.5828 149 13 1 
-28 -12 -47.553 149 13 1 
-26 -12 -47.4566 152 14 1 
-24 -12 -47.3784 152 14 1 
-22 -12 -47.417 152 14 1 
-20 -12 -47.5347 149 13 1 
-18 -12 -47.6318 149 13 1 
-16 -12 -47.6639 149 13 1 
-14 -12 -47.6243 149 13 1 
-12 -12 -47.5223 149 13 1 
-10 -12 -47.5352 149 13 1 
-8 -12 -47.598 149 13 1 
-6 -12 -47.6096 149 13 1 
-4 -12 -47.6131 149 13 1 
-2 -12 -47.3702 152 14 1 
0 -12 -46.701 155 15 1 
2 -12 -46.6425 155 15 1 
4 -12 -47.0885 152 14 1 
6 -12 -47.3897 152 14 1 
8 -12 -47.5145 149 13 1 
10 -12 -47.2838 152 14 1 
12 -12 -47.3083 152 14 1 
14 -12 -47.4889 152 14 1 
16 -12 -47.4786 152 14 1 
18 -12 -47.4099 152 14 1 
20 -12 -47.2817 152 14 1 
22 -12 -47.3587 152 14 1 
24 -12 -47.3806 152 14 1 
26 -12 -47.2218 152 14 1 
28 -12 -47.2119 152 14 1 
30 -12 -47.2843 152 14 1 
32 -12 -47.2498 152 14 1 
34 -12 -47.1894 152 14 1 
36 -12 -47.2698 152 14 1 
38 -12 -47.322 152 14 1 
40 -12 -47.1662 152 14 1 
42 -12 -47.0323 152 14 1 
44 -12 -47.0345 152 14 1 
46 -12 -47.0939 152 14 1 
48 -12 -47.0413 152 14 1 
50 -12 -46.9347 155 15 1 
52 -12 -46.9197 155 15 1 
54 -12 -46.9647 155 15 1 
56 -12 -47.0173 152 14 1 
58 -12 -46.9368 155 15 1 
60 -12 -46.8307 155 15 1 
62 -12 -46.8155 155 15 1 
64 -12 -46.7236 155 15 1 
66 -12 -46.6879 155 15 1 
68 -12 -46.8258 155 15 1 
70 -12 -46.8483 155 15 1 
72 -12 -46.6776 155 15 1 
74 -12 -46.5852 155 15 1 
76 -12 -46.7018 155 15 1 
78 -12 -46.8402 155 15 1 
80 -12 -46.919 155 15 1 
82 -12 -47.0717 152 14 1 
84 -12 -47.3166 152 14 1 
86 -12 -47.3283 152 14 1 
88 -12 -47.2249 152 14 1 
90 -12 -47.2194 152 14 1 
92 -12 -47.0764 152 14 1 
94 -12 -46.9701 155 15 1 
96 -12 -47.0579 152 14 1 
98 -12 -47.2521 152 14 1 
100 -12 -47.4069 152 14 1 
102 -12 -47.646 149 13 1 
104 -12 -47.1054 152 14 1 
106 -12 -41.5103 183 29 2 
108 -12 -36.0319 208 47 5 
-150 -14 -36.9759 204 43 4 
-148 -14 -36.742 206 45 4 
-146 -14 -36.1259 208 47 5 
-144 -14 -37.717 202 42 4 
-142 -14 -40.0693 190 33 2 
-140 -14 -40.3987 190 33 2 
-138 -14 -40.5464 188 32 2 
-136 -14 -40.9102 188 32 2 
-134 -14 -41.2276 185 30 2 
-132 -14 -41.5564 183 29 2 
-130 -14 -41.8794 183 29 2 
-128 -14 -42.2274 180 27 1 
-126 -14 -42.5271 178 26 1 
-124 -14 -42.6808 178 26 1 
-122 -14 -42.9251 178 26 1 
-120 -14 -43.2473 175 24 1 
-118 -14 -43.52 172 23 1 
-116 -14 -43.6775 172 23 1 
-114 -14 -43.7581 172 23 1 
-112 -14 -43.8114 172 23 1 
-110 -14 -43.9683 172 23 1 
-108 -14 -44.2881 169 22 1 
-106 -14 -44.5889 167 20 1 
-104 -14 -44.7503 167 20 1 
-102 -14 -44.8743 167 20 1 
-100 -14 -45.0776 164 19 1 
-98 -14 -45.3068 164 19 1 
-96 -14 -45.5754 161 18 1 
-94 -14 -45.7744 161 18 1 
-92 -14 -45.8094 161 18 1 
-90 -14 -45.8548 161 18 1 
-88 -14 -45.9555 161 18 1 
-86 -14 -46.0827 158 16 1 
-84 -14 -46.2262 158 16 1 
-82 -14 -46.2448 158 16 1 
-80 -14 -46.3046 158 16 1 
-78 -14 -46.5097 155 15 1 
-76 -14 -46.7323 155 15 1 
-74 -14 -46.8713 155 15 1 
-72 -14 -46.9596 155 15 1 
-70 -14 -46.968 155 15 1 
-68 -14 -46.9679 155 15 1 
-66 -14 -47.1049 152 14 1 
-64 -14 -47.2709 152 14 1 
-62 -14 -47.3607 152 14 1 
-60 -14 -47.5431 149 13 1 
-58 -14 -47.7065 149 13 1 
-56 -14 -47.4177 152 14 1 
-54 -14 -47.2017 152 14 1 
-52 -14 -47.6334 149 13 1 
-50 -14 -47.8845 149 13 1 
-48 -14 -47.7979 149 13 1 
-46 -14 -47.6129 149 13 1 
-44 -14 -47.6432 149 13 1 
-42 -14 -47.6142 149 13 1 
-40 -14 -47.7924 149 13 1 
-38 -14 -48.4655 146 11 1 
-36 -14 -48.5871 142 10 1 
-34 -14 -48.6386 142 10 1 
-32 -14 -48.9276 142 10 1 
-30 -14 -48.9021 142 10 1 
-28 -14 -48.961 142 10 1 
-26 -14 -48.871 142 10 1 
-24 -14 -48.6817 142 10 1 
-22 -14 -48.7141 142 10 1 
-20 -14 -48.8147 142 10 1 
-18 -14 -49.029 139 9 2 
-16 -14 -49.2366 139 9 2 
-14 -14 -49.2158 139 9 2 
-12 -14 -49.0274 139 9 2 
-10 -14 -49.0748 139 9 2 
-8 -14 -49.2821 139 9 2 
-6 -14 -49.31 139 9 2 
-4 -14 -49.2569 139 9 2 
-2 -14 -48.4905 146 11 1 
0 -14 -46.4504 158 16 1 
2 -14 -46.2001 158 16 1 
4 -14 -47.2932 152 14 1 
6 -14 -48.0779 146 11 1 
8 -14 -48.9182 142 10 1 
10 -14 -48.1758 146 11 1 
12 -14 -48.1077 146 11 1 
14 -14 -48.8641 142 10 1 
16 -14 -49.2655 139 9 2 
18 -14 -49.6933 136 8 2 
20 -14 -49.7817 136 8 2 
22 -14 -49.8395 136 8 2 
24 -14 -49.8283 136 8 2 
26 -14 -49.8737 136 8 2 
28 -14 -49.906 136 8 2 
30 -14 -49.8593 136 8 2 
32 -14 -49.7323 136 8 2 
34 -14 -49.7022 136 8 2 
36 -14 -49.7821 136 8 2 
38 -14 -49.8217 136 8 2 
40 -14 -49.7006 136 8 2 
42 -14 -49.573 136 8 2 
44 -14 -49.5353 136 8 2 
46 -14 -49.4982 139 9 2 
48 -14 -49.463 139 9 2 
50 -14 -49.4927 139 9 2 
52 -14 -49.4319 139 9 2 
54 -14 -49.3422 139 9 2 
56 -14 -49.3234 139 9 2 
58 -14 -49.1885 139 9 2 
60 -14 -49.0043 139 9 2 
62 -14 -48.9264 142 10 1 
64 -14 -48.8325 142 10 1 
66 -14 -48.71 142 10 1 
68 -14 -48.7041 142 10 1 
70 -14 -48.5902 142 10 1 
72 -14 -48.3878 146 11 1 
74 -14 -48.2018 146 11 1 
76 -14 -48.0461 146 11 1 
78 -14 -47.9384 149 13 1 
80 -14 -47.9046 149 13 1 
82 -14 -47.9632 149 13 1 
84 -14 -48.0032 146 11 1 
86 -14 -47.8354 149 13 1 
88 -14 -47.6909 149 13 1 
90 -14 -47.6525 149 13 1 
92 -14 -47.5143 149 13 1 
94 -14 -47.2878 152 14 1 
96 -14 -47.0911 152 14 1 
98 -14 -47.0031 152 14 1 
100 -14 -47.0231 152 14 1 
102 -14 -46.9435 155 15 1 
104 -14 -46.3393 158 16 1 
106 -14 -42.6653 178 26 1 
108 -14 -39.1178 195 37 3 
110 -14 -38.9043 197 38 3 
-148 -16 -39.0622 195 37 3 
-146 -16 -39.1239 195 37 3 
-144 -16 -40.011 190 33 2 
-142 -16 -40.8755 188 32 2 
-140 -16 -40.9116 188 32 2 
-138 -16 -41.0392 185 30 2 
-136 -16 -41.1354 185 30 2 
-134 -16 -41.1936 185 30 2 
-132 -16 -41.3126 185 30 2 
-130 -16 -41.4972 183 29 2 
-128 -16 -41.6672 183 29 2 
-126 -16 -41.7483 183 29 2 
-124 -16 -41.7685 183 29 2 
-122 -16 -41.9629 183 29 2 
-120 -16 -42.2946 180 27 1 
-118 -16 -42.5404 178 26 1 
-116 -16 -42.615 178 26 1 
-114 -16 -42.6141 178 26 1 
-112 -16 -42.6669 178 26 1 
-110 -16 -42.8746 178 26 1 
-108 -16 -43.2169 175 24 1 
-106 -16 -43.4561 175 24 1 
-104 -16 -43.5031 172 23 1 
-102 -16 -43.6147 172 23 1 
-100 -16 -43.8186 172 23 1 
-98 -16 -44.0879 169 22 1 
-96 -16 -44.4881 169 22 1 
-94 -16 -44.8171 167 20 1 
-92 -16 -44.8773 167 20 1 
-90 -16 -44.8633 167 20 1 
-88 -16 -44.9072 167 20 1 
-86 -16 -45.0865 164 19 1 
-84 -16 -45.4191 164 19 1 
-82 -16 -45.5227 161 18 1 
-80 -16 -45.5114 161 18 1 
-78 -16 -45.8931 161 18 1 
-76 -16 -46.3547 158 16 1 
-74 -16 -46.6526 155 15 1 
-72 -16 -47.0618 152 14 1 
-70 -16 -46.9726 155 15 1 
-68 -16 -46.8958 155 15 1 
-66 -16 -47.3245 152 14 1 
-64 -16 -47.4769 152 14 1 
-62 -16 -47.4609 152 14 1 
-60 -16 -48.0796 146 11 1 
-58 -16 -48.6895 142 10 1 
-56 -16 -49.3498 139 9 2 
-54 -16 -49.7063 136 8 2 
-52 -16 -49.7747 136 8 2 
-50 -16 -49.7665 136 8 2 
-48 -16 -49.5267 136 8 2 
-46 -16 -49.2418 139 9 2 
-44 -16 -49.1266 139 9 2 
-42 -16 -49.1481 139 9 2 
-40 -16 -49.1819 139 9 2 
-38 -16 -49.4071 139 9 2 
-36 -16 -49.3172 139 9 2 
-34 -16 -49.2687 139 9 2 
-32 -16 -49.4432 139 9 2 
-30 -16 -49.384 139 9 2 
-28 -16 -49.34 139 9 2 
-26 -16 -49.3367 139 9 2 
-24 -16 -49.2932 139 9 2 
-22 -16 -49.3681 139 9 2 
-20 -16 -49.4448 139 9 2 
-18 -16 -49.5498 136 8 2 
-16 -16 -49.5562 136 8 2 
-14 -16 -49.4475 139 9 2 
-12 -16 -49.2716 139 9 2 
-10 -16 -49.4278 139 9 2 
-8 -16 -49.7539 136 8 2 
-6 -16 -49.763 136 8 2 
-4 -16 -49.6233 136 8 2 
-2 -16 -49.0503 139 9 2 
0 -16 -48.0789 146 11 1 
2 -16 -48.1718 146 11 1 
4 -16 -48.1951 146 11 1 
6 -16 -48.5662 142 10 1 
8 -16 -49.4488 139 9 2 
10 -16 -48.921 142 10 1 
12 -16 -48.9112 142 10 1 
14 -16 -49.5302 136 8 2 
16 -16 -50.0534 133 7 2 
18 -16 -50.7951 129 6 2 
20 -16 -51.0592 126 5 2 
22 -16 -51.1305 126 5 2 
24 -16 -51.2219 126 5 2 
26 -16 -51.2215 126 5 2 
28 -16 -51.2126 126 5 2 
30 -16 -51.1411 126 5 2 
32 -16 -51.0116 126 5 2 
34 -16 -51.1482 126 5 2 
36 -16 -51.4815 126 5 2 
38 -16 -51.7297 122 4 3 
40 -16 -51.7484 122 4 3 
42 -16 -51.6246 122 4 3 
44 -16 -51.6026 122 4 3 
46 -16 -51.7752 122 4 3 
48 -16 -51.9242 122 4 3 
50 -16 -52.0109 122 4 3 
52 -16 -52.0071 122 4 3 
54 -16 -51.9445 122 4 3 
56 -16 -52.0102 122 4 3 
58 -16 -52.1967 122 4 3 
60 -16 -52.3674 122 4 3 
62 -16 -52.3469 122 4 3 
64 -16 -52.3415 122 4 3 
66 -16 -52.2892 122 4 3 
68 -16 -52.1981 122 4 3 
70 -16 -52.2325 122 4 3 
72 -16 -52.3536 122 4 3 
74 -16 -52.3225 122 4 3 
76 -16 -52.1028 122 4 3 
78 -16 -51.9205 122 4 3 
80 -16 -51.867 122 4 3 
82 -16 -51.869 122 4 3 
84 -16 -51.8161 122 4 3 
86 -16 -51.5922 122 4 3 
88 -16 -51.4762 126 5 2 
90 -16 -51.4841 126 5 2 
92 -16 -51.3815 126 5 2 
94 -16 -51.1777 126 5 2 
96 -16 -51.0178 126 5 2 
98 -16 -50.972 129 6 2 
100 -16 -50.9043 129 6 2 
102 -16 -50.7753 129 6 2 
104 -16 -49.8425 136 8 2 
106 -16 -44.5645 167 20 1 
-148 -18 -40.5371 188 32 2 
-146 -18 -40.7889 188 32 2 
-144 -18 -42.2839 180 27 1 
-142 -18 -43.8341 172 23 1 
-140 -18 -43.8685 172 23 1 
-138 -18 -43.9495 172 23 1 
-136 -18 -44.012 169 22 1 
-134 -18 -43.9823 172 23 1 
-132 -18 -44.0141 169 22 1 
-130 -18 -44.1675 169 22 1 
-128 -18 -44.2436 169 22 1 
-126 -18 -44.1804 169 22 1 
-124 -18 -44.1416 169 22 1 
-122 -18 -44.2696 169 22 1 
-120 -18 -44.4571 169 22 1 
-118 -18 -44.6092 167 20 1 
-116 -18 -44.612 167 20 1 
-114 -18 -44.5643 167 20 1 
-112 -18 -44.5894 167 20 1 
-110 -18 -44.6872 167 20 1 
-108 -18 -44.8491 167 20 1 
-106 -18 -44.9829 167 20 1 
-104 -18 -45.0777 164 19 1 
-102 -18 -45.1685 164 19 1 
-100 -18 -45.1426 164 19 1 
-98 -18 -45.1801 164 19 1 
-96 -18 -45.3837 164 19 1 
-94 -18 -45.5306 161 18 1 
-92 -18 -45.5252 161 18 1 
-90 -18 -45.4834 164 19 1 
-88 -18 -45.5018 161 18 1 
-86 -18 -45.5949 161 18 1 
-84 -18 -45.7364 161 18 1 
-82 -18 -45.8466 161 18 1 
-80 -18 -45.9441 161 18 1 
-78 -18 -46.2544 158 16 1 
-76 -18 -46.5356 155 15 1 
-74 -18 -46.7892 155 15 1 
-72 -18 -47.305 152 14 1 
-70 -18 -47.2245 152 14 1 
-68 -18 -46.9996 152 14 1 
-64 -18 -47.4786 152 14 1 
-62 -18 -47.4089 152 14 1 
-60 -18 -48.1843 146 11 1 
-58 -18 -49.2112 139 9 2 
-56 -18 -50.7727 129 6 2 
-54 -18 -51.5477 122 4 3 
-52 -18 -51.5301 122 4 3 
-50 -18 -51.1949 126 5 2 
-48 -18 -50.3496 133 7 2 
-46 -18 -49.4972 139 9 2 
-44 -18 -49.3521 139 9 2 
-42 -18 -49.7978 136 8 2 
-40 -18 -50.1758 133 7 2 
-38 -18 -50.358 133 7 2 
-36 -18 -50.4097 133 7 2 
-34 -18 -50.5245 129 6 2 
-32 -18 -50.8199 129 6 2 
-30 -18 -50.9224 129 6 2 
-28 -18 -50.9819 129 6 2 
-26 -18 -51.1395 126 5 2 
-24 -18 -51.2154 126 5 2 
-22 -18 -51.3539 126 5 2 
-20 -18 -51.5359 122 4 3 
-18 -18 -51.6687 122 4 3 
-16 -18 -51.6987 122 4 3 
-14 -18 -51.771 122 4 3 
-12 -18 -51.77 122 4 3 
-10 -18 -51.7975 122 4 3 
-8 -18 -51.8528 122 4 3 
-6 -18 -51.9021 122 4 3 
-4 -18 -51.9344 122 4 3 
-2 -18 -51.909 122 4 3 
0 -18 -51.9745 122 4 3 
2 -18 -52.045 122 4 3 
4 -18 -51.9932 122 4 3 
6 -18 -51.7981 122 4 3 
8 -18 -51.6801 122 4 3 
10 -18 -51.5426 122 4 3 
12 -18 -51.478 126 5 2 
14 -18 -51.5434 122 4 3 
16 -18 -51.8507 122 4 3 
18 -18 -52.2303 122 4 3 
20 -18 -52.2561 122 4 3 
22 -18 -52.0503 122 4 3 
24 -18 -51.6075 122 4 3 
26 -18 -51.1067 126 5 2 
28 -18 -51.1037 126 5 2 
30 -18 -51.004 129 6 2 
32 -18 -51.0223 126 5 2 
34 -18 -51.3277 126 5 2 
36 -18 -51.595 122 4 3 
38 -18 -51.7759 122 4 3 
40 -18 -51.7549 122 4 3 
42 -18 -51.2457 126 5 2 
44 -18 -50.9357 129 6 2 
46 -18 -51.2556 126 5 2 
48 -18 -51.7957 122 4 3 
50 -18 -52.0503 122 4 3 
52 -18 -52.2013 122 4 3 
54 -18 -52.3072 122 4 3 
56 -18 -52.5618 122 4 3 
58 -18 -53.0467 122 4 3 
60 -18 -53.5203 122 4 3 
62 -18 -53.5963 122 4 3 
64 -18 -53.2986 122 4 3 
66 -18 -52.9826 122 4 3 
68 -18 -52.8303 122 4 3 
70 -18 -53.1039 122 4 3 
72 -18 -53.796 122 4 3 
74 -18 -54.1197 122 4 3 
76 -18 -53.803 122 4 3 
78 -18 -53.3404 122 4 3 
80 -18 -53.3693 122 4 3 
82 -18 -53.9247 122 4 3 
84 -18 -54.2659 122 4 3 
86 -18 -54.2735 122 4 3 
88 -18 -54.5918 122 4 3 
90 -18 -54.8136 122 4 3 
92 -18 -54.5551 122 4 3 
94 -18 -54.2384 122 4 3 
96 -18 -54.3259 122 4 3 
98 -18 -54.5301 122 4 3 
100 -18 -54.4262 122 4 3 
102 -18 -54.3729 122 4 3 
104 -18 -53.6925 122 4 3 
106 -18 -45.9028 161 18 1 
-148 -20 -38.2516 200 40 3 
-146 -20 -38.2496 200 40 3 
-144 -20 -40.5473 188 32 2 
-142 -20 -42.975 178 26 1 
-140 -20 -43.3039 175 24 1 
-138 -20 -43.5162 172 23 1 
-136 -20 -43.7664 172 23 1 
-134 -20 -43.8543 172 23 1 
-132 -20 -44.0635 169 22 1 
-130 -20 -44.4382 169 22 1 
-128 -20 -44.6991 167 20 1 
-126 -20 -44.7981 167 20 1 
-124 -20 -45.0185 164 19 1 
-122 -20 -45.2927 164 19 1 
-120 -20 -45.5657 161 18 1 
-118 -20 -45.9995 158 16 1 
-116 -20 -46.1362 158 16 1 
-114 -20 -46.0216 158 16 1 
-112 -20 -46.108 158 16 1 
-110 -20 -46.2798 158 16 1 
-108 -20 -46.4883 158 16 1 
-106 -20 -46.7643 155 15 1 
-104 -20 -46.9977 152 14 1 
-102 -20 -47.1734 152 14 1 
-100 -20 -47.2149 152 14 1 
-98 -20 -47.266 152 14 1 
-96 -20 -47.4123 152 14 1 
-94 -20 -47.4613 152 14 1 
-92 -20 -47.4189 152 14 1 
-90 -20 -47.4752 152 14 1 
-88 -20 -47.6771 149 13 1 
-86 -20 -47.9175 149 13 1 
-84 -20 -47.9784 149 13 1 
-82 -20 -48.0016 146 11 1 
-80 -20 -48.1184 146 11 1 
-78 -20 -48.2466 146 11 1 
-76 -20 -48.3502 146 11 1 
-74 -20 -48.4049 146 11 1 
-72 -20 -48.5925 142 10 1 
-70 -20 -48.7127 142 10 1 
-68 -20 -48.6617 142 10 1 
-66 -20 -48.7589 142 10 1 
-64 -20 -48.7745 142 10 1 
-62 -20 -48.7989 142 10 1 
-60 -20 -49.0691 139 9 2 
-58 -20 -49.3513 139 9 2 
-56 -20 -49.7814 136 8 2 
-54 -20 -50.1323 133 7 2 
-52 -20 -49.5488 136 8 2 
-50 -20 -48.6962 142 10 1 
-48 -20 -49.1569 139 9 2 
-46 -20 -49.1037 139 9 2 
-44 -20 -49.1584 139 9 2 
-42 -20 -49.964 136 8 2 
-40 -20 -50.28 133 7 2 
-38 -20 -50.3715 133 7 2 
-36 -20 -50.4495 133 7 2 
-34 -20 -50.5137 129 6 2 
-32 -20 -50.7301 129 6 2 
-30 -20 -51.0444 126 5 2 
-28 -20 -51.3281 126 5 2 
-26 -20 -51.4813 126 5 2 
-24 -20 -51.6981 122 4 3 
-22 -20 -51.9484 122 4 3 
-20 -20 -52.1587 122 4 3 
-18 -20 -52.3813 122 4 3 
-16 -20 -52.7063 122 4 3 
-14 -20 -53.278 122 4 3 
-12 -20 -53.6196 122 4 3 
-10 -20 -53.6823 122 4 3 
-8 -20 -53.6741 122 4 3 
-6 -20 -53.9134 122 4 3 
-4 -20 -54.447 122 4 3 
-2 -20 -54.9753 122 4 3 
0 -20 -55.249 122 4 3 
2 -20 -55.193 122 4 3 
4 -20 -55.1512 122 4 3 
6 -20 -54.9112 122 4 3 
8 -20 -54.6765 122 4 3 
10 -20 -54.606 122 4 3 
12 -20 -54.656 122 4 3 
14 -20 -54.7772 122 4 3 
16 -20 -54.9607 122 4 3 
18 -20 -55.0691 122 4 3 
20 -20 -54.8475 122 4 3 
22 -20 -54.3628 122 4 3 
24 -20 -53.6369 122 4 3 
26 -20 -53.1118 122 4 3 
28 -20 -53.1539 122 4 3 
30 -20 -53.0435 122 4 3 
32 -20 -53.057 122 4 3 
34 -20 -53.264 122 4 3 
36 -20 -53.275 122 4 3 
38 -20 -53.2791 122 4 3 
40 -20 -53.1396 122 4 3 
42 -20 -52.4271 122 4 3 
44 -20 -51.8095 122 4 3 
46 -20 -51.9046 122 4 3 
48 -20 -52.7213 122 4 3 
50 -20 -53.0395 122 4 3 
52 -20 -53.1883 122 4 3 
54 -20 -53.4025 122 4 3 
56 -20 -53.2493 122 4 3 
58 -20 -53.6086 122 4 3 
60 -20 -54.4305 122 4 3 
62 -20 -54.6363 122 4 3 
64 -20 -53.863 122 4 3 
66 -20 -53.0438 122 4 3 
68 -20 -52.3396 122 4 3 
70 -20 -52.7947 122 4 3 
72 -20 -53.7778 122 4 3 
74 -20 -54.1593 122 4 3 
76 -20 -54.0758 122 4 3 
78 -20 -53.0709 122 4 3 
80 -20 -53.1655 122 4 3 
82 -20 -54.3629 122 4 3 
84 -20 -54.8792 122 4 3 
86 -20 -54.702 122 4 3 
88 -20 -54.862 122 4 3 
90 -20 -54.4606 122 4 3 
92 -20 -53.9127 122 4 3 
94 -20 -53.7596 122 4 3 
96 -20 -54.3441 122 4 3 
98 -20 -55.1412 122 4 3 
100 -20 -54.8895 122 4 3 
102 -20 -54.4859 122 4 3 
104 -20 -53.5141 122 4 3 
-148 -22 -37.0696 204 43 4 
-146 -22 -37.3738 204 43 4 
-144 -22 -38.7429 197 38 3 
-142 -22 -39.7406 193 35 2 
-140 -22 -40.2 190 33 2 
-138 -22 -40.6841 188 32 2 
-136 -22 -41.0494 185 30 2 
-134 -22 -41.2906 185 30 2 
-132 -22 -41.6088 183 29 2 
-130 -22 -41.9643 183 29 2 
-128 -22 -42.1591 180 27 1 
-126 -22 -42.2833 180 27 1 
-124 -22 -42.6649 178 26 1 
-122 -22 -43.0744 175 24 1 
-120 -22 -43.4308 175 24 1 
-118 -22 -43.933 172 23 1 
-116 -22 -44.1613 169 22 1 
-114 -22 -44.2392 169 22 1 
-112 -22 -44.5274 167 20 1 
-110 -22 -44.7691 167 20 1 
-108 -22 -44.9122 167 20 1 
-106 -22 -45.175 164 19 1 
-104 -22 -45.4733 164 19 1 
-102 -22 -45.8018 161 18 1 
-100 -22 -46.1619 158 16 1 
-98 -22 -46.4111 158 16 1 
-96 -22 -46.5583 155 15 1 
-94 -22 -46.6344 155 15 1 
-92 -22 -46.758 155 15 1 
-90 -22 -47.1111 152 14 1 
-88 -22 -47.5039 149 13 1 
-86 -22 -47.8907 149 13 1 
-84 -22 -48.0598 146 11 1 
-82 -22 -48.0635 146 11 1 
-80 -22 -48.2075 146 11 1 
-78 -22 -48.4282 146 11 1 
-76 -22 -48.8253 142 10 1 
-74 -22 -49.1462 139 9 2 
-72 -22 -49.321 139 9 2 
-70 -22 -49.4467 139 9 2 
-68 -22 -49.5926 136 8 2 
-66 -22 -49.6746 136 8 2 
-64 -22 -49.6475 136 8 2 
-62 -22 -49.7344 136 8 2 
-60 -22 -49.8126 136 8 2 
-58 -22 -49.7557 136 8 2 
-56 -22 -49.8088 136 8 2 
-54 -22 -49.9759 136 8 2 
-52 -22 -49.3543 139 9 2 
-50 -22 -48.6424 142 10 1 
-48 -22 -49.7151 136 8 2 
-46 -22 -50.2338 133 7 2 
-44 -22 -50.3549 133 7 2 
-42 -22 -50.876 129 6 2 
-40 -22 -50.9411 129 6 2 
-38 -22 -50.9719 129 6 2 
-36 -22 -51.0635 126 5 2 
-34 -22 -51.0264 126 5 2 
-32 -22 -51 129 6 2 
-30 -22 -51.1432 126 5 2 
-28 -22 -51.1483 126 5 2 
-26 -22 -51.0069 126 5 2 
-24 -22 -51.1179 126 5 2 
-22 -22 -51.2015 126 5 2 
-20 -22 -51.1502 126 5 2 
-18 -22 -51.0739 126 5 2 
-16 -22 -51.1975 126 5 2 
-14 -22 -51.7105 122 4 3 
-12 -22 -52.011 122 4 3 
-10 -22 -51.9702 122 4 3 
-8 -22 -51.9314 122 4 3 
-6 -22 -51.9993 122 4 3 
-4 -22 -52.4218 122 4 3 
-2 -22 -52.9913 122 4 3 
0 -22 -53.3372 122 4 3 
2 -22 -53.5195 122 4 3 
4 -22 -53.7075 122 4 3 
6 -22 -53.6487 122 4 3 
8 -22 -53.4617 122 4 3 
10 -22 -53.5993 122 4 3 
12 -22 -53.9775 122 4 3 
14 -22 -54.1238 122 4 3 
16 -22 -54.0719 122 4 3 
18 -22 -54.2525 122 4 3 
20 -22 -54.8047 122 4 3 
22 -22 -54.9469 122 4 3 
24 -22 -54.2215 122 4 3 
26 -22 -53.4305 122 4 3 
28 -22 -52.8902 122 4 3 
30 -22 -52.7271 122 4 3 
32 -22 -53.3673 122 4 3 
34 -22 -53.8542 122 4 3 
36 -22 -53.8955 122 4 3 
38 -22 -54.4119 122 4 3 
40 -22 -54.5877 122 4 3 
42 -22 -54.1652 122 4 3 
44 -22 -53.9255 122 4 3 
46 -22 -54.0673 122 4 3 
48 -22 -54.4203 122 4 3 
50 -22 -54.3821 122 4 3 
52 -22 -54.5279 122 4 3 
54 -22 -54.7934 122 4 3 
56 -22 -54.1877 122 4 3 
58 -22 -53.9732 122 4 3 
60 -22 -54.6401 122 4 3 
62 -22 -54.9479 122 4 3 
64 -22 -54.548 122 4 3 
66 -22 -54.0376 122 4 3 
68 -22 -53.4581 122 4 3 
70 -22 -54.1051 122 4 3 
72 -22 -54.9228 122 4 3 
74 -22 -54.6875 122 4 3 
76 -22 -54.8227 122 4 3 
78 -22 -54.1071 122 4 3 
80 -22 -54.9597 122 4 3 
82 -22 -57.0702 122 4 3 
84 -22 -57.426 122 4 3 
86 -22 -56.9749 122 4 3 
88 -22 -56.8576 122 4 3 
90 -22 -55.3421 122 4 3 
92 -22 -54.354 122 4 3 
94 -22 -54.0893 122 4 3 
96 -22 -54.5512 122 4 3 
98 -22 -56.2511 122 4 3 
100 -22 -56.0689 122 4 3 
102 -22 -55.1194 122 4 3 
-146 -24 -39.7885 193 35 2 
-144 -24 -40.7984 188 32 2 
-142 -24 -41.0551 185 30 2 
-140 -24 -41.1154 185 30 2 
-138 -24 -41.3129 185 30 2 
-136 -24 -41.4554 185 30 2 
-134 -24 -41.5619 183 29 2 
-132 -24 -41.7286 183 29 2 
-130 -24 -41.8952 183 29 2 
-128 -24 -41.9388 183 29 2 
-126 -24 -41.9864 180 27 1 
-124 -24 -42.129 180 27 1 
-122 -24 -42.3289 180 27 1 
-120 -24 -42.6385 178 26 1 
-118 -24 -42.8816 178 26 1 
-116 -24 -42.9177 178 26 1 
-114 -24 -43.0914 175 24 1 
-112 -24 -43.3119 175 24 1 
-110 -24 -43.3402 175 24 1 
-108 -24 -43.2952 175 24 1 
-106 -24 -43.3862 175 24 1 
-104 -24 -43.5271 172 23 1 
-102 -24 -43.8537 172 23 1 
-100 -24 -44.3011 169 22 1 
-98 -24 -44.5174 167 20 1 
-96 -24 -44.5149 167 20 1 
-94 -24 -44.4946 167 20 1 
-92 -24 -44.6634 167 20 1 
-90 -24 -44.9818 167 20 1 
-88 -24 -45.2165 164 19 1 
-86 -24 -45.3904 164 19 1 
-84 -24 -45.477 164 19 1 
-82 -24 -45.6137 161 18 1 
-80 -24 -45.9291 161 18 1 
-78 -24 -46.2323 158 16 1 
-76 -24 -46.7511 155 15 1 
-74 -24 -47.2878 152 14 1 
-72 -24 -47.498 149 13 1 
-70 -24 -47.6561 149 13 1 
-68 -24 -48.0124 146 11 1 
-66 -24 -48.2511 146 11 1 
-64 -24 -48.3284 146 11 1 
-62 -24 -48.4745 146 11 1 
-60 -24 -48.6536 142 10 1 
-58 -24 -48.8076 142 10 1 
-56 -24 -49.0067 139 9 2 
-54 -24 -49.1737 139 9 2 
-52 -24 -49.1281 139 9 2 
-50 -24 -49.1734 139 9 2 
-48 -24 -49.7012 136 8 2 
-46 -24 -50.1596 133 7 2 
-44 -24 -50.3518 133 7 2 
-42 -24 -50.5577 129 6 2 
-40 -24 -50.708 129 6 2 
-38 -24 -50.859 129 6 2 
-36 -24 -51.0767 126 5 2 
-34 -24 -51.1942 126 5 2 
-32 -24 -51.2426 126 5 2 
-30 -24 -51.3605 126 5 2 
-28 -24 -51.3728 126 5 2 
-26 -24 -51.3415 126 5 2 
-24 -24 -51.5192 122 4 3 
-22 -24 -51.7425 122 4 3 
-20 -24 -51.7217 122 4 3 
-18 -24 -51.6207 122 4 3 
-16 -24 -51.7443 122 4 3 
-14 -24 -51.862 122 4 3 
-12 -24 -51.5132 122 4 3 
-10 -24 -51.2084 126 5 2 
-8 -24 -51.3793 126 5 2 
-6 -24 -51.3308 126 5 2 
-4 -24 -51.242 126 5 2 
-2 -24 -51.229 126 5 2 
0 -24 -51.0167 126 5 2 
2 -24 -50.7869 129 6 2 
4 -24 -50.7451 129 6 2 
6 -24 -50.4448 133 7 2 
8 -24 -50.0135 133 7 2 
10 -24 -50.2514 133 7 2 
12 -24 -50.5036 133 7 2 
14 -24 -50.4053 133 7 2 
16 -24 -50.4097 133 7 2 
18 -24 -50.6 129 6 2 
28 -24 -48.8299 142 10 1 
30 -24 -48.4977 146 11 1 
50 -24 -52.4491 122 4 3 
52 -24 -52.6735 122 4 3 
54 -24 -53.0489 122 4 3 
56 -24 -52.7257 122 4 3 
58 -24 -51.8688 122 4 3 
60 -24 -51.3051 126 5 2 
62 -24 -51.3869 126 5 2 
64 -24 -51.8523 122 4 3 
66 -24 -52.6166 122 4 3 
68 -24 -53.0147 122 4 3 
70 -24 -53.1153 122 4 3 
72 -24 -53.1731 122 4 3 
74 -24 -53.0651 122 4 3 
76 -24 -53.4408 122 4 3 
78 -24 -53.7913 122 4 3 
80 -24 -54.7377 122 4 3 
82 -24 -56.2676 122 4 3 
84 -24 -56.7072 122 4 3 
86 -24 -56.7058 122 4 3 
88 -24 -56.8649 122 4 3 
90 -24 -56.1996 122 4 3 
92 -24 -55.8557 122 4 3 
94 -24 -55.6655 122 4 3 
96 -24 -55.5178 122 4 3 
98 -24 -55.7579 122 4 3 
100 -24 -54.8349 122 4 3 
102 -24 -54.5873 122 4 3 
104 -24 -53.0376 122 4 3 
-146 -26 -41.4047 185 30 2 
-144 -26 -42.7293 178 26 1 
-142 -26 -43.6455 172 23 1 
-140 -26 -43.5703 172 23 1 
-138 -26 -43.643 172 23 1 
-136 -26 -43.9131 172 23 1 
-134 -26 -44.1448 169 22 1 
-132 -26 -44.2708 169 22 1 
-130 -26 -44.4318 169 22 1 
-128 -26 -44.5566 167 20 1 
-126 -26 -44.6843 167 20 1 
-124 -26 -44.8319 167 20 1 
-122 -26 -44.8882 167 20 1 
-120 -26 -45.0712 164 19 1 
-118 -26 -45.3462 164 19 1 
-116 -26 -45.3657 164 19 1 
-114 -26 -45.4495 164 19 1 
-112 -26 -45.4673 164 19 1 
-110 -26 -45.4654 164 19 1 
-108 -26 -45.4978 161 18 1 
-106 -26 -45.5689 161 18 1 
-104 -26 -45.6356 161 18 1 
-102 -26 -45.7326 161 18 1 
-100 -26 -45.88 161 18 1 
-98 -26 -45.9634 161 18 1 
-96 -26 -46.0128 158 16 1 
-94 -26 -45.9654 161 18 1 
-92 -26 -45.9612 161 18 1 
-90 -26 -46.0897 158 16 1 
-88 -26 -46.1935 158 16 1 
-86 -26 -46.1549 158 16 1 
-84 -26 -46.0688 158 16 1 
-82 -26 -46.1387 158 16 1 
-80 -26 -46.2985 158 16 1 
-78 -26 -46.3859 158 16 1 
-76 -26 -46.6106 155 15 1 
-74 -26 -46.88 155 15 1 
-72 -26 -46.9603 155 15 1 
-70 -26 -47.0523 152 14 1 
-68 -26 -47.2601 152 14 1 
-66 -26 -47.375 152 14 1 
-64 -26 -47.4995 149 13 1 
-62 -26 -47.6243 149 13 1 
-60 -26 -47.7372 149 13 1 
-58 -26 -47.8851 149 13 1 
-56 -26 -47.9553 149 13 1 
-54 -26 -47.9458 149 13 1 
-52 -26 -47.9511 149 13 1 
-50 -26 -48.074 146 11 1 
-48 -26 -48.441 146 11 1 
-46 -26 -48.8088 142 10 1 
-44 -26 -49.0017 139 9 2 
-42 -26 -49.2493 139 9 2 
-40 -26 -49.5881 136 8 2 
-38 -26 -49.9168 136 8 2 
-36 -26 -50.2132 133 7 2 
-34 -26 -50.2863 133 7 2 
-32 -26 -50.1973 133 7 2 
-30 -26 -50.3163 133 7 2 
-28 -26 -50.6596 129 6 2 
-26 -26 -51.1101 126 5 2 
-24 -26 -51.4542 126 5 2 
-22 -26 -51.5676 122 4 3 
-20 -26 -51.6486 122 4 3 
-18 -26 -51.9669 122 4 3 
-16 -26 -52.8574 122 4 3 
-14 -26 -53.5503 122 4 3 
-12 -26 -53.3655 122 4 3 
-10 -26 -52.9725 122 4 3 
-8 -26 -53.5158 122 4 3 
-6 -26 -54.0936 122 4 3 
-4 -26 -54.1816 122 4 3 
-2 -26 -53.6624 122 4 3 
0 -26 -53.0289 122 4 3 
2 -26 -52.3904 122 4 3 
4 -26 -51.9216 122 4 3 
6 -26 -51.7195 122 4 3 
8 -26 -51.5597 122 4 3 
10 -26 -51.5495 122 4 3 
12 -26 -51.6343 122 4 3 
14 -26 -51.8393 122 4 3 
16 -26 -52.0262 122 4 3 
18 -26 -52.0808 122 4 3 
20 -26 -52.612 122 4 3 
22 -26 -53.4519 122 4 3 
24 -26 -52.9613 122 4 3 
26 -26 -51.8737 122 4 3 
28 -26 -51.0377 126 5 2 
30 -26 -50.67 129 6 2 
32 -26 -51.0045 129 6 2 
34 -26 -51.3347 126 5 2 
36 -26 -51.52 122 4 3 
38 -26 -52.1934 122 4 3 
40 -26 -52.6395 122 4 3 
42 -26 -52.4754 122 4 3 
44 -26 -52.2264 122 4 3 
46 -26 -51.9736 122 4 3 
48 -26 -51.7792 122 4 3 
50 -26 -51.5819 122 4 3 
52 -26 -51.5157 122 4 3 
54 -26 -51.4516 126 5 2 
56 -26 -51.3035 126 5 2 
58 -26 -50.7488 129 6 2 
60 -26 -49.9909 136 8 2 
62 -26 -49.761 136 8 2 
64 -26 -50.2193 133 7 2 
70 -26 -51.0149 126 5 2 
72 -26 -50.6536 129 6 2 
74 -26 -50.6921 129 6 2 
76 -26 -50.9209 129 6 2 
78 -26 -51.4167 126 5 2 
80 -26 -52.0429 122 4 3 
82 -26 -52.5729 122 4 3 
84 -26 -52.9112 122 4 3 
86 -26 -53.3077 122 4 3 
88 -26 -53.8173 122 4 3 
90 -26 -54.0187 122 4 3 
92 -26 -54.2984 122 4 3 
94 -26 -54.5735 122 4 3 
96 -26 -54.6808 122 4 3 
98 -26 -54.1221 122 4 3 
102 -26 -51.9129 122 4 3 
-146 -28 -38.6249 197 38 3 
-144 -28 -39.7133 193 35 2 
-142 -28 -40.5292 188 32 2 
-140 -28 -40.6905 188 32 2 
-138 -28 -41.2361 185 30 2 
-136 -28 -41.9821 183 29 2 
-134 -28 -42.4376 180 27 1 
-132 -28 -42.7129 178 26 1 
-130 -28 -43.1911 175 24 1 
-128 -28 -43.5286 172 23 1 
-126 -28 -43.6885 172 23 1 
-124 -28 -44.1793 169 22 1 
-122 -28 -44.6408 167 20 1 
-120 -28 -44.9592 167 20 1 
-118 -28 -45.3745 164 19 1 
-116 -28 -45.5883 161 18 1 
-114 -28 -45.9129 161 18 1 
-112 -28 -46.1311 158 16 1 
-110 -28 -46.3188 158 16 1 
-108 -28 -46.6219 155 15 1 
-106 -28 -46.9995 152 14 1 
-104 -28 -47.297 152 14 1 
-102 -28 -47.4658 152 14 1 
-100 -28 -47.7938 149 13 1 
-98 -28 -48.062 146 11 1 
-96 -28 -48.2292 146 11 1 
-94 -28 -48.4276 146 11 1 
-92 -28 -48.6413 142 10 1 
-90 -28 -48.9338 142 10 1 
-88 -28 -49.036 139 9 2 
-86 -28 -48.9796 142 10 1 
-84 -28 -49.0273 139 9 2 
-82 -28 -49.0806 139 9 2 
-80 -28 -49.2005 139 9 2 
-78 -28 -49.3178 139 9 2 
-76 -28 -49.464 139 9 2 
-74 -28 -49.5022 136 8 2 
-72 -28 -49.3485 139 9 2 
-70 -28 -49.276 139 9 2 
-68 -28 -49.5026 136 8 2 
-66 -28 -49.7394 136 8 2 
-64 -28 -49.8228 136 8 2 
-62 -28 -49.8817 136 8 2 
-60 -28 -49.9618 136 8 2 
-58 -28 -50.0069 133 7 2 
-56 -28 -49.9851 136 8 2 
-54 -28 -49.9571 136 8 2 
-52 -28 -49.948 136 8 2 
-50 -28 -49.8888 136 8 2 
-48 -28 -49.9283 136 8 2 
-46 -28 -50.055 133 7 2 
-44 -28 -50.1841 133 7 2 
-42 -28 -50.3531 133 7 2 
-40 -28 -50.5154 129 6 2 
-38 -28 -50.5674 129 6 2 
-36 -28 -50.6249 129 6 2 
-34 -28 -50.5753 129 6 2 
-32 -28 -50.4461 133 7 2 
-30 -28 -50.5245 129 6 2 
-28 -28 -50.8089 129 6 2 
-26 -28 -51.1668 126 5 2 
-24 -28 -51.3622 126 5 2 
-22 -28 -51.3012 126 5 2 
-20 -28 -51.3531 126 5 2 
-18 -28 -51.7035 122 4 3 
-16 -28 -52.5562 122 4 3 
-14 -28 -53.4272 122 4 3 
-10 -28 -53.2826 122 4 3 
-8 -28 -54.1169 122 4 3 
-6 -28 -55.5497 122 4 3 
-4 -28 -55.7308 122 4 3 
-2 -28 -54.3541 122 4 3 
0 -28 -53.3615 122 4 3 
2 -28 -53.1405 122 4 3 
4 -28 -53.1796 122 4 3 
6 -28 -53.3365 122 4 3 
8 -28 -53.3151 122 4 3 
10 -28 -53.1635 122 4 3 
12 -28 -53.4206 122 4 3 
14 -28 -54.1541 122 4 3 
16 -28 -54.6953 122 4 3 
18 -28 -54.776 122 4 3 
20 -28 -54.7952 122 4 3 
22 -28 -54.9419 122 4 3 
24 -28 -55.0809 122 4 3 
26 -28 -55.0622 122 4 3 
28 -28 -55.0142 122 4 3 
30 -28 -55.154 122 4 3 
32 -28 -55.3708 122 4 3 
34 -28 -55.3978 122 4 3 
36 -28 -55.5276 122 4 3 
38 -28 -55.946 122 4 3 
40 -28 -56.1819 122 4 3 
42 -28 -56.1481 122 4 3 
44 -28 -56.0881 122 4 3 
46 -28 -56.0138 122 4 3 
48 -28 -55.9604 122 4 3 
50 -28 -55.8676 122 4 3 
52 -28 -55.7435 122 4 3 
54 -28 -55.6116 122 4 3 
56 -28 -55.5174 122 4 3 
58 -28 -55.3737 122 4 3 
60 -28 -55.0685 122 4 3 
62 -28 -54.8409 122 4 3 
64 -28 -55.0402 122 4 3 
66 -28 -55.4942 122 4 3 
68 -28 -55.3855 122 4 3 
70 -28 -54.8137 122 4 3 
72 -28 -54.3806 122 4 3 
74 -28 -54.1826 122 4 3 
76 -28 -54.0191 122 4 3 
78 -28 -53.9871 122 4 3 
80 -28 -54.0743 122 4 3 
82 -28 -54.1024 122 4 3 
84 -28 -54.1003 122 4 3 
86 -28 -54.175 122 4 3 
88 -28 -54.2669 122 4 3 
90 -28 -54.2663 122 4 3 
92 -28 -54.3286 122 4 3 
94 -28 -54.4223 122 4 3 
96 -28 -54.4992 122 4 3 
98 -28 -54.3002 122 4 3 
100 -28 -53.5218 122 4 3 
102 -28 -52.8709 122 4 3 
-146 -30 -36.5075 206 45 4 
-144 -30 -36.8438 206 45 4 
-142 -30 -36.7828 206 45 4 
-140 -30 -36.9675 206 45 4 
-138 -30 -37.5199 202 42 4 
-136 -30 -38.2302 200 40 3 
-134 -30 -38.632 197 38 3 
-132 -30 -38.8066 197 38 3 
-130 -30 -39.2251 195 37 3 
-128 -30 -39.6006 193 35 2 
-126 -30 -39.6282 193 35 2 
-124 -30 -39.8557 193 35 2 
-122 -30 -40.2599 190 33 2 
-120 -30 -40.4769 190 33 2 
-118 -30 -40.6371 188 32 2 
-116 -30 -40.9808 188 32 2 
-114 -30 -41.6124 183 29 2 
-112 -30 -42.0302 180 27 1 
-110 -30 -42.2302 180 27 1 
-108 -30 -42.6495 178 26 1 
-106 -30 -43.2791 175 24 1 
-104 -30 -43.649 172 23 1 
-102 -30 -43.9055 172 23 1 
-100 -30 -44.3995 169 22 1 
-98 -30 -44.7971 167 20 1 
-96 -30 -45.075 164 19 1 
-94 -30 -45.4893 164 19 1 
-92 -30 -45.9361 161 18 1 
-90 -30 -46.3598 158 16 1 
-88 -30 -46.5369 155 15 1 
-86 -30 -46.7259 155 15 1 
-84 -30 -47.0857 152 14 1 
-82 -30 -47.3406 152 14 1 
-80 -30 -47.7175 149 13 1 
-78 -30 -48.0708 146 11 1 
-76 -30 -48.3907 146 11 1 
-74 -30 -48.6536 142 10 1 
-72 -30 -48.7474 142 10 1 
-70 -30 -48.967 142 10 1 
-68 -30 -49.6055 136 8 2 
-66 -30 -50.2218 133 7 2 
-64 -30 -50.4056 133 7 2 
-62 -30 -50.595 129 6 2 
-60 -30 -50.8925 129 6 2 
-58 -30 -51.1102 126 5 2 
-56 -30 -51.3391 126 5 2 
-54 -30 -51.48 126 5 2 
-52 -30 -51.5982 122 4 3 
-50 -30 -51.7397 122 4 3 
-48 -30 -51.8589 122 4 3 
-46 -30 -52.1239 122 4 3 
-44 -30 -52.31 122 4 3 
-42 -30 -52.4342 122 4 3 
-40 -30 -52.5093 122 4 3 
-38 -30 -52.3889 122 4 3 
-36 -30 -52.4414 122 4 3 
-34 -30 -52.5601 122 4 3 
-32 -30 -52.5505 122 4 3 
-30 -30 -52.7195 122 4 3 
-28 -30 -52.9145 122 4 3 
-26 -30 -52.9209 122 4 3 
-24 -30 -52.8335 122 4 3 
-22 -30 -52.8407 122 4 3 
-20 -30 -53.1034 122 4 3 
-18 -30 -53.3599 122 4 3 
-16 -30 -53.4878 122 4 3 
-14 -30 -53.6494 122 4 3 
-12 -30 -53.7438 122 4 3 
-10 -30 -53.6482 122 4 3 
-8 -30 -54.0358 122 4 3 
-6 -30 -54.6789 122 4 3 
-4 -30 -54.5994 122 4 3 
-2 -30 -54.0311 122 4 3 
0 -30 -53.855 122 4 3 
2 -30 -53.9623 122 4 3 
4 -30 -54.0776 122 4 3 
6 -30 -54.1552 122 4 3 
8 -30 -54.1456 122 4 3 
10 -30 -54.1291 122 4 3 
12 -30 -54.2817 122 4 3 
14 -30 -54.6033 122 4 3 
16 -30 -54.8369 122 4 3 
18 -30 -54.8153 122 4 3 
20 -30 -54.793 122 4 3 
22 -30 -54.8652 122 4 3 
24 -30 -55.0481 122 4 3 
26 -30 -55.1749 122 4 3 
28 -30 -55.2518 122 4 3 
30 -30 -55.5808 122 4 3 
32 -30 -55.9099 122 4 3 
34 -30 -55.9604 122 4 3 
36 -30 -56.1551 122 4 3 
38 -30 -56.6996 122 4 3 
40 -30 -57.1385 122 4 3 
42 -30 -57.3156 122 4 3 
44 -30 -57.5369 122 4 3 
46 -30 -57.81 122 4 3 
48 -30 -58.0095 122 4 3 
50 -30 -58.0611 122 4 3 
52 -30 -58.0112 122 4 3 
54 -30 -58.0122 122 4 3 
56 -30 -58.099 122 4 3 
58 -30 -58.2853 122 4 3 
60 -30 -58.6331 122 4 3 
62 -30 -58.8895 122 4 3 
64 -30 -59.0881 122 4 3 
66 -30 -59.3016 122 4 3 
68 -30 -59.2527 122 4 3 
70 -30 -59.1513 122 4 3 
72 -30 -59.151 122 4 3 
74 -30 -59.0768 122 4 3 
76 -30 -58.9552 122 4 3 
78 -30 -58.9712 122 4 3 
80 -30 -59.0672 122 4 3 
82 -30 -59.0149 122 4 3 
84 -30 -58.8365 122 4 3 
86 -30 -58.7476 122 4 3 
88 -30 -58.6423 122 4 3 
90 -30 -58.4259 122 4 3 
92 -30 -58.3189 122 4 3 
94 -30 -58.3658 122 4 3 
96 -30 -58.481 122 4 3 
98 -30 -58.6001 122 4 3 
100 -30 -58.4885 122 4 3 
102 -30 -58.1803 122 4 3 
-148 -32 -38.8885 197 38 3 
-146 -32 -38.6336 197 38 3 
-144 -32 -38.923 197 38 3 
-142 -32 -38.7529 197 38 3 
-140 -32 -38.6228 197 38 3 
-138 -32 -38.7191 197 38 3 
-136 -32 -38.9412 197 38 3 
-134 -32 -39.0746 195 37 3 
-132 -32 -39.08 195 37 3 
-130 -32 -39.2581 195 37 3 
-128 -32 -39.5126 193 35 2 
-126 -32 -39.5512 193 35 2 
-124 -32 -39.4817 193 35 2 
-122 -32 -39.553 193 35 2 
-120 -32 -39.6844 193 35 2 
-118 -32 -39.7251 193 35 2 
-116 -32 -39.9057 193 35 2 
-114 -32 -40.2032 190 33 2 
-112 -32 -40.3299 190 33 2 
-110 -32 -40.3494 190 33 2 
-108 -32 -40.5682 188 32 2 
-106 -32 -40.9361 188 32 2 
-104 -32 -41.0502 185 30 2 
-102 -32 -40.9482 188 32 2 
-100 -32 -41.1144 185 30 2 
-98 -32 -41.5637 183 29 2 
-96 -32 -41.8458 183 29 2 
-94 -32 -41.9883 180 27 1 
-92 -32 -42.1594 180 27 1 
-90 -32 -42.4117 180 27 1 
-88 -32 -42.5545 178 26 1 
-86 -32 -42.7297 178 26 1 
-84 -32 -42.9908 175 24 1 
-82 -32 -43.3549 175 24 1 
-80 -32 -43.7834 172 23 1 
-78 -32 -44.0732 169 22 1 
-76 -32 -44.3119 169 22 1 
-74 -32 -44.5221 167 20 1 
-72 -32 -44.6586 167 20 1 
-70 -32 -45.0483 164 19 1 
-68 -32 -45.6378 161 18 1 
-66 -32 -46.1444 158 16 1 
-64 -32 -46.3934 158 16 1 
-62 -32 -46.5706 155 15 1 
-60 -32 -46.9162 155 15 1 
-58 -32 -47.3883 152 14 1 
-56 -32 -47.8783 149 13 1 
-54 -32 -48.1322 146 11 1 
-52 -32 -48.3034 146 11 1 
-50 -32 -48.5739 142 10 1 
-48 -32 -48.8562 142 10 1 
-46 -32 -49.2031 139 9 2 
-44 -32 -49.4534 139 9 2 
-42 -32 -49.7511 136 8 2 
-40 -32 -50.1812 133 7 2 
-38 -32 -50.5246 129 6 2 
-36 -32 -50.8065 129 6 2 
-34 -32 -51.1334 126 5 2 
-32 -32 -51.3646 126 5 2 
-30 -32 -51.7761 122 4 3 
-28 -32 -52.0774 122 4 3 
-26 -32 -52.0822 122 4 3 
-24 -32 -52.1338 122 4 3 
-22 -32 -52.4039 122 4 3 
-20 -32 -52.8906 122 4 3 
-18 -32 -53.2018 122 4 3 
-16 -32 -53.3367 122 4 3 
-14 -32 -53.4404 122 4 3 
-12 -32 -53.6464 122 4 3 
-10 -32 -54.0248 122 4 3 
-8 -32 -54.316 122 4 3 
-6 -32 -54.3 122 4 3 
-4 -32 -54.2219 122 4 3 
-2 -32 -54.4378 122 4 3 
0 -32 -54.6342 122 4 3 
2 -32 -54.6468 122 4 3 
4 -32 -54.7007 122 4 3 
6 -32 -54.837 122 4 3 
8 -32 -54.9963 122 4 3 
10 -32 -55.1176 122 4 3 
12 -32 -55.264 122 4 3 
14 -32 -55.4177 122 4 3 
16 -32 -55.5025 122 4 3 
18 -32 -55.4866 122 4 3 
20 -32 -55.5901 122 4 3 
22 -32 -55.7849 122 4 3 
24 -32 -55.9393 122 4 3 
26 -32 -56.0247 122 4 3 
28 -32 -56.0234 122 4 3 
30 -32 -56.0457 122 4 3 
32 -32 -56.1265 122 4 3 
34 -32 -56.2363 122 4 3 
36 -32 -56.2776 122 4 3 
38 -32 -56.3054 122 4 3 
40 -32 -56.4167 122 4 3 
42 -32 -56.5252 122 4 3 
44 -32 -56.6879 122 4 3 
46 -32 -56.8254 122 4 3 
48 -32 -56.905 122 4 3 
50 -32 -57.0098 122 4 3 
52 -32 -56.9726 122 4 3 
54 -32 -56.9479 122 4 3 
56 -32 -56.8503 122 4 3 
58 -32 -56.3914 122 4 3 
60 -32 -56.3695 122 4 3 
62 -32 -56.8333 122 4 3 
64 -32 -57.6104 122 4 3 
66 -32 -58.1177 122 4 3 
68 -32 -58.1113 122 4 3 
70 -32 -58.0616 122 4 3 
72 -32 -58.0804 122 4 3 
74 -32 -58.069 122 4 3 
76 -32 -58.1444 122 4 3 
78 -32 -58.4143 122 4 3 
80 -32 -58.8715 122 4 3 
82 -32 -59.1386 122 4 3 
84 -32 -58.9834 122 4 3 
86 -32 -58.8828 122 4 3 
88 -32 -58.8714 122 4 3 
90 -32 -58.6622 122 4 3 
92 -32 -58.7317 122 4 3 
94 -32 -59.2327 122 4 3 
96 -32 -59.7701 122 4 3 
98 -32 -60.3789 122 4 3 
100 -32 -60.4973 122 4 3 
-148 -34 -39.7676 193 35 2 
-146 -34 -39.1661 195 37 3 
-144 -34 -39.4622 195 37 3 
-142 -34 -39.7613 193 35 2 
-140 -34 -39.7016 193 35 2 
-138 -34 -39.879 193 35 2 
-136 -34 -40.1137 190 33 2 
-134 -34 -40.2305 190 33 2 
-132 -34 -40.3001 190 33 2 
-130 -34 -40.6287 188 32 2 
-128 -34 -41.0547 185 30 2 
-126 -34 -41.3305 185 30 2 
-124 -34 -41.4548 185 30 2 
-122 -34 -41.6881 183 29 2 
-120 -34 -41.9606 183 29 2 
-118 -34 -42.238 180 27 1 
-116 -34 -42.4695 180 27 1 
-114 -34 -42.5875 178 26 1 
-112 -34 -42.7581 178 26 1 
-110 -34 -43.0137 175 24 1 
-108 -34 -43.2221 175 24 1 
-106 -34 -43.2541 175 24 1 
-104 -34 -43.2178 175 24 1 
-102 -34 -43.2044 175 24 1 
-100 -34 -43.347 175 24 1 
-98 -34 -43.6346 172 23 1 
-96 -34 -43.7792 172 23 1 
-94 -34 -43.8124 172 23 1 
-92 -34 -43.8486 172 23 1 
-90 -34 -43.8844 172 23 1 
-88 -34 -43.8985 172 23 1 
-86 -34 -43.9572 172 23 1 
-84 -34 -44.0298 169 22 1 
-82 -34 -44.1702 169 22 1 
-80 -34 -44.2969 169 22 1 
-78 -34 -44.3879 169 22 1 
-76 -34 -44.4911 169 22 1 
-74 -34 -44.5186 167 20 1 
-72 -34 -44.4754 169 22 1 
-70 -34 -44.5528 167 20 1 
-68 -34 -44.674 167 20 1 
-66 -34 -44.8607 167 20 1 
-64 -34 -45.0427 164 19 1 
-62 -34 -44.9914 167 20 1 
-60 -34 -45.0549 164 19 1 
-58 -34 -45.3529 164 19 1 
-56 -34 -45.5603 161 18 1 
-54 -34 -45.589 161 18 1 
-52 -34 -45.6422 161 18 1 
-50 -34 -45.7022 161 18 1 
-48 -34 -45.7524 161 18 1 
-46 -34 -45.8644 161 18 1 
-44 -34 -46.0476 158 16 1 
-42 -34 -46.3423 158 16 1 
-40 -34 -46.7739 155 15 1 
-38 -34 -47.2407 152 14 1 
-36 -34 -47.3995 152 14 1 
-34 -34 -47.491 152 14 1 
-32 -34 -47.7303 149 13 1 
-30 -34 -48.1545 146 11 1 
-28 -34 -48.376 146 11 1 
-26 -34 -48.4159 146 11 1 
-24 -34 -48.7655 142 10 1 
-22 -34 -49.278 139 9 2 
-20 -34 -49.625 136 8 2 
-18 -34 -49.7684 136 8 2 
-16 -34 -49.9258 136 8 2 
-14 -34 -50.1163 133 7 2 
-12 -34 -50.4544 133 7 2 
-10 -34 -50.9342 129 6 2 
-8 -34 -51.3443 126 5 2 
-6 -34 -51.4156 126 5 2 
-4 -34 -51.6108 122 4 3 
-2 -34 -52.1187 122 4 3 
0 -34 -52.4052 122 4 3 
2 -34 -52.556 122 4 3 
4 -34 -52.7181 122 4 3 
6 -34 -52.897 122 4 3 
8 -34 -53.203 122 4 3 
10 -34 -53.5077 122 4 3 
12 -34 -53.8222 122 4 3 
14 -34 -53.9947 122 4 3 
16 -34 -54.0442 122 4 3 
18 -34 -54.0695 122 4 3 
20 -34 -54.3036 122 4 3 
22 -34 -54.8279 122 4 3 
24 -34 -55.1615 122 4 3 
26 -34 -55.3115 122 4 3 
28 -34 -55.4237 122 4 3 
30 -34 -55.4568 122 4 3 
32 -34 -55.5731 122 4 3 
34 -34 -55.8096 122 4 3 
36 -34 -55.9239 122 4 3 
38 -34 -55.9219 122 4 3 
40 -34 -56.0323 122 4 3 
42 -34 -56.1858 122 4 3 
44 -34 -56.3278 122 4 3 
46 -34 -56.4234 122 4 3 
48 -34 -56.4361 122 4 3 
50 -34 -56.6369 122 4 3 
52 -34 -56.9193 122 4 3 
54 -34 -57.0664 122 4 3 
56 -34 -56.7093 122 4 3 
58 -34 -55.2294 122 4 3 
60 -34 -54.2216 122 4 3 
62 -34 -54.6471 122 4 3 
64 -34 -56.1824 122 4 3 
66 -34 -57.0033 122 4 3 
68 -34 -56.9003 122 4 3 
70 -34 -56.8935 122 4 3 
72 -34 -56.8647 122 4 3 
74 -34 -56.6911 122 4 3 
76 -34 -56.5205 122 4 3 
78 -34 -56.4336 122 4 3 
80 -34 -56.997 122 4 3 
82 -34 -57.4673 122 4 3 
84 -34 -57.4512 122 4 3 
86 -34 -57.2046 122 4 3 
88 -34 -56.9542 122 4 3 
90 -34 -56.7972 122 4 3 
92 -34 -56.8298 122 4 3 
94 -34 -56.8145 122 4 3 
96 -34 -57.108 122 4 3 
98 -34 -57.5575 122 4 3 
100 -34 -57.3008 122 4 3 
102 -34 -55.8995 122 4 3 
-148 -36 -37.3382 204 43 4 
-146 -36 -36.8888 206 45 4 
-144 -36 -36.141 208 47 5 
-142 -36 -36.0664 208 47 5 
-140 -36 -36.5222 206 45 4 
-138 -36 -37.091 204 43 4 
-136 -36 -37.6031 202 42 4 
-134 -36 -37.751 202 42 4 
-132 -36 -37.7096 202 42 4 
-130 -36 -38.0811 200 40 3 
-128 -36 -38.6045 197 38 3 
-126 -36 -39.1086 195 37 3 
-124 -36 -39.4697 195 37 3 
-122 -36 -39.8383 193 35 2 
-120 -36 -40.1851 190 33 2 
-118 -36 -40.7233 188 32 2 
-116 -36 -41.1645 185 30 2 
-114 -36 -41.3796 185 30 2 
-112 -36 -41.8054 183 29 2 
-110 -36 -42.4608 180 27 1 
-108 -36 -42.9506 178 26 1 
-106 -36 -43.1353 175 24 1 
-104 -36 -43.3182 175 24 1 
-102 -36 -43.788 172 23 1 
-100 -36 -44.343 169 22 1 
-98 -36 -44.509 167 20 1 
-96 -36 -44.5498 167 20 1 
-94 -36 -44.8793 167 20 1 
-92 -36 -45.3474 164 19 1 
-90 -36 -45.593 161 18 1 
-88 -36 -45.7434 161 18 1 
-86 -36 -45.9942 161 18 1 
-84 -36 -46.2785 158 16 1 
-82 -36 -46.4799 158 16 1 
-80 -36 -46.595 155 15 1 
-78 -36 -46.7449 155 15 1 
-76 -36 -46.9901 155 15 1 
-74 -36 -47.1844 152 14 1 
-72 -36 -47.313 152 14 1 
-70 -36 -47.5496 149 13 1 
-68 -36 -47.7694 149 13 1 
-66 -36 -47.8389 149 13 1 
-64 -36 -47.8405 149 13 1 
-62 -36 -47.88 149 13 1 
-60 -36 -47.9866 149 13 1 
-58 -36 -47.9737 149 13 1 
-56 -36 -47.9317 149 13 1 
-54 -36 -47.9133 149 13 1 
-52 -36 -48.0079 146 11 1 
-50 -36 -48.0636 146 11 1 
-48 -36 -48.0863 146 11 1 
-46 -36 -48.1623 146 11 1 
-44 -36 -48.2651 146 11 1 
-42 -36 -48.3823 146 11 1 
-40 -36 -48.4283 146 11 1 
-38 -36 -48.3879 146 11 1 
-36 -36 -48.2934 146 11 1 
-34 -36 -48.238 146 11 1 
-32 -36 -48.3553 146 11 1 
-30 -36 -48.5175 142 10 1 
-28 -36 -48.5273 142 10 1 
-26 -36 -48.6072 142 10 1 
-24 -36 -48.6929 142 10 1 
-22 -36 -48.767 142 10 1 
-20 -36 -48.9247 142 10 1 
-18 -36 -49.0759 139 9 2 
-16 -36 -49.1058 139 9 2 
-14 -36 -49.0723 139 9 2 
-12 -36 -49.1316 139 9 2 
-10 -36 -49.2767 139 9 2 
-8 -36 -49.5135 136 8 2 
-6 -36 -49.6665 136 8 2 
-4 -36 -49.8351 136 8 2 
-2 -36 -50.2135 133 7 2 
0 -36 -50.487 133 7 2 
2 -36 -50.4858 133 7 2 
4 -36 -50.4369 133 7 2 
6 -36 -50.5141 129 6 2 
8 -36 -50.7622 129 6 2 
10 -36 -51.1889 126 5 2 
12 -36 -51.6115 122 4 3 
14 -36 -51.7762 122 4 3 
16 -36 -51.7852 122 4 3 
18 -36 -51.6621 122 4 3 
20 -36 -51.6965 122 4 3 
22 -36 -52.1582 122 4 3 
24 -36 -52.4829 122 4 3 
26 -36 -52.574 122 4 3 
28 -36 -52.8185 122 4 3 
30 -36 -53.105 122 4 3 
32 -36 -53.2999 122 4 3 
34 -36 -53.3576 122 4 3 
36 -36 -53.5551 122 4 3 
38 -36 -53.8807 122 4 3 
40 -36 -54.047 122 4 3 
42 -36 -54.2208 122 4 3 
44 -36 -54.4556 122 4 3 
46 -36 -54.6387 122 4 3 
48 -36 -54.7603 122 4 3 
50 -36 -54.9962 122 4 3 
52 -36 -55.2927 122 4 3 
54 -36 -55.5055 122 4 3 
56 -36 -55.5203 122 4 3 
58 -36 -55.0618 122 4 3 
60 -36 -54.581 122 4 3 
62 -36 -54.8959 122 4 3 
64 -36 -55.8897 122 4 3 
66 -36 -56.6098 122 4 3 
68 -36 -56.9616 122 4 3 
70 -36 -57.2206 122 4 3 
72 -36 -57.2147 122 4 3 
74 -36 -57.5152 122 4 3 
76 -36 -57.598 122 4 3 
78 -36 -57.2417 122 4 3 
80 -36 -57.4099 122 4 3 
82 -36 -57.7515 122 4 3 
84 -36 -57.7842 122 4 3 
86 -36 -57.5406 122 4 3 
88 -36 -57.4089 122 4 3 
90 -36 -57.5533 122 4 3 
92 -36 -57.508 122 4 3 
94 -36 -56.787 122 4 3 
96 -36 -56.967 122 4 3 
98 -36 -57.2052 122 4 3 
100 -36 -56.8413 122 4 3 
102 -36 -55.3318 122 4 3 
104 -36 -50.534 129 6 2 
-148 -38 -36.2082 208 47 5 
-146 -38 -36.1933 208 47 5 
-144 -38 -35.3044 212 51 5 
-142 -38 -34.8407 214 53 6 
-140 -38 -35.1526 212 51 5 
-138 -38 -35.564 210 49 5 
-136 -38 -36.0072 208 47 5 
-134 -38 -36.1339 208 47 5 
-132 -38 -36.0062 208 47 5 
-130 -38 -36.1473 208 47 5 
-128 -38 -36.4261 208 47 5 
-126 -38 -36.6812 206 45 4 
-124 -38 -36.8039 206 45 4 
-122 -38 -36.9654 206 45 4 
-120 -38 -37.2466 204 43 4 
-118 -38 -37.659 202 42 4 
-116 -38 -37.9587 202 42 4 
-114 -38 -38.101 200 40 3 
-112 -38 -38.3315 200 40 3 
-110 -38 -38.7968 197 38 3 
-108 -38 -39.3146 195 37 3 
-106 -38 -39.5883 193 35 2 
-104 -38 -39.7502 193 35 2 
-102 -38 -40.0657 190 33 2 
-100 -38 -40.4946 188 32 2 
-98 -38 -40.7031 188 32 2 
-96 -38 -40.8554 188 32 2 
-94 -38 -41.4628 185 30 2 
-92 -38 -42.2836 180 27 1 
-90 -38 -42.6564 178 26 1 
-88 -38 -42.8005 178 26 1 
-86 -38 -42.9898 175 24 1 
-84 -38 -43.4284 175 24 1 
-82 -38 -43.9147 172 23 1 
-80 -38 -44.3126 169 22 1 
-78 -38 -44.6394 167 20 1 
-76 -38 -44.922 167 20 1 
-74 -38 -45.256 164 19 1 
-72 -38 -45.7389 161 18 1 
-70 -38 -46.3859 158 16 1 
-68 -38 -46.7167 155 15 1 
-66 -38 -46.7327 155 15 1 
-64 -38 -46.9196 155 15 1 
-62 -38 -47.4468 152 14 1 
-60 -38 -47.783 149 13 1 
-58 -38 -47.8407 149 13 1 
-56 -38 -48.0875 146 11 1 
-54 -38 -48.3996 146 11 1 
-52 -38 -48.5894 142 10 1 
-50 -38 -48.6898 142 10 1 
-48 -38 -49.0746 139 9 2 
-46 -38 -49.6008 136 8 2 
-44 -38 -49.9796 136 8 2 
-42 -38 -50.2772 133 7 2 
-40 -38 -50.3903 133 7 2 
-38 -38 -50.3041 133 7 2 
-36 -38 -50.3336 133 7 2 
-34 -38 -50.466 133 7 2 
-32 -38 -50.6353 129 6 2 
-30 -38 -50.9048 129 6 2 
-28 -38 -51.1871 126 5 2 
-26 -38 -51.3634 126 5 2 
-24 -38 -51.2522 126 5 2 
-22 -38 -51.1993 126 5 2 
-20 -38 -51.3619 126 5 2 
-18 -38 -51.5103 122 4 3 
-16 -38 -51.6133 122 4 3 
-14 -38 -51.6692 122 4 3 
-12 -38 -51.6128 122 4 3 
-10 -38 -51.6508 122 4 3 
-8 -38 -51.8284 122 4 3 
-6 -38 -51.9506 122 4 3 
-4 -38 -51.9106 122 4 3 
-2 -38 -52.0585 122 4 3 
0 -38 -52.2423 122 4 3 
2 -38 -52.1635 122 4 3 
4 -38 -52.0539 122 4 3 
6 -38 -52.0641 122 4 3 
8 -38 -52.0695 122 4 3 
10 -38 -52.205 122 4 3 
12 -38 -52.3807 122 4 3 
14 -38 -52.4851 122 4 3 
16 -38 -52.5153 122 4 3 
18 -38 -52.4138 122 4 3 
20 -38 -52.4036 122 4 3 
22 -38 -52.5063 122 4 3 
24 -38 -52.4999 122 4 3 
26 -38 -52.3975 122 4 3 
28 -38 -52.4246 122 4 3 
30 -38 -52.6068 122 4 3 
32 -38 -52.8073 122 4 3 
34 -38 -52.8649 122 4 3 
36 -38 -52.9783 122 4 3 
38 -38 -53.1004 122 4 3 
40 -38 -53.1203 122 4 3 
42 -38 -53.3288 122 4 3 
44 -38 -53.5616 122 4 3 
46 -38 -53.4713 122 4 3 
48 -38 -53.3769 122 4 3 
50 -38 -53.4356 122 4 3 
52 -38 -53.447 122 4 3 
54 -38 -53.5543 122 4 3 
56 -38 -53.7353 122 4 3 
58 -38 -53.7989 122 4 3 
60 -38 -53.7417 122 4 3 
62 -38 -53.8862 122 4 3 
64 -38 -54.2057 122 4 3 
66 -38 -54.6068 122 4 3 
68 -38 -55.1762 122 4 3 
70 -38 -55.7106 122 4 3 
72 -38 -55.6407 122 4 3 
74 -38 -56.4552 122 4 3 
76 -38 -57.0883 122 4 3 
78 -38 -56.804 122 4 3 
80 -38 -56.6624 122 4 3 
82 -38 -56.9259 122 4 3 
84 -38 -56.8034 122 4 3 
86 -38 -56.863 122 4 3 
88 -38 -56.9382 122 4 3 
90 -38 -57.0831 122 4 3 
92 -38 -57.3019 122 4 3 
94 -38 -57.0664 122 4 3 
96 -38 -57.5347 122 4 3 
98 -38 -57.6102 122 4 3 
100 -38 -57.4094 122 4 3 
102 -38 -56.4361 122 4 3 
-148 -40 -39.6163 193 35 2 
-146 -40 -39.3069 195 37 3 
-144 -40 -38.2661 200 40 3 
-142 -40 -37.8101 202 42 4 
-140 -40 -37.7344 202 42 4 
-138 -40 -37.5778 202 42 4 
-136 -40 -37.6484 202 42 4 
-134 -40 -37.9206 202 42 4 
-132 -40 -38.0795 200 40 3 
-130 -40 -38.2734 200 40 3 
-128 -40 -38.5343 197 38 3 
-126 -40 -38.5653 197 38 3 
-124 -40 -38.4318 200 40 3 
-122 -40 -38.4797 197 38 3 
-120 -40 -38.7466 197 38 3 
-118 -40 -38.9772 197 38 3 
-116 -40 -39.0548 195 37 3 
-114 -40 -39.0368 195 37 3 
-112 -40 -39.0801 195 37 3 
-110 -40 -39.3432 195 37 3 
-108 -40 -39.6537 193 35 2 
-106 -40 -39.722 193 35 2 
-104 -40 -39.6052 193 35 2 
-102 -40 -39.603 193 35 2 
-100 -40 -39.732 193 35 2 
-98 -40 -39.8652 193 35 2 
-96 -40 -39.961 193 35 2 
-94 -40 -40.1913 190 33 2 
-92 -40 -40.5817 188 32 2 
-90 -40 -40.7564 188 32 2 
-88 -40 -40.86 188 32 2 
-86 -40 -40.9303 188 32 2 
-84 -40 -41.1484 185 30 2 
-82 -40 -41.3702 185 30 2 
-80 -40 -41.577 183 29 2 
-78 -40 -41.7982 183 29 2 
-76 -40 -41.9457 183 29 2 
-74 -40 -42.1049 180 27 1 
-72 -40 -42.361 180 27 1 
-70 -40 -42.7053 178 26 1 
-68 -40 -42.8381 178 26 1 
-66 -40 -42.8942 178 26 1 
-64 -40 -43.2097 175 24 1 
-62 -40 -43.6261 172 23 1 
-60 -40 -43.8098 172 23 1 
-58 -40 -44.057 169 22 1 
-56 -40 -44.4069 169 22 1 
-54 -40 -44.8227 167 20 1 
-52 -40 -45.1095 164 19 1 
-50 -40 -45.2278 164 19 1 
-48 -40 -45.5996 161 18 1 
-46 -40 -46.1314 158 16 1 
-44 -40 -46.4862 158 16 1 
-42 -40 -46.9069 155 15 1 
-40 -40 -47.4137 152 14 1 
-38 -40 -47.6026 149 13 1 
-36 -40 -47.6116 149 13 1 
-34 -40 -47.7887 149 13 1 
-32 -40 -48.09 146 11 1 
-30 -40 -48.6371 142 10 1 
-28 -40 -49.2959 139 9 2 
-26 -40 -49.6123 136 8 2 
-24 -40 -49.6548 136 8 2 
-22 -40 -49.9119 136 8 2 
-20 -40 -50.4127 133 7 2 
-18 -40 -50.7387 129 6 2 
-16 -40 -51.0378 126 5 2 
-14 -40 -51.3487 126 5 2 
-12 -40 -51.39 126 5 2 
-10 -40 -51.4545 126 5 2 
-8 -40 -51.7411 122 4 3 
-6 -40 -52.0794 122 4 3 
-4 -40 -52.2402 122 4 3 
-2 -40 -52.5436 122 4 3 
0 -40 -52.9249 122 4 3 
2 -40 -53.1826 122 4 3 
4 -40 -53.4014 122 4 3 
6 -40 -53.6487 122 4 3 
8 -40 -53.6999 122 4 3 
10 -40 -53.7353 122 4 3 
12 -40 -53.9466 122 4 3 
14 -40 -54.2277 122 4 3 
16 -40 -54.4741 122 4 3 
18 -40 -54.6397 122 4 3 
20 -40 -54.8365 122 4 3 
22 -40 -54.8269 122 4 3 
24 -40 -54.8129 122 4 3 
26 -40 -54.8227 122 4 3 
28 -40 -54.7385 122 4 3 
30 -40 -54.8228 122 4 3 
32 -40 -55.0786 122 4 3 
34 -40 -55.2497 122 4 3 
36 -40 -55.3603 122 4 3 
38 -40 -55.4168 122 4 3 
40 -40 -55.4075 122 4 3 
42 -40 -55.4636 122 4 3 
44 -40 -55.5087 122 4 3 
46 -40 -55.3566 122 4 3 
48 -40 -55.2465 122 4 3 
50 -40 -55.1999 122 4 3 
52 -40 -55.1895 122 4 3 
54 -40 -55.3275 122 4 3 
56 -40 -55.4213 122 4 3 
58 -40 -55.4007 122 4 3 
60 -40 -55.3822 122 4 3 
62 -40 -55.3537 122 4 3 
64 -40 -55.3119 122 4 3 
66 -40 -55.2478 122 4 3 
68 -40 -55.1338 122 4 3 
70 -40 -55.3067 122 4 3 
72 -40 -55.3667 122 4 3 
74 -40 -55.6113 122 4 3 
76 -40 -55.839 122 4 3 
78 -40 -55.7281 122 4 3 
80 -40 -55.626 122 4 3 
82 -40 -55.5673 122 4 3 
84 -40 -55.3702 122 4 3 
86 -40 -55.7648 122 4 3 
88 -40 -56.0004 122 4 3 
90 -40 -55.9893 122 4 3 
92 -40 -56.1055 122 4 3 
94 -40 -56.1269 122 4 3 
96 -40 -56.5488 122 4 3 
98 -40 -56.5974 122 4 3 
100 -40 -56.566 122 4 3 
102 -40 -56.3597 122 4 3 
104 -40 -51.6523 122 4 3 
-150 -42 -40.7538 188 32 2 
-148 -42 -41.961 183 29 2 
-146 -42 -40.9896 185 30 2 
-144 -42 -37.3613 204 43 4 
-142 -42 -36.3539 208 47 5 
-140 -42 -36.4888 206 45 4 
-138 -42 -36.5179 206 45 4 
-136 -42 -36.7754 206 45 4 
-134 -42 -37.1943 204 43 4 
-132 -42 -37.4126 204 43 4 
-130 -42 -37.882 202 42 4 
-128 -42 -38.5984 197 38 3 
-126 -42 -38.9491 197 38 3 
-124 -42 -38.9521 197 38 3 
-122 -42 -39.1947 195 37 3 
-120 -42 -39.7024 193 35 2 
-118 -42 -40.0825 190 33 2 
-116 -42 -40.4536 190 33 2 
-114 -42 -40.6711 188 32 2 
-112 -42 -40.8485 188 32 2 
-110 -42 -41.3228 185 30 2 
-108 -42 -41.8094 183 29 2 
-106 -42 -42.0868 180 27 1 
-104 -42 -42.193 180 27 1 
-102 -42 -42.2062 180 27 1 
-100 -42 -42.36 180 27 1 
-98 -42 -42.6286 178 26 1 
-96 -42 -42.6879 178 26 1 
-94 -42 -42.6409 178 26 1 
-92 -42 -42.7497 178 26 1 
-90 -42 -42.8246 178 26 1 
-88 -42 -43.0094 175 24 1 
-86 -42 -43.3302 175 24 1 
-84 -42 -43.702 172 23 1 
-82 -42 -43.8235 172 23 1 
-80 -42 -43.8123 172 23 1 
-78 -42 -43.8795 172 23 1 
-76 -42 -43.999 169 22 1 
-74 -42 -44.1047 169 22 1 
-72 -42 -44.0862 169 22 1 
-70 -42 -44.0297 169 22 1 
-68 -42 -44.0739 169 22 1 
-66 -42 -44.1334 169 22 1 
-64 -42 -44.1496 169 22 1 
-62 -42 -44.1629 169 22 1 
-60 -42 -44.1307 169 22 1 
-58 -42 -44.1898 169 22 1 
-56 -42 -44.2792 169 22 1 
-54 -42 -44.4973 167 20 1 
-52 -42 -44.758 167 20 1 
-50 -42 -44.8235 167 20 1 
-48 -42 -44.8165 167 20 1 
-46 -42 -44.8607 167 20 1 
-44 -42 -44.8549 167 20 1 
-42 -42 -45.0205 164 19 1 
-40 -42 -45.3727 164 19 1 
-38 -42 -45.4986 161 18 1 
-36 -42 -45.3428 164 19 1 
-34 -42 -45.356 164 19 1 
-32 -42 -45.5288 161 18 1 
-30 -42 -45.8389 161 18 1 
-28 -42 -46.2607 158 16 1 
-26 -42 -46.539 155 15 1 
-24 -42 -46.5808 155 15 1 
-22 -42 -46.698 155 15 1 
-20 -42 -47.1482 152 14 1 
-18 -42 -47.5557 149 13 1 
-16 -42 -47.7947 149 13 1 
-14 -42 -47.9333 149 13 1 
-12 -42 -47.9581 149 13 1 
-10 -42 -48.1836 146 11 1 
-8 -42 -48.4714 146 11 1 
-6 -42 -48.6379 142 10 1 
-4 -42 -48.8417 142 10 1 
-2 -42 -49.3163 139 9 2 
0 -42 -49.7796 136 8 2 
2 -42 -50.1111 133 7 2 
4 -42 -50.459 133 7 2 
6 -42 -50.9126 129 6 2 
8 -42 -51.0999 126 5 2 
10 -42 -51.2077 126 5 2 
12 -42 -51.6481 122 4 3 
14 -42 -52.0698 122 4 3 
16 -42 -52.3432 122 4 3 
18 -42 -52.7533 122 4 3 
20 -42 -53.0807 122 4 3 
22 -42 -53.096 122 4 3 
24 -42 -53.3128 122 4 3 
26 -42 -53.6558 122 4 3 
28 -42 -53.8049 122 4 3 
30 -42 -54.0142 122 4 3 
32 -42 -54.3814 122 4 3 
34 -42 -54.685 122 4 3 
36 -42 -55.0512 122 4 3 
38 -42 -55.3651 122 4 3 
40 -42 -55.4756 122 4 3 
42 -42 -55.5307 122 4 3 
44 -42 -55.5906 122 4 3 
46 -42 -55.7504 122 4 3 
48 -42 -56.0302 122 4 3 
50 -42 -56.2366 122 4 3 
52 -42 -56.4878 122 4 3 
54 -42 -56.8382 122 4 3 
56 -42 -57.0298 122 4 3 
58 -42 -57.1284 122 4 3 
60 -42 -57.317 122 4 3 
62 -42 -57.5915 122 4 3 
64 -42 -57.803 122 4 3 
66 -42 -57.7305 122 4 3 
68 -42 -57.3816 122 4 3 
70 -42 -57.3732 122 4 3 
72 -42 -57.6161 122 4 3 
74 -42 -57.6822 122 4 3 
76 -42 -57.6638 122 4 3 
78 -42 -57.7007 122 4 3 
80 -42 -57.8756 122 4 3 
82 -42 -57.8668 122 4 3 
84 -42 -57.5696 122 4 3 
86 -42 -57.4989 122 4 3 
88 -42 -57.6842 122 4 3 
90 -42 -57.7808 122 4 3 
92 -42 -57.6219 122 4 3 
94 -42 -57.4899 122 4 3 
96 -42 -57.5905 122 4 3 
98 -42 -57.6735 122 4 3 
100 -42 -57.6331 122 4 3 
102 -42 -56.8832 122 4 3 
104 -42 -50.7169 129 6 2 
-150 -44 -37.3862 204 43 4 
-148 -44 -38.2753 200 40 3 
-146 -44 -36.8373 206 45 4 
-144 -44 -32.5817 221 61 8 
-142 -44 -31.4421 226 67 10 
-140 -44 -31.7196 225 65 9 
-138 -44 -31.9778 223 63 8 
-136 -44 -32.4495 223 63 8 
-134 -44 -32.791 221 61 8 
-132 -44 -32.7689 221 61 8 
-130 -44 -33.1339 220 59 7 
-128 -44 -33.9122 218 57 7 
-126 -44 -34.6039 214 53 6 
-124 -44 -34.9321 214 53 6 
-122 -44 -35.1397 212 51 5 
-120 -44 -35.3691 212 51 5 
-118 -44 -35.7524 210 49 5 
-116 -44 -36.4946 206 45 4 
-114 -44 -37.1144 204 43 4 
-112 -44 -37.5381 202 42 4 
-110 -44 -38.1649 200 40 3 
-108 -44 -38.8463 197 38 3 
-106 -44 -39.3315 195 37 3 
-104 -44 -39.5472 193 35 2 
-102 -44 -39.7752 193 35 2 
-100 -44 -40.3807 190 33 2 
-98 -44 -41.2076 185 30 2 
-96 -44 -41.5736 183 29 2 
-94 -44 -41.5911 183 29 2 
-92 -44 -41.8455 183 29 2 
-90 -44 -42.1965 180 27 1 
-88 -44 -42.6491 178 26 1 
-86 -44 -43.3515 175 24 1 
-84 -44 -44.0896 169 22 1 
-82 -44 -44.4634 169 22 1 
-80 -44 -44.6857 167 20 1 
-78 -44 -44.9963 164 19 1 
-76 -44 -45.365 164 19 1 
-74 -44 -45.8022 161 18 1 
-72 -44 -46.1184 158 16 1 
-70 -44 -46.1667 158 16 1 
-68 -44 -46.4262 158 16 1 
-66 -44 -46.7348 155 15 1 
-64 -44 -46.6917 155 15 1 
-62 -44 -46.484 158 16 1 
-60 -44 -46.479 158 16 1 
-58 -44 -46.8575 155 15 1 
-56 -44 -47.283 152 14 1 
-54 -44 -47.6279 149 13 1 
-52 -44 -47.9006 149 13 1 
-50 -44 -47.9782 149 13 1 
-48 -44 -48.0582 146 11 1 
-46 -44 -48.2773 146 11 1 
-44 -44 -48.3323 146 11 1 
-42 -44 -48.2509 146 11 1 
-40 -44 -48.1812 146 11 1 
-38 -44 -48.2036 146 11 1 
-36 -44 -48.2687 146 11 1 
-34 -44 -48.374 146 11 1 
-32 -44 -48.3551 146 11 1 
-30 -44 -48.3059 146 11 1 
-28 -44 -48.4082 146 11 1 
-26 -44 -48.5157 142 10 1 
-24 -44 -48.5515 142 10 1 
-22 -44 -48.5371 142 10 1 
-20 -44 -48.5224 142 10 1 
-18 -44 -48.5045 142 10 1 
-16 -44 -48.4454 146 11 1 
-14 -44 -48.4433 146 11 1 
-12 -44 -48.4433 146 11 1 
-10 -44 -48.5674 142 10 1 
-8 -44 -48.6842 142 10 1 
-6 -44 -48.6315 142 10 1 
-4 -44 -48.6063 142 10 1 
-2 -44 -48.7884 142 10 1 
0 -44 -48.9273 142 10 1 
2 -44 -49.0163 139 9 2 
4 -44 -49.1887 139 9 2 
6 -44 -49.3787 139 9 2 
8 -44 -49.3603 139 9 2 
10 -44 -49.3209 139 9 2 
12 -44 -49.5146 136 8 2 
14 -44 -49.6566 136 8 2 
16 -44 -49.7308 136 8 2 
18 -44 -50.0238 133 7 2 
20 -44 -50.1373 133 7 2 
22 -44 -50.1852 133 7 2 
24 -44 -50.4462 133 7 2 
26 -44 -50.7624 129 6 2 
28 -44 -50.9217 129 6 2 
30 -44 -51.0128 126 5 2 
32 -44 -51.1603 126 5 2 
34 -44 -51.3436 126 5 2 
36 -44 -51.6661 122 4 3 
38 -44 -52.0585 122 4 3 
40 -44 -52.3521 122 4 3 
42 -44 -52.3948 122 4 3 
44 -44 -52.2761 122 4 3 
46 -44 -52.5389 122 4 3 
48 -44 -53.0489 122 4 3 
50 -44 -53.3528 122 4 3 
52 -44 -53.7271 122 4 3 
54 -44 -54.1117 122 4 3 
56 -44 -54.2381 122 4 3 
58 -44 -54.2478 122 4 3 
60 -44 -54.5598 122 4 3 
62 -44 -55.1443 122 4 3 
64 -44 -55.5008 122 4 3 
66 -44 -55.3775 122 4 3 
68 -44 -55.1423 122 4 3 
70 -44 -55.3541 122 4 3 
72 -44 -55.9004 122 4 3 
74 -44 -56.3458 122 4 3 
76 -44 -56.6062 122 4 3 
78 -44 -56.9019 122 4 3 
80 -44 -57.1628 122 4 3 
82 -44 -57.185 122 4 3 
84 -44 -57.0858 122 4 3 
86 -44 -57.3788 122 4 3 
88 -44 -57.9373 122 4 3 
90 -44 -58.2997 122 4 3 
92 -44 -58.1086 122 4 3 
94 -44 -57.8142 122 4 3 
96 -44 -57.873 122 4 3 
98 -44 -58.3654 122 4 3 
100 -44 -58.5811 122 4 3 
102 -44 -57.2289 122 4 3 
104 -44 -49.8786 136 8 2 
-150 -46 -35.9511 210 49 5 
-148 -46 -36.5336 206 45 4 
-146 -46 -35.3112 212 51 5 
-144 -46 -32.838 221 61 8 
-142 -46 -32.1965 223 63 8 
-140 -46 -32.2747 223 63 8 
-138 -46 -32.3085 223 63 8 
-136 -46 -32.3904 223 63 8 
-134 -46 -32.4527 223 63 8 
-132 -46 -32.4471 223 63 8 
-130 -46 -32.6141 221 61 8 
-128 -46 -32.9141 221 61 8 
-126 -46 -33.2254 220 59 7 
-124 -46 -33.4436 220 59 7 
-122 -46 -33.5374 218 57 7 
-120 -46 -33.5164 218 57 7 
-118 -46 -33.4742 218 57 7 
-116 -46 -33.595 218 57 7 
-114 -46 -33.8479 218 57 7 
-112 -46 -34.1824 216 55 6 
-110 -46 -34.5675 214 53 6 
-108 -46 -34.8904 214 53 6 
-106 -46 -35.1812 212 51 5 
-104 -46 -35.2938 212 51 5 
-102 -46 -35.451 212 51 5 
-100 -46 -35.9872 208 47 5 
-98 -46 -36.7571 206 45 4 
-96 -46 -37.2938 204 43 4 
-94 -46 -37.4677 204 43 4 
-92 -46 -37.6962 202 42 4 
-90 -46 -38.0886 200 40 3 
-88 -46 -38.4956 197 38 3 
-86 -46 -38.8787 197 38 3 
-84 -46 -39.2834 195 37 3 
-82 -46 -39.6489 193 35 2 
-80 -46 -39.9828 190 33 2 
-78 -46 -40.2632 190 33 2 
-76 -46 -40.5861 188 32 2 
-74 -46 -41.1208 185 30 2 
-72 -46 -41.708 183 29 2 
-70 -46 -42.1313 180 27 1 
-68 -46 -42.7639 178 26 1 
-66 -46 -43.4382 175 24 1 
-64 -46 -43.9175 172 23 1 
-62 -46 -43.9887 172 23 1 
-60 -46 -44.042 169 22 1 
-58 -46 -44.6066 167 20 1 
-56 -46 -45.3059 164 19 1 
-54 -46 -45.9937 161 18 1 
-52 -46 -46.4452 158 16 1 
-50 -46 -46.7069 155 15 1 
-48 -46 -47.1199 152 14 1 
-46 -46 -47.744 149 13 1 
-44 -46 -48.1944 146 11 1 
-42 -46 -48.3022 146 11 1 
-40 -46 -48.3953 146 11 1 
-38 -46 -48.7712 142 10 1 
-36 -46 -49.1504 139 9 2 
-34 -46 -49.4965 139 9 2 
-32 -46 -49.7643 136 8 2 
-30 -46 -49.9469 136 8 2 
-28 -46 -50.1839 133 7 2 
-26 -46 -50.3447 133 7 2 
-24 -46 -50.535 129 6 2 
-22 -46 -50.9021 129 6 2 
-20 -46 -51.119 126 5 2 
-18 -46 -51.1756 126 5 2 
-16 -46 -51.1632 126 5 2 
-14 -46 -51.3188 126 5 2 
-12 -46 -51.6489 122 4 3 
-10 -46 -51.9065 122 4 3 
-8 -46 -52.054 122 4 3 
-6 -46 -52.0386 122 4 3 
-4 -46 -51.8988 122 4 3 
-2 -46 -51.8249 122 4 3 
0 -46 -51.825 122 4 3 
2 -46 -51.9422 122 4 3 
4 -46 -52.2813 122 4 3 
6 -46 -52.5037 122 4 3 
8 -46 -52.5028 122 4 3 
10 -46 -52.4727 122 4 3 
12 -46 -52.4451 122 4 3 
14 -46 -52.3894 122 4 3 
16 -46 -52.2723 122 4 3 
18 -46 -52.2099 122 4 3 
20 -46 -52.1218 122 4 3 
22 -46 -52.1034 122 4 3 
24 -46 -52.156 122 4 3 
26 -46 -52.1933 122 4 3 
28 -46 -52.1198 122 4 3 
30 -46 -52.0668 122 4 3 
32 -46 -52.1341 122 4 3 
34 -46 -52.1614 122 4 3 
36 -46 -52.1436 122 4 3 
38 -46 -52.2162 122 4 3 
40 -46 -52.3554 122 4 3 
42 -46 -52.3624 122 4 3 
44 -46 -52.2518 122 4 3 
46 -46 -52.259 122 4 3 
48 -46 -52.3491 122 4 3 
50 -46 -52.3023 122 4 3 
52 -46 -52.4011 122 4 3 
54 -46 -52.5614 122 4 3 
56 -46 -52.494 122 4 3 
58 -46 -52.2864 122 4 3 
60 -46 -52.3282 122 4 3 
62 -46 -52.6288 122 4 3 
64 -46 -52.7915 122 4 3 
66 -46 -52.618 122 4 3 
68 -46 -52.5317 122 4 3 
70 -46 -52.7808 122 4 3 
72 -46 -53.123 122 4 3 
74 -46 -53.3496 122 4 3 
76 -46 -53.5885 122 4 3 
78 -46 -53.7035 122 4 3 
80 -46 -53.6936 122 4 3 
82 -46 -53.7411 122 4 3 
84 -46 -53.6643 122 4 3 
86 -46 -53.9113 122 4 3 
88 -46 -54.3164 122 4 3 
90 -46 -54.5513 122 4 3 
92 -46 -54.5067 122 4 3 
94 -46 -54.3233 122 4 3 
96 -46 -54.426 122 4 3 
98 -46 -55.2386 122 4 3 
100 -46 -56.0591 122 4 3 
102 -46 -54.9947 122 4 3 
-150 -48 -38.9227 197 38 3 
-148 -48 -40.1383 190 33 2 
-146 -48 -38.4496 200 40 3 
-144 -48 -35.4146 212 51 5 
-142 -48 -34.8867 214 53 6 
-140 -48 -35.1691 212 51 5 
-138 -48 -35.3544 212 51 5 
-136 -48 -35.4374 212 51 5 
-134 -48 -35.3731 212 51 5 
-132 -48 -35.4015 212 51 5 
-130 -48 -35.5888 210 49 5 
-128 -48 -35.7989 210 49 5 
-126 -48 -36.1048 208 47 5 
-124 -48 -36.3527 208 47 5 
-122 -48 -36.4332 208 47 5 
-120 -48 -36.48 206 45 4 
-118 -48 -36.5444 206 45 4 
-116 -48 -36.5777 206 45 4 
-114 -48 -36.6485 206 45 4 
-112 -48 -36.7248 206 45 4 
-110 -48 -36.7851 206 45 4 
-108 -48 -36.9137 206 45 4 
-106 -48 -36.9597 206 45 4 
-104 -48 -36.9421 206 45 4 
-102 -48 -36.8983 206 45 4 
-100 -48 -36.921 206 45 4 
-98 -48 -37.1318 204 43 4 
-96 -48 -37.4068 204 43 4 
-94 -48 -37.512 202 42 4 
-92 -48 -37.5656 202 42 4 
-90 -48 -37.7524 202 42 4 
-88 -48 -37.893 202 42 4 
-86 -48 -37.892 202 42 4 
-84 -48 -37.9244 202 42 4 
-82 -48 -38.0588 200 40 3 
-80 -48 -38.2004 200 40 3 
-78 -48 -38.2978 200 40 3 
-76 -48 -38.4206 200 40 3 
-74 -48 -38.5546 197 38 3 
-72 -48 -38.656 197 38 3 
-70 -48 -38.8796 197 38 3 
-68 -48 -39.3032 195 37 3 
-66 -48 -39.606 193 35 2 
-64 -48 -39.9103 193 35 2 
-62 -48 -40.1748 190 33 2 
-60 -48 -40.3118 190 33 2 
-58 -48 -40.5265 188 32 2 
-56 -48 -40.8405 188 32 2 
-54 -48 -41.3006 185 30 2 
-52 -48 -41.5722 183 29 2 
-50 -48 -41.7756 183 29 2 
-48 -48 -42.0004 180 27 1 
-46 -48 -42.2511 180 27 1 
-44 -48 -42.6767 178 26 1 
-42 -48 -43.0727 175 24 1 
-40 -48 -43.4428 175 24 1 
-38 -48 -44.0188 169 22 1 
-36 -48 -44.3275 169 22 1 
-34 -48 -44.6511 167 20 1 
-32 -48 -45.2101 164 19 1 
-30 -48 -45.5652 161 18 1 
-28 -48 -45.9272 161 18 1 
-26 -48 -46.3655 158 16 1 
-24 -48 -46.7794 155 15 1 
-22 -48 -47.2069 152 14 1 
-20 -48 -47.5263 149 13 1 
-18 -48 -47.9037 149 13 1 
-16 -48 -48.2427 146 11 1 
-14 -48 -48.5434 142 10 1 
-12 -48 -49.1652 139 9 2 
-10 -48 -49.8825 136 8 2 
-8 -48 -50.287 133 7 2 
-6 -48 -50.4167 133 7 2 
-4 -48 -50.4365 133 7 2 
-2 -48 -50.6091 129 6 2 
0 -48 -50.8083 129 6 2 
2 -48 -51.0884 126 5 2 
4 -48 -51.8679 122 4 3 
6 -48 -52.5784 122 4 3 
8 -48 -53.079 122 4 3 
10 -48 -53.2655 122 4 3 
12 -48 -53.4142 122 4 3 
14 -48 -53.6005 122 4 3 
16 -48 -53.4036 122 4 3 
18 -48 -53.1959 122 4 3 
20 -48 -53.5849 122 4 3 
22 -48 -54.2254 122 4 3 
24 -48 -54.618 122 4 3 
26 -48 -54.5348 122 4 3 
28 -48 -54.3524 122 4 3 
30 -48 -54.5559 122 4 3 
32 -48 -54.849 122 4 3 
34 -48 -55.0351 122 4 3 
36 -48 -55.149 122 4 3 
38 -48 -55.251 122 4 3 
40 -48 -55.3371 122 4 3 
42 -48 -55.4503 122 4 3 
44 -48 -55.5259 122 4 3 
46 -48 -55.5163 122 4 3 
48 -48 -55.6045 122 4 3 
50 -48 -55.6999 122 4 3 
52 -48 -55.8116 122 4 3 
54 -48 -55.7893 122 4 3 
56 -48 -55.6054 122 4 3 
58 -48 -55.4983 122 4 3 
60 -48 -55.4593 122 4 3 
62 -48 -55.4909 122 4 3 
64 -48 -55.5347 122 4 3 
66 -48 -55.4377 122 4 3 
68 -48 -55.3272 122 4 3 
70 -48 -55.3409 122 4 3 
72 -48 -55.3934 122 4 3 
74 -48 -55.3408 122 4 3 
76 -48 -55.3754 122 4 3 
78 -48 -55.3135 122 4 3 
80 -48 -55.1599 122 4 3 
82 -48 -55.1125 122 4 3 
84 -48 -54.9836 122 4 3 
86 -48 -54.8675 122 4 3 
88 -48 -54.8493 122 4 3 
90 -48 -54.7649 122 4 3 
92 -48 -54.7439 122 4 3 
94 -48 -54.6906 122 4 3 
96 -48 -54.6558 122 4 3 
98 -48 -54.8005 122 4 3 
100 -48 -55.028 122 4 3 
102 -48 -53.5344 122 4 3 
-146 -50 -38.6973 197 38 3 
-144 -50 -33.0561 220 59 7 
-142 -50 -31.707 225 65 9 
-140 -50 -32.0026 223 63 8 
-138 -50 -32.4364 223 63 8 
-136 -50 -32.9477 221 61 8 
-134 -50 -33.3074 220 59 7 
-132 -50 -33.6683 218 57 7 
-130 -50 -34.1196 216 55 6 
-128 -50 -34.4553 216 55 6 
-126 -50 -35.0041 212 51 5 
-124 -50 -35.4995 210 49 5 
-122 -50 -35.856 210 49 5 
-120 -50 -36.1795 208 47 5 
-118 -50 -36.5585 206 45 4 
-116 -50 -37.0565 204 43 4 
-114 -50 -37.5841 202 42 4 
-112 -50 -37.856 202 42 4 
-110 -50 -37.9248 202 42 4 
-108 -50 -38.1936 200 40 3 
-106 -50 -38.4639 200 40 3 
-104 -50 -38.7502 197 38 3 
-102 -50 -39.0425 195 37 3 
-100 -50 -39.1487 195 37 3 
-98 -50 -39.2336 195 37 3 
-96 -50 -39.4479 195 37 3 
-94 -50 -39.678 193 35 2 
-92 -50 -39.8059 193 35 2 
-90 -50 -40.1612 190 33 2 
-88 -50 -40.4479 190 33 2 
-86 -50 -40.4712 190 33 2 
-84 -50 -40.5286 188 32 2 
-82 -50 -40.6941 188 32 2 
-80 -50 -40.9368 188 32 2 
-78 -50 -41.2594 185 30 2 
-76 -50 -41.466 185 30 2 
-74 -50 -41.5853 183 29 2 
-72 -50 -41.659 183 29 2 
-70 -50 -41.6335 183 29 2 
-68 -50 -41.6527 183 29 2 
-66 -50 -41.6165 183 29 2 
-64 -50 -41.6578 183 29 2 
-62 -50 -41.9035 183 29 2 
-60 -50 -42.0658 180 27 1 
-58 -50 -42.1775 180 27 1 
-56 -50 -42.2096 180 27 1 
-54 -50 -42.2468 180 27 1 
-52 -50 -42.2025 180 27 1 
-50 -50 -42.2485 180 27 1 
-48 -50 -42.2103 180 27 1 
-46 -50 -41.9978 180 27 1 
-44 -50 -41.98 183 29 2 
-42 -50 -42.1054 180 27 1 
-40 -50 -42.2348 180 27 1 
-38 -50 -42.4068 180 27 1 
-36 -50 -42.534 178 26 1 
-34 -50 -42.6423 178 26 1 
-32 -50 -42.8238 178 26 1 
-30 -50 -42.8461 178 26 1 
-28 -50 -42.891 178 26 1 
-26 -50 -43.1301 175 24 1 
-24 -50 -43.3977 175 24 1 
-22 -50 -43.573 172 23 1 
-20 -50 -43.6235 172 23 1 
-18 -50 -43.741 172 23 1 
-16 -50 -43.9727 172 23 1 
-14 -50 -44.1416 169 22 1 
-12 -50 -44.4208 169 22 1 
-10 -50 -44.8903 167 20 1 
-8 -50 -45.1083 164 19 1 
-6 -50 -45.2953 164 19 1 
-4 -50 -45.5871 161 18 1 
-2 -50 -45.8493 161 18 1 
0 -50 -45.8909 161 18 1 
2 -50 -45.9429 161 18 1 
4 -50 -46.4817 158 16 1 
6 -50 -47.1156 152 14 1 
8 -50 -47.6116 149 13 1 
10 -50 -47.7694 149 13 1 
12 -50 -48.1102 146 11 1 
14 -50 -48.6226 142 10 1 
16 -50 -48.5649 142 10 1 
18 -50 -48.4075 146 11 1 
20 -50 -49.1238 139 9 2 
22 -50 -50.2947 133 7 2 
24 -50 -51.1128 126 5 2 
26 -50 -51.2958 126 5 2 
28 -50 -51.4202 126 5 2 
30 -50 -51.7074 122 4 3 
32 -50 -51.8612 122 4 3 
34 -50 -52.0986 122 4 3 
36 -50 -52.4688 122 4 3 
38 -50 -52.8663 122 4 3 
40 -50 -53.338 122 4 3 
42 -50 -53.7621 122 4 3 
44 -50 -54.0546 122 4 3 
46 -50 -54.5046 122 4 3 
48 -50 -55.0586 122 4 3 
50 -50 -55.5669 122 4 3 
52 -50 -55.8853 122 4 3 
54 -50 -56.0061 122 4 3 
56 -50 -56.1437 122 4 3 
58 -50 -56.4649 122 4 3 
60 -50 -56.6865 122 4 3 
62 -50 -56.8219 122 4 3 
64 -50 -57.0589 122 4 3 
66 -50 -57.269 122 4 3 
68 -50 -57.3988 122 4 3 
70 -50 -57.5507 122 4 3 
72 -50 -57.6602 122 4 3 
74 -50 -57.6251 122 4 3 
76 -50 -57.9176 122 4 3 
78 -50 -58.223 122 4 3 
80 -50 -58.1801 122 4 3 
82 -50 -58.1538 122 4 3 
84 -50 -58.2602 122 4 3 
86 -50 -58.2484 122 4 3 
88 -50 -58.3197 122 4 3 
90 -50 -58.393 122 4 3 
92 -50 -58.5787 122 4 3 
94 -50 -58.7102 122 4 3 
96 -50 -58.6212 122 4 3 
98 -50 -58.4818 122 4 3 
100 -50 -58.4145 122 4 3 
102 -50 -55.3722 122 4 3 
-150 -52 -37.2066 204 43 4 
-148 -52 -37.409 204 43 4 
-146 -52 -34.3434 216 55 6 
-144 -52 -29.7466 231 73 12 
-142 -52 -28.5088 234 78 13 
-140 -52 -28.6385 234 78 13 
-138 -52 -29.0228 232 75 12 
-136 -52 -29.4211 232 75 12 
-134 -52 -29.7863 231 73 12 
-132 -52 -30.2011 229 71 11 
-130 -52 -30.6821 228 69 10 
-128 -52 -30.9165 228 69 10 
-126 -52 -31.1602 226 67 10 
-124 -52 -31.399 226 67 10 
-122 -52 -31.6776 225 65 9 
-120 -52 -31.9656 223 63 8 
-118 -52 -32.248 223 63 8 
-116 -52 -32.6821 221 61 8 
-114 -52 -33.2848 220 59 7 
-112 -52 -33.7542 218 57 7 
-110 -52 -33.9262 218 57 7 
-108 -52 -34.2341 216 55 6 
-106 -52 -34.8844 214 53 6 
-104 -52 -35.6278 210 49 5 
-102 -52 -36.2571 208 47 5 
-100 -52 -36.614 206 45 4 
-98 -52 -36.9 206 45 4 
-96 -52 -37.3268 204 43 4 
-94 -52 -37.8222 202 42 4 
-92 -52 -38.2034 200 40 3 
-90 -52 -38.7762 197 38 3 
-88 -52 -39.1397 195 37 3 
-86 -52 -39.2506 195 37 3 
-84 -52 -39.5475 193 35 2 
-82 -52 -39.9701 193 35 2 
-80 -52 -40.4809 190 33 2 
-78 -52 -41.0247 185 30 2 
-76 -52 -41.3302 185 30 2 
-74 -52 -41.8122 183 29 2 
-72 -52 -42.3355 180 27 1 
-70 -52 -42.5943 178 26 1 
-68 -52 -42.8582 178 26 1 
-66 -52 -43.0044 175 24 1 
-64 -52 -43.199 175 24 1 
-62 -52 -43.6743 172 23 1 
-60 -52 -44.0213 169 22 1 
-58 -52 -44.3719 169 22 1 
-56 -52 -44.6614 167 20 1 
-54 -52 -44.7725 167 20 1 
-52 -52 -44.9329 167 20 1 
-50 -52 -45.2235 164 19 1 
-48 -52 -45.2931 164 19 1 
-46 -52 -45.1 164 19 1 
-44 -52 -45.1359 164 19 1 
-42 -52 -45.316 164 19 1 
-40 -52 -45.4819 164 19 1 
-38 -52 -45.5543 161 18 1 
-36 -52 -45.5263 161 18 1 
-34 -52 -45.6487 161 18 1 
-32 -52 -45.8951 161 18 1 
-30 -52 -46.1235 158 16 1 
-28 -52 -46.3006 158 16 1 
-26 -52 -46.3389 158 16 1 
-24 -52 -46.3204 158 16 1 
-22 -52 -46.3304 158 16 1 
-20 -52 -46.324 158 16 1 
-18 -52 -46.2972 158 16 1 
-16 -52 -46.3627 158 16 1 
-14 -52 -46.4191 158 16 1 
-12 -52 -46.4163 158 16 1 
-10 -52 -46.4804 158 16 1 
-8 -52 -46.4463 158 16 1 
-6 -52 -46.4188 158 16 1 
-4 -52 -46.5072 155 15 1 
-2 -52 -46.4326 158 16 1 
0 -52 -46.2363 158 16 1 
2 -52 -46.2068 158 16 1 
4 -52 -46.3721 158 16 1 
6 -52 -46.519 155 15 1 
8 -52 -46.5868 155 15 1 
10 -52 -46.6068 155 15 1 
12 -52 -46.7331 155 15 1 
14 -52 -46.8819 155 15 1 
16 -52 -46.8334 155 15 1 
18 -52 -46.754 155 15 1 
20 -52 -46.8841 155 15 1 
22 -52 -47.1118 152 14 1 
24 -52 -47.3345 152 14 1 
26 -52 -47.545 149 13 1 
28 -52 -47.8182 149 13 1 
30 -52 -47.8809 149 13 1 
32 -52 -47.7986 149 13 1 
34 -52 -47.8169 149 13 1 
36 -52 -47.9249 149 13 1 
38 -52 -48.2013 146 11 1 
40 -52 -48.7265 142 10 1 
42 -52 -49.0097 139 9 2 
44 -52 -49.1217 139 9 2 
46 -52 -49.6453 136 8 2 
48 -52 -50.1341 133 7 2 
50 -52 -50.3649 133 7 2 
52 -52 -50.4743 133 7 2 
54 -52 -50.6529 129 6 2 
56 -52 -51.0829 126 5 2 
58 -52 -51.6266 122 4 3 
60 -52 -51.8116 122 4 3 
62 -52 -51.9361 122 4 3 
64 -52 -52.3158 122 4 3 
66 -52 -52.6335 122 4 3 
68 -52 -53.0175 122 4 3 
70 -52 -53.5045 122 4 3 
72 -52 -53.8142 122 4 3 
74 -52 -53.7938 122 4 3 
76 -52 -53.9903 122 4 3 
78 -52 -54.7205 122 4 3 
80 -52 -55.1826 122 4 3 
82 -52 -55.4479 122 4 3 
84 -52 -55.7949 122 4 3 
86 -52 -55.9558 122 4 3 
88 -52 -56.0883 122 4 3 
90 -52 -56.3764 122 4 3 
92 -52 -56.9227 122 4 3 
94 -52 -57.4458 122 4 3 
96 -52 -57.7215 122 4 3 
98 -52 -57.754 122 4 3 
100 -52 -57.769 122 4 3 
102 -52 -53.9761 122 4 3 
-150 -54 -36.7025 206 45 4 
-148 -54 -35.7787 210 49 5 
-146 -54 -33.2696 220 59 7 
-144 -54 -31.5684 225 65 9 
-142 -54 -31.2377 226 67 10 
-140 -54 -31.2186 226 67 10 
-138 -54 -31.4478 226 67 10 
-136 -54 -31.6454 225 65 9 
-134 -54 -31.7154 225 65 9 
-132 -54 -31.8756 225 65 9 
-130 -54 -32.1587 223 63 8 
-128 -54 -32.2186 223 63 8 
-126 -54 -32.1995 223 63 8 
-124 -54 -32.2494 223 63 8 
-122 -54 -32.2877 223 63 8 
-120 -54 -32.3098 223 63 8 
-118 -54 -32.3381 223 63 8 
-116 -54 -32.3265 223 63 8 
-114 -54 -32.4853 221 61 8 
-112 -54 -32.8212 221 61 8 
-110 -54 -32.9317 221 61 8 
-108 -54 -33.0331 220 59 7 
-106 -54 -33.3654 220 59 7 
-104 -54 -33.7454 218 57 7 
-102 -54 -34.0505 216 55 6 
-100 -54 -34.2972 216 55 6 
-98 -54 -34.6424 214 53 6 
-96 -54 -34.9711 212 51 5 
-94 -54 -35.2369 212 51 5 
-92 -54 -35.6005 210 49 5 
-90 -54 -35.9888 208 47 5 
-88 -54 -36.0697 208 47 5 
-86 -54 -36.0556 208 47 5 
-84 -54 -36.4241 208 47 5 
-82 -54 -36.9812 204 43 4 
-80 -54 -37.4049 204 43 4 
-78 -54 -37.5592 202 42 4 
-76 -54 -37.622 202 42 4 
-74 -54 -38.0673 200 40 3 
-72 -54 -38.4775 200 40 3 
-70 -54 -38.8346 197 38 3 
-68 -54 -39.4536 195 37 3 
-66 -54 -39.8539 193 35 2 
-64 -54 -40.0897 190 33 2 
-62 -54 -40.4579 190 33 2 
-60 -54 -40.6242 188 32 2 
-58 -54 -40.8962 188 32 2 
-56 -54 -41.4299 185 30 2 
-54 -54 -41.825 183 29 2 
-52 -54 -42.3415 180 27 1 
-50 -54 -42.9527 178 26 1 
-48 -54 -43.2266 175 24 1 
-46 -54 -43.2961 175 24 1 
-44 -54 -43.664 172 23 1 
-42 -54 -44.0742 169 22 1 
-40 -54 -44.3102 169 22 1 
-38 -54 -44.4937 167 20 1 
-36 -54 -44.6577 167 20 1 
-34 -54 -45.1089 164 19 1 
-32 -54 -45.7294 161 18 1 
-30 -54 -46.5022 155 15 1 
-28 -54 -47.3198 152 14 1 
-26 -54 -47.6704 149 13 1 
-24 -54 -47.6897 149 13 1 
-22 -54 -47.9084 149 13 1 
-20 -54 -48.2129 146 11 1 
-18 -54 -48.3484 146 11 1 
-16 -54 -48.5813 142 10 1 
-14 -54 -48.7253 142 10 1 
-12 -54 -48.8623 142 10 1 
-10 -54 -49.08 139 9 2 
-8 -54 -49.2584 139 9 2 
-6 -54 -49.4177 139 9 2 
-4 -54 -49.6006 136 8 2 
-2 -54 -49.7912 136 8 2 
0 -54 -49.8543 136 8 2 
2 -54 -49.8309 136 8 2 
4 -54 -49.9189 136 8 2 
6 -54 -50.1027 133 7 2 
8 -54 -50.3415 133 7 2 
10 -54 -50.491 133 7 2 
12 -54 -50.4468 133 7 2 
14 -54 -50.4384 133 7 2 
16 -54 -50.5896 129 6 2 
18 -54 -50.7005 129 6 2 
20 -54 -50.659 129 6 2 
22 -54 -50.4783 133 7 2 
24 -54 -50.3455 133 7 2 
26 -54 -50.3676 133 7 2 
28 -54 -50.4235 133 7 2 
30 -54 -50.4049 133 7 2 
32 -54 -50.4213 133 7 2 
34 -54 -50.259 133 7 2 
36 -54 -50.0286 133 7 2 
38 -54 -50.0489 133 7 2 
40 -54 -50.3022 133 7 2 
42 -54 -50.3249 133 7 2 
44 -54 -50.1403 133 7 2 
46 -54 -50.2025 133 7 2 
48 -54 -50.2677 133 7 2 
50 -54 -50.1615 133 7 2 
52 -54 -50.0276 133 7 2 
54 -54 -49.9635 136 8 2 
56 -54 -50.0579 133 7 2 
58 -54 -50.1567 133 7 2 
60 -54 -50.1019 133 7 2 
62 -54 -50.0869 133 7 2 
64 -54 -50.1693 133 7 2 
66 -54 -50.1916 133 7 2 
68 -54 -50.2934 133 7 2 
70 -54 -50.6348 129 6 2 
72 -54 -50.9781 129 6 2 
74 -54 -50.9613 129 6 2 
76 -54 -50.7429 129 6 2 
78 -54 -50.9254 129 6 2 
80 -54 -51.0898 126 5 2 
82 -54 -51.1538 126 5 2 
84 -54 -51.4401 126 5 2 
86 -54 -51.5944 122 4 3 
88 -54 -51.6835 122 4 3 
90 -54 -51.8212 122 4 3 
92 -54 -51.8875 122 4 3 
94 -54 -51.985 122 4 3 
96 -54 -52.2901 122 4 3 
98 -54 -52.5492 122 4 3 
100 -54 -52.5767 122 4 3 
102 -54 -49.9801 136 8 2 
-146 -56 -33.5892 218 57 7 
-144 -56 -30.9598 228 69 10 
-142 -56 -30.8348 228 69 10 
-140 -56 -31.121 226 67 10 
-138 -56 -31.593 225 65 9 
-136 -56 -31.9474 225 65 9 
-134 -56 -32.2064 223 63 8 
-132 -56 -32.6339 221 61 8 
-130 -56 -33.3531 220 59 7 
-128 -56 -33.9984 216 55 6 
-126 -56 -34.2012 216 55 6 
-124 -56 -34.495 214 53 6 
-122 -56 -34.8717 214 53 6 
-120 -56 -35.1 212 51 5 
-118 -56 -35.2616 212 51 5 
-116 -56 -35.3459 212 51 5 
-114 -56 -35.5137 210 49 5 
-112 -56 -35.7023 210 49 5 
-110 -56 -35.7404 210 49 5 
-108 -56 -35.9792 208 47 5 
-106 -56 -36.4476 208 47 5 
-104 -56 -36.7495 206 45 4 
-102 -56 -36.8218 206 45 4 
-100 -56 -36.8616 206 45 4 
-98 -56 -37.0583 204 43 4 
-96 -56 -37.2004 204 43 4 
-94 -56 -37.2073 204 43 4 
-92 -56 -37.2701 204 43 4 
-90 -56 -37.2664 204 43 4 
-88 -56 -37.0937 204 43 4 
-86 -56 -37.0069 204 43 4 
-84 -56 -37.2603 204 43 4 
-82 -56 -37.619 202 42 4 
-80 -56 -37.7908 202 42 4 
-78 -56 -37.7651 202 42 4 
-76 -56 -37.7294 202 42 4 
-74 -56 -37.8218 202 42 4 
-72 -56 -37.8997 202 42 4 
-70 -56 -38.0798 200 40 3 
-68 -56 -38.4209 200 40 3 
-66 -56 -38.6222 197 38 3 
-64 -56 -38.6785 197 38 3 
-62 -56 -38.7412 197 38 3 
-60 -56 -38.6334 197 38 3 
-58 -56 -38.6281 197 38 3 
-56 -56 -38.8221 197 38 3 
-54 -56 -39.0222 195 37 3 
-52 -56 -39.4127 195 37 3 
-50 -56 -39.7799 193 35 2 
-48 -56 -39.8632 193 35 2 
-46 -56 -40.0396 190 33 2 
-44 -56 -40.3868 190 33 2 
-42 -56 -40.527 188 32 2 
-40 -56 -40.6029 188 32 2 
-38 -56 -40.7649 188 32 2 
-36 -56 -40.937 188 32 2 
-34 -56 -41.3825 185 30 2 
-32 -56 -42.0527 180 27 1 
-30 -56 -42.784 178 26 1 
-28 -56 -43.1751 175 24 1 
-26 -56 -43.389 175 24 1 
-24 -56 -43.5572 172 23 1 
-22 -56 -43.8323 172 23 1 
-20 -56 -44.3015 169 22 1 
-18 -56 -44.6034 167 20 1 
-16 -56 -44.9145 167 20 1 
-14 -56 -45.1617 164 19 1 
-12 -56 -45.4821 164 19 1 
-10 -56 -45.9494 161 18 1 
-8 -56 -46.3347 158 16 1 
-6 -56 -46.6188 155 15 1 
-4 -56 -46.9106 155 15 1 
-2 -56 -47.481 152 14 1 
0 -56 -47.8833 149 13 1 
2 -56 -47.9542 149 13 1 
4 -56 -48.2235 146 11 1 
6 -56 -48.8281 142 10 1 
8 -56 -49.5094 136 8 2 
10 -56 -49.8891 136 8 2 
12 -56 -50.0889 133 7 2 
14 -56 -50.5512 129 6 2 
16 -56 -51.1969 126 5 2 
18 -56 -51.4586 126 5 2 
20 -56 -51.5272 122 4 3 
22 -56 -51.6564 122 4 3 
24 -56 -51.8816 122 4 3 
26 -56 -52.296 122 4 3 
28 -56 -52.5086 122 4 3 
30 -56 -52.731 122 4 3 
32 -56 -53.0841 122 4 3 
34 -56 -53.1435 122 4 3 
36 -56 -53.0949 122 4 3 
38 -56 -53.2361 122 4 3 
40 -56 -53.4354 122 4 3 
42 -56 -53.5379 122 4 3 
44 -56 -53.7319 122 4 3 
46 -56 -54.021 122 4 3 
48 -56 -54.1438 122 4 3 
50 -56 -54.0862 122 4 3 
52 -56 -53.9978 122 4 3 
54 -56 -54.1213 122 4 3 
56 -56 -54.2244 122 4 3 
58 -56 -54.2507 122 4 3 
60 -56 -54.3522 122 4 3 
62 -56 -54.2638 122 4 3 
64 -56 -54.1524 122 4 3 
66 -56 -54.0502 122 4 3 
68 -56 -53.9515 122 4 3 
70 -56 -54.0514 122 4 3 
72 -56 -54.1476 122 4 3 
74 -56 -54.0946 122 4 3 
76 -56 -53.8542 122 4 3 
78 -56 -53.6942 122 4 3 
80 -56 -53.7111 122 4 3 
82 -56 -53.6606 122 4 3 
84 -56 -53.6605 122 4 3 
86 -56 -53.651 122 4 3 
88 -56 -53.6607 122 4 3 
90 -56 -53.6374 122 4 3 
92 -56 -53.4941 122 4 3 
94 -56 -53.126 122 4 3 
96 -56 -52.9299 122 4 3 
98 -56 -53.0987 122 4 3 
100 -56 -53.1142 122 4 3 
102 -56 -50.6682 129 6 2 
-146 -58 -30.4577 229 71 11 
-144 -58 -25.4057 242 96 20 
-142 -58 -25.1806 242 96 20 
-140 -58 -25.6162 241 93 19 
-138 -58 -26.0465 240 91 18 
-136 -58 -26.3113 240 91 18 
-134 -58 -26.5871 239 88 17 
-132 -58 -27.1004 237 85 16 
-130 -58 -28.0619 235 80 14 
-128 -58 -29.1206 232 75 12 
-126 -58 -29.4602 231 73 12 
-124 -58 -29.9793 229 71 11 
-122 -58 -30.854 228 69 10 
-120 -58 -31.5471 225 65 9 
-118 -58 -32.0454 223 63 8 
-116 -58 -32.3909 223 63 8 
-114 -58 -32.7674 221 61 8 
-112 -58 -33.089 220 59 7 
-110 -58 -33.3001 220 59 7 
-108 -58 -33.7067 218 57 7 
-106 -58 -34.6111 214 53 6 
-104 -58 -35.3291 212 51 5 
-102 -58 -35.6701 210 49 5 
-100 -58 -36.1386 208 47 5 
-98 -58 -36.6724 206 45 4 
-96 -58 -36.9966 204 43 4 
-94 -58 -37.3532 204 43 4 
-92 -58 -37.7216 202 42 4 
-90 -58 -37.9727 202 42 4 
-88 -58 -38.0501 200 40 3 
-86 -58 -38.0659 200 40 3 
-84 -58 -38.413 200 40 3 
-82 -58 -38.9211 197 38 3 
-80 -58 -39.1843 195 37 3 
-78 -58 -39.3924 195 37 3 
-76 -58 -39.6555 193 35 2 
-74 -58 -39.9438 193 35 2 
-72 -58 -40.2604 190 33 2 
-70 -58 -40.6098 188 32 2 
-68 -58 -41.0036 185 30 2 
-66 -58 -41.2097 185 30 2 
-64 -58 -41.2395 185 30 2 
-62 -58 -41.3104 185 30 2 
-60 -58 -41.3975 185 30 2 
-58 -58 -41.5221 183 29 2 
-56 -58 -41.6783 183 29 2 
-54 -58 -41.7856 183 29 2 
-52 -58 -41.9209 183 29 2 
-50 -58 -41.9311 183 29 2 
-48 -58 -41.888 183 29 2 
-46 -58 -42.0145 180 27 1 
-44 -58 -42.1707 180 27 1 
-42 -58 -42.2217 180 27 1 
-40 -58 -42.2304 180 27 1 
-38 -58 -42.1402 180 27 1 
-36 -58 -42.058 180 27 1 
-34 -58 -42.1808 180 27 1 
-32 -58 -42.5014 178 26 1 
-30 -58 -42.8482 178 26 1 
-28 -58 -42.7807 178 26 1 
-26 -58 -42.7003 178 26 1 
-24 -58 -42.6541 178 26 1 
-22 -58 -42.5379 178 26 1 
-20 -58 -42.67 178 26 1 
-18 -58 -42.8579 178 26 1 
-16 -58 -43.0123 175 24 1 
-14 -58 -43.1506 175 24 1 
-12 -58 -43.1976 175 24 1 
-10 -58 -43.3097 175 24 1 
-8 -58 -43.4439 175 24 1 
-6 -58 -43.517 172 23 1 
-4 -58 -43.6389 172 23 1 
-2 -58 -43.8883 172 23 1 
0 -58 -44.1323 169 22 1 
2 -58 -44.373 169 22 1 
4 -58 -44.678 167 20 1 
6 -58 -45.0957 164 19 1 
8 -58 -45.5253 161 18 1 
10 -58 -45.5825 161 18 1 
12 -58 -45.7447 161 18 1 
14 -58 -46.3011 158 16 1 
16 -58 -46.828 155 15 1 
18 -58 -46.9796 155 15 1 
20 -58 -47.0411 152 14 1 
22 -58 -47.2067 152 14 1 
24 -58 -47.5626 149 13 1 
26 -58 -48.0949 146 11 1 
28 -58 -48.3949 146 11 1 
30 -58 -48.7788 142 10 1 
32 -58 -49.2639 139 9 2 
34 -58 -49.6251 136 8 2 
36 -58 -49.9846 136 8 2 
38 -58 -50.3783 133 7 2 
40 -58 -50.6026 129 6 2 
42 -58 -50.9248 129 6 2 
44 -58 -51.6583 122 4 3 
46 -58 -52.2047 122 4 3 
48 -58 -52.4729 122 4 3 
50 -58 -52.8087 122 4 3 
52 -58 -52.9701 122 4 3 
54 -58 -53.3821 122 4 3 
56 -58 -53.815 122 4 3 
58 -58 -54.1594 122 4 3 
60 -58 -54.694 122 4 3 
62 -58 -54.8446 122 4 3 
64 -58 -54.9575 122 4 3 
66 -58 -55.3248 122 4 3 
68 -58 -55.3694 122 4 3 
70 -58 -55.3544 122 4 3 
72 -58 -55.5667 122 4 3 
74 -58 -55.799 122 4 3 
76 -58 -55.8061 122 4 3 
78 -58 -55.872 122 4 3 
80 -58 -56.3405 122 4 3 
82 -58 -56.6943 122 4 3 
84 -58 -56.8013 122 4 3 
86 -58 -56.8001 122 4 3 
88 -58 -56.9214 122 4 3 
90 -58 -57.1598 122 4 3 
92 -58 -57.2999 122 4 3 
94 -58 -57.112 122 4 3 
96 -58 -56.8589 122 4 3 
98 -58 -57.2089 122 4 3 
100 -58 -57.2998 122 4 3 
102 -58 -52.1484 122 4 3 
-146 -60 -29.2623 232 75 12 
-144 -60 -25.0372 242 96 20 
-142 -60 -24.7211 243 99 21 
-140 -60 -24.8084 243 99 21 
-138 -60 -24.8171 243 99 21 
-136 -60 -24.7753 243 99 21 
-134 -60 -24.8717 243 99 21 
-132 -60 -25.0142 242 96 20 
-130 -60 -25.355 242 96 20 
-128 -60 -25.7477 241 93 19 
-126 -60 -25.8313 241 93 19 
-124 -60 -26.2165 240 91 18 
-122 -60 -26.7451 239 88 17 
-120 -60 -27.1665 237 85 16 
-118 -60 -27.5111 236 83 15 
-116 -60 -27.6687 236 83 15 
-114 -60 -27.9083 236 83 15 
-112 -60 -28.1042 235 80 14 
-110 -60 -28.1207 235 80 14 
-108 -60 -28.1581 235 80 14 
-106 -60 -28.5888 234 78 13 
-104 -60 -29.0516 232 75 12 
-102 -60 -29.4721 231 73 12 
-100 -60 -30.0369 229 71 11 
-98 -60 -30.5479 228 69 10 
-96 -60 -30.9537 228 69 10 
-94 -60 -31.4243 226 67 10 
-92 -60 -32.0685 223 63 8 
-90 -60 -32.8702 221 61 8 
-88 -60 -33.3524 220 59 7 
-86 -60 -33.4365 220 59 7 
-84 -60 -33.7836 218 57 7 
-82 -60 -34.3901 216 55 6 
-80 -60 -34.8867 214 53 6 
-78 -60 -35.4957 210 49 5 
-76 -60 -36.1059 208 47 5 
-74 -60 -36.7145 206 45 4 
-72 -60 -37.2368 204 43 4 
-70 -60 -37.8 202 42 4 
-68 -60 -38.6205 197 38 3 
-66 -60 -39.225 195 37 3 
-64 -60 -39.647 193 35 2 
-62 -60 -40.1624 190 33 2 
-60 -60 -40.6897 188 32 2 
-58 -60 -41.1547 185 30 2 
-56 -60 -41.7065 183 29 2 
-54 -60 -42.1683 180 27 1 
-52 -60 -42.4051 180 27 1 
-50 -60 -42.4344 180 27 1 
-48 -60 -42.555 178 26 1 
-46 -60 -42.7923 178 26 1 
-44 -60 -43.2381 175 24 1 
-42 -60 -43.8074 172 23 1 
-40 -60 -44.2836 169 22 1 
-38 -60 -44.3946 169 22 1 
-36 -60 -44.4483 169 22 1 
-34 -60 -44.7431 167 20 1 
-32 -60 -45.2148 164 19 1 
-30 -60 -45.7205 161 18 1 
-28 -60 -46.0055 158 16 1 
-26 -60 -46.1201 158 16 1 
-24 -60 -46.0915 158 16 1 
-22 -60 -45.8988 161 18 1 
-20 -60 -45.8588 161 18 1 
-18 -60 -46.0874 158 16 1 
-16 -60 -46.3635 158 16 1 
-14 -60 -46.4652 158 16 1 
-12 -60 -46.3131 158 16 1 
-10 -60 -46.2426 158 16 1 
-8 -60 -46.2856 158 16 1 
-6 -60 -46.3225 158 16 1 
-4 -60 -46.4442 158 16 1 
-2 -60 -46.4561 158 16 1 
0 -60 -46.4455 158 16 1 
2 -60 -46.5495 155 15 1 
4 -60 -46.6698 155 15 1 
6 -60 -46.6929 155 15 1 
8 -60 -46.7063 155 15 1 
10 -60 -46.5781 155 15 1 
12 -60 -46.4556 158 16 1 
14 -60 -46.4402 158 16 1 
16 -60 -46.5051 155 15 1 
18 -60 -46.5764 155 15 1 
20 -60 -46.5963 155 15 1 
22 -60 -46.5708 155 15 1 
24 -60 -46.5854 155 15 1 
26 -60 -46.6397 155 15 1 
28 -60 -46.7753 155 15 1 
30 -60 -46.9747 155 15 1 
32 -60 -47.0213 152 14 1 
34 -60 -47.1224 152 14 1 
36 -60 -47.3694 152 14 1 
38 -60 -47.6126 149 13 1 
40 -60 -47.677 149 13 1 
42 -60 -47.7351 149 13 1 
44 -60 -48.0307 146 11 1 
46 -60 -48.1126 146 11 1 
48 -60 -48.2398 146 11 1 
50 -60 -48.4926 146 11 1 
52 -60 -48.475 146 11 1 
54 -60 -48.7984 142 10 1 
56 -60 -49.3216 139 9 2 
58 -60 -49.589 136 8 2 
60 -60 -49.8752 136 8 2 
62 -60 -49.9319 136 8 2 
64 -60 -50.0463 133 7 2 
66 -60 -50.553 129 6 2 
68 -60 -50.7513 129 6 2 
70 -60 -50.8844 129 6 2 
72 -60 -51.1808 126 5 2 
74 -60 -51.299 126 5 2 
76 -60 -51.4021 126 5 2 
78 -60 -51.8279 122 4 3 
80 -60 -52.6802 122 4 3 
82 -60 -53.3752 122 4 3 
84 -60 -53.6952 122 4 3 
86 -60 -53.7018 122 4 3 
88 -60 -53.8714 122 4 3 
90 -60 -54.638 122 4 3 
92 -60 -55.2034 122 4 3 
94 -60 -55.4324 122 4 3 
96 -60 -55.5509 122 4 3 
98 -60 -56.024 122 4 3 
100 -60 -55.551 122 4 3 
102 -60 -49.6817 136 8 2 
-146 -62 -30.6092 228 69 10 
-144 -62 -27.2242 237 85 16 
-142 -62 -27.2356 237 85 16 
-140 -62 -27.3439 237 85 16 
-138 -62 -27.4839 236 83 15 
-136 -62 -27.6241 236 83 15 
-134 -62 -27.8782 236 83 15 
-132 -62 -28.0871 235 80 14 
-130 -62 -28.1823 235 80 14 
-128 -62 -28.1798 235 80 14 
-126 -62 -28.0897 235 80 14 
-124 -62 -28.3839 235 80 14 
-122 -62 -28.7027 234 78 13 
-120 -62 -28.8345 234 78 13 
-118 -62 -29.0186 232 75 12 
-116 -62 -29.2044 232 75 12 
-114 -62 -29.3811 232 75 12 
-112 -62 -29.4337 232 75 12 
-110 -62 -29.3877 232 75 12 
-108 -62 -29.3096 232 75 12 
-106 -62 -29.4323 232 75 12 
-104 -62 -29.6142 231 73 12 
-102 -62 -29.7792 231 73 12 
-100 -62 -29.8207 231 73 12 
-98 -62 -29.8587 231 73 12 
-96 -62 -30.1332 229 71 11 
-94 -62 -30.2524 229 71 11 
-92 -62 -30.2917 229 71 11 
-90 -62 -30.5573 228 69 10 
-88 -62 -30.836 228 69 10 
-86 -62 -30.8637 228 69 10 
-84 -62 -30.9184 228 69 10 
-82 -62 -31.0933 226 67 10 
-80 -62 -31.3879 226 67 10 
-78 -62 -31.8566 225 65 9 
-76 -62 -32.2696 223 63 8 
-74 -62 -32.6271 221 61 8 
-72 -62 -32.8147 221 61 8 
-70 -62 -32.9391 221 61 8 
-68 -62 -33.3044 220 59 7 
-66 -62 -33.7274 218 57 7 
-64 -62 -34.2004 216 55 6 
-62 -62 -34.9002 214 53 6 
-60 -62 -35.5448 210 49 5 
-58 -62 -35.8706 210 49 5 
-56 -62 -36.1759 208 47 5 
-54 -62 -36.5122 206 45 4 
-52 -62 -36.7197 206 45 4 
-50 -62 -36.8804 206 45 4 
-48 -62 -37.1734 204 43 4 
-46 -62 -37.5165 202 42 4 
-44 -62 -37.9299 202 42 4 
-42 -62 -38.5474 197 38 3 
-40 -62 -39.3261 195 37 3 
-38 -62 -39.7519 193 35 2 
-36 -62 -39.8953 193 35 2 
-34 -62 -40.393 190 33 2 
-32 -62 -41.2252 185 30 2 
-30 -62 -42.1851 180 27 1 
-28 -62 -43.1544 175 24 1 
-26 -62 -43.8688 172 23 1 
-24 -62 -44.3007 169 22 1 
-22 -62 -44.3594 169 22 1 
-20 -62 -44.5613 167 20 1 
-18 -62 -45.206 164 19 1 
-16 -62 -45.903 161 18 1 
-14 -62 -46.152 158 16 1 
-12 -62 -46.0463 158 16 1 
-10 -62 -46.285 158 16 1 
-8 -62 -46.7644 155 15 1 
-6 -62 -47.1465 152 14 1 
-4 -62 -47.6075 149 13 1 
-2 -62 -47.9959 149 13 1 
0 -62 -48.3088 146 11 1 
2 -62 -48.6851 142 10 1 
4 -62 -49.0358 139 9 2 
6 -62 -49.1507 139 9 2 
8 -62 -49.2865 139 9 2 
10 -62 -49.5227 136 8 2 
12 -62 -49.7031 136 8 2 
14 -62 -49.7754 136 8 2 
16 -62 -49.9345 136 8 2 
18 -62 -50.0782 133 7 2 
20 -62 -50.0137 133 7 2 
22 -62 -49.9679 136 8 2 
24 -62 -50.1525 133 7 2 
26 -62 -50.3644 133 7 2 
28 -62 -50.4727 133 7 2 
30 -62 -50.4738 133 7 2 
32 -62 -50.3343 133 7 2 
34 -62 -50.3626 133 7 2 
36 -62 -50.48 133 7 2 
38 -62 -50.6186 129 6 2 
40 -62 -50.7116 129 6 2 
42 -62 -50.6078 129 6 2 
44 -62 -50.5883 129 6 2 
46 -62 -50.5128 129 6 2 
48 -62 -50.4864 133 7 2 
50 -62 -50.4519 133 7 2 
52 -62 -50.2369 133 7 2 
54 -62 -50.1324 133 7 2 
56 -62 -50.2383 133 7 2 
58 -62 -50.2835 133 7 2 
60 -62 -50.1595 133 7 2 
62 -62 -49.9746 136 8 2 
64 -62 -49.906 136 8 2 
66 -62 -49.9822 136 8 2 
68 -62 -50.0286 133 7 2 
70 -62 -50.0045 133 7 2 
72 -62 -49.85 136 8 2 
74 -62 -49.7737 136 8 2 
76 -62 -49.9399 136 8 2 
78 -62 -50.2973 133 7 2 
80 -62 -50.6582 129 6 2 
82 -62 -50.7307 129 6 2 
84 -62 -50.6593 129 6 2 
86 -62 -50.5363 129 6 2 
88 -62 -50.5622 129 6 2 
90 -62 -50.9615 129 6 2 
92 -62 -51.3265 126 5 2 
94 -62 -51.4826 126 5 2 
96 -62 -51.4859 126 5 2 
98 -62 -51.6351 122 4 3 
100 -62 -50.826 129 6 2 
-146 -64 -28.667 234 78 13 
-144 -64 -23.6777 245 105 24 
-142 -64 -23.8473 245 105 24 
-140 -64 -24.1531 244 102 23 
-138 -64 -24.6293 243 99 21 
-136 -64 -25.0797 242 96 20 
-134 -64 -25.6829 241 93 19 
-132 -64 -26.4384 240 91 18 
-130 -64 -26.9747 237 85 16 
-128 -64 -27.2244 237 85 16 
-126 -64 -27.2078 237 85 16 
-124 -64 -27.5704 236 83 15 
-122 -64 -28.2464 235 80 14 
-120 -64 -28.8258 234 78 13 
-118 -64 -29.3578 232 75 12 
-116 -64 -29.9329 231 73 12 
-114 -64 -30.4577 229 71 11 
-112 -64 -30.7749 228 69 10 
-110 -64 -30.9933 226 67 10 
-108 -64 -31.0914 226 67 10 
-106 -64 -31.3632 226 67 10 
-104 -64 -31.9581 225 65 9 
-102 -64 -32.5029 221 61 8 
-100 -64 -32.4675 221 61 8 
-98 -64 -32.4299 223 63 8 
-96 -64 -32.7537 221 61 8 
-94 -64 -32.9603 221 61 8 
-92 -64 -32.9928 220 59 7 
-90 -64 -32.938 221 61 8 
-88 -64 -33.1073 220 59 7 
-86 -64 -33.4422 220 59 7 
-84 -64 -33.6943 218 57 7 
-82 -64 -33.9284 218 57 7 
-80 -64 -34.1585 216 55 6 
-78 -64 -34.3618 216 55 6 
-76 -64 -34.4679 216 55 6 
-74 -64 -34.4976 214 53 6 
-72 -64 -34.5295 214 53 6 
-70 -64 -34.521 214 53 6 
-68 -64 -34.4869 214 53 6 
-66 -64 -34.4525 216 55 6 
-64 -64 -34.5526 214 53 6 
-62 -64 -34.8183 214 53 6 
-60 -64 -35.0299 212 51 5 
-58 -64 -35.1095 212 51 5 
-56 -64 -35.1735 212 51 5 
-54 -64 -35.2458 212 51 5 
-52 -64 -35.2413 212 51 5 
-50 -64 -35.2985 212 51 5 
-48 -64 -35.5079 210 49 5 
-46 -64 -35.6312 210 49 5 
-44 -64 -35.4892 210 49 5 
-42 -64 -35.5278 210 49 5 
-40 -64 -35.9146 210 49 5 
-38 -64 -36.1109 208 47 5 
-36 -64 -36.0758 208 47 5 
-34 -64 -36.2625 208 47 5 
-32 -64 -36.6783 206 45 4 
-30 -64 -37.2336 204 43 4 
-28 -64 -37.905 202 42 4 
-26 -64 -38.3137 200 40 3 
-24 -64 -38.6607 197 38 3 
-22 -64 -38.9596 197 38 3 
-20 -64 -39.2637 195 37 3 
-18 -64 -39.6743 193 35 2 
-16 -64 -40.1428 190 33 2 
-14 -64 -40.3713 190 33 2 
-12 -64 -40.3253 190 33 2 
-10 -64 -40.5478 188 32 2 
-8 -64 -40.9957 185 30 2 
-6 -64 -41.4186 185 30 2 
-4 -64 -41.9173 183 29 2 
-2 -64 -42.4166 180 27 1 
0 -64 -42.8649 178 26 1 
2 -64 -43.451 175 24 1 
4 -64 -44.0829 169 22 1 
6 -64 -44.5283 167 20 1 
8 -64 -45.0544 164 19 1 
10 -64 -45.6692 161 18 1 
12 -64 -46.1669 158 16 1 
14 -64 -46.4795 158 16 1 
16 -64 -46.8621 155 15 1 
18 -64 -47.2749 152 14 1 
20 -64 -47.4203 152 14 1 
22 -64 -47.7638 149 13 1 
24 -64 -48.4847 146 11 1 
26 -64 -49.0709 139 9 2 
28 -64 -49.3886 139 9 2 
30 -64 -49.6933 136 8 2 
32 -64 -50.0238 133 7 2 
34 -64 -50.4094 133 7 2 
36 -64 -50.7564 129 6 2 
38 -64 -51.1598 126 5 2 
40 -64 -51.8 122 4 3 
42 -64 -52.2059 122 4 3 
44 -64 -52.4343 122 4 3 
46 -64 -52.4479 122 4 3 
48 -64 -52.4973 122 4 3 
50 -64 -52.708 122 4 3 
52 -64 -52.8986 122 4 3 
54 -64 -53.1357 122 4 3 
56 -64 -53.3263 122 4 3 
58 -64 -53.4739 122 4 3 
60 -64 -53.692 122 4 3 
62 -64 -53.7338 122 4 3 
64 -64 -53.5538 122 4 3 
66 -64 -53.5576 122 4 3 
68 -64 -53.8008 122 4 3 
70 -64 -53.8724 122 4 3 
72 -64 -53.8207 122 4 3 
74 -64 -53.8736 122 4 3 
76 -64 -53.9279 122 4 3 
78 -64 -53.8684 122 4 3 
80 -64 -53.736 122 4 3 
82 -64 -53.6827 122 4 3 
84 -64 -53.7028 122 4 3 
86 -64 -53.6184 122 4 3 
88 -64 -53.513 122 4 3 
90 -64 -53.4139 122 4 3 
92 -64 -53.42 122 4 3 
94 -64 -53.5168 122 4 3 
96 -64 -53.4721 122 4 3 
98 -64 -53.4279 122 4 3 
100 -64 -52.5653 122 4 3 
-146 -66 -25.509 241 93 19 
-144 -66 -20.4739 250 123 31 
-142 -66 -20.6087 250 123 31 
-140 -66 -20.8068 250 123 31 
-138 -66 -20.9452 249 120 30 
-136 -66 -21.1396 249 120 30 
-134 -66 -21.6273 249 117 29 
-132 -66 -22.2949 248 114 28 
-130 -66 -22.882 247 111 26 
-128 -66 -23.199 246 108 25 
-126 -66 -23.26 246 108 25 
-124 -66 -23.5892 245 105 24 
-122 -66 -24.1357 244 102 23 
-120 -66 -24.7321 243 99 21 
-118 -66 -25.3459 242 96 20 
-116 -66 -25.6531 241 93 19 
-114 -66 -26.0349 240 91 18 
-112 -66 -26.5799 239 88 17 
-110 -66 -26.9018 239 88 17 
-108 -66 -26.9784 237 85 16 
-106 -66 -27.4124 237 85 16 
-104 -66 -28.2977 235 80 14 
-102 -66 -29.0719 232 75 12 
-100 -66 -29.3222 232 75 12 
-98 -66 -29.5281 231 73 12 
-96 -66 -29.927 231 73 12 
-94 -66 -30.4152 229 71 11 
-92 -66 -30.9064 228 69 10 
-90 -66 -31.1366 226 67 10 
-88 -66 -31.4144 226 67 10 
-86 -66 -31.9725 223 63 8 
-84 -66 -32.7412 221 61 8 
-82 -66 -33.6952 218 57 7 
-80 -66 -34.2848 216 55 6 
-78 -66 -34.6802 214 53 6 
-76 -66 -35.069 212 51 5 
-74 -66 -35.4558 212 51 5 
-72 -66 -35.7949 210 49 5 
-70 -66 -35.9032 210 49 5 
-68 -66 -35.98 208 47 5 
-66 -66 -36.0596 208 47 5 
-64 -66 -36.2457 208 47 5 
-62 -66 -36.566 206 45 4 
-60 -66 -36.8725 206 45 4 
-58 -66 -37.1228 204 43 4 
-56 -66 -37.372 204 43 4 
-54 -66 -37.7573 202 42 4 
-52 -66 -38.12 200 40 3 
-50 -66 -38.3425 200 40 3 
-48 -66 -38.6103 197 38 3 
-46 -66 -38.8028 197 38 3 
-44 -66 -38.6354 197 38 3 
-42 -66 -38.3148 200 40 3 
-40 -66 -38.2093 200 40 3 
-38 -66 -38.4785 200 40 3 
-36 -66 -38.8069 197 38 3 
-34 -66 -38.9928 195 37 3 
-32 -66 -39.0923 195 37 3 
-30 -66 -39.2301 195 37 3 
-28 -66 -39.3835 195 37 3 
-26 -66 -39.3411 195 37 3 
-24 -66 -39.2924 195 37 3 
-22 -66 -39.2927 195 37 3 
-20 -66 -39.388 195 37 3 
-18 -66 -39.5618 193 35 2 
-16 -66 -39.6502 193 35 2 
-14 -66 -39.6768 193 35 2 
-12 -66 -39.601 193 35 2 
-10 -66 -39.6344 193 35 2 
-8 -66 -39.7601 193 35 2 
-6 -66 -39.8072 193 35 2 
-4 -66 -39.8886 193 35 2 
-2 -66 -40.0242 190 33 2 
0 -66 -40.1813 190 33 2 
2 -66 -40.4291 190 33 2 
4 -66 -40.6496 188 32 2 
6 -66 -40.7021 188 32 2 
8 -66 -40.8347 188 32 2 
10 -66 -41.1662 185 30 2 
12 -66 -41.5725 183 29 2 
14 -66 -41.8105 183 29 2 
16 -66 -41.7798 183 29 2 
18 -66 -41.8302 183 29 2 
20 -66 -41.9266 183 29 2 
22 -66 -42.2701 180 27 1 
24 -66 -42.834 178 26 1 
26 -66 -43.1869 175 24 1 
28 -66 -43.3121 175 24 1 
30 -66 -43.5974 172 23 1 
32 -66 -44.0442 169 22 1 
34 -66 -44.4707 169 22 1 
36 -66 -44.9267 167 20 1 
38 -66 -45.3768 164 19 1 
40 -66 -46.0868 158 16 1 
42 -66 -46.7416 155 15 1 
44 -66 -47.0912 152 14 1 
46 -66 -46.998 152 14 1 
48 -66 -47.1032 152 14 1 
50 -66 -47.5662 149 13 1 
52 -66 -48.0577 146 11 1 
54 -66 -48.8104 142 10 1 
56 -66 -49.2258 139 9 2 
58 -66 -49.4161 139 9 2 
60 -66 -50.1694 133 7 2 
62 -66 -50.8142 129 6 2 
64 -66 -50.9273 129 6 2 
66 -66 -51.0593 126 5 2 
68 -66 -51.5026 126 5 2 
70 -66 -52.0945 122 4 3 
72 -66 -52.8085 122 4 3 
74 -66 -53.4327 122 4 3 
76 -66 -53.787 122 4 3 
78 -66 -53.6975 122 4 3 
80 -66 -53.6754 122 4 3 
82 -66 -53.9839 122 4 3 
84 -66 -54.23 122 4 3 
86 -66 -54.601 122 4 3 
88 -66 -54.9571 122 4 3 
90 -66 -55.0405 122 4 3 
92 -66 -55.0865 122 4 3 
94 -66 -55.5547 122 4 3 
96 -66 -56.1982 122 4 3 
98 -66 -56.3449 122 4 3 
100 -66 -54.5014 122 4 3 
-146 -68 -26.1176 240 91 18 
-144 -68 -22.9982 246 108 25 
-142 -68 -23.2414 246 108 25 
-140 -68 -23.4509 245 105 24 
-138 -68 -23.3455 246 108 25 
-136 -68 -23.3209 246 108 25 
-134 -68 -23.611 245 105 24 
-132 -68 -23.9358 245 105 24 
-130 -68 -24.168 244 102 23 
-128 -68 -24.2497 244 102 23 
-126 -68 -24.2182 244 102 23 
-124 -68 -24.2737 244 102 23 
-122 -68 -24.4386 244 102 23 
-120 -68 -24.6669 243 99 21 
-118 -68 -24.8101 243 99 21 
-116 -68 -24.7067 243 99 21 
-114 -68 -24.679 243 99 21 
-112 -68 -24.9631 242 96 20 
-110 -68 -25.1654 242 96 20 
-108 -68 -25.1518 242 96 20 
-106 -68 -25.2981 242 96 20 
-104 -68 -25.6936 241 93 19 
-102 -68 -26.0476 240 91 18 
-100 -68 -26.2155 240 91 18 
-98 -68 -26.3283 240 91 18 
-96 -68 -26.5417 239 88 17 
-94 -68 -26.7562 239 88 17 
-92 -68 -26.9948 237 85 16 
-90 -68 -27.352 237 85 16 
-88 -68 -27.6938 236 83 15 
-86 -68 -27.9167 236 83 15 
-84 -68 -28.2384 235 80 14 
-82 -68 -28.9316 234 78 13 
-80 -68 -29.5325 231 73 12 
-78 -68 -30.163 229 71 11 
-76 -68 -30.7468 228 69 10 
-74 -68 -31.2189 226 67 10 
-72 -68 -31.6738 225 65 9 
-70 -68 -31.896 225 65 9 
-68 -68 -32.0071 223 63 8 
-66 -68 -32.2977 223 63 8 
-64 -68 -32.6632 221 61 8 
-62 -68 -33.0576 220 59 7 
-60 -68 -33.619 218 57 7 
-58 -68 -34.1312 216 55 6 
-56 -68 -34.5329 214 53 6 
-54 -68 -35.1827 212 51 5 
-52 -68 -35.9231 210 49 5 
-50 -68 -36.3824 208 47 5 
-48 -68 -36.7942 206 45 4 
-46 -68 -37.1945 204 43 4 
-44 -68 -37.2876 204 43 4 
-42 -68 -37.2206 204 43 4 
-40 -68 -37.2773 204 43 4 
-38 -68 -37.7817 202 42 4 
-36 -68 -38.5017 197 38 3 
-34 -68 -39.1577 195 37 3 
-32 -68 -39.5534 193 35 2 
-30 -68 -39.8566 193 35 2 
-28 -68 -40.1639 190 33 2 
-26 -68 -40.3186 190 33 2 
-24 -68 -40.4124 190 33 2 
-22 -68 -40.5637 188 32 2 
-20 -68 -40.9408 188 32 2 
-18 -68 -41.4619 185 30 2 
-16 -68 -41.7883 183 29 2 
-14 -68 -41.9122 183 29 2 
-12 -68 -42.083 180 27 1 
-10 -68 -42.4368 180 27 1 
-8 -68 -42.7147 178 26 1 
-6 -68 -42.825 178 26 1 
-4 -68 -42.9954 175 24 1 
-2 -68 -43.2162 175 24 1 
0 -68 -43.426 175 24 1 
2 -68 -43.5672 172 23 1 
4 -68 -43.5641 172 23 1 
6 -68 -43.4969 172 23 1 
8 -68 -43.5143 172 23 1 
10 -68 -43.6806 172 23 1 
12 -68 -43.8474 172 23 1 
14 -68 -43.8768 172 23 1 
16 -68 -43.6721 172 23 1 
18 -68 -43.5701 172 23 1 
20 -68 -43.5388 172 23 1 
22 -68 -43.5744 172 23 1 
24 -68 -43.6266 172 23 1 
26 -68 -43.6617 172 23 1 
28 -68 -43.665 172 23 1 
30 -68 -43.703 172 23 1 
32 -68 -43.7878 172 23 1 
34 -68 -43.828 172 23 1 
36 -68 -43.9245 172 23 1 
38 -68 -44.0205 169 22 1 
40 -68 -44.18 169 22 1 
42 -68 -44.3482 169 22 1 
44 -68 -44.4909 169 22 1 
46 -68 -44.3875 169 22 1 
48 -68 -44.1763 169 22 1 
50 -68 -44.1364 169 22 1 
52 -68 -44.2013 169 22 1 
54 -68 -44.5626 167 20 1 
56 -68 -44.8428 167 20 1 
58 -68 -44.9388 167 20 1 
60 -68 -45.2549 164 19 1 
62 -68 -45.5778 161 18 1 
64 -68 -45.6413 161 18 1 
66 -68 -45.5656 161 18 1 
68 -68 -45.7586 161 18 1 
70 -68 -46.1855 158 16 1 
72 -68 -46.7757 155 15 1 
74 -68 -47.3616 152 14 1 
76 -68 -47.7697 149 13 1 
78 -68 -47.7716 149 13 1 
80 -68 -47.8667 149 13 1 
82 -68 -48.2899 146 11 1 
84 -68 -48.4987 146 11 1 
86 -68 -49.1034 139 9 2 
88 -68 -49.8599 136 8 2 
90 -68 -50.0293 133 7 2 
92 -68 -50.0986 133 7 2 
94 -68 -50.6024 129 6 2 
96 -68 -51.4432 126 5 2 
98 -68 -51.8711 122 4 3 
100 -68 -50.3495 133 7 2 
-146 -70 -25.0997 242 96 20 
-144 -70 -21.8568 249 117 29 
-142 -70 -22.2511 248 114 28 
-140 -70 -22.7907 247 111 26 
-138 -70 -23.1298 246 108 25 
-136 -70 -23.5914 245 105 24 
-134 -70 -24.4267 244 102 23 
-132 -70 -25.1343 242 96 20 
-130 -70 -25.4979 241 93 19 
-128 -70 -25.79 241 93 19 
-126 -70 -26.0671 240 91 18 
-124 -70 -26.2597 240 91 18 
-122 -70 -26.4832 239 88 17 
-120 -70 -26.8597 239 88 17 
-118 -70 -27.2451 237 85 16 
-116 -70 -27.5153 236 83 15 
-114 -70 -27.6478 236 83 15 
-112 -70 -27.8821 236 83 15 
-110 -70 -28.0463 235 80 14 
-108 -70 -28.1545 235 80 14 
-106 -70 -28.2409 235 80 14 
-104 -70 -28.4385 235 80 14 
-102 -70 -28.6505 234 78 13 
-100 -70 -28.7299 234 78 13 
-98 -70 -28.8063 234 78 13 
-96 -70 -28.9586 232 75 12 
-94 -70 -28.9769 232 75 12 
-92 -70 -28.9594 232 75 12 
-90 -70 -29.0812 232 75 12 
-88 -70 -29.1779 232 75 12 
-86 -70 -29.2584 232 75 12 
-84 -70 -29.2676 232 75 12 
-82 -70 -29.304 232 75 12 
-80 -70 -29.4768 231 73 12 
-78 -70 -29.7665 231 73 12 
-76 -70 -29.9913 229 71 11 
-74 -70 -30.0922 229 71 11 
-72 -70 -30.2444 229 71 11 
-70 -70 -30.4253 229 71 11 
-68 -70 -30.4556 229 71 11 
-66 -70 -30.5138 228 69 10 
-64 -70 -30.5782 228 69 10 
-62 -70 -30.6327 228 69 10 
-60 -70 -30.8942 228 69 10 
-58 -70 -31.1519 226 67 10 
-56 -70 -31.3609 226 67 10 
-54 -70 -31.6409 225 65 9 
-52 -70 -31.8765 225 65 9 
-50 -70 -32.1501 223 63 8 
-48 -70 -32.5087 221 61 8 
-46 -70 -32.8055 221 61 8 
-44 -70 -33.0289 220 59 7 
-42 -70 -33.3146 220 59 7 
-40 -70 -33.5332 218 57 7 
-38 -70 -33.7001 218 57 7 
-36 -70 -33.9275 218 57 7 
-34 -70 -34.4778 214 53 6 
-32 -70 -35.0722 212 51 5 
-30 -70 -35.5503 210 49 5 
-28 -70 -35.9473 210 49 5 
-26 -70 -36.2441 208 47 5 
-24 -70 -36.6141 206 45 4 
-22 -70 -37.1094 204 43 4 
-20 -70 -37.587 202 42 4 
-18 -70 -37.9883 200 40 3 
-16 -70 -38.3248 200 40 3 
-14 -70 -38.6519 197 38 3 
-12 -70 -39.2491 195 37 3 
-10 -70 -39.9266 193 35 2 
-8 -70 -40.2946 190 33 2 
-6 -70 -40.6456 188 32 2 
-4 -70 -41.2055 185 30 2 
-2 -70 -41.739 183 29 2 
0 -70 -42.2683 180 27 1 
2 -70 -42.7179 178 26 1 
4 -70 -42.8843 178 26 1 
6 -70 -43.121 175 24 1 
8 -70 -43.6297 172 23 1 
10 -70 -44.2454 169 22 1 
12 -70 -44.7929 167 20 1 
14 -70 -45.0226 164 19 1 
16 -70 -45.0868 164 19 1 
18 -70 -45.3449 164 19 1 
20 -70 -45.6261 161 18 1 
22 -70 -45.7932 161 18 1 
24 -70 -45.9207 161 18 1 
26 -70 -46.2481 158 16 1 
28 -70 -46.5229 155 15 1 
30 -70 -46.5018 155 15 1 
32 -70 -46.5952 155 15 1 
34 -70 -46.8998 155 15 1 
36 -70 -47.0838 152 14 1 
38 -70 -47.1305 152 14 1 
40 -70 -47.0837 152 14 1 
42 -70 -47.1288 152 14 1 
44 -70 -47.4256 152 14 1 
46 -70 -47.6152 149 13 1 
48 -70 -47.5719 149 13 1 
50 -70 -47.5741 149 13 1 
52 -70 -47.5951 149 13 1 
54 -70 -47.6385 149 13 1 
56 -70 -47.7715 149 13 1 
58 -70 -47.9232 149 13 1 
60 -70 -47.9658 149 13 1 
62 -70 -47.8339 149 13 1 
64 -70 -47.5811 149 13 1 
66 -70 -47.3414 152 14 1 
68 -70 -47.3657 152 14 1 
70 -70 -47.3836 152 14 1 
72 -70 -47.4318 152 14 1 
74 -70 -47.6109 149 13 1 
76 -70 -47.6583 149 13 1 
78 -70 -47.4952 152 14 1 
80 -70 -47.3531 152 14 1 
82 -70 -47.497 152 14 1 
84 -70 -47.5282 149 13 1 
86 -70 -47.6441 149 13 1 
88 -70 -47.8898 149 13 1 
90 -70 -47.8412 149 13 1 
92 -70 -47.8451 149 13 1 
94 -70 -48.0663 146 11 1 
96 -70 -48.5255 142 10 1 
98 -70 -48.8052 142 10 1 
100 -70 -47.6221 149 13 1 
-146 -72 -20.4483 250 123 31 
-144 -72 -15.9086 254 153 44 
-142 -72 -16.0494 254 150 43 
-140 -72 -16.6701 254 147 42 
-138 -72 -17.3141 254 144 41 
-136 -72 -17.8721 253 141 39 
-134 -72 -18.7539 252 135 37 
-132 -72 -19.4041 252 132 35 
-130 -72 -19.6118 251 129 34 
-128 -72 -20.1747 251 126 33 
-126 -72 -20.96 249 120 30 
-124 -72 -21.4859 249 117 29 
-122 -72 -21.9897 248 114 28 
-120 -72 -22.6611 247 111 26 
-118 -72 -23.4418 246 108 25 
-116 -72 -24.2333 244 102 23 
-114 -72 -24.8531 243 99 21 
-112 -72 -25.3808 242 96 20 
-110 -72 -25.7684 241 93 19 
-108 -72 -26.2481 240 91 18 
-106 -72 -26.654 239 88 17 
-104 -72 -27.1737 237 85 16 
-102 -72 -27.7996 236 83 15 
-100 -72 -28.1698 235 80 14 
-98 -72 -28.5585 234 78 13 
-96 -72 -29.0851 232 75 12 
-94 -72 -29.6097 231 73 12 
-92 -72 -30.1645 229 71 11 
-90 -72 -30.54 228 69 10 
-88 -72 -30.6503 228 69 10 
-86 -72 -30.9461 228 69 10 
-84 -72 -31.339 226 67 10 
-82 -72 -31.6246 225 65 9 
-80 -72 -31.9057 225 65 9 
-78 -72 -32.1045 223 63 8 
-76 -72 -32.2981 223 63 8 
-74 -72 -32.4504 223 63 8 
-72 -72 -32.5207 221 61 8 
-70 -72 -32.7452 221 61 8 
-68 -72 -33.0728 220 59 7 
-66 -72 -33.375 220 59 7 
-64 -72 -33.4698 218 57 7 
-62 -72 -33.5409 218 57 7 
-60 -72 -33.6795 218 57 7 
-58 -72 -33.7979 218 57 7 
-56 -72 -33.8846 218 57 7 
-54 -72 -33.8973 218 57 7 
-52 -72 -33.8739 218 57 7 
-50 -72 -33.9406 218 57 7 
-48 -72 -34.0748 216 55 6 
-46 -72 -34.2722 216 55 6 
-44 -72 -34.4166 216 55 6 
-42 -72 -34.4298 216 55 6 
-40 -72 -34.3845 216 55 6 
-38 -72 -34.4043 216 55 6 
-36 -72 -34.384 216 55 6 
-34 -72 -34.5564 214 53 6 
-32 -72 -34.8611 214 53 6 
-30 -72 -35.0128 212 51 5 
-28 -72 -35.0245 212 51 5 
-26 -72 -35.0122 212 51 5 
-24 -72 -35.1325 212 51 5 
-22 -72 -35.3274 212 51 5 
-20 -72 -35.4559 212 51 5 
-18 -72 -35.4729 210 49 5 
-16 -72 -35.5414 210 49 5 
-14 -72 -35.7512 210 49 5 
-12 -72 -36.1077 208 47 5 
-10 -72 -36.3664 208 47 5 
-8 -72 -36.515 206 45 4 
-6 -72 -36.7371 206 45 4 
-4 -72 -37.1183 204 43 4 
-2 -72 -37.4382 204 43 4 
0 -72 -37.6257 202 42 4 
2 -72 -37.8583 202 42 4 
4 -72 -38.0671 200 40 3 
6 -72 -38.3377 200 40 3 
8 -72 -38.6862 197 38 3 
10 -72 -39.2223 195 37 3 
12 -72 -39.9225 193 35 2 
14 -72 -40.2207 190 33 2 
16 -72 -40.2659 190 33 2 
18 -72 -40.585 188 32 2 
20 -72 -41.1522 185 30 2 
22 -72 -41.7708 183 29 2 
24 -72 -42.1295 180 27 1 
26 -72 -42.6766 178 26 1 
28 -72 -43.3085 175 24 1 
30 -72 -43.3633 175 24 1 
32 -72 -43.4319 175 24 1 
34 -72 -44.0314 169 22 1 
36 -72 -44.6832 167 20 1 
38 -72 -44.999 164 19 1 
40 -72 -45.0512 164 19 1 
42 -72 -45.2298 164 19 1 
44 -72 -45.8349 161 18 1 
46 -72 -46.572 155 15 1 
48 -72 -47.0921 152 14 1 
50 -72 -47.5771 149 13 1 
52 -72 -48.0463 146 11 1 
54 -72 -48.3338 146 11 1 
56 -72 -48.6823 142 10 1 
58 -72 -49.1212 139 9 2 
60 -72 -49.518 136 8 2 
62 -72 -49.6916 136 8 2 
64 -72 -49.664 136 8 2 
66 -72 -49.6447 136 8 2 
68 -72 -50.0687 133 7 2 
70 -72 -50.4039 133 7 2 
72 -72 -50.4567 133 7 2 
74 -72 -50.7484 129 6 2 
76 -72 -51.076 126 5 2 
78 -72 -51.2411 126 5 2 
80 -72 -51.3252 126 5 2 
82 -72 -51.2944 126 5 2 
84 -72 -51.3158 126 5 2 
86 -72 -51.2476 126 5 2 
88 -72 -51.2209 126 5 2 
90 -72 -51.3661 126 5 2 
92 -72 -51.5159 122 4 3 
94 -72 -51.5321 122 4 3 
96 -72 -52.1197 122 4 3 
98 -72 -52.3373 122 4 3 
100 -72 -49.2038 139 9 2 
-146 -74 -20.0531 251 126 33 
-144 -74 -16.2462 254 150 43 
-142 -74 -16.1069 254 150 43 
-140 -74 -16.3226 254 150 43 
-138 -74 -16.706 254 147 42 
-136 -74 -16.8151 254 147 42 
-134 -74 -16.9445 254 144 41 
-132 -74 -17.0901 254 144 41 
-130 -74 -17.1365 254 144 41 
-128 -74 -17.3655 254 144 41 
-126 -74 -17.6742 253 141 39 
-124 -74 -17.8987 253 141 39 
-122 -74 -18.1865 253 138 38 
-120 -74 -18.5203 252 135 37 
-118 -74 -18.8424 252 135 37 
-116 -74 -19.1796 252 132 35 
-114 -74 -19.4909 251 129 34 
-112 -74 -19.8251 251 129 34 
-110 -74 -20.1844 251 126 33 
-108 -74 -20.6483 250 123 31 
-106 -74 -20.9571 249 120 30 
-104 -74 -21.3228 249 120 30 
-102 -74 -21.8463 249 117 29 
-100 -74 -22.062 248 114 28 
-98 -74 -22.4052 248 114 28 
-96 -74 -22.9632 246 108 25 
-94 -74 -23.6177 245 105 24 
-92 -74 -24.4082 244 102 23 
-90 -74 -24.9791 242 96 20 
-88 -74 -25.2937 242 96 20 
-86 -74 -25.9592 240 91 18 
-84 -74 -26.8478 239 88 17 
-82 -74 -27.4302 237 85 16 
-80 -74 -27.817 236 83 15 
-78 -74 -28.3665 235 80 14 
-76 -74 -29.1622 232 75 12 
-74 -74 -29.6489 231 73 12 
-72 -74 -29.6082 231 73 12 
-70 -74 -29.8317 231 73 12 
-68 -74 -30.458 229 71 11 
-66 -74 -31.1281 226 67 10 
-64 -74 -31.7043 225 65 9 
-62 -74 -32.2559 223 63 8 
-60 -74 -32.662 221 61 8 
-58 -74 -33.1388 220 59 7 
-56 -74 -33.6061 218 57 7 
-54 -74 -34.189 216 55 6 
-52 -74 -34.971 214 53 6 
-50 -74 -35.2471 212 51 5 
-48 -74 -35.2122 212 51 5 
-46 -74 -35.6695 210 49 5 
-44 -74 -36.2025 208 47 5 
-42 -74 -36.404 208 47 5 
-40 -74 -36.6179 206 45 4 
-38 -74 -36.9944 204 43 4 
-36 -74 -37.2537 204 43 4 
-34 -74 -37.5872 202 42 4 
-32 -74 -37.9089 202 42 4 
-30 -74 -38.0149 200 40 3 
-28 -74 -38.0146 200 40 3 
-26 -74 -38.0713 200 40 3 
-24 -74 -38.1349 200 40 3 
-22 -74 -38.0697 200 40 3 
-20 -74 -38.0763 200 40 3 
-18 -74 -38.2796 200 40 3 
-16 -74 -38.4275 200 40 3 
-14 -74 -38.4595 200 40 3 
-12 -74 -38.4648 200 40 3 
-10 -74 -38.5157 197 38 3 
-8 -74 -38.5824 197 38 3 
-6 -74 -38.5691 197 38 3 
-4 -74 -38.6044 197 38 3 
-2 -74 -38.6493 197 38 3 
0 -74 -38.6945 197 38 3 
2 -74 -38.7551 197 38 3 
4 -74 -38.8739 197 38 3 
6 -74 -38.9231 197 38 3 
8 -74 -38.7957 197 38 3 
10 -74 -38.7972 197 38 3 
12 -74 -39.0474 195 37 3 
14 -74 -39.1454 195 37 3 
16 -74 -39.0058 195 37 3 
18 -74 -38.9371 197 38 3 
20 -74 -39.0618 195 37 3 
22 -74 -39.4004 195 37 3 
24 -74 -39.542 193 35 2 
26 -74 -39.728 193 35 2 
28 -74 -40.1443 190 33 2 
30 -74 -40.2072 190 33 2 
32 -74 -40.0707 190 33 2 
34 -74 -40.319 190 33 2 
36 -74 -40.7611 188 32 2 
38 -74 -40.9421 188 32 2 
40 -74 -40.9543 188 32 2 
42 -74 -41.0472 185 30 2 
44 -74 -41.3466 185 30 2 
46 -74 -41.7394 183 29 2 
48 -74 -42.1757 180 27 1 
50 -74 -42.7025 178 26 1 
52 -74 -42.9903 175 24 1 
54 -74 -43.0807 175 24 1 
56 -74 -43.364 175 24 1 
58 -74 -43.7494 172 23 1 
60 -74 -44.1091 169 22 1 
62 -74 -44.3066 169 22 1 
64 -74 -44.5306 167 20 1 
66 -74 -44.919 167 20 1 
68 -74 -45.6417 161 18 1 
70 -74 -46.4346 158 16 1 
72 -74 -46.9458 155 15 1 
74 -74 -47.2961 152 14 1 
76 -74 -47.8343 149 13 1 
78 -74 -48.3582 146 11 1 
80 -74 -48.8411 142 10 1 
82 -74 -49.2334 139 9 2 
84 -74 -49.7194 136 8 2 
86 -74 -49.9585 136 8 2 
88 -74 -50.2295 133 7 2 
90 -74 -50.8302 129 6 2 
92 -74 -51.2088 126 5 2 
94 -74 -51.3272 126 5 2 
96 -74 -51.9576 122 4 3 
98 -74 -52.0698 122 4 3 
100 -74 -47.3863 152 14 1 
-146 -76 -21.8286 249 117 29 
-144 -76 -19.1112 252 132 35 
-142 -76 -19.3182 252 132 35 
-140 -76 -19.5691 251 129 34 
-138 -76 -19.9949 251 126 33 
-136 -76 -20.246 251 126 33 
-134 -76 -20.4063 251 126 33 
-132 -76 -20.6887 250 123 31 
-130 -76 -20.8899 250 123 31 
-128 -76 -20.9887 249 120 30 
-126 -76 -20.9895 249 120 30 
-124 -76 -20.9893 249 120 30 
-122 -76 -21.0483 249 120 30 
-120 -76 -21.115 249 120 30 
-118 -76 -21.139 249 120 30 
-116 -76 -21.1483 249 120 30 
-114 -76 -21.1826 249 120 30 
-112 -76 -21.2927 249 120 30 
-110 -76 -21.462 249 117 29 
-108 -76 -21.6082 249 117 29 
-106 -76 -21.7014 249 117 29 
-104 -76 -21.8077 249 117 29 
-102 -76 -21.9201 249 117 29 
-100 -76 -21.8723 249 117 29 
-98 -76 -21.9537 248 114 28 
-96 -76 -22.1182 248 114 28 
-94 -76 -22.3071 248 114 28 
-92 -76 -22.5294 247 111 26 
-90 -76 -22.6459 247 111 26 
-88 -76 -22.7101 247 111 26 
-86 -76 -22.9921 246 108 25 
-84 -76 -23.4174 246 108 25 
-82 -76 -23.6645 245 105 24 
-80 -76 -23.8536 245 105 24 
-78 -76 -24.2304 244 102 23 
-76 -76 -24.8369 243 99 21 
-74 -76 -25.2978 242 96 20 
-72 -76 -25.1801 242 96 20 
-70 -76 -25.0106 242 96 20 
-68 -76 -25.2373 242 96 20 
-66 -76 -25.5367 241 93 19 
-64 -76 -25.9668 240 91 18 
-62 -76 -26.3964 240 91 18 
-60 -76 -26.6977 239 88 17 
-58 -76 -27.1299 237 85 16 
-56 -76 -27.7153 236 83 15 
-54 -76 -28.5599 234 78 13 
-52 -76 -29.4768 231 73 12 
-50 -76 -30.0159 229 71 11 
-48 -76 -30.4035 229 71 11 
-46 -76 -31.0029 226 67 10 
-44 -76 -31.3764 226 67 10 
-42 -76 -31.7405 225 65 9 
-40 -76 -32.3566 223 63 8 
-38 -76 -32.9395 221 61 8 
-36 -76 -33.3175 220 59 7 
-34 -76 -34.0025 216 55 6 
-32 -76 -34.7358 214 53 6 
-30 -76 -35.3244 212 51 5 
-28 -76 -35.7439 210 49 5 
-26 -76 -36.1038 208 47 5 
-24 -76 -36.4501 208 47 5 
-22 -76 -36.6039 206 45 4 
-20 -76 -36.8952 206 45 4 
-18 -76 -37.4764 204 43 4 
-16 -76 -37.8001 202 42 4 
-14 -76 -38.0348 200 40 3 
-12 -76 -38.4052 200 40 3 
-10 -76 -38.7869 197 38 3 
-8 -76 -38.9223 197 38 3 
-6 -76 -39.1468 195 37 3 
-4 -76 -39.528 193 35 2 
-2 -76 -39.9149 193 35 2 
0 -76 -40.5742 188 32 2 
2 -76 -41.2414 185 30 2 
4 -76 -41.6251 183 29 2 
6 -76 -41.7418 183 29 2 
8 -76 -41.7508 183 29 2 
10 -76 -41.6943 183 29 2 
12 -76 -41.9101 183 29 2 
14 -76 -42.2571 180 27 1 
16 -76 -42.406 180 27 1 
18 -76 -42.5095 178 26 1 
20 -76 -42.6437 178 26 1 
22 -76 -42.6556 178 26 1 
24 -76 -42.6315 178 26 1 
26 -76 -42.6894 178 26 1 
28 -76 -42.8081 178 26 1 
30 -76 -42.8783 178 26 1 
32 -76 -42.8534 178 26 1 
34 -76 -42.8763 178 26 1 
36 -76 -42.9743 178 26 1 
38 -76 -42.9692 178 26 1 
40 -76 -42.9437 178 26 1 
42 -76 -43.0186 175 24 1 
44 -76 -42.9994 175 24 1 
46 -76 -42.9529 178 26 1 
48 -76 -43.0647 175 24 1 
50 -76 -43.1424 175 24 1 
52 -76 -43.0077 175 24 1 
54 -76 -42.9314 178 26 1 
56 -76 -42.7703 178 26 1 
58 -76 -42.6508 178 26 1 
60 -76 -42.7082 178 26 1 
62 -76 -42.7598 178 26 1 
64 -76 -42.8055 178 26 1 
66 -76 -42.874 178 26 1 
68 -76 -42.9951 175 24 1 
70 -76 -43.2516 175 24 1 
72 -76 -43.4337 175 24 1 
74 -76 -43.3676 175 24 1 
76 -76 -43.4876 175 24 1 
78 -76 -43.663 172 23 1 
80 -76 -44.0171 169 22 1 
82 -76 -44.5188 167 20 1 
84 -76 -45.0263 164 19 1 
86 -76 -45.2019 164 19 1 
88 -76 -45.2945 164 19 1 
90 -76 -45.8008 161 18 1 
92 -76 -46.2394 158 16 1 
94 -76 -46.3704 158 16 1 
96 -76 -46.7758 155 15 1 
98 -76 -46.7293 155 15 1 
-146 -78 -18.9851 252 132 35 
-144 -78 -15.7912 254 153 44 
-142 -78 -16.2862 254 150 43 
-140 -78 -16.6628 254 147 42 
-138 -78 -17.3721 254 144 41 
-136 -78 -18.1889 253 138 38 
-134 -78 -18.9044 252 135 37 
-132 -78 -19.6317 251 129 34 
-130 -78 -20.1193 251 126 33 
-128 -78 -20.4698 250 123 31 
-126 -78 -20.8129 250 123 31 
-124 -78 -21.1662 249 120 30 
-122 -78 -21.5269 249 117 29 
-120 -78 -21.7099 249 117 29 
-118 -78 -21.8146 249 117 29 
-116 -78 -22.2913 248 114 28 
-114 -78 -22.7823 247 111 26 
-112 -78 -23.0984 246 108 25 
-110 -78 -23.4421 246 108 25 
-108 -78 -23.8454 245 105 24 
-106 -78 -24.3582 244 102 23 
-104 -78 -24.9273 243 99 21 
-102 -78 -25.3544 242 96 20 
-100 -78 -25.6211 241 93 19 
-98 -78 -25.9501 241 93 19 
-96 -78 -26.1436 240 91 18 
-94 -78 -26.1568 240 91 18 
-92 -78 -26.1279 240 91 18 
-90 -78 -26.1526 240 91 18 
-88 -78 -26.2334 240 91 18 
-86 -78 -26.3182 240 91 18 
-84 -78 -26.3624 240 91 18 
-82 -78 -26.3821 240 91 18 
-80 -78 -26.4541 239 88 17 
-78 -78 -26.6775 239 88 17 
-76 -78 -26.8703 239 88 17 
-74 -78 -27.0049 237 85 16 
-72 -78 -27.0782 237 85 16 
-70 -78 -26.9852 237 85 16 
-68 -78 -26.9287 239 88 17 
-66 -78 -26.9148 239 88 17 
-64 -78 -26.9366 239 88 17 
-62 -78 -26.946 239 88 17 
-60 -78 -27.0678 237 85 16 
-58 -78 -27.2661 237 85 16 
-56 -78 -27.3995 237 85 16 
-54 -78 -27.547 236 83 15 
-52 -78 -27.7116 236 83 15 
-50 -78 -27.9133 236 83 15 
-48 -78 -28.3124 235 80 14 
-46 -78 -28.5279 234 78 13 
-44 -78 -28.3265 235 80 14 
-42 -78 -28.4017 235 80 14 
-40 -78 -28.7175 234 78 13 
-38 -78 -28.8908 234 78 13 
-36 -78 -28.9397 234 78 13 
-34 -78 -29.2625 232 75 12 
-32 -78 -29.7423 231 73 12 
-30 -78 -30.2889 229 71 11 
-28 -78 -30.7569 228 69 10 
-26 -78 -30.9927 226 67 10 
-24 -78 -31.0567 226 67 10 
-22 -78 -31.0949 226 67 10 
-20 -78 -31.3039 226 67 10 
-18 -78 -31.7054 225 65 9 
-16 -78 -31.9266 225 65 9 
-14 -78 -32.2348 223 63 8 
-12 -78 -32.7585 221 61 8 
-10 -78 -33.3426 220 59 7 
-8 -78 -33.6249 218 57 7 
-6 -78 -33.9944 216 55 6 
-4 -78 -34.3942 216 55 6 
-2 -78 -34.7122 214 53 6 
0 -78 -35.4831 210 49 5 
2 -78 -36.5618 206 45 4 
4 -78 -37.394 204 43 4 
6 -78 -37.9268 202 42 4 
8 -78 -38.2613 200 40 3 
10 -78 -38.3483 200 40 3 
12 -78 -38.7138 197 38 3 
14 -78 -39.4977 193 35 2 
16 -78 -40.0896 190 33 2 
18 -78 -40.5531 188 32 2 
20 -78 -41.0976 185 30 2 
22 -78 -41.486 183 29 2 
24 -78 -41.8068 183 29 2 
26 -78 -42.1874 180 27 1 
28 -78 -42.6516 178 26 1 
30 -78 -43.1564 175 24 1 
32 -78 -43.5016 172 23 1 
34 -78 -43.6566 172 23 1 
36 -78 -43.8579 172 23 1 
38 -78 -44.1799 169 22 1 
40 -78 -44.5892 167 20 1 
42 -78 -44.7982 167 20 1 
44 -78 -44.7415 167 20 1 
46 -78 -45.0413 164 19 1 
48 -78 -45.4531 164 19 1 
50 -78 -45.8084 161 18 1 
52 -78 -46.0615 158 16 1 
54 -78 -46.2683 158 16 1 
56 -78 -46.3001 158 16 1 
58 -78 -46.1972 158 16 1 
60 -78 -46.1559 158 16 1 
62 -78 -46.3161 158 16 1 
64 -78 -46.5789 155 15 1 
66 -78 -46.7992 155 15 1 
68 -78 -46.7757 155 15 1 
70 -78 -46.656 155 15 1 
72 -78 -46.6217 155 15 1 
74 -78 -46.5094 155 15 1 
76 -78 -46.3647 158 16 1 
78 -78 -46.2774 158 16 1 
80 -78 -46.353 158 16 1 
82 -78 -46.4717 158 16 1 
84 -78 -46.6756 155 15 1 
86 -78 -46.7532 155 15 1 
88 -78 -46.5562 155 15 1 
90 -78 -46.4758 158 16 1 
92 -78 -46.4331 158 16 1 
94 -78 -46.3361 158 16 1 
96 -78 -46.2878 158 16 1 
98 -78 -46.1414 158 16 1 
100 -78 -44.65 167 20 1 
102 -78 -43.1621 175 24 1 
-146 -80 -16.3242 254 150 43 
-144 -80 -12.4601 254 169 51 
-142 -80 -12.7607 254 169 51 
-140 -80 -12.9701 254 167 50 
-138 -80 -13.2991 254 167 50 
-136 -80 -13.6938 254 164 49 
-134 -80 -14.2101 254 161 48 
-132 -80 -14.8052 254 158 47 
-130 -80 -15.2322 254 155 45 
-128 -80 -15.5766 254 153 44 
-126 -80 -16.0209 254 150 43 
-124 -80 -16.481 254 147 42 
-122 -80 -17.0144 254 144 41 
-120 -80 -17.4326 254 144 41 
-118 -80 -17.7334 253 141 39 
-116 -80 -18.408 253 138 38 
-114 -80 -18.9665 252 132 35 
-112 -80 -19.2992 252 132 35 
-110 -80 -19.7565 251 129 34 
-108 -80 -20.3651 251 126 33 
-106 -80 -21.033 249 120 30 
-104 -80 -21.8204 249 117 29 
-102 -80 -22.5154 247 111 26 
-100 -80 -22.9519 246 108 25 
-98 -80 -23.5649 245 105 24 
-96 -80 -24.098 244 102 23 
-94 -80 -24.2942 244 102 23 
-92 -80 -24.5532 243 99 21 
-90 -80 -25.098 242 96 20 
-88 -80 -25.6315 241 93 19 
-86 -80 -26.0346 240 91 18 
-84 -80 -26.5226 239 88 17 
-82 -80 -26.6987 239 88 17 
-80 -80 -26.652 239 88 17 
-78 -80 -27.265 237 85 16 
-76 -80 -27.9454 236 83 15 
-74 -80 -28.232 235 80 14 
-72 -80 -28.619 234 78 13 
-70 -80 -29.0307 232 75 12 
-68 -80 -29.2642 232 75 12 
-66 -80 -29.4666 231 73 12 
-64 -80 -29.6621 231 73 12 
-62 -80 -29.9939 229 71 11 
-60 -80 -30.4088 229 71 11 
-58 -80 -30.6616 228 69 10 
-56 -80 -30.7991 228 69 10 
-54 -80 -30.9074 228 69 10 
-52 -80 -31.0179 226 67 10 
-50 -80 -31.0019 226 67 10 
-48 -80 -31.0982 226 67 10 
-46 -80 -31.292 226 67 10 
-44 -80 -31.3507 226 67 10 
-42 -80 -31.4369 226 67 10 
-40 -80 -31.5839 225 65 9 
-38 -80 -31.7142 225 65 9 
-36 -80 -31.7017 225 65 9 
-34 -80 -31.6388 225 65 9 
-32 -80 -31.6864 225 65 9 
-30 -80 -31.8349 225 65 9 
-28 -80 -31.9822 223 63 8 
-26 -80 -32.0723 223 63 8 
-24 -80 -31.9993 223 63 8 
-22 -80 -31.9088 225 65 9 
-20 -80 -31.8635 225 65 9 
-18 -80 -31.9038 225 65 9 
-16 -80 -31.9044 225 65 9 
-14 -80 -31.9782 223 63 8 
-12 -80 -32.1224 223 63 8 
-10 -80 -32.2924 223 63 8 
-8 -80 -32.3614 223 63 8 
-6 -80 -32.4441 223 63 8 
-4 -80 -32.4648 223 63 8 
-2 -80 -32.4089 223 63 8 
0 -80 -32.5196 221 61 8 
2 -80 -32.9601 221 61 8 
4 -80 -33.4685 218 57 7 
6 -80 -33.8279 218 57 7 
8 -80 -33.8879 218 57 7 
10 -80 -33.8769 218 57 7 
12 -80 -34.1173 216 55 6 
14 -80 -34.6297 214 53 6 
16 -80 -34.9533 214 53 6 
18 -80 -35.1005 212 51 5 
20 -80 -35.2065 212 51 5 
22 -80 -35.3871 212 51 5 
24 -80 -35.7566 210 49 5 
26 -80 -36.161 208 47 5 
28 -80 -36.5839 206 45 4 
30 -80 -37.1142 204 43 4 
32 -80 -37.5264 202 42 4 
34 -80 -37.8399 202 42 4 
36 -80 -38.0437 200 40 3 
38 -80 -38.3828 200 40 3 
40 -80 -38.9625 197 38 3 
42 -80 -39.3586 195 37 3 
44 -80 -39.4121 195 37 3 
46 -80 -39.8607 193 35 2 
48 -80 -40.5461 188 32 2 
50 -80 -41.4088 185 30 2 
52 -80 -42.2956 180 27 1 
54 -80 -42.7499 178 26 1 
56 -80 -43.0555 175 24 1 
58 -80 -43.3168 175 24 1 
60 -80 -43.5007 172 23 1 
62 -80 -43.9246 172 23 1 
64 -80 -44.5124 167 20 1 
66 -80 -45.2822 164 19 1 
68 -80 -45.8729 161 18 1 
70 -80 -46.2998 158 16 1 
72 -80 -46.7295 155 15 1 
74 -80 -47.0308 152 14 1 
76 -80 -47.2341 152 14 1 
78 -80 -47.3526 152 14 1 
80 -80 -47.556 149 13 1 
82 -80 -47.8651 149 13 1 
84 -80 -48.2268 146 11 1 
86 -80 -48.5516 142 10 1 
88 -80 -48.4922 146 11 1 
90 -80 -48.3996 146 11 1 
92 -80 -48.53 142 10 1 
94 -80 -48.9281 142 10 1 
96 -80 -48.9434 142 10 1 
98 -80 -48.2622 146 11 1 
100 -80 -46.4628 158 16 1 
102 -80 -44.2666 169 22 1 
104 -80 -43.1025 175 24 1 
106 -80 -43.0247 175 24 1 
108 -80 -43.4254 175 24 1 
-146 -82 -18.003 253 138 38 
-144 -82 -14.835 254 158 47 
-142 -82 -15.1375 254 155 45 
-140 -82 -15.3724 254 155 45 
-138 -82 -15.536 254 153 44 
-136 -82 -15.4925 254 153 44 
-134 -82 -15.5115 254 153 44 
-132 -82 -15.7075 254 153 44 
-130 -82 -15.9382 254 150 43 
-128 -82 -16.0785 254 150 43 
-126 -82 -16.1391 254 150 43 
-124 -82 -16.187 254 150 43 
-122 -82 -16.3955 254 150 43 
-120 -82 -16.6275 254 147 42 
-118 -82 -16.8419 254 147 42 
-116 -82 -17.157 254 144 41 
-114 -82 -17.3313 254 144 41 
-112 -82 -17.4808 253 141 39 
-110 -82 -17.666 253 141 39 
-108 -82 -17.8236 253 141 39 
-106 -82 -18.0196 253 138 38 
-104 -82 -18.355 253 138 38 
-102 -82 -18.671 252 135 37 
-100 -82 -18.7529 252 135 37 
-98 -82 -18.9597 252 132 35 
-96 -82 -19.326 252 132 35 
-94 -82 -19.6022 251 129 34 
-92 -82 -19.8609 251 129 34 
-90 -82 -20.332 251 126 33 
-88 -82 -20.9339 250 123 31 
-86 -82 -21.4125 249 120 30 
-84 -82 -21.8482 249 117 29 
-82 -82 -21.9794 248 114 28 
-80 -82 -21.8673 249 117 29 
-78 -82 -22.2913 248 114 28 
-76 -82 -22.9088 247 111 26 
-74 -82 -23.3296 246 108 25 
-72 -82 -23.9837 244 102 23 
-70 -82 -24.7968 243 99 21 
-68 -82 -25.1488 242 96 20 
-66 -82 -25.3429 242 96 20 
-64 -82 -25.5888 241 93 19 
-62 -82 -26.1437 240 91 18 
-60 -82 -26.8892 239 88 17 
-58 -82 -27.4588 236 83 15 
-56 -82 -27.9721 235 80 14 
-54 -82 -28.6096 234 78 13 
-52 -82 -29.2533 232 75 12 
-50 -82 -29.4683 231 73 12 
-48 -82 -29.6714 231 73 12 
-46 -82 -30.2881 229 71 11 
-44 -82 -30.8799 228 69 10 
-42 -82 -31.3215 226 67 10 
-40 -82 -31.8482 225 65 9 
-38 -82 -32.4079 223 63 8 
-36 -82 -32.7829 221 61 8 
-34 -82 -32.9164 221 61 8 
-32 -82 -32.9467 221 61 8 
-30 -82 -33.1527 220 59 7 
-28 -82 -33.4812 218 57 7 
-26 -82 -33.8228 218 57 7 
-24 -82 -34.1627 216 55 6 
-22 -82 -34.4465 216 55 6 
-20 -82 -34.6179 214 53 6 
-18 -82 -34.9038 214 53 6 
-16 -82 -35.174 212 51 5 
-14 -82 -35.5039 210 49 5 
-12 -82 -35.8095 210 49 5 
-10 -82 -35.9346 210 49 5 
-8 -82 -35.9341 210 49 5 
-6 -82 -35.8836 210 49 5 
-4 -82 -36.0956 208 47 5 
-2 -82 -36.3553 208 47 5 
0 -82 -36.3131 208 47 5 
2 -82 -36.2463 208 47 5 
4 -82 -36.306 208 47 5 
6 -82 -36.3509 208 47 5 
8 -82 -36.2764 208 47 5 
10 -82 -36.2586 208 47 5 
12 -82 -36.2357 208 47 5 
14 -82 -36.308 208 47 5 
16 -82 -36.4689 208 47 5 
18 -82 -36.4992 206 45 4 
20 -82 -36.3375 208 47 5 
22 -82 -36.2389 208 47 5 
24 -82 -36.3214 208 47 5 
26 -82 -36.3148 208 47 5 
28 -82 -36.2037 208 47 5 
30 -82 -36.1887 208 47 5 
32 -82 -36.2039 208 47 5 
34 -82 -36.4332 208 47 5 
36 -82 -36.5555 206 45 4 
38 -82 -36.5212 206 45 4 
40 -82 -36.5794 206 45 4 
42 -82 -36.7569 206 45 4 
44 -82 -36.8002 206 45 4 
46 -82 -36.8398 206 45 4 
48 -82 -36.9766 204 43 4 
50 -82 -37.1744 204 43 4 
52 -82 -37.4319 204 43 4 
54 -82 -37.5721 202 42 4 
56 -82 -37.8363 202 42 4 
58 -82 -38.1711 200 40 3 
60 -82 -38.3159 200 40 3 
62 -82 -38.459 200 40 3 
64 -82 -38.6796 197 38 3 
66 -82 -39.1389 195 37 3 
68 -82 -39.6761 193 35 2 
70 -82 -40.3361 190 33 2 
72 -82 -40.8381 188 32 2 
74 -82 -41.0047 185 30 2 
76 -82 -41.3766 185 30 2 
78 -82 -41.8007 183 29 2 
80 -82 -42.1386 180 27 1 
82 -82 -42.5092 178 26 1 
84 -82 -42.9611 178 26 1 
86 -82 -43.2908 175 24 1 
88 -82 -43.2568 175 24 1 
90 -82 -43.5296 172 23 1 
92 -82 -44.2206 169 22 1 
94 -82 -44.9891 167 20 1 
96 -82 -45.5126 161 18 1 
98 -82 -44.4885 169 22 1 
100 -82 -41.6602 183 29 2 
-146 -84 -17.1112 254 144 41 
-144 -84 -14.0417 254 161 48 
-142 -84 -14.6815 254 158 47 
-140 -84 -15.469 254 153 44 
-138 -84 -16.0555 254 150 43 
-136 -84 -16.0978 254 150 43 
-134 -84 -15.9887 254 150 43 
-132 -84 -16.4333 254 147 42 
-130 -84 -17.054 254 144 41 
-128 -84 -17.2942 254 144 41 
-126 -84 -17.4711 253 141 39 
-124 -84 -17.8074 253 141 39 
-122 -84 -18.2014 253 138 38 
-120 -84 -18.4957 252 135 37 
-118 -84 -18.8036 252 135 37 
-116 -84 -19.1369 252 132 35 
-114 -84 -19.4982 251 129 34 
-112 -84 -19.7752 251 129 34 
-110 -84 -19.8569 251 129 34 
-108 -84 -19.8678 251 129 34 
-106 -84 -19.9725 251 126 33 
-104 -84 -20.1376 251 126 33 
-102 -84 -20.3122 251 126 33 
-100 -84 -20.4907 250 123 31 
-98 -84 -20.6209 250 123 31 
-96 -84 -20.7536 250 123 31 
-94 -84 -20.8619 250 123 31 
-92 -84 -20.9583 249 120 30 
-90 -84 -21.2111 249 120 30 
-88 -84 -21.647 249 117 29 
-86 -84 -21.8944 249 117 29 
-84 -84 -21.8121 249 117 29 
-82 -84 -21.8081 249 117 29 
-80 -84 -21.7374 249 117 29 
-78 -84 -21.6815 249 117 29 
-76 -84 -21.753 249 117 29 
-74 -84 -21.9391 249 117 29 
-72 -84 -22.2712 248 114 28 
-70 -84 -22.7534 247 111 26 
-68 -84 -22.7986 247 111 26 
-66 -84 -22.6736 247 111 26 
-64 -84 -22.6962 247 111 26 
-62 -84 -22.8383 247 111 26 
-60 -84 -23.12 246 108 25 
-58 -84 -23.5322 245 105 24 
-56 -84 -23.9661 244 102 23 
-54 -84 -24.3574 244 102 23 
-52 -84 -24.7542 243 99 21 
-50 -84 -25.0287 242 96 20 
-48 -84 -25.3095 242 96 20 
-46 -84 -25.7541 241 93 19 
-44 -84 -26.1149 240 91 18 
-42 -84 -26.4701 239 88 17 
-40 -84 -26.9418 239 88 17 
-38 -84 -27.4454 237 85 16 
-36 -84 -27.8854 236 83 15 
-34 -84 -28.1599 235 80 14 
-32 -84 -28.4059 235 80 14 
-30 -84 -28.8123 234 78 13 
-28 -84 -29.2195 232 75 12 
-26 -84 -29.5089 231 73 12 
-24 -84 -29.9229 231 73 12 
-22 -84 -30.5743 228 69 10 
-20 -84 -31.1736 226 67 10 
-18 -84 -31.7702 225 65 9 
-16 -84 -32.2224 223 63 8 
-14 -84 -32.76 221 61 8 
-12 -84 -33.4208 220 59 7 
-10 -84 -34.0561 216 55 6 
-8 -84 -34.4377 216 55 6 
-6 -84 -34.5021 214 53 6 
-4 -84 -34.9913 212 51 5 
-2 -84 -35.8929 210 49 5 
0 -84 -36.507 206 45 4 
2 -84 -36.75 206 45 4 
4 -84 -37.0243 204 43 4 
6 -84 -37.2775 204 43 4 
8 -84 -37.4664 204 43 4 
10 -84 -37.6238 202 42 4 
12 -84 -37.7624 202 42 4 
14 -84 -38.2349 200 40 3 
16 -84 -38.8013 197 38 3 
18 -84 -39.0307 195 37 3 
20 -84 -39.1292 195 37 3 
22 -84 -39.3474 195 37 3 
24 -84 -39.7073 193 35 2 
26 -84 -39.8269 193 35 2 
28 -84 -39.7423 193 35 2 
30 -84 -39.8591 193 35 2 
32 -84 -39.9833 190 33 2 
34 -84 -40.2018 190 33 2 
36 -84 -40.446 190 33 2 
38 -84 -40.5219 188 32 2 
40 -84 -40.5128 188 32 2 
42 -84 -40.609 188 32 2 
44 -84 -40.6235 188 32 2 
46 -84 -40.459 190 33 2 
48 -84 -40.2643 190 33 2 
50 -84 -40.2097 190 33 2 
52 -84 -40.24 190 33 2 
54 -84 -40.3725 190 33 2 
56 -84 -40.608 188 32 2 
58 -84 -40.6728 188 32 2 
60 -84 -40.5386 188 32 2 
62 -84 -40.3867 190 33 2 
64 -84 -40.221 190 33 2 
66 -84 -40.1389 190 33 2 
68 -84 -40.1626 190 33 2 
70 -84 -40.3494 190 33 2 
72 -84 -40.5377 188 32 2 
74 -84 -40.4823 190 33 2 
76 -84 -40.4521 190 33 2 
78 -84 -40.5238 188 32 2 
80 -84 -40.6608 188 32 2 
82 -84 -40.8239 188 32 2 
84 -84 -40.9804 188 32 2 
86 -84 -40.9927 185 30 2 
88 -84 -40.8161 188 32 2 
90 -84 -41.0106 185 30 2 
92 -84 -41.479 185 30 2 
94 -84 -41.3855 185 30 2 
96 -84 -41.0596 185 30 2 
98 -84 -40.373 190 33 2 
-146 -86 -12.4905 254 169 51 
-144 -86 -8.27942 248 190 57 
-142 -86 -8.6787 249 188 57 
-140 -86 -9.45233 251 184 56 
-138 -86 -9.97499 251 182 55 
-136 -86 -10.2262 251 182 55 
-134 -86 -10.3817 251 182 55 
-132 -86 -10.9946 252 177 54 
-130 -86 -11.9747 253 172 52 
-128 -86 -12.5783 254 169 51 
-126 -86 -12.9662 254 167 50 
-124 -86 -13.3636 254 167 50 
-122 -86 -13.9831 254 161 48 
-120 -86 -14.6636 254 158 47 
-118 -86 -15.2756 254 155 45 
-116 -86 -15.8939 254 153 44 
-114 -86 -16.5501 254 147 42 
-112 -86 -17.0071 254 144 41 
-110 -86 -17.181 254 144 41 
-108 -86 -17.4649 253 141 39 
-106 -86 -18.2368 253 138 38 
-104 -86 -18.8448 252 135 37 
-102 -86 -19.1222 252 132 35 
-100 -86 -19.6534 251 129 34 
-98 -86 -20.3202 251 126 33 
-96 -86 -20.8766 250 123 31 
-94 -86 -21.2419 249 120 30 
-92 -86 -21.5793 249 117 29 
-90 -86 -22.1795 248 114 28 
-88 -86 -22.9735 246 108 25 
-86 -86 -23.4522 245 105 24 
-84 -86 -23.4896 245 105 24 
-82 -86 -23.7651 245 105 24 
-80 -86 -24.1956 244 102 23 
-78 -86 -24.4908 243 99 21 
-76 -86 -24.6254 243 99 21 
-74 -86 -24.6604 243 99 21 
-72 -86 -24.8128 243 99 21 
-70 -86 -25.2059 242 96 20 
-68 -86 -25.5232 241 93 19 
-66 -86 -25.6482 241 93 19 
-64 -86 -25.6647 241 93 19 
-62 -86 -25.7712 241 93 19 
-60 -86 -25.9375 241 93 19 
-58 -86 -26.0876 240 91 18 
-56 -86 -26.2994 240 91 18 
-54 -86 -26.4557 239 88 17 
-52 -86 -26.556 239 88 17 
-50 -86 -26.688 239 88 17 
-48 -86 -26.7794 239 88 17 
-46 -86 -26.8436 239 88 17 
-44 -86 -26.6699 239 88 17 
-42 -86 -26.5933 239 88 17 
-40 -86 -26.7209 239 88 17 
-38 -86 -26.8837 239 88 17 
-36 -86 -27.0947 237 85 16 
-34 -86 -27.1788 237 85 16 
-32 -86 -27.2322 237 85 16 
-30 -86 -27.3679 237 85 16 
-28 -86 -27.4431 237 85 16 
-26 -86 -27.379 237 85 16 
-24 -86 -27.4353 237 85 16 
-22 -86 -27.7865 236 83 15 
-20 -86 -28.1983 235 80 14 
-18 -86 -28.4763 234 78 13 
-16 -86 -28.4809 234 78 13 
-14 -86 -28.577 234 78 13 
-12 -86 -28.917 234 78 13 
-10 -86 -29.3248 232 75 12 
-8 -86 -29.5853 231 73 12 
-6 -86 -29.5653 231 73 12 
-4 -86 -29.7229 231 73 12 
-2 -86 -30.4403 229 71 11 
0 -86 -31.2517 226 67 10 
2 -86 -31.7158 225 65 9 
4 -86 -32.1393 223 63 8 
6 -86 -32.4653 223 63 8 
8 -86 -32.5849 221 61 8 
10 -86 -32.6543 221 61 8 
12 -86 -33.0128 220 59 7 
14 -86 -33.98 216 55 6 
16 -86 -34.8331 214 53 6 
18 -86 -35.218 212 51 5 
20 -86 -35.4627 212 51 5 
22 -86 -35.8073 210 49 5 
24 -86 -36.3567 208 47 5 
26 -86 -36.8585 206 45 4 
28 -86 -37.1715 204 43 4 
30 -86 -37.6786 202 42 4 
32 -86 -38.1389 200 40 3 
34 -86 -38.4546 200 40 3 
36 -86 -38.8865 197 38 3 
38 -86 -39.4277 195 37 3 
40 -86 -39.7789 193 35 2 
42 -86 -39.9871 190 33 2 
44 -86 -40.3664 190 33 2 
46 -86 -40.7465 188 32 2 
48 -86 -40.731 188 32 2 
50 -86 -40.855 188 32 2 
52 -86 -41.4457 185 30 2 
54 -86 -42.2479 180 27 1 
56 -86 -42.5028 178 26 1 
58 -86 -42.6203 178 26 1 
60 -86 -43.2579 175 24 1 
62 -86 -43.5009 172 23 1 
64 -86 -43.2544 175 24 1 
66 -86 -43.2054 175 24 1 
68 -86 -43.4736 175 24 1 
70 -86 -43.7285 172 23 1 
72 -86 -43.826 172 23 1 
74 -86 -44.0674 169 22 1 
76 -86 -44.3169 169 22 1 
78 -86 -44.3044 169 22 1 
80 -86 -44.2529 169 22 1 
82 -86 -44.22 169 22 1 
84 -86 -44.2782 169 22 1 
86 -86 -44.1667 169 22 1 
88 -86 -44.0447 169 22 1 
90 -86 -44.1764 169 22 1 
92 -86 -44.312 169 22 1 
94 -86 -44.1891 169 22 1 
96 -86 -43.9671 172 23 1 
98 -86 -43.2596 175 24 1 
100 -86 -42.5658 178 26 1 
102 -86 -42.4049 180 27 1 
104 -86 -42.1605 180 27 1 
106 -86 -41.5345 183 29 2 
-146 -88 -11.2238 252 177 54 
-144 -88 -8.04815 248 190 57 
-142 -88 -8.02604 248 190 57 
-140 -88 -8.09559 248 190 57 
-138 -88 -8.14822 248 190 57 
-136 -88 -8.32897 248 190 57 
-134 -88 -8.54429 249 188 57 
-132 -88 -8.77755 249 188 57 
-130 -88 -9.22823 250 186 57 
-128 -88 -9.60565 251 184 56 
-126 -88 -9.74778 251 184 56 
-124 -88 -9.80402 251 184 56 
-122 -88 -10.06 251 182 55 
-120 -88 -10.4693 252 179 54 
-118 -88 -10.9726 252 177 54 
-116 -88 -11.3491 252 177 54 
-114 -88 -11.5644 253 174 53 
-112 -88 -11.7707 253 174 53 
-110 -88 -11.8748 253 174 53 
-108 -88 -12.2835 253 172 52 
-106 -88 -13.1319 254 167 50 
-104 -88 -13.7254 254 164 49 
-102 -88 -13.9942 254 161 48 
-100 -88 -14.4303 254 158 47 
-98 -88 -15.079 254 155 45 
-96 -88 -15.6504 254 153 44 
-94 -88 -16.0937 254 150 43 
-92 -88 -16.5125 254 147 42 
-90 -88 -17.0902 254 144 41 
-88 -88 -17.6593 253 141 39 
-86 -88 -18.0408 253 138 38 
-84 -88 -18.6232 252 135 37 
-82 -88 -19.5048 251 129 34 
-80 -88 -20.3362 251 126 33 
-78 -88 -20.9031 250 123 31 
-76 -88 -21.2518 249 120 30 
-74 -88 -21.4403 249 120 30 
-72 -88 -21.8714 249 117 29 
-70 -88 -22.5912 247 111 26 
-68 -88 -23.3475 246 108 25 
-66 -88 -23.8726 245 105 24 
-64 -88 -24.3241 244 102 23 
-62 -88 -24.9161 243 99 21 
-60 -88 -25.445 242 96 20 
-58 -88 -25.7669 241 93 19 
-56 -88 -26.2167 240 91 18 
-54 -88 -26.9169 239 88 17 
-52 -88 -27.4909 236 83 15 
-50 -88 -27.797 236 83 15 
-48 -88 -28.0264 235 80 14 
-46 -88 -28.4132 235 80 14 
-44 -88 -28.5892 234 78 13 
-42 -88 -28.8644 234 78 13 
-40 -88 -29.0926 232 75 12 
-38 -88 -29.1731 232 75 12 
-36 -88 -29.5413 231 73 12 
-34 -88 -29.9238 231 73 12 
-32 -88 -30.1052 229 71 11 
-30 -88 -30.309 229 71 11 
-28 -88 -30.6149 228 69 10 
-26 -88 -30.8648 228 69 10 
-24 -88 -30.8585 228 69 10 
-22 -88 -30.8119 228 69 10 
-20 -88 -30.8882 228 69 10 
-18 -88 -30.9818 226 67 10 
-16 -88 -31.0388 226 67 10 
-14 -88 -31.0729 226 67 10 
-12 -88 -31.1312 226 67 10 
-10 -88 -31.1644 226 67 10 
-8 -88 -31.2019 226 67 10 
-6 -88 -31.1967 226 67 10 
-4 -88 -31.041 226 67 10 
-2 -88 -31.1883 226 67 10 
0 -88 -31.4483 226 67 10 
2 -88 -31.4871 225 65 9 
4 -88 -31.6613 225 65 9 
6 -88 -31.8062 225 65 9 
8 -88 -31.7491 225 65 9 
10 -88 -31.668 225 65 9 
12 -88 -31.7566 225 65 9 
14 -88 -32.1373 223 63 8 
16 -88 -32.4933 221 61 8 
18 -88 -32.5885 221 61 8 
20 -88 -32.6477 221 61 8 
22 -88 -32.6508 221 61 8 
24 -88 -32.6963 221 61 8 
26 -88 -32.8744 221 61 8 
28 -88 -33.0664 220 59 7 
30 -88 -33.3393 220 59 7 
32 -88 -33.4875 218 57 7 
34 -88 -33.6788 218 57 7 
36 -88 -34.0188 216 55 6 
38 -88 -34.39 216 55 6 
40 -88 -34.5918 214 53 6 
42 -88 -34.8456 214 53 6 
44 -88 -35.2811 212 51 5 
46 -88 -35.6098 210 49 5 
48 -88 -35.6046 210 49 5 
50 -88 -35.8237 210 49 5 
52 -88 -36.5209 206 45 4 
54 -88 -37.3055 204 43 4 
56 -88 -37.5711 202 42 4 
58 -88 -37.8731 202 42 4 
60 -88 -38.6601 197 38 3 
62 -88 -39.0547 195 37 3 
64 -88 -39.3022 195 37 3 
66 -88 -39.769 193 35 2 
68 -88 -40.1635 190 33 2 
70 -88 -40.4977 188 32 2 
72 -88 -40.9354 188 32 2 
74 -88 -41.725 183 29 2 
76 -88 -42.2534 180 27 1 
78 -88 -42.3764 180 27 1 
80 -88 -42.6735 178 26 1 
82 -88 -42.8401 178 26 1 
84 -88 -43.3063 175 24 1 
86 -88 -43.8689 172 23 1 
88 -88 -44.1539 169 22 1 
90 -88 -44.3358 169 22 1 
92 -88 -44.5793 167 20 1 
94 -88 -45.1944 164 19 1 
96 -88 -45.6407 161 18 1 
98 -88 -44.5505 167 20 1 
100 -88 -43.663 172 23 1 
102 -88 -43.648 172 23 1 
104 -88 -43.8144 172 23 1 
-148 -90 -21.137 249 120 30 
-146 -90 -10.3393 251 182 55 
-144 -90 -9.36094 250 186 57 
-142 -90 -9.80767 251 184 56 
-140 -90 -10.1744 251 182 55 
-138 -90 -10.5041 252 179 54 
-136 -90 -10.7331 252 179 54 
-134 -90 -10.8994 252 179 54 
-132 -90 -11.0891 252 177 54 
-130 -90 -11.4494 253 174 53 
-128 -90 -11.7804 253 174 53 
-126 -90 -11.9195 253 174 53 
-124 -90 -12.0262 253 172 52 
-122 -90 -12.1713 253 172 52 
-120 -90 -12.3533 253 172 52 
-118 -90 -12.5693 254 169 51 
-116 -90 -12.7286 254 169 51 
-114 -90 -12.8577 254 169 51 
-112 -90 -13.0145 254 167 50 
-110 -90 -13.058 254 167 50 
-108 -90 -13.3293 254 167 50 
-106 -90 -13.6008 254 164 49 
-104 -90 -13.6682 254 164 49 
-102 -90 -13.8224 254 164 49 
-100 -90 -14.0682 254 161 48 
-98 -90 -14.2652 254 161 48 
-96 -90 -14.4051 254 161 48 
-94 -90 -14.514 254 158 47 
-92 -90 -14.6068 254 158 47 
-90 -90 -14.7998 254 158 47 
-88 -90 -14.9072 254 158 47 
-86 -90 -14.9052 254 158 47 
-84 -90 -15.1769 254 155 45 
-82 -90 -15.6098 254 153 44 
-80 -90 -15.8979 254 153 44 
-78 -90 -16.0976 254 150 43 
-76 -90 -16.3409 254 150 43 
-74 -90 -16.6015 254 147 42 
-72 -90 -16.9641 254 144 41 
-70 -90 -17.4248 254 144 41 
-68 -90 -17.8826 253 141 39 
-66 -90 -18.3386 253 138 38 
-64 -90 -18.8459 252 135 37 
-62 -90 -19.277 252 132 35 
-60 -90 -19.6421 251 129 34 
-58 -90 -19.9364 251 129 34 
-56 -90 -20.289 251 126 33 
-54 -90 -21.0065 249 120 30 
-52 -90 -21.7031 249 117 29 
-50 -90 -22.1861 248 114 28 
-48 -90 -22.6611 247 111 26 
-46 -90 -23.1894 246 108 25 
-44 -90 -23.6564 245 105 24 
-42 -90 -24.382 244 102 23 
-40 -90 -25.0042 242 96 20 
-38 -90 -25.3968 242 96 20 
-36 -90 -25.9799 240 91 18 
-34 -90 -26.4961 239 88 17 
-32 -90 -27.0063 237 85 16 
-30 -90 -27.6268 236 83 15 
-28 -90 -28.3478 235 80 14 
-26 -90 -29.107 232 75 12 
-24 -90 -29.446 232 75 12 
-22 -90 -29.5216 231 73 12 
-20 -90 -29.824 231 73 12 
-18 -90 -30.3123 229 71 11 
-16 -90 -30.8341 228 69 10 
-14 -90 -31.3497 226 67 10 
-12 -90 -31.9007 225 65 9 
-10 -90 -32.2453 223 63 8 
-8 -90 -32.4687 221 61 8 
-6 -90 -32.8939 221 61 8 
-4 -90 -33.2945 220 59 7 
-2 -90 -33.7491 218 57 7 
0 -90 -34.0691 216 55 6 
2 -90 -34.1357 216 55 6 
4 -90 -34.2897 216 55 6 
6 -90 -34.5391 214 53 6 
8 -90 -34.6021 214 53 6 
10 -90 -34.5343 214 53 6 
12 -90 -34.6758 214 53 6 
14 -90 -35.0109 212 51 5 
16 -90 -35.3302 212 51 5 
18 -90 -35.4288 212 51 5 
20 -90 -35.5151 210 49 5 
22 -90 -35.4357 212 51 5 
24 -90 -35.2614 212 51 5 
26 -90 -35.2676 212 51 5 
28 -90 -35.4242 212 51 5 
30 -90 -35.5286 210 49 5 
32 -90 -35.5556 210 49 5 
34 -90 -35.5695 210 49 5 
36 -90 -35.5885 210 49 5 
38 -90 -35.6401 210 49 5 
40 -90 -35.6168 210 49 5 
42 -90 -35.6638 210 49 5 
44 -90 -35.6986 210 49 5 
46 -90 -35.6298 210 49 5 
48 -90 -35.4835 210 49 5 
50 -90 -35.5349 210 49 5 
52 -90 -35.837 210 49 5 
54 -90 -36.0689 208 47 5 
56 -90 -36.145 208 47 5 
58 -90 -36.1155 208 47 5 
60 -90 -36.0299 208 47 5 
62 -90 -35.8953 210 49 5 
64 -90 -35.9963 208 47 5 
66 -90 -36.2059 208 47 5 
68 -90 -36.3221 208 47 5 
70 -90 -36.3997 208 47 5 
72 -90 -36.5608 206 45 4 
74 -90 -36.9722 206 45 4 
76 -90 -37.265 204 43 4 
78 -90 -37.3848 204 43 4 
80 -90 -37.7293 202 42 4 
82 -90 -37.9546 202 42 4 
84 -90 -38.4252 200 40 3 
86 -90 -39.0531 195 37 3 
88 -90 -39.4169 195 37 3 
90 -90 -39.7701 193 35 2 
92 -90 -39.7573 193 35 2 
94 -90 -39.6403 193 35 2 
96 -90 -40.3328 190 33 2 
98 -90 -40.0289 190 33 2 
100 -90 -39.4954 193 35 2 
102 -90 -39.6205 193 35 2 
104 -90 -39.9346 193 35 2 
-148 -92 -17.6667 253 141 39 
-146 -92 -5.87871 242 201 58 
-144 -92 -5.13621 241 203 58 
-142 -92 -6.06049 244 199 58 
-140 -92 -7.02116 246 195 58 
-138 -92 -7.87705 247 193 58 
-136 -92 -8.30929 248 190 57 
-134 -92 -8.39524 248 190 57 
-132 -92 -8.72497 249 188 57 
-130 -92 -9.34458 250 186 57 
-128 -92 -9.87901 251 184 56 
-126 -92 -10.3027 251 182 55 
-124 -92 -10.7225 252 179 54 
-122 -92 -11.2459 252 177 54 
-120 -92 -11.7386 253 174 53 
-118 -92 -12.0342 253 172 52 
-116 -92 -12.326 253 172 52 
-114 -92 -12.7115 254 169 51 
-112 -92 -13.2753 254 167 50 
-110 -92 -13.9084 254 164 49 
-108 -92 -14.5444 254 158 47 
-106 -92 -14.9262 254 158 47 
-104 -92 -15.1794 254 155 45 
-102 -92 -15.4948 254 153 44 
-100 -92 -15.8137 254 153 44 
-98 -92 -16.0477 254 150 43 
-96 -92 -16.1828 254 150 43 
-94 -92 -16.3806 254 150 43 
-92 -92 -16.6921 254 147 42 
-90 -92 -16.9937 254 144 41 
-88 -92 -17.1738 254 144 41 
-86 -92 -17.3279 254 144 41 
-84 -92 -17.5622 253 141 39 
-82 -92 -17.8507 253 141 39 
-80 -92 -18.0038 253 138 38 
-78 -92 -18.0331 253 138 38 
-76 -92 -18.2213 253 138 38 
-74 -92 -18.5239 252 135 37 
-72 -92 -18.6899 252 135 37 
-70 -92 -18.6848 252 135 37 
-68 -92 -18.7413 252 135 37 
-66 -92 -19.0637 252 132 35 
-64 -92 -19.2836 252 132 35 
-62 -92 -19.1723 252 132 35 
-60 -92 -19.0939 252 132 35 
-58 -92 -19.199 252 132 35 
-56 -92 -19.2584 252 132 35 
-54 -92 -19.4172 252 132 35 
-52 -92 -19.6742 251 129 34 
-50 -92 -19.9416 251 126 33 
-48 -92 -20.1889 251 126 33 
-46 -92 -20.3493 251 126 33 
-44 -92 -20.4593 250 123 31 
-42 -92 -20.7315 250 123 31 
-40 -92 -21.0993 249 120 30 
-38 -92 -21.3442 249 120 30 
-36 -92 -21.4858 249 117 29 
-34 -92 -21.59 249 117 29 
-32 -92 -21.8059 249 117 29 
-30 -92 -22.1323 248 114 28 
-28 -92 -22.6052 247 111 26 
-26 -92 -23.0411 246 108 25 
-24 -92 -23.3087 246 108 25 
-22 -92 -23.637 245 105 24 
-20 -92 -24.1498 244 102 23 
-18 -92 -24.6947 243 99 21 
-16 -92 -25.0004 242 96 20 
-14 -92 -25.3853 242 96 20 
-12 -92 -26.0563 240 91 18 
-10 -92 -26.3953 240 91 18 
-8 -92 -26.6023 239 88 17 
-6 -92 -27.3798 237 85 16 
-4 -92 -28.3814 235 80 14 
-2 -92 -29.102 232 75 12 
0 -92 -29.5432 231 73 12 
2 -92 -29.72 231 73 12 
4 -92 -30.0264 229 71 11 
6 -92 -30.8678 228 69 10 
8 -92 -31.3566 226 67 10 
10 -92 -31.425 226 67 10 
12 -92 -31.8065 225 65 9 
14 -92 -32.4021 223 63 8 
16 -92 -33.1412 220 59 7 
18 -92 -33.8684 218 57 7 
20 -92 -34.3059 216 55 6 
22 -92 -34.4944 214 53 6 
24 -92 -34.7077 214 53 6 
26 -92 -35.172 212 51 5 
28 -92 -35.7497 210 49 5 
30 -92 -36.1169 208 47 5 
32 -92 -36.4655 208 47 5 
34 -92 -36.8398 206 45 4 
36 -92 -37.1464 204 43 4 
38 -92 -37.5653 202 42 4 
40 -92 -37.8111 202 42 4 
42 -92 -37.876 202 42 4 
44 -92 -37.995 200 40 3 
46 -92 -38.1087 200 40 3 
48 -92 -38.2835 200 40 3 
50 -92 -38.6633 197 38 3 
52 -92 -39.1399 195 37 3 
54 -92 -39.4784 195 37 3 
56 -92 -39.5505 193 35 2 
58 -92 -39.4305 195 37 3 
60 -92 -39.3214 195 37 3 
62 -92 -39.0685 195 37 3 
64 -92 -38.9576 197 38 3 
66 -92 -39.1514 195 37 3 
68 -92 -39.334 195 37 3 
70 -92 -39.3645 195 37 3 
72 -92 -39.3549 195 37 3 
74 -92 -39.2182 195 37 3 
76 -92 -39.1503 195 37 3 
78 -92 -39.2766 195 37 3 
80 -92 -39.207 195 37 3 
82 -92 -39.0871 195 37 3 
84 -92 -39.3239 195 37 3 
86 -92 -39.579 193 35 2 
88 -92 -39.5498 193 35 2 
90 -92 -39.5956 193 35 2 
92 -92 -39.4148 195 37 3 
94 -92 -38.8337 197 38 3 
96 -92 -39.0269 195 37 3 
98 -92 -39.0973 195 37 3 
100 -92 -38.8849 197 38 3 
102 -92 -38.9744 197 38 3 
-146 -94 -4.26285 238 207 58 
-144 -94 -3.03614 235 211 57 
-142 -94 -3.62588 236 209 58 
-140 -94 -4.17154 238 207 58 
-138 -94 -4.51121 239 205 58 
-136 -94 -4.65186 239 205 58 
-134 -94 -4.70416 239 205 58 
-132 -94 -4.91902 241 203 58 
-130 -94 -5.17372 241 203 58 
-128 -94 -5.47053 242 201 58 
-126 -94 -5.79374 242 201 58 
-124 -94 -6.14231 244 199 58 
-122 -94 -6.6855 245 197 58 
-120 -94 -7.23742 246 195 58 
-118 -94 -7.56983 247 193 58 
-116 -94 -7.7407 247 193 58 
-114 -94 -7.96141 248 190 57 
-112 -94 -8.49372 249 188 57 
-110 -94 -9.33192 250 186 57 
-108 -94 -10.1685 251 182 55 
-106 -94 -10.7311 252 179 54 
-104 -94 -11.2749 252 177 54 
-102 -94 -11.7536 253 174 53 
-100 -94 -12.1299 253 172 52 
-98 -94 -12.4658 254 169 51 
-96 -94 -12.7998 254 169 51 
-94 -94 -13.4656 254 164 49 
-92 -94 -14.2786 254 161 48 
-90 -94 -14.8915 254 158 47 
-88 -94 -15.2074 254 155 45 
-86 -94 -15.5397 254 153 44 
-84 -94 -16.0164 254 150 43 
-82 -94 -16.7774 254 147 42 
-80 -94 -17.616 253 141 39 
-78 -94 -18.083 253 138 38 
-76 -94 -18.5597 252 135 37 
-74 -94 -19.1755 252 132 35 
-72 -94 -19.5731 251 129 34 
-70 -94 -19.702 251 129 34 
-68 -94 -19.9876 251 126 33 
-66 -94 -20.6187 250 123 31 
-64 -94 -21.141 249 120 30 
-62 -94 -21.4608 249 117 29 
-60 -94 -21.5 249 117 29 
-58 -94 -21.5677 249 117 29 
-56 -94 -21.844 249 117 29 
-54 -94 -22.1932 248 114 28 
-52 -94 -22.5209 247 111 26 
-50 -94 -22.6631 247 111 26 
-48 -94 -22.7238 247 111 26 
-46 -94 -22.9511 246 108 25 
-44 -94 -23.2925 246 108 25 
-42 -94 -23.4594 245 105 24 
-40 -94 -23.4772 245 105 24 
-38 -94 -23.4185 246 108 25 
-36 -94 -23.3715 246 108 25 
-34 -94 -23.451 245 105 24 
-32 -94 -23.5412 245 105 24 
-30 -94 -23.569 245 105 24 
-28 -94 -23.6885 245 105 24 
-26 -94 -23.7148 245 105 24 
-24 -94 -23.7323 245 105 24 
-22 -94 -23.8798 245 105 24 
-20 -94 -24.0776 244 102 23 
-18 -94 -24.2912 244 102 23 
-16 -94 -24.3839 244 102 23 
-14 -94 -24.4635 243 99 21 
-12 -94 -24.592 243 99 21 
-10 -94 -24.5494 243 99 21 
-8 -94 -24.5734 243 99 21 
-6 -94 -24.9233 243 99 21 
-4 -94 -25.3414 242 96 20 
-2 -94 -25.4974 241 93 19 
0 -94 -25.5514 241 93 19 
2 -94 -25.5074 241 93 19 
4 -94 -25.4165 242 96 20 
6 -94 -25.8023 241 93 19 
8 -94 -26.2473 240 91 18 
10 -94 -26.4412 240 91 18 
12 -94 -26.6825 239 88 17 
14 -94 -26.9395 239 88 17 
16 -94 -27.2161 237 85 16 
18 -94 -27.5618 236 83 15 
20 -94 -27.9961 235 80 14 
22 -94 -28.4292 235 80 14 
24 -94 -28.7035 234 78 13 
26 -94 -29.1651 232 75 12 
28 -94 -29.7527 231 73 12 
30 -94 -30.1033 229 71 11 
32 -94 -30.5104 228 69 10 
34 -94 -31.218 226 67 10 
36 -94 -31.7956 225 65 9 
38 -94 -32.3732 223 63 8 
40 -94 -32.8545 221 61 8 
42 -94 -33.0126 220 59 7 
44 -94 -33.3631 220 59 7 
46 -94 -33.928 218 57 7 
48 -94 -34.6068 214 53 6 
50 -94 -35.3658 212 51 5 
52 -94 -35.9396 210 49 5 
54 -94 -36.5245 206 45 4 
56 -94 -37.1268 204 43 4 
58 -94 -37.5711 202 42 4 
60 -94 -37.8267 202 42 4 
62 -94 -37.83 202 42 4 
64 -94 -38.1581 200 40 3 
66 -94 -38.8241 197 38 3 
68 -94 -39.531 193 35 2 
70 -94 -39.9108 193 35 2 
72 -94 -40.1116 190 33 2 
74 -94 -40.2839 190 33 2 
76 -94 -40.4868 188 32 2 
78 -94 -40.9404 188 32 2 
80 -94 -41.1133 185 30 2 
82 -94 -41.0251 185 30 2 
84 -94 -41.3445 185 30 2 
86 -94 -41.626 183 29 2 
88 -94 -41.4718 185 30 2 
90 -94 -41.4915 183 29 2 
92 -94 -42.4402 180 27 1 
94 -94 -43.2305 175 24 1 
96 -94 -42.9516 178 26 1 
98 -94 -43.0178 175 24 1 
100 -94 -43.0113 175 24 1 
102 -94 -42.9503 178 26 1 
-146 -96 -6.86862 245 197 58 
-144 -96 -5.48929 242 201 58 
-142 -96 -5.67375 242 201 58 
-140 -96 -5.7247 242 201 58 
-138 -96 -5.85077 242 201 58 
-136 -96 -5.99437 244 199 58 
-134 -96 -6.09686 244 199 58 
-132 -96 -6.30669 244 199 58 
-130 -96 -6.58837 245 197 58 
-128 -96 -6.86705 245 197 58 
-126 -96 -7.09163 246 195 58 
-124 -96 -7.21783 246 195 58 
-122 -96 -7.32496 246 195 58 
-120 -96 -7.50876 247 193 58 
-118 -96 -7.75073 247 193 58 
-116 -96 -7.71094 247 193 58 
-114 -96 -7.60007 247 193 58 
-112 -96 -7.8114 247 193 58 
-110 -96 -8.18744 248 190 57 
-108 -96 -8.47101 249 188 57 
-106 -96 -8.60626 249 188 57 
-104 -96 -8.81528 249 188 57 
-102 -96 -9.06128 250 186 57 
-100 -96 -9.28709 250 186 57 
-98 -96 -9.44341 251 184 56 
-96 -96 -9.6731 251 184 56 
-94 -96 -10.1603 251 182 55 
-92 -96 -10.7387 252 179 54 
-90 -96 -11.1926 252 177 54 
-88 -96 -11.3306 252 177 54 
-86 -96 -11.3541 252 177 54 
-84 -96 -11.4473 253 174 53 
-82 -96 -11.9794 253 172 52 
-80 -96 -12.8135 254 169 51 
-78 -96 -13.3481 254 167 50 
-76 -96 -13.6986 254 164 49 
-74 -96 -14.0185 254 161 48 
-72 -96 -14.4132 254 161 48 
-70 -96 -14.9797 254 155 45 
-68 -96 -15.5748 254 153 44 
-66 -96 -16.1895 254 150 43 
-64 -96 -16.8251 254 147 42 
-62 -96 -17.4868 253 141 39 
-60 -96 -17.9056 253 141 39 
-58 -96 -18.2061 253 138 38 
-56 -96 -18.5741 252 135 37 
-54 -96 -19.1161 252 132 35 
-52 -96 -19.8102 251 129 34 
-50 -96 -20.2849 251 126 33 
-48 -96 -20.6716 250 123 31 
-46 -96 -21.2309 249 120 30 
-44 -96 -21.9712 248 114 28 
-42 -96 -22.5091 247 111 26 
-40 -96 -22.8014 247 111 26 
-38 -96 -23.1176 246 108 25 
-36 -96 -23.5831 245 105 24 
-34 -96 -24.0683 244 102 23 
-32 -96 -24.4621 243 99 21 
-30 -96 -24.7896 243 99 21 
-28 -96 -25.0065 242 96 20 
-26 -96 -25.2148 242 96 20 
-24 -96 -25.487 241 93 19 
-22 -96 -25.6904 241 93 19 
-20 -96 -26.0087 240 91 18 
-18 -96 -26.5409 239 88 17 
-16 -96 -27.0275 237 85 16 
-14 -96 -27.2919 237 85 16 
-12 -96 -27.2742 237 85 16 
-10 -96 -27.4311 237 85 16 
-8 -96 -27.5871 236 83 15 
-6 -96 -27.6369 236 83 15 
-4 -96 -27.8165 236 83 15 
-2 -96 -27.8905 236 83 15 
0 -96 -27.9241 236 83 15 
2 -96 -27.946 236 83 15 
4 -96 -27.8557 236 83 15 
6 -96 -28.0042 235 80 14 
8 -96 -28.2863 235 80 14 
10 -96 -28.4416 235 80 14 
12 -96 -28.5139 234 78 13 
14 -96 -28.5864 234 78 13 
16 -96 -28.6217 234 78 13 
18 -96 -28.5884 234 78 13 
20 -96 -28.619 234 78 13 
22 -96 -28.7186 234 78 13 
24 -96 -28.6882 234 78 13 
26 -96 -28.6434 234 78 13 
28 -96 -28.7231 234 78 13 
30 -96 -28.7801 234 78 13 
32 -96 -28.7205 234 78 13 
34 -96 -28.9232 234 78 13 
36 -96 -29.1777 232 75 12 
38 -96 -29.3494 232 75 12 
40 -96 -29.463 231 73 12 
42 -96 -29.4417 232 75 12 
44 -96 -29.6017 231 73 12 
46 -96 -29.8828 231 73 12 
48 -96 -30.1924 229 71 11 
50 -96 -30.5119 228 69 10 
52 -96 -30.6802 228 69 10 
54 -96 -30.9488 228 69 10 
56 -96 -31.2101 226 67 10 
58 -96 -31.4929 225 65 9 
60 -96 -31.7501 225 65 9 
62 -96 -31.8306 225 65 9 
64 -96 -32.2305 223 63 8 
66 -96 -32.7195 221 61 8 
68 -96 -33.204 220 59 7 
70 -96 -33.5062 218 57 7 
72 -96 -33.7073 218 57 7 
74 -96 -34.2907 216 55 6 
76 -96 -34.9266 214 53 6 
78 -96 -35.304 212 51 5 
80 -96 -35.8989 210 49 5 
82 -96 -36.4367 208 47 5 
84 -96 -36.7948 206 45 4 
86 -96 -36.9173 206 45 4 
88 -96 -37.0276 204 43 4 
90 -96 -37.5712 202 42 4 
92 -96 -39.4521 195 37 3 
94 -96 -41.6671 183 29 2 
96 -96 -42.8136 178 26 1 
98 -96 -43.6469 172 23 1 
100 -96 -43.814 172 23 1 
102 -96 -44.0201 169 22 1 
-146 -98 -5.25867 241 203 58 
-144 -98 -2.87465 233 213 57 
-142 -98 -3.15906 235 211 57 
-140 -98 -3.61212 236 209 58 
-138 -98 -4.25512 238 207 58 
-136 -98 -4.9531 241 203 58 
-134 -98 -5.44827 242 201 58 
-132 -98 -6.08272 244 199 58 
-130 -98 -6.79833 245 197 58 
-128 -98 -7.27491 246 195 58 
-126 -98 -7.72724 247 193 58 
-124 -98 -8.17951 248 190 57 
-122 -98 -8.52837 249 188 57 
-120 -98 -8.90485 249 188 57 
-118 -98 -9.35503 250 186 57 
-116 -98 -9.66723 251 184 56 
-114 -98 -9.85292 251 184 56 
-112 -98 -10.1419 251 182 55 
-110 -98 -10.5437 252 179 54 
-108 -98 -10.9118 252 179 54 
-106 -98 -11.1275 252 177 54 
-104 -98 -11.311 252 177 54 
-102 -98 -11.5629 253 174 53 
-100 -98 -11.8553 253 174 53 
-98 -98 -11.9575 253 172 52 
-96 -98 -11.926 253 172 52 
-94 -98 -11.9176 253 174 53 
-92 -98 -12.1405 253 172 52 
-90 -98 -12.4206 253 172 52 
-88 -98 -12.5102 254 169 51 
-86 -98 -12.5822 254 169 51 
-84 -98 -12.6737 254 169 51 
-82 -98 -12.8325 254 169 51 
-80 -98 -13.0496 254 167 50 
-78 -98 -13.209 254 167 50 
-76 -98 -13.2581 254 167 50 
-74 -98 -13.1809 254 167 50 
-72 -98 -13.2278 254 167 50 
-70 -98 -13.502 254 164 49 
-68 -98 -13.7326 254 164 49 
-66 -98 -13.9968 254 161 48 
-64 -98 -14.3006 254 161 48 
-62 -98 -14.4471 254 158 47 
-60 -98 -14.6779 254 158 47 
-58 -98 -14.8894 254 158 47 
-56 -98 -14.9591 254 155 45 
-54 -98 -15.1365 254 155 45 
-52 -98 -15.4775 254 153 44 
-50 -98 -15.9113 254 153 44 
-48 -98 -16.2693 254 150 43 
-46 -98 -16.4187 254 150 43 
-44 -98 -16.679 254 147 42 
-42 -98 -17.0718 254 144 41 
-40 -98 -17.5166 253 141 39 
-38 -98 -18.126 253 138 38 
-36 -98 -18.6452 252 135 37 
-34 -98 -18.9779 252 132 35 
-32 -98 -19.5707 251 129 34 
-30 -98 -20.3135 251 126 33 
-28 -98 -20.548 250 123 31 
-26 -98 -20.7717 250 123 31 
-24 -98 -21.2343 249 120 30 
-22 -98 -21.613 249 117 29 
-20 -98 -22.3111 248 114 28 
-18 -98 -23.1018 246 108 25 
-16 -98 -23.5838 245 105 24 
-14 -98 -24.0913 244 102 23 
-12 -98 -24.5877 243 99 21 
-10 -98 -25.1374 242 96 20 
-8 -98 -25.4514 241 93 19 
-6 -98 -25.6276 241 93 19 
-4 -98 -26.0046 240 91 18 
-2 -98 -26.4284 240 91 18 
0 -98 -26.9117 239 88 17 
2 -98 -27.3378 237 85 16 
4 -98 -27.6709 236 83 15 
6 -98 -28.13 235 80 14 
8 -98 -28.908 234 78 13 
10 -98 -29.7455 231 73 12 
12 -98 -30.0497 229 71 11 
14 -98 -30.2215 229 71 11 
16 -98 -30.5822 228 69 10 
18 -98 -30.952 228 69 10 
20 -98 -31.273 226 67 10 
22 -98 -31.6236 225 65 9 
24 -98 -31.5849 225 65 9 
26 -98 -31.1515 226 67 10 
28 -98 -31.1482 226 67 10 
30 -98 -31.6415 225 65 9 
32 -98 -31.8438 225 65 9 
34 -98 -31.7618 225 65 9 
36 -98 -31.766 225 65 9 
38 -98 -32.0675 223 63 8 
40 -98 -32.3055 223 63 8 
42 -98 -32.2618 223 63 8 
44 -98 -32.245 223 63 8 
46 -98 -32.27 223 63 8 
48 -98 -32.3464 223 63 8 
50 -98 -32.474 221 61 8 
52 -98 -32.5154 221 61 8 
54 -98 -32.7131 221 61 8 
56 -98 -32.7259 221 61 8 
58 -98 -32.6529 221 61 8 
60 -98 -32.7259 221 61 8 
62 -98 -32.6581 221 61 8 
64 -98 -32.682 221 61 8 
66 -98 -32.7726 221 61 8 
68 -98 -32.7704 221 61 8 
70 -98 -32.7665 221 61 8 
72 -98 -32.8681 221 61 8 
74 -98 -33.1634 220 59 7 
76 -98 -33.366 220 59 7 
78 -98 -33.3169 220 59 7 
80 -98 -33.4789 218 57 7 
82 -98 -33.6481 218 57 7 
84 -98 -33.7708 218 57 7 
86 -98 -33.8391 218 57 7 
88 -98 -33.9359 218 57 7 
90 -98 -34.1973 216 55 6 
92 -98 -34.5023 214 53 6 
94 -98 -35.8347 210 49 5 
96 -98 -38.0146 200 40 3 
98 -98 -39.2158 195 37 3 
100 -98 -39.5354 193 35 2 
102 -98 -39.7198 193 35 2 
-146 -100 -0.05561 223 223 55 
-144 -100 2.66004 210 233 53 
-142 -100 2.38882 212 231 53 
-140 -100 1.80403 215 229 53 
-138 -100 1.16476 217 228 54 
-136 -100 0.438737 221 224 55 
-134 -100 -0.161027 223 223 55 
-132 -100 -0.740916 225 221 55 
-130 -100 -1.1875 227 219 56 
-128 -100 -1.52144 229 217 56 
-126 -100 -1.92242 231 215 57 
-124 -100 -2.4502 233 213 57 
-122 -100 -3.08439 235 211 57 
-120 -100 -3.81063 236 209 58 
-118 -100 -4.4601 239 205 58 
-116 -100 -5.10981 241 203 58 
-114 -100 -5.67054 242 201 58 
-112 -100 -6.07417 244 199 58 
-110 -100 -6.69197 245 197 58 
-108 -100 -7.7081 247 193 58 
-106 -100 -8.72528 249 188 57 
-104 -100 -9.29581 250 186 57 
-102 -100 -9.74538 251 184 56 
-100 -100 -10.5062 252 179 54 
-98 -100 -11.1121 252 177 54 
-96 -100 -11.1896 252 177 54 
-94 -100 -11.2502 252 177 54 
-92 -100 -11.788 253 174 53 
-90 -100 -12.3648 253 172 52 
-88 -100 -12.7554 254 169 51 
-86 -100 -13.3819 254 167 50 
-84 -100 -14.0816 254 161 48 
-82 -100 -14.5235 254 158 47 
-80 -100 -14.8976 254 158 47 
-78 -100 -15.4174 254 155 45 
-76 -100 -15.6866 254 153 44 
-74 -100 -15.7787 254 153 44 
-72 -100 -15.9505 254 150 43 
-70 -100 -16.2536 254 150 43 
-68 -100 -16.4138 254 150 43 
-66 -100 -16.6154 254 147 42 
-64 -100 -17.029 254 144 41 
-62 -100 -17.1483 254 144 41 
-60 -100 -17.2584 254 144 41 
-58 -100 -17.4171 254 144 41 
-56 -100 -17.5156 253 141 39 
-54 -100 -17.5301 253 141 39 
-52 -100 -17.4674 253 141 39 
-50 -100 -17.6153 253 141 39 
-48 -100 -17.7555 253 141 39 
-46 -100 -17.6938 253 141 39 
-44 -100 -17.7847 253 141 39 
-42 -100 -17.9054 253 141 39 
-40 -100 -17.982 253 138 38 
-38 -100 -18.1267 253 138 38 
-36 -100 -18.254 253 138 38 
-34 -100 -18.3137 253 138 38 
-32 -100 -18.5526 252 135 37 
-30 -100 -18.9055 252 135 37 
-28 -100 -18.8456 252 135 37 
-26 -100 -18.8914 252 135 37 
-24 -100 -19.0739 252 132 35 
-22 -100 -19.1587 252 132 35 
-20 -100 -19.5164 251 129 34 
-18 -100 -19.9355 251 129 34 
-16 -100 -20.0913 251 126 33 
-14 -100 -20.3009 251 126 33 
-12 -100 -20.7088 250 123 31 
-10 -100 -21.002 249 120 30 
-8 -100 -21.1466 249 120 30 
-6 -100 -21.3212 249 120 30 
-4 -100 -21.4506 249 117 29 
-2 -100 -21.5585 249 117 29 
0 -100 -21.911 249 117 29 
2 -100 -22.3836 248 114 28 
4 -100 -22.9432 247 111 26 
6 -100 -23.3911 246 108 25 
8 -100 -23.9296 245 105 24 
10 -100 -24.6412 243 99 21 
12 -100 -24.9 243 99 21 
14 -100 -25.1325 242 96 20 
16 -100 -25.6574 241 93 19 
18 -100 -26.2214 240 91 18 
20 -100 -26.7556 239 88 17 
22 -100 -27.2309 237 85 16 
24 -100 -27.2681 237 85 16 
26 -100 -27.2666 237 85 16 
28 -100 -27.7823 236 83 15 
30 -100 -28.6474 234 78 13 
32 -100 -29.236 232 75 12 
34 -100 -29.3988 232 75 12 
36 -100 -29.6783 231 73 12 
38 -100 -30.5235 228 69 10 
40 -100 -31.2596 226 67 10 
42 -100 -31.4159 226 67 10 
44 -100 -31.3984 226 67 10 
46 -100 -31.6818 225 65 9 
48 -100 -32.2788 223 63 8 
50 -100 -33.0179 220 59 7 
52 -100 -33.3453 220 59 7 
54 -100 -33.9079 218 57 7 
56 -100 -34.4746 214 53 6 
58 -100 -34.756 214 53 6 
60 -100 -35.1175 212 51 5 
62 -100 -35.3064 212 51 5 
64 -100 -35.3954 212 51 5 
66 -100 -35.5474 210 49 5 
68 -100 -35.572 210 49 5 
70 -100 -35.7807 210 49 5 
72 -100 -36.1572 208 47 5 
74 -100 -36.4118 208 47 5 
76 -100 -36.4837 206 45 4 
78 -100 -36.4631 208 47 5 
80 -100 -36.3972 208 47 5 
82 -100 -36.4129 208 47 5 
84 -100 -36.687 206 45 4 
86 -100 -36.768 206 45 4 
88 -100 -36.7367 206 45 4 
90 -100 -37.2687 204 43 4 
92 -100 -36.7975 206 45 4 
94 -100 -36.7744 206 45 4 
96 -100 -38.3255 200 40 3 
98 -100 -38.8721 197 38 3 
100 -100 -38.9565 197 38 3 
102 -100 -39.0983 195 37 3 
-146 -102 -0.726517 225 221 55 
-144 -102 1.16897 217 228 54 
-142 -102 1.02132 219 226 54 
-140 -102 0.864142 219 226 54 
-138 -102 0.719301 219 226 54 
-136 -102 0.512446 221 224 55 
-134 -102 0.323543 221 224 55 
-132 -102 0.196896 221 224 55 
-130 -102 0.13872 221 224 55 
-128 -102 0.029383 223 223 55 
-126 -102 -0.057012 223 223 55 
-124 -102 -0.17408 223 223 55 
-122 -102 -0.364977 223 223 55 
-120 -102 -0.616618 225 221 55 
-118 -102 -0.871103 225 221 55 
-116 -102 -1.11278 227 219 56 
-114 -102 -1.43832 229 217 56 
-112 -102 -1.69522 229 217 56 
-110 -102 -1.96187 231 215 57 
-108 -102 -2.5363 233 213 57 
-106 -102 -3.27085 235 211 57 
-104 -102 -3.6541 236 209 58 
-102 -102 -3.84882 236 209 58 
-100 -102 -4.26846 238 207 58 
-98 -102 -4.85464 239 205 58 
-96 -102 -5.35863 241 203 58 
-94 -102 -5.78745 242 201 58 
-92 -102 -6.30804 244 199 58 
-90 -102 -6.83049 245 197 58 
-88 -102 -7.30363 246 195 58 
-86 -102 -7.94718 248 190 57 
-84 -102 -8.56972 249 188 57 
-82 -102 -8.99985 250 186 57 
-80 -102 -9.72139 251 184 56 
-78 -102 -10.7964 252 179 54 
-76 -102 -11.6169 253 174 53 
-74 -102 -12.0861 253 172 52 
-72 -102 -12.4544 254 169 51 
-70 -102 -13.0094 254 167 50 
-68 -102 -13.5139 254 164 49 
-66 -102 -14.0065 254 161 48 
-64 -102 -14.7325 254 158 47 
-62 -102 -15.3079 254 155 45 
-60 -102 -15.7918 254 153 44 
-58 -102 -16.3314 254 150 43 
-56 -102 -16.8938 254 147 42 
-54 -102 -17.3117 254 144 41 
-52 -102 -17.7038 253 141 39 
-50 -102 -18.2074 253 138 38 
-48 -102 -18.6595 252 135 37 
-46 -102 -18.9227 252 135 37 
-44 -102 -19.2698 252 132 35 
-42 -102 -19.6501 251 129 34 
-40 -102 -20.098 251 126 33 
-38 -102 -20.5397 250 123 31 
-36 -102 -20.8135 250 123 31 
-34 -102 -20.8106 250 123 31 
-32 -102 -20.7574 250 123 31 
-30 -102 -20.9311 250 123 31 
-28 -102 -21.0129 249 120 30 
-26 -102 -21.1901 249 120 30 
-24 -102 -21.3885 249 120 30 
-22 -102 -21.7061 249 117 29 
-20 -102 -22.0657 248 114 28 
-18 -102 -22.3675 248 114 28 
-16 -102 -22.5732 247 111 26 
-14 -102 -22.5427 247 111 26 
-12 -102 -22.4928 247 111 26 
-10 -102 -22.5449 247 111 26 
-8 -102 -22.7095 247 111 26 
-6 -102 -22.8371 247 111 26 
-4 -102 -22.741 247 111 26 
-2 -102 -22.5923 247 111 26 
0 -102 -22.7709 247 111 26 
2 -102 -23.0987 246 108 25 
4 -102 -23.2869 246 108 25 
6 -102 -23.3494 246 108 25 
8 -102 -23.2962 246 108 25 
10 -102 -23.2275 246 108 25 
12 -102 -23.1702 246 108 25 
14 -102 -23.2288 246 108 25 
16 -102 -23.5945 245 105 24 
18 -102 -23.9045 245 105 24 
20 -102 -23.9047 245 105 24 
22 -102 -23.8381 245 105 24 
24 -102 -23.6918 245 105 24 
26 -102 -23.8663 245 105 24 
28 -102 -24.298 244 102 23 
30 -102 -24.6693 243 99 21 
32 -102 -24.9656 242 96 20 
34 -102 -25.3239 242 96 20 
36 -102 -25.6897 241 93 19 
38 -102 -26.2331 240 91 18 
40 -102 -26.6554 239 88 17 
42 -102 -26.7105 239 88 17 
44 -102 -26.5859 239 88 17 
46 -102 -26.744 239 88 17 
48 -102 -27.3687 237 85 16 
50 -102 -27.9558 236 83 15 
52 -102 -28.051 235 80 14 
54 -102 -28.6041 234 78 13 
56 -102 -29.4261 232 75 12 
58 -102 -29.9057 231 73 12 
60 -102 -30.394 229 71 11 
62 -102 -30.9314 228 69 10 
64 -102 -31.4567 226 67 10 
66 -102 -31.8888 225 65 9 
68 -102 -32.1363 223 63 8 
70 -102 -32.4949 221 61 8 
72 -102 -32.9397 221 61 8 
74 -102 -33.5258 218 57 7 
76 -102 -34.1387 216 55 6 
78 -102 -34.5651 214 53 6 
80 -102 -34.8862 214 53 6 
82 -102 -35.4084 212 51 5 
84 -102 -35.8634 210 49 5 
86 -102 -36.248 208 47 5 
88 -102 -36.7823 206 45 4 
90 -102 -37.8419 202 42 4 
92 -102 -38.3591 200 40 3 
94 -102 -39.6456 193 35 2 
96 -102 -42.1975 180 27 1 
-146 -104 -2.32905 231 215 57 
-144 -104 -0.45938 225 221 55 
-142 -104 -0.677859 225 221 55 
-140 -104 -0.885947 225 221 55 
-138 -104 -1.28691 227 219 56 
-136 -104 -1.62663 229 217 56 
-134 -104 -1.813 229 217 56 
-132 -104 -2.09024 231 215 57 
-130 -104 -2.49572 233 213 57 
-128 -104 -2.87018 233 213 57 
-126 -104 -3.08003 235 211 57 
-124 -104 -3.19176 235 211 57 
-122 -104 -3.30006 235 211 57 
-120 -104 -3.39335 235 211 57 
-118 -104 -3.54801 236 209 58 
-116 -104 -3.67566 236 209 58 
-114 -104 -3.87789 236 209 58 
-112 -104 -4.20743 238 207 58 
-110 -104 -4.42241 239 205 58 
-108 -104 -4.55787 239 205 58 
-106 -104 -4.70697 239 205 58 
-104 -104 -4.83192 239 205 58 
-102 -104 -4.81761 239 205 58 
-100 -104 -4.77103 239 205 58 
-98 -104 -4.89992 239 205 58 
-96 -104 -5.13913 241 203 58 
-94 -104 -5.33395 241 203 58 
-92 -104 -5.48917 242 201 58 
-90 -104 -5.6824 242 201 58 
-88 -104 -5.87355 242 201 58 
-86 -104 -5.99536 244 199 58 
-84 -104 -5.96513 244 199 58 
-82 -104 -5.94895 244 199 58 
-80 -104 -6.20153 244 199 58 
-78 -104 -6.61884 245 197 58 
-76 -104 -7.11531 246 195 58 
-74 -104 -7.47284 247 193 58 
-72 -104 -7.65296 247 193 58 
-70 -104 -7.92072 248 190 57 
-68 -104 -8.2814 248 190 57 
-66 -104 -8.68178 249 188 57 
-64 -104 -9.05556 250 186 57 
-62 -104 -9.34451 250 186 57 
-60 -104 -9.64736 251 184 56 
-58 -104 -10.1511 251 182 55 
-56 -104 -10.7669 252 179 54 
-54 -104 -11.1423 252 177 54 
-52 -104 -11.521 253 174 53 
-50 -104 -12.1012 253 172 52 
-48 -104 -12.8001 254 169 51 
-46 -104 -13.4211 254 167 50 
-44 -104 -13.9901 254 161 48 
-42 -104 -14.5971 254 158 47 
-40 -104 -15.2717 254 155 45 
-38 -104 -15.956 254 150 43 
-36 -104 -16.4803 254 147 42 
-34 -104 -16.7203 254 147 42 
-32 -104 -16.8656 254 147 42 
-30 -104 -17.0902 254 144 41 
-28 -104 -17.551 253 141 39 
-26 -104 -18.3194 253 138 38 
-24 -104 -19.1149 252 132 35 
-22 -104 -20.1528 251 126 33 
-20 -104 -21.0813 249 120 30 
-18 -104 -21.4338 249 120 30 
-16 -104 -21.7759 249 117 29 
-14 -104 -22.2236 248 114 28 
-12 -104 -22.4559 247 111 26 
-10 -104 -22.7138 247 111 26 
-8 -104 -23.2983 246 108 25 
-6 -104 -23.7796 245 105 24 
-4 -104 -23.9693 244 102 23 
-2 -104 -24.2325 244 102 23 
0 -104 -24.7559 243 99 21 
2 -104 -25.227 242 96 20 
4 -104 -25.3305 242 96 20 
6 -104 -25.4947 241 93 19 
8 -104 -25.7857 241 93 19 
10 -104 -26.0505 240 91 18 
12 -104 -26.3866 240 91 18 
14 -104 -26.5622 239 88 17 
16 -104 -26.7772 239 88 17 
18 -104 -27.0139 237 85 16 
20 -104 -27.0237 237 85 16 
22 -104 -27.0304 237 85 16 
24 -104 -26.9521 239 88 17 
26 -104 -26.9883 237 85 16 
28 -104 -27.0171 237 85 16 
30 -104 -26.928 239 88 17 
32 -104 -26.9199 239 88 17 
34 -104 -27.1188 237 85 16 
36 -104 -27.2306 237 85 16 
38 -104 -27.2155 237 85 16 
40 -104 -27.3128 237 85 16 
42 -104 -27.4526 237 85 16 
44 -104 -27.3068 237 85 16 
46 -104 -27.216 237 85 16 
48 -104 -27.4175 237 85 16 
50 -104 -27.5417 236 83 15 
52 -104 -27.4078 237 85 16 
54 -104 -27.4002 237 85 16 
56 -104 -27.5273 236 83 15 
58 -104 -27.5875 236 83 15 
60 -104 -27.6428 236 83 15 
62 -104 -27.7952 236 83 15 
64 -104 -28.1366 235 80 14 
66 -104 -28.4248 235 80 14 
68 -104 -28.5533 234 78 13 
70 -104 -28.5972 234 78 13 
72 -104 -28.702 234 78 13 
74 -104 -29.1135 232 75 12 
76 -104 -29.4523 232 75 12 
78 -104 -29.6238 231 73 12 
80 -104 -29.894 231 73 12 
82 -104 -30.372 229 71 11 
84 -104 -30.5653 228 69 10 
86 -104 -31.0889 226 67 10 
88 -104 -31.9557 225 65 9 
90 -104 -32.142 223 63 8 
92 -104 -32.7576 221 61 8 
94 -104 -36.8423 206 45 4 
-146 -106 2.0815 215 229 53 
-144 -106 4.30657 203 237 52 
-142 -106 3.90935 205 236 52 
-140 -106 3.60236 208 234 52 
-138 -106 2.89653 210 233 53 
-136 -106 2.19299 212 231 53 
-134 -106 1.81429 215 229 53 
-132 -106 1.36219 217 228 54 
-130 -106 0.702491 219 226 54 
-128 -106 -0.017388 223 223 55 
-126 -106 -0.552397 225 221 55 
-124 -106 -0.867323 225 221 55 
-122 -106 -1.3514 227 219 56 
-120 -106 -2.06013 231 215 57 
-118 -106 -2.85564 233 213 57 
-116 -106 -3.45118 236 209 58 
-114 -106 -3.84577 236 209 58 
-112 -106 -4.1829 238 207 58 
-110 -106 -4.64605 239 205 58 
-108 -106 -5.16964 241 203 58 
-106 -106 -5.63301 242 201 58 
-104 -106 -5.97172 244 199 58 
-102 -106 -6.19763 244 199 58 
-100 -106 -6.54373 245 197 58 
-98 -106 -7.12348 246 195 58 
-96 -106 -7.63386 247 193 58 
-94 -106 -7.86531 247 193 58 
-92 -106 -8.12376 248 190 57 
-90 -106 -8.46558 249 188 57 
-88 -106 -8.78611 249 188 57 
-86 -106 -9.10065 250 186 57 
-84 -106 -9.23877 250 186 57 
-82 -106 -9.29384 250 186 57 
-80 -106 -9.41994 251 184 56 
-78 -106 -9.46501 251 184 56 
-76 -106 -9.44167 251 184 56 
-74 -106 -9.48641 251 184 56 
-72 -106 -9.64009 251 184 56 
-70 -106 -9.78313 251 184 56 
-68 -106 -9.96701 251 182 55 
-66 -106 -10.1168 251 182 55 
-64 -106 -10.2131 251 182 55 
-62 -106 -10.3234 251 182 55 
-60 -106 -10.3397 251 182 55 
-58 -106 -10.4132 251 182 55 
-56 -106 -10.637 252 179 54 
-54 -106 -10.8262 252 179 54 
-52 -106 -10.8549 252 179 54 
-50 -106 -10.9377 252 177 54 
-48 -106 -11.089 252 177 54 
-46 -106 -11.1843 252 177 54 
-44 -106 -11.3963 252 177 54 
-42 -106 -11.6244 253 174 53 
-40 -106 -11.733 253 174 53 
-38 -106 -11.8468 253 174 53 
-36 -106 -12.0535 253 172 52 
-34 -106 -12.2929 253 172 52 
-32 -106 -12.5538 254 169 51 
-30 -106 -12.6623 254 169 51 
-28 -106 -12.6979 254 169 51 
-26 -106 -13.1818 254 167 50 
-24 -106 -13.9734 254 161 48 
-22 -106 -14.7962 254 158 47 
-20 -106 -15.3511 254 155 45 
-18 -106 -15.4026 254 155 45 
-16 -106 -15.5992 254 153 44 
-14 -106 -16.1758 254 150 43 
-12 -106 -16.5565 254 147 42 
-10 -106 -16.6733 254 147 42 
-8 -106 -17.1236 254 144 41 
-6 -106 -17.9175 253 141 39 
-4 -106 -18.4544 252 135 37 
-2 -106 -18.8632 252 135 37 
0 -106 -19.3948 252 132 35 
2 -106 -19.8 251 129 34 
4 -106 -20.0367 251 126 33 
6 -106 -20.6124 250 123 31 
8 -106 -21.4991 249 117 29 
10 -106 -22.4587 247 111 26 
12 -106 -23.3717 246 108 25 
14 -106 -23.7785 245 105 24 
16 -106 -24.0209 244 102 23 
18 -106 -24.5432 243 99 21 
20 -106 -24.9654 242 96 20 
22 -106 -25.4749 241 93 19 
24 -106 -26.0633 240 91 18 
26 -106 -26.4288 240 91 18 
28 -106 -26.5546 239 88 17 
30 -106 -26.6969 239 88 17 
32 -106 -27.0387 237 85 16 
34 -106 -27.6295 236 83 15 
36 -106 -28.0177 235 80 14 
38 -106 -28.072 235 80 14 
40 -106 -28.2036 235 80 14 
42 -106 -28.6071 234 78 13 
44 -106 -28.8895 234 78 13 
46 -106 -29.1637 232 75 12 
48 -106 -29.5339 231 73 12 
50 -106 -29.8081 231 73 12 
52 -106 -30.1403 229 71 11 
54 -106 -30.3533 229 71 11 
56 -106 -30.5422 228 69 10 
58 -106 -30.7713 228 69 10 
60 -106 -30.6288 228 69 10 
62 -106 -30.3897 229 71 11 
64 -106 -30.5038 228 69 10 
66 -106 -30.8444 228 69 10 
68 -106 -30.9558 228 69 10 
70 -106 -30.9054 228 69 10 
72 -106 -31.1401 226 67 10 
74 -106 -31.2511 226 67 10 
76 -106 -30.9098 228 69 10 
78 -106 -30.8152 228 69 10 
80 -106 -30.8703 228 69 10 
82 -106 -30.9296 228 69 10 
84 -106 -30.9536 228 69 10 
86 -106 -31.2498 226 67 10 
88 -106 -31.5349 225 65 9 
90 -106 -31.2829 226 67 10 
92 -106 -31.6868 225 65 9 
94 -106 -34.3439 216 55 6 
96 -106 -38.042 200 40 3 
102 -106 -39.5486 193 35 2 
-146 -108 4.03182 205 236 52 
-144 -108 5.88023 195 241 52 
-142 -108 5.61536 198 240 52 
-140 -108 5.56524 198 240 52 
-138 -108 5.41255 198 240 52 
-136 -108 5.13031 198 240 52 
-134 -108 4.84185 200 239 52 
-132 -108 4.52095 203 237 52 
-130 -108 4.28733 203 237 52 
-128 -108 3.9709 205 236 52 
-126 -108 3.64979 205 236 52 
-124 -108 3.4421 208 234 52 
-122 -108 3.04135 210 233 53 
-120 -108 2.39314 212 231 53 
-118 -108 1.63724 215 229 53 
-116 -108 1.19073 217 228 54 
-114 -108 1.14978 217 228 54 
-112 -108 1.101 219 226 54 
-110 -108 0.601879 221 224 55 
-108 -108 -0.015738 223 223 55 
-106 -108 -0.57043 225 221 55 
-104 -108 -1.1292 227 219 56 
-102 -108 -1.55593 229 217 56 
-100 -108 -1.95255 231 215 57 
-98 -108 -2.74013 233 213 57 
-96 -108 -3.62773 236 209 58 
-94 -108 -4.1657 238 207 58 
-92 -108 -4.72008 239 205 58 
-90 -108 -5.41004 242 201 58 
-88 -108 -6.13957 244 199 58 
-86 -108 -6.91973 246 195 58 
-84 -108 -7.53644 247 193 58 
-82 -108 -7.90637 247 193 58 
-80 -108 -8.29074 248 190 57 
-78 -108 -8.86065 249 188 57 
-76 -108 -9.12354 250 186 57 
-74 -108 -9.20315 250 186 57 
-72 -108 -9.66122 251 184 56 
-70 -108 -10.2194 251 182 55 
-68 -108 -10.7071 252 179 54 
-66 -108 -11.1871 252 177 54 
-64 -108 -11.5916 253 174 53 
-62 -108 -12.0445 253 172 52 
-60 -108 -12.4776 254 169 51 
-58 -108 -12.9281 254 167 50 
-56 -108 -13.3704 254 167 50 
-54 -108 -13.6679 254 164 49 
-52 -108 -13.797 254 164 49 
-50 -108 -14.0907 254 161 48 
-48 -108 -14.3542 254 161 48 
-46 -108 -14.1978 254 161 48 
-44 -108 -14.281 254 161 48 
-42 -108 -14.6248 254 158 47 
-40 -108 -14.6921 254 158 47 
-38 -108 -14.7129 254 158 47 
-36 -108 -14.8696 254 158 47 
-34 -108 -14.9515 254 155 45 
-32 -108 -15.0416 254 155 45 
-30 -108 -15.1653 254 155 45 
-28 -108 -15.1812 254 155 45 
-26 -108 -15.3345 254 155 45 
-24 -108 -15.5685 254 153 44 
-22 -108 -15.6585 254 153 44 
-20 -108 -15.6151 254 153 44 
-18 -108 -15.5371 254 153 44 
-16 -108 -15.5464 254 153 44 
-14 -108 -15.7276 254 153 44 
-12 -108 -15.8212 254 153 44 
-10 -108 -15.6871 254 153 44 
-8 -108 -15.6924 254 153 44 
-6 -108 -15.9655 254 150 43 
-4 -108 -16.2219 254 150 43 
-2 -108 -16.3079 254 150 43 
0 -108 -16.3937 254 150 43 
2 -108 -16.5139 254 147 42 
4 -108 -16.6137 254 147 42 
6 -108 -16.8229 254 147 42 
8 -108 -17.1659 254 144 41 
10 -108 -17.4938 253 141 39 
12 -108 -17.8182 253 141 39 
14 -108 -18.0114 253 138 38 
16 -108 -18.1832 253 138 38 
18 -108 -18.5409 252 135 37 
20 -108 -18.8093 252 135 37 
22 -108 -19.1109 252 132 35 
24 -108 -19.6621 251 129 34 
26 -108 -20.2618 251 126 33 
28 -108 -20.5483 250 123 31 
30 -108 -20.7842 250 123 31 
32 -108 -21.2118 249 120 30 
34 -108 -21.9062 249 117 29 
36 -108 -22.4195 248 114 28 
38 -108 -22.511 247 111 26 
40 -108 -22.5577 247 111 26 
42 -108 -23.0159 246 108 25 
44 -108 -23.67 245 105 24 
46 -108 -24.3164 244 102 23 
48 -108 -24.9091 243 99 21 
50 -108 -25.2681 242 96 20 
52 -108 -25.8441 241 93 19 
54 -108 -26.445 240 91 18 
56 -108 -27.1224 237 85 16 
58 -108 -27.7788 236 83 15 
60 -108 -27.8773 236 83 15 
62 -108 -28.0376 235 80 14 
64 -108 -28.7109 234 78 13 
66 -108 -29.5677 231 73 12 
68 -108 -29.9772 229 71 11 
70 -108 -30.2384 229 71 11 
72 -108 -30.897 228 69 10 
74 -108 -31.1432 226 67 10 
76 -108 -30.8361 228 69 10 
78 -108 -31.3669 226 67 10 
80 -108 -32.027 223 63 8 
82 -108 -31.8905 225 65 9 
84 -108 -32.1108 223 63 8 
86 -108 -32.7672 221 61 8 
88 -108 -32.9155 221 61 8 
90 -108 -32.9406 221 61 8 
92 -108 -34.6587 214 53 6 
-146 -110 2.94348 210 233 53 
-144 -110 4.0465 205 236 52 
-142 -110 3.57816 208 234 52 
-140 -110 3.2446 208 234 52 
-138 -110 3.1726 208 234 52 
-136 -110 3.01603 210 233 53 
-134 -110 2.77374 210 233 53 
-132 -110 2.62964 210 233 53 
-130 -110 2.58651 212 231 53 
-128 -110 2.40006 212 231 53 
-126 -110 2.0814 215 229 53 
-124 -110 1.87739 215 229 53 
-122 -110 1.76839 215 229 53 
-120 -110 1.57184 217 228 54 
-118 -110 1.28027 217 228 54 
-116 -110 1.18358 217 228 54 
-114 -110 1.29155 217 228 54 
-112 -110 1.26623 217 228 54 
-110 -110 0.998423 219 226 54 
-108 -110 0.704928 219 226 54 
-106 -110 0.443309 221 224 55 
-104 -110 0.207416 221 224 55 
-102 -110 0.069883 223 223 55 
-100 -110 0.056659 223 223 55 
-98 -110 -0.225302 223 223 55 
-96 -110 -0.633911 225 221 55 
-94 -110 -0.844853 225 221 55 
-92 -110 -1.14329 227 219 56 
-90 -110 -1.53815 229 217 56 
-88 -110 -1.93445 231 215 57 
-86 -110 -2.42331 233 213 57 
-84 -110 -2.83304 233 213 57 
-82 -110 -3.00045 235 211 57 
-80 -110 -3.06779 235 211 57 
-78 -110 -3.62244 236 209 58 
-76 -110 -4.22572 238 207 58 
-74 -110 -4.42676 239 205 58 
-72 -110 -4.75898 239 205 58 
-70 -110 -5.32232 241 203 58 
-68 -110 -5.78403 242 201 58 
-66 -110 -6.23663 244 199 58 
-64 -110 -6.75702 245 197 58 
-62 -110 -7.327 246 195 58 
-60 -110 -7.98093 248 190 57 
-58 -110 -8.69055 249 188 57 
-56 -110 -9.21848 250 186 57 
-54 -110 -9.50318 251 184 56 
-52 -110 -9.84446 251 184 56 
-50 -110 -10.5174 252 179 54 
-48 -110 -11.2321 252 177 54 
-46 -110 -11.5316 253 174 53 
-44 -110 -11.9073 253 174 53 
-42 -110 -12.6653 254 169 51 
-40 -110 -13.2466 254 167 50 
-38 -110 -13.8082 254 164 49 
-36 -110 -14.4147 254 161 48 
-34 -110 -14.7081 254 158 47 
-32 -110 -15.106 254 155 45 
-30 -110 -15.7812 254 153 44 
-28 -110 -16.2741 254 150 43 
-26 -110 -16.761 254 147 42 
-24 -110 -17.3617 254 144 41 
-22 -110 -17.6764 253 141 39 
-20 -110 -17.7392 253 141 39 
-18 -110 -17.8382 253 141 39 
-16 -110 -18.0597 253 138 38 
-14 -110 -18.493 252 135 37 
-12 -110 -18.8911 252 135 37 
-10 -110 -19.03 252 132 35 
-8 -110 -19.1019 252 132 35 
-6 -110 -19.2336 252 132 35 
-4 -110 -19.485 251 129 34 
-2 -110 -19.6464 251 129 34 
0 -110 -19.7547 251 129 34 
2 -110 -19.8435 251 129 34 
4 -110 -19.842 251 129 34 
6 -110 -19.8017 251 129 34 
8 -110 -19.9532 251 126 33 
10 -110 -20.1097 251 126 33 
12 -110 -20.1578 251 126 33 
14 -110 -20.1551 251 126 33 
16 -110 -20.1464 251 126 33 
18 -110 -20.1956 251 126 33 
20 -110 -20.2873 251 126 33 
22 -110 -20.2402 251 126 33 
24 -110 -20.185 251 126 33 
26 -110 -20.2881 251 126 33 
28 -110 -20.3306 251 126 33 
30 -110 -20.3874 251 126 33 
32 -110 -20.4406 250 123 31 
34 -110 -20.5587 250 123 31 
36 -110 -20.713 250 123 31 
38 -110 -20.6708 250 123 31 
40 -110 -20.5994 250 123 31 
42 -110 -20.6743 250 123 31 
44 -110 -20.8337 250 123 31 
46 -110 -21.0101 249 120 30 
48 -110 -21.1723 249 120 30 
50 -110 -21.2209 249 120 30 
52 -110 -21.3892 249 120 30 
54 -110 -21.4914 249 117 29 
56 -110 -21.7934 249 117 29 
58 -110 -22.2179 248 114 28 
60 -110 -22.3719 248 114 28 
62 -110 -22.7027 247 111 26 
64 -110 -23.4175 246 108 25 
66 -110 -24.0042 244 102 23 
68 -110 -24.1729 244 102 23 
70 -110 -24.3152 244 102 23 
72 -110 -24.7626 243 99 21 
74 -110 -25.2166 242 96 20 
76 -110 -25.2271 242 96 20 
78 -110 -25.6396 241 93 19 
80 -110 -26.4286 240 91 18 
82 -110 -26.6315 239 88 17 
84 -110 -26.9318 239 88 17 
86 -110 -27.6475 236 83 15 
88 -110 -28.045 235 80 14 
90 -110 -28.9419 234 78 13 
92 -110 -34.5907 214 53 6 
-146 -112 7.02982 190 244 52 
-144 -112 7.92322 185 246 53 
-142 -112 7.17663 188 245 52 
-140 -112 6.55231 193 243 52 
-138 -112 5.92141 195 241 52 
-136 -112 5.09569 200 239 52 
-134 -112 4.49879 203 237 52 
-132 -112 4.29266 203 237 52 
-130 -112 3.94034 205 236 52 
-128 -112 3.30202 208 234 52 
-126 -112 2.60317 212 231 53 
-124 -112 2.05699 215 229 53 
-122 -112 1.57352 217 228 54 
-120 -112 1.18939 217 228 54 
-118 -112 0.795392 219 226 54 
-116 -112 0.494782 221 224 55 
-114 -112 0.22451 221 224 55 
-112 -112 -0.252858 223 223 55 
-110 -112 -0.911223 227 219 56 
-108 -112 -1.5363 229 217 56 
-106 -112 -1.98612 231 215 57 
-104 -112 -2.37855 231 215 57 
-102 -112 -2.68215 233 213 57 
-100 -112 -2.94057 235 211 57 
-98 -112 -3.12725 235 211 57 
-96 -112 -3.22192 235 211 57 
-94 -112 -3.17591 235 211 57 
-92 -112 -3.2887 235 211 57 
-90 -112 -3.53008 236 209 58 
-88 -112 -3.66708 236 209 58 
-86 -112 -3.83162 236 209 58 
-84 -112 -4.00262 238 207 58 
-82 -112 -4.05403 238 207 58 
-80 -112 -4.01939 238 207 58 
-78 -112 -4.13954 238 207 58 
-76 -112 -4.38108 238 207 58 
-74 -112 -4.58407 239 205 58 
-72 -112 -4.60566 239 205 58 
-70 -112 -4.67913 239 205 58 
-68 -112 -4.83248 239 205 58 
-66 -112 -4.904 239 205 58 
-64 -112 -5.0889 241 203 58 
-62 -112 -5.28236 241 203 58 
-60 -112 -5.46266 242 201 58 
-58 -112 -5.67994 242 201 58 
-56 -112 -5.82119 242 201 58 
-54 -112 -5.95138 244 199 58 
-52 -112 -6.11541 244 199 58 
-50 -112 -6.34748 244 199 58 
-48 -112 -6.59399 245 197 58 
-46 -112 -6.92099 246 195 58 
-44 -112 -7.3109 246 195 58 
-42 -112 -7.7576 247 193 58 
-40 -112 -8.20103 248 190 57 
-38 -112 -8.68964 249 188 57 
-36 -112 -9.24099 250 186 57 
-34 -112 -9.64499 251 184 56 
-32 -112 -10.0349 251 182 55 
-30 -112 -10.6274 252 179 54 
-28 -112 -10.9798 252 177 54 
-26 -112 -11.3852 252 177 54 
-24 -112 -12.2568 253 172 52 
-22 -112 -13.0946 254 167 50 
-20 -112 -13.513 254 164 49 
-18 -112 -13.8871 254 164 49 
-16 -112 -14.1656 254 161 48 
-14 -112 -14.4219 254 161 48 
-12 -112 -15.0351 254 155 45 
-10 -112 -15.5552 254 153 44 
-8 -112 -15.8937 254 153 44 
-6 -112 -16.3491 254 150 43 
-4 -112 -16.9634 254 144 41 
-2 -112 -17.5148 253 141 39 
0 -112 -18.1754 253 138 38 
2 -112 -18.6247 252 135 37 
4 -112 -18.8511 252 135 37 
6 -112 -19.1896 252 132 35 
8 -112 -19.8104 251 129 34 
10 -112 -20.4126 251 126 33 
12 -112 -20.9119 250 123 31 
14 -112 -21.3083 249 120 30 
16 -112 -21.8236 249 117 29 
18 -112 -22.2081 248 114 28 
20 -112 -22.4906 247 111 26 
22 -112 -22.7763 247 111 26 
24 -112 -22.9518 246 108 25 
26 -112 -22.948 246 108 25 
28 -112 -22.9536 246 108 25 
30 -112 -23.2397 246 108 25 
32 -112 -23.4626 245 105 24 
34 -112 -23.7314 245 105 24 
36 -112 -23.855 245 105 24 
38 -112 -23.7604 245 105 24 
40 -112 -23.8192 245 105 24 
42 -112 -23.998 244 102 23 
44 -112 -24.1226 244 102 23 
46 -112 -24.1296 244 102 23 
48 -112 -24.1667 244 102 23 
50 -112 -24.3004 244 102 23 
52 -112 -24.4569 243 99 21 
54 -112 -24.3401 244 102 23 
56 -112 -24.3295 244 102 23 
58 -112 -24.3678 244 102 23 
60 -112 -24.3025 244 102 23 
62 -112 -24.3551 244 102 23 
64 -112 -24.5118 243 99 21 
66 -112 -24.5246 243 99 21 
68 -112 -24.3123 244 102 23 
70 -112 -24.368 244 102 23 
72 -112 -24.4751 243 99 21 
74 -112 -24.5381 243 99 21 
76 -112 -24.5948 243 99 21 
78 -112 -24.5443 243 99 21 
80 -112 -24.5791 243 99 21 
82 -112 -24.7409 243 99 21 
84 -112 -24.7767 243 99 21 
86 -112 -24.8236 243 99 21 
88 -112 -24.8544 243 99 21 
90 -112 -26.1155 240 91 18 
92 -112 -33.4492 220 59 7 
-146 -114 10.891 169 251 57 
-144 -114 12.3551 161 253 61 
-142 -114 12.1639 161 253 61 
-140 -114 11.9414 164 252 60 
-138 -114 11.4127 167 252 58 
-136 -114 10.6347 169 251 57 
-134 -114 10.032 175 250 55 
-132 -114 9.61123 177 249 54 
-130 -114 9.2189 177 249 54 
-128 -114 8.75072 180 248 54 
-126 -114 8.20508 183 247 53 
-124 -114 7.84509 185 246 53 
-122 -114 7.34609 188 245 52 
-120 -114 6.82295 190 244 52 
-118 -114 6.37465 193 243 52 
-116 -114 5.92735 195 241 52 
-114 -114 5.42628 198 240 52 
-112 -114 4.70154 200 239 52 
-110 -114 3.92177 205 236 52 
-108 -114 3.04398 210 233 53 
-106 -114 2.16334 212 231 53 
-104 -114 1.41509 217 228 54 
-102 -114 0.742186 219 226 54 
-100 -114 -0.162645 223 223 55 
-98 -114 -0.693974 225 221 55 
-96 -114 -0.836954 225 221 55 
-94 -114 -1.0024 227 219 56 
-92 -114 -1.50743 229 217 56 
-90 -114 -2.33123 231 215 57 
-88 -114 -2.91736 235 211 57 
-86 -114 -3.33697 235 211 57 
-84 -114 -4.05043 238 207 58 
-82 -114 -4.59714 239 205 58 
-80 -114 -4.8701 239 205 58 
-78 -114 -5.31427 241 203 58 
-76 -114 -5.71335 242 201 58 
-74 -114 -6.21923 244 199 58 
-72 -114 -6.51645 245 197 58 
-70 -114 -6.72773 245 197 58 
-68 -114 -7.10974 246 195 58 
-66 -114 -7.31385 246 195 58 
-64 -114 -7.61307 247 193 58 
-62 -114 -7.99641 248 190 57 
-60 -114 -8.18676 248 190 57 
-58 -114 -8.32254 248 190 57 
-56 -114 -8.52437 249 188 57 
-54 -114 -8.78474 249 188 57 
-52 -114 -8.89393 249 188 57 
-50 -114 -8.87486 249 188 57 
-48 -114 -8.95649 250 186 57 
-46 -114 -9.18877 250 186 57 
-44 -114 -9.35293 250 186 57 
-42 -114 -9.37366 250 186 57 
-40 -114 -9.43565 251 184 56 
-38 -114 -9.62385 251 184 56 
-36 -114 -9.7466 251 184 56 
-34 -114 -9.83271 251 184 56 
-32 -114 -9.81048 251 184 56 
-30 -114 -9.8986 251 184 56 
-28 -114 -9.97893 251 182 55 
-26 -114 -10.0825 251 182 55 
-24 -114 -10.371 251 182 55 
-22 -114 -10.709 252 179 54 
-20 -114 -10.8673 252 179 54 
-18 -114 -11.1194 252 177 54 
-16 -114 -11.1518 252 177 54 
-14 -114 -10.9706 252 177 54 
-12 -114 -11.0825 252 177 54 
-10 -114 -11.3881 252 177 54 
-8 -114 -11.7025 253 174 53 
-6 -114 -12.0449 253 172 52 
-4 -114 -12.3929 253 172 52 
-2 -114 -12.6028 254 169 51 
0 -114 -12.8824 254 169 51 
2 -114 -13.0776 254 167 50 
4 -114 -13.3826 254 167 50 
6 -114 -13.928 254 161 48 
8 -114 -14.4434 254 158 47 
10 -114 -14.8396 254 158 47 
12 -114 -15.3748 254 155 45 
14 -114 -15.9536 254 150 43 
16 -114 -16.6965 254 147 42 
18 -114 -17.2616 254 144 41 
20 -114 -17.632 253 141 39 
22 -114 -18.0065 253 138 38 
24 -114 -18.2587 253 138 38 
26 -114 -18.3819 253 138 38 
28 -114 -18.696 252 135 37 
30 -114 -19.4466 251 129 34 
32 -114 -19.9221 251 129 34 
34 -114 -20.3258 251 126 33 
36 -114 -20.693 250 123 31 
38 -114 -20.9105 250 123 31 
40 -114 -21.4759 249 117 29 
42 -114 -22.3592 248 114 28 
44 -114 -23.0319 246 108 25 
46 -114 -23.3163 246 108 25 
48 -114 -23.3653 246 108 25 
50 -114 -23.6425 245 105 24 
52 -114 -24.1343 244 102 23 
54 -114 -24.2594 244 102 23 
56 -114 -24.324 244 102 23 
58 -114 -24.4418 244 102 23 
60 -114 -24.6717 243 99 21 
62 -114 -25.0449 242 96 20 
64 -114 -25.4742 241 93 19 
66 -114 -25.7521 241 93 19 
68 -114 -25.8868 241 93 19 
70 -114 -26.2381 240 91 18 
72 -114 -26.5083 239 88 17 
74 -114 -26.7314 239 88 17 
76 -114 -27.2543 237 85 16 
78 -114 -27.7343 236 83 15 
80 -114 -27.9036 236 83 15 
82 -114 -27.984 235 80 14 
84 -114 -27.9653 235 80 14 
86 -114 -28.1725 235 80 14 
88 -114 -28.3345 235 80 14 
90 -114 -28.9031 234 78 13 
-146 -116 9.49839 177 249 54 
-144 -116 10.7978 169 251 57 
-142 -116 10.755 169 251 57 
-140 -116 10.7216 169 251 57 
-138 -116 10.6398 169 251 57 
-136 -116 10.3065 172 251 56 
-134 -116 9.91331 175 250 55 
-132 -116 9.6733 175 250 55 
-130 -116 9.56223 177 249 54 
-128 -116 9.38375 177 249 54 
-126 -116 9.14398 177 249 54 
-124 -116 9.094 180 248 54 
-122 -116 8.98146 180 248 54 
-120 -116 8.7914 180 248 54 
-118 -116 8.67505 180 248 54 
-116 -116 8.45663 183 247 53 
-114 -116 8.21086 183 247 53 
-112 -116 7.85791 185 246 53 
-110 -116 7.59732 188 245 52 
-108 -116 7.29352 188 245 52 
-106 -116 6.86889 190 244 52 
-104 -116 6.59028 193 243 52 
-102 -116 6.38161 193 243 52 
-100 -116 5.7842 195 241 52 
-98 -116 5.22432 198 240 52 
-96 -116 5.03492 200 239 52 
-94 -116 4.87907 200 239 52 
-92 -116 4.42259 203 237 52 
-90 -116 3.71058 205 236 52 
-88 -116 3.1957 208 234 52 
-86 -116 2.75169 210 233 53 
-84 -116 1.99136 215 229 53 
-82 -116 1.34762 217 228 54 
-80 -116 0.92648 219 226 54 
-78 -116 0.282564 221 224 55 
-76 -116 -0.183307 223 223 55 
-74 -116 -0.782463 225 221 55 
-72 -116 -1.54067 229 217 56 
-70 -116 -2.19904 231 215 57 
-68 -116 -2.92073 235 211 57 
-66 -116 -3.5449 236 209 58 
-64 -116 -4.17176 238 207 58 
-62 -116 -4.95372 241 203 58 
-60 -116 -5.78201 242 201 58 
-58 -116 -6.3725 244 199 58 
-56 -116 -6.86405 245 197 58 
-54 -116 -7.49247 247 193 58 
-52 -116 -7.87628 247 193 58 
-50 -116 -8.13974 248 190 57 
-48 -116 -8.70481 249 188 57 
-46 -116 -9.40216 250 186 57 
-44 -116 -9.88414 251 184 56 
-42 -116 -10.2138 251 182 55 
-40 -116 -10.5053 252 179 54 
-38 -116 -10.9276 252 177 54 
-36 -116 -11.2741 252 177 54 
-34 -116 -11.5729 253 174 53 
-32 -116 -11.7853 253 174 53 
-30 -116 -12.0005 253 172 52 
-28 -116 -12.3879 253 172 52 
-26 -116 -12.6991 254 169 51 
-24 -116 -12.8573 254 169 51 
-22 -116 -13.0838 254 167 50 
-20 -116 -13.2991 254 167 50 
-18 -116 -13.5051 254 164 49 
-16 -116 -13.6102 254 164 49 
-14 -116 -13.568 254 164 49 
-12 -116 -13.5313 254 164 49 
-10 -116 -13.7863 254 164 49 
-8 -116 -14.1675 254 161 48 
-6 -116 -14.4979 254 158 47 
-4 -116 -14.4526 254 158 47 
-2 -116 -14.2315 254 161 48 
0 -116 -14.1634 254 161 48 
2 -116 -14.0956 254 161 48 
4 -116 -14.2296 254 161 48 
6 -116 -14.4725 254 158 47 
8 -116 -14.5443 254 158 47 
10 -116 -14.5553 254 158 47 
12 -116 -14.7173 254 158 47 
14 -116 -14.8996 254 158 47 
16 -116 -15.0213 254 155 45 
18 -116 -15.0992 254 155 45 
20 -116 -15.1597 254 155 45 
22 -116 -15.2803 254 155 45 
24 -116 -15.2792 254 155 45 
26 -116 -15.1992 254 155 45 
28 -116 -15.3426 254 155 45 
30 -116 -15.7049 254 153 44 
32 -116 -15.869 254 153 44 
34 -116 -16.0555 254 150 43 
36 -116 -16.389 254 150 43 
38 -116 -16.6169 254 147 42 
40 -116 -17.0652 254 144 41 
42 -116 -17.6803 253 141 39 
44 -116 -18.0653 253 138 38 
46 -116 -18.2759 253 138 38 
48 -116 -18.2045 253 138 38 
50 -116 -18.2616 253 138 38 
52 -116 -18.4186 253 138 38 
54 -116 -18.6573 252 135 37 
56 -116 -18.9044 252 135 37 
58 -116 -19.0255 252 132 35 
60 -116 -19.4853 251 129 34 
62 -116 -20.139 251 126 33 
64 -116 -20.7349 250 123 31 
66 -116 -21.4578 249 117 29 
68 -116 -22.1764 248 114 28 
70 -116 -22.3499 248 114 28 
72 -116 -22.456 247 111 26 
74 -116 -22.9773 246 108 25 
76 -116 -24.0749 244 102 23 
78 -116 -25.0545 242 96 20 
80 -116 -25.4938 241 93 19 
82 -116 -25.8334 241 93 19 
84 -116 -26.2122 240 91 18 
86 -116 -26.844 239 88 17 
88 -116 -27.6646 236 83 15 
-146 -118 11.5767 167 252 58 
-144 -118 12.0786 164 252 60 
-142 -118 11.5586 167 252 58 
-140 -118 11.1086 169 251 57 
-138 -118 10.6456 169 251 57 
-136 -118 10.0956 175 250 55 
-134 -118 9.61752 177 249 54 
-132 -118 9.2586 177 249 54 
-130 -118 8.93514 180 248 54 
-128 -118 8.56275 183 247 53 
-126 -118 8.14631 183 247 53 
-124 -118 7.71082 185 246 53 
-122 -118 7.19524 188 245 52 
-120 -118 6.80956 190 244 52 
-118 -118 6.70245 190 244 52 
-116 -118 6.42762 193 243 52 
-114 -118 6.0036 195 241 52 
-112 -118 5.55235 198 240 52 
-110 -118 5.39201 198 240 52 
-108 -118 5.38416 198 240 52 
-106 -118 5.2218 198 240 52 
-104 -118 4.96033 200 239 52 
-102 -118 4.83707 200 239 52 
-100 -118 4.67123 200 239 52 
-98 -118 4.29051 203 237 52 
-96 -118 3.95336 205 236 52 
-94 -118 3.79582 205 236 52 
-92 -118 3.80835 205 236 52 
-90 -118 3.84261 205 236 52 
-88 -118 3.75046 205 236 52 
-86 -118 3.52343 208 234 52 
-84 -118 3.27092 208 234 52 
-82 -118 3.10078 210 233 53 
-80 -118 2.94279 210 233 53 
-78 -118 2.61541 210 233 53 
-76 -118 2.37666 212 231 53 
-74 -118 2.17359 212 231 53 
-72 -118 1.91345 215 229 53 
-70 -118 1.61825 215 229 53 
-68 -118 1.26931 217 228 54 
-66 -118 1.02116 219 226 54 
-64 -118 0.773964 219 226 54 
-62 -118 0.411231 221 224 55 
-60 -118 -0.20212 223 223 55 
-58 -118 -0.685751 225 221 55 
-56 -118 -0.885474 225 221 55 
-54 -118 -1.33264 227 219 56 
-52 -118 -1.98748 231 215 57 
-50 -118 -2.50714 233 213 57 
-48 -118 -2.89521 233 213 57 
-46 -118 -3.34879 235 211 57 
-44 -118 -3.87787 236 209 58 
-42 -118 -4.31333 238 207 58 
-40 -118 -4.64287 239 205 58 
-38 -118 -5.1767 241 203 58 
-36 -118 -5.91969 244 199 58 
-34 -118 -6.53537 245 197 58 
-32 -118 -7.02058 246 195 58 
-30 -118 -7.40628 246 195 58 
-28 -118 -8.10994 248 190 57 
-26 -118 -8.99352 250 186 57 
-24 -118 -9.52714 251 184 56 
-22 -118 -10.0189 251 182 55 
-20 -118 -10.7267 252 179 54 
-18 -118 -11.2576 252 177 54 
-16 -118 -11.7499 253 174 53 
-14 -118 -12.1234 253 172 52 
-12 -118 -12.4554 254 169 51 
-10 -118 -13.1194 254 167 50 
-8 -118 -13.8882 254 164 49 
-6 -118 -14.6131 254 158 47 
-4 -118 -14.8192 254 158 47 
-2 -118 -15.2053 254 155 45 
0 -118 -15.844 254 153 44 
2 -118 -16.0854 254 150 43 
4 -118 -16.1375 254 150 43 
6 -118 -16.3074 254 150 43 
8 -118 -16.6255 254 147 42 
10 -118 -16.8854 254 147 42 
12 -118 -17.0885 254 144 41 
14 -118 -17.3638 254 144 41 
16 -118 -17.5583 253 141 39 
18 -118 -17.6322 253 141 39 
20 -118 -17.5061 253 141 39 
22 -118 -17.6408 253 141 39 
24 -118 -17.9248 253 141 39 
26 -118 -18.1272 253 138 38 
28 -118 -18.2989 253 138 38 
30 -118 -18.409 253 138 38 
32 -118 -18.5039 252 135 37 
34 -118 -18.5225 252 135 37 
36 -118 -18.4612 252 135 37 
38 -118 -18.5811 252 135 37 
40 -118 -18.8261 252 135 37 
42 -118 -19.0102 252 132 35 
44 -118 -19.0104 252 132 35 
46 -118 -18.6985 252 135 37 
48 -118 -18.5569 252 135 37 
50 -118 -18.6907 252 135 37 
52 -118 -18.3971 253 138 38 
54 -118 -18.2311 253 138 38 
56 -118 -18.4096 253 138 38 
58 -118 -18.621 252 135 37 
60 -118 -18.8107 252 135 37 
62 -118 -18.9764 252 132 35 
64 -118 -19.0723 252 132 35 
66 -118 -19.273 252 132 35 
68 -118 -19.5934 251 129 34 
70 -118 -19.6204 251 129 34 
72 -118 -19.5769 251 129 34 
74 -118 -19.6153 251 129 34 
76 -118 -20.1398 251 126 33 
78 -118 -20.6577 250 123 31 
80 -118 -21.0228 249 120 30 
82 -118 -21.2728 249 120 30 
84 -118 -21.4602 249 117 29 
86 -118 -21.4003 249 120 30 
88 -118 -22.0532 248 114 28 
-146 -120 17.1454 128 255 83 
-144 -120 17.3787 128 255 83 
-142 -120 16.6681 132 255 81 
-140 -120 16.0584 139 255 75 
-138 -120 15.6057 143 255 73 
-136 -120 15.315 143 255 73 
-134 -120 14.7898 146 255 71 
-132 -120 14.0425 153 254 66 
-130 -120 13.5431 156 254 64 
-128 -120 13.3136 156 254 64 
-126 -120 12.9995 159 253 63 
-124 -120 12.1798 161 253 61 
-122 -120 10.9987 169 251 57 
-120 -120 10.1876 172 251 56 
-118 -120 9.8061 175 250 55 
-116 -120 9.24037 177 249 54 
-114 -120 8.62678 180 248 54 
-112 -120 7.96835 185 246 53 
-110 -120 7.56441 188 245 52 
-108 -120 7.21168 188 245 52 
-106 -120 6.61864 190 244 52 
-104 -120 5.82839 195 241 52 
-102 -120 5.04994 200 239 52 
-100 -120 4.4292 203 237 52 
-98 -120 3.79946 205 236 52 
-96 -120 3.17782 208 234 52 
-94 -120 2.62196 210 233 53 
-92 -120 2.26749 212 231 53 
-90 -120 1.9694 215 229 53 
-88 -120 1.48004 217 228 54 
-86 -120 0.990769 219 226 54 
-84 -120 0.759241 219 226 54 
-82 -120 0.521224 221 224 55 
-80 -120 0.364177 221 224 55 
-78 -120 0.19108 221 224 55 
-76 -120 -0.180129 223 223 55 
-74 -120 -0.607636 225 221 55 
-72 -120 -0.872003 225 221 55 
-70 -120 -0.991148 227 219 56 
-68 -120 -0.981954 227 219 56 
-66 -120 -0.846642 225 221 55 
-64 -120 -0.957187 227 219 56 
-62 -120 -1.14617 227 219 56 
-60 -120 -1.25736 227 219 56 
-58 -120 -1.39292 227 219 56 
-56 -120 -1.54504 229 217 56 
-54 -120 -1.75621 229 217 56 
-52 -120 -2.10733 231 215 57 
-50 -120 -2.37628 231 215 57 
-48 -120 -2.3088 231 215 57 
-46 -120 -2.15482 231 215 57 
-44 -120 -2.20452 231 215 57 
-42 -120 -2.33431 231 215 57 
-40 -120 -2.40705 233 213 57 
-38 -120 -2.64507 233 213 57 
-36 -120 -3.07243 235 211 57 
-34 -120 -3.26889 235 211 57 
-32 -120 -3.32539 235 211 57 
-30 -120 -3.40521 236 209 58 
-28 -120 -3.73714 236 209 58 
-26 -120 -4.25319 238 207 58 
-24 -120 -4.59944 239 205 58 
-22 -120 -4.94535 241 203 58 
-20 -120 -5.4913 242 201 58 
-18 -120 -5.87061 242 201 58 
-16 -120 -6.2093 244 199 58 
-14 -120 -6.50417 245 197 58 
-12 -120 -6.71694 245 197 58 
-10 -120 -7.12427 246 195 58 
-8 -120 -7.68388 247 193 58 
-6 -120 -8.37387 248 190 57 
-4 -120 -8.85156 249 188 57 
-2 -120 -9.61037 251 184 56 
0 -120 -10.5007 252 179 54 
2 -120 -11.077 252 177 54 
4 -120 -11.157 252 177 54 
6 -120 -11.3223 252 177 54 
8 -120 -12.0284 253 172 52 
10 -120 -12.4468 254 169 51 
12 -120 -12.7587 254 169 51 
14 -120 -13.2695 254 167 50 
16 -120 -13.8366 254 164 49 
18 -120 -14.4502 254 158 47 
20 -120 -14.6046 254 158 47 
22 -120 -15.2929 254 155 45 
24 -120 -16.1449 254 150 43 
26 -120 -16.6164 254 147 42 
28 -120 -17.3425 254 144 41 
30 -120 -17.7643 253 141 39 
32 -120 -17.9567 253 138 38 
34 -120 -18.3782 253 138 38 
36 -120 -18.8727 252 135 37 
38 -120 -19.409 252 132 35 
40 -120 -19.5816 251 129 34 
42 -120 -19.7859 251 129 34 
44 -120 -20.1415 251 126 33 
46 -120 -19.9448 251 126 33 
48 -120 -19.7303 251 129 34 
50 -120 -20.0098 251 126 33 
52 -120 -20.0948 251 126 33 
54 -120 -20.2434 251 126 33 
56 -120 -20.6647 250 123 31 
58 -120 -21.0222 249 120 30 
60 -120 -21.0455 249 120 30 
62 -120 -21.1614 249 120 30 
64 -120 -21.2468 249 120 30 
66 -120 -21.0961 249 120 30 
68 -120 -21.1566 249 120 30 
70 -120 -21.5676 249 117 29 
72 -120 -21.8116 249 117 29 
74 -120 -21.8774 249 117 29 
76 -120 -22.2258 248 114 28 
78 -120 -22.4006 248 114 28 
80 -120 -22.6452 247 111 26 
82 -120 -22.8078 247 111 26 
84 -120 -22.7913 247 111 26 
86 -120 -22.4501 247 111 26 
88 -120 -23.0347 246 108 25 
-146 -122 16.9127 132 255 81 
-144 -122 16.8045 132 255 81 
-142 -122 16.3944 136 255 78 
-140 -122 16.1849 136 255 78 
-138 -122 16.0273 139 255 75 
-136 -122 15.9455 139 255 75 
-134 -122 15.7405 139 255 75 
-132 -122 15.4563 143 255 73 
-130 -122 15.3032 143 255 73 
-128 -122 15.3186 143 255 73 
-126 -122 15.2715 143 255 73 
-124 -122 14.8819 146 255 71 
-122 -122 14.2586 150 254 68 
-120 -122 13.7483 153 254 66 
-118 -122 13.3262 156 254 64 
-116 -122 12.9789 159 253 63 
-114 -122 12.8661 159 253 63 
-112 -122 12.7507 159 253 63 
-110 -122 12.4892 161 253 61 
-108 -122 12.0404 164 252 60 
-106 -122 11.4806 167 252 58 
-104 -122 10.9087 169 251 57 
-102 -122 10.26 172 251 56 
-100 -122 9.62077 177 249 54 
-98 -122 9.22486 177 249 54 
-96 -122 8.98525 180 248 54 
-94 -122 8.35556 183 247 53 
-92 -122 7.48379 188 245 52 
-90 -122 6.67001 190 244 52 
-88 -122 5.9058 195 241 52 
-86 -122 5.30336 198 240 52 
-84 -122 4.84743 200 239 52 
-82 -122 4.26998 203 237 52 
-80 -122 3.79739 205 236 52 
-78 -122 3.38401 208 234 52 
-76 -122 2.81577 210 233 53 
-74 -122 2.02606 215 229 53 
-72 -122 1.29438 217 228 54 
-70 -122 0.694822 219 226 54 
-68 -122 0.207974 221 224 55 
-66 -122 -0.031303 223 223 55 
-64 -122 -0.44867 225 221 55 
-62 -122 -0.917977 227 219 56 
-60 -122 -1.48895 229 217 56 
-58 -122 -2.16977 231 215 57 
-56 -122 -2.79082 233 213 57 
-54 -122 -3.34272 235 211 57 
-52 -122 -3.83251 236 209 58 
-50 -122 -4.00243 238 207 58 
-48 -122 -4.10582 238 207 58 
-46 -122 -4.38489 238 207 58 
-44 -122 -4.50593 239 205 58 
-42 -122 -4.73165 239 205 58 
-40 -122 -4.88648 239 205 58 
-38 -122 -5.06138 241 203 58 
-36 -122 -5.4094 242 201 58 
-34 -122 -5.6758 242 201 58 
-32 -122 -5.75539 242 201 58 
-30 -122 -5.84268 242 201 58 
-28 -122 -6.14699 244 199 58 
-26 -122 -6.33328 244 199 58 
-24 -122 -6.36312 244 199 58 
-22 -122 -6.49084 245 197 58 
-20 -122 -6.62447 245 197 58 
-18 -122 -6.72207 245 197 58 
-16 -122 -6.85028 245 197 58 
-14 -122 -6.82512 245 197 58 
-12 -122 -6.74408 245 197 58 
-10 -122 -6.86745 245 197 58 
-8 -122 -7.14676 246 195 58 
-6 -122 -7.42149 247 193 58 
-4 -122 -7.55261 247 193 58 
-2 -122 -7.73498 247 193 58 
0 -122 -7.7898 247 193 58 
2 -122 -7.97419 248 190 57 
4 -122 -8.12954 248 190 57 
6 -122 -8.21599 248 190 57 
8 -122 -8.45668 249 188 57 
10 -122 -8.45245 249 188 57 
12 -122 -8.48075 249 188 57 
14 -122 -8.6633 249 188 57 
16 -122 -8.88137 249 188 57 
18 -122 -9.23666 250 186 57 
20 -122 -9.50332 251 184 56 
22 -122 -10.215 251 182 55 
24 -122 -10.7959 252 179 54 
26 -122 -10.9632 252 177 54 
28 -122 -11.6084 253 174 53 
30 -122 -11.9552 253 172 52 
32 -122 -12.1295 253 172 52 
34 -122 -12.7201 254 169 51 
36 -122 -13.3674 254 167 50 
38 -122 -13.7256 254 164 49 
40 -122 -13.7566 254 164 49 
42 -122 -13.9346 254 161 48 
44 -122 -14.4596 254 158 47 
46 -122 -14.7661 254 158 47 
48 -122 -14.8429 254 158 47 
50 -122 -15.6242 254 153 44 
52 -122 -16.338 254 150 43 
54 -122 -16.8459 254 147 42 
56 -122 -17.3726 254 144 41 
58 -122 -17.8783 253 141 39 
60 -122 -18.2669 253 138 38 
62 -122 -18.6253 252 135 37 
64 -122 -18.9155 252 135 37 
66 -122 -19.196 252 132 35 
68 -122 -19.6039 251 129 34 
70 -122 -20.0354 251 126 33 
72 -122 -20.5024 250 123 31 
74 -122 -21.4976 249 117 29 
76 -122 -22.4991 247 111 26 
78 -122 -22.8898 247 111 26 
80 -122 -23.1656 246 108 25 
82 -122 -23.3278 246 108 25 
84 -122 -23.5107 245 105 24 
86 -122 -24.051 244 102 23 
-146 -124 17.0093 132 255 81 
-144 -124 16.4006 136 255 78 
-142 -124 15.6935 139 255 75 
-140 -124 15.2862 143 255 73 
-138 -124 14.81 146 255 71 
-136 -124 14.366 150 254 68 
-134 -124 14.0442 153 254 66 
-132 -124 13.8107 153 254 66 
-130 -124 13.4354 156 254 64 
-128 -124 13.0285 159 253 63 
-126 -124 12.6574 159 253 63 
-124 -124 12.342 161 253 61 
-122 -124 12.1043 164 252 60 
-120 -124 11.7351 164 252 60 
-118 -124 11.2543 167 252 58 
-116 -124 11.0787 169 251 57 
-114 -124 11.0895 169 251 57 
-112 -124 11.1053 169 251 57 
-110 -124 10.9529 169 251 57 
-108 -124 10.7812 169 251 57 
-106 -124 10.6071 172 251 56 
-104 -124 10.4411 172 251 56 
-102 -124 10.3306 172 251 56 
-100 -124 10.1859 172 251 56 
-98 -124 10.1321 172 251 56 
-96 -124 10.1729 172 251 56 
-94 -124 9.96674 175 250 55 
-92 -124 9.59884 177 249 54 
-90 -124 9.30158 177 249 54 
-88 -124 9.10427 180 248 54 
-86 -124 8.8138 180 248 54 
-84 -124 8.50338 183 247 53 
-82 -124 8.27982 183 247 53 
-80 -124 8.05085 185 246 53 
-78 -124 7.73928 185 246 53 
-76 -124 7.46374 188 245 52 
-74 -124 7.13764 188 245 52 
-72 -124 6.68596 190 244 52 
-70 -124 6.22042 193 243 52 
-68 -124 5.86287 195 241 52 
-66 -124 5.59132 198 240 52 
-64 -124 5.14886 198 240 52 
-62 -124 4.68437 200 239 52 
-60 -124 4.08759 205 236 52 
-58 -124 3.46697 208 234 52 
-56 -124 2.98304 210 233 53 
-54 -124 2.40301 212 231 53 
-52 -124 1.66643 215 229 53 
-50 -124 1.35383 217 228 54 
-48 -124 0.804422 219 226 54 
-46 -124 -0.161079 223 223 55 
-44 -124 -0.610297 225 221 55 
-42 -124 -1.04879 227 219 56 
-40 -124 -1.59198 229 217 56 
-38 -124 -2.1616 231 215 57 
-36 -124 -2.76916 233 213 57 
-34 -124 -3.4371 236 209 58 
-32 -124 -4.04705 238 207 58 
-30 -124 -4.57714 239 205 58 
-28 -124 -5.27396 241 203 58 
-26 -124 -5.94539 244 199 58 
-24 -124 -6.54032 245 197 58 
-22 -124 -6.86448 245 197 58 
-20 -124 -6.89844 245 197 58 
-18 -124 -6.96951 246 195 58 
-16 -124 -7.36754 246 195 58 
-14 -124 -7.92685 248 190 57 
-12 -124 -8.37521 248 190 57 
-10 -124 -8.79338 249 188 57 
-8 -124 -9.32355 250 186 57 
-6 -124 -9.68093 251 184 56 
-4 -124 -9.84018 251 184 56 
-2 -124 -10.1037 251 182 55 
0 -124 -10.1389 251 182 55 
2 -124 -10.22 251 182 55 
4 -124 -10.3388 251 182 55 
6 -124 -10.3499 251 182 55 
8 -124 -10.3633 251 182 55 
10 -124 -10.3946 251 182 55 
12 -124 -10.4947 252 179 54 
14 -124 -10.6556 252 179 54 
16 -124 -10.7591 252 179 54 
18 -124 -10.8339 252 179 54 
20 -124 -11.0997 252 177 54 
22 -124 -11.4409 253 174 53 
24 -124 -11.6628 253 174 53 
26 -124 -11.6141 253 174 53 
28 -124 -11.6591 253 174 53 
30 -124 -11.8031 253 174 53 
32 -124 -11.9305 253 172 52 
34 -124 -12.0145 253 172 52 
36 -124 -11.9729 253 172 52 
38 -124 -11.9078 253 174 53 
40 -124 -11.9347 253 172 52 
42 -124 -12.0669 253 172 52 
44 -124 -12.2433 253 172 52 
46 -124 -12.2774 253 172 52 
48 -124 -12.4163 253 172 52 
50 -124 -13.0331 254 167 50 
52 -124 -13.4043 254 167 50 
54 -124 -13.6259 254 164 49 
56 -124 -13.8389 254 164 49 
58 -124 -14.0311 254 161 48 
60 -124 -14.288 254 161 48 
62 -124 -14.5846 254 158 47 
64 -124 -14.9562 254 155 45 
66 -124 -15.439 254 153 44 
68 -124 -15.897 254 153 44 
70 -124 -16.0529 254 150 43 
72 -124 -16.31 254 150 43 
74 -124 -17.0317 254 144 41 
76 -124 -17.4092 254 144 41 
78 -124 -17.6846 253 141 39 
80 -124 -18.1622 253 138 38 
82 -124 -18.1354 253 138 38 
84 -124 -18.0582 253 138 38 
86 -124 -18.7386 252 135 37 
88 -124 -23.1749 246 108 25 
-146 -126 22.2429 89 251 115 
-144 -126 22.6801 85 250 118 
-142 -126 21.8796 93 252 111 
-140 -126 21.1331 101 253 105 
-138 -126 20.3444 105 253 102 
-136 -126 19.5804 113 254 95 
-134 -126 18.8452 117 254 92 
-132 -126 18.2868 121 254 89 
-130 -126 17.8715 125 255 86 
-128 -126 17.2475 128 255 83 
-126 -126 16.4376 136 255 78 
-124 -126 15.6467 139 255 75 
-122 -126 14.8189 146 255 71 
-120 -126 14.0188 153 254 66 
-118 -126 13.3125 156 254 64 
-116 -126 12.6167 161 253 61 
-114 -126 12.0187 164 252 60 
-112 -126 11.6204 167 252 58 
-110 -126 11.0749 169 251 57 
-108 -126 10.4647 172 251 56 
-106 -126 10.0881 175 250 55 
-104 -126 9.66856 175 250 55 
-102 -126 9.10441 180 248 54 
-100 -126 8.44657 183 247 53 
-98 -126 8.06935 185 246 53 
-96 -126 7.85431 185 246 53 
-94 -126 7.41682 188 245 52 
-92 -126 7.09172 190 244 52 
-90 -126 6.85924 190 244 52 
-88 -126 6.59543 193 243 52 
-86 -126 6.30834 193 243 52 
-84 -126 6.12954 193 243 52 
-82 -126 6.02259 195 241 52 
-80 -126 5.84143 195 241 52 
-78 -126 5.73462 195 241 52 
-76 -126 5.60985 198 240 52 
-74 -126 5.33099 198 240 52 
-72 -126 5.11916 198 240 52 
-70 -126 5.0106 200 239 52 
-68 -126 4.96468 200 239 52 
-66 -126 4.81946 200 239 52 
-64 -126 4.6177 200 239 52 
-62 -126 4.5063 203 237 52 
-60 -126 4.45151 203 237 52 
-58 -126 4.51215 203 237 52 
-56 -126 4.51606 203 237 52 
-54 -126 4.40168 203 237 52 
-52 -126 4.14206 203 237 52 
-50 -126 3.98138 205 236 52 
-48 -126 3.71927 205 236 52 
-46 -126 3.34254 208 234 52 
-44 -126 3.27421 208 234 52 
-42 -126 3.04512 210 233 53 
-40 -126 2.58629 212 231 53 
-38 -126 2.13028 212 231 53 
-36 -126 1.84065 215 229 53 
-34 -126 1.47697 217 228 54 
-32 -126 0.973093 219 226 54 
-30 -126 0.586847 221 224 55 
-28 -126 0.207795 221 224 55 
-26 -126 -0.222615 223 223 55 
-24 -126 -0.836243 225 221 55 
-22 -126 -1.28976 227 219 56 
-20 -126 -1.46123 229 217 56 
-18 -126 -1.54822 229 217 56 
-16 -126 -1.8805 229 217 56 
-14 -126 -2.61964 233 213 57 
-12 -126 -3.53281 236 209 58 
-10 -126 -4.19069 238 207 58 
-8 -126 -4.66166 239 205 58 
-6 -126 -5.05051 241 203 58 
-4 -126 -5.48993 242 201 58 
-2 -126 -6.2952 244 199 58 
0 -126 -6.96535 246 195 58 
2 -126 -7.23722 246 195 58 
4 -126 -7.22379 246 195 58 
6 -126 -7.37465 246 195 58 
8 -126 -7.71914 247 193 58 
10 -126 -8.12254 248 190 57 
12 -126 -8.92184 250 186 57 
14 -126 -9.88573 251 184 56 
16 -126 -10.5878 252 179 54 
18 -126 -11.2825 252 177 54 
20 -126 -12.0134 253 172 52 
22 -126 -12.2717 253 172 52 
24 -126 -12.4372 254 169 51 
26 -126 -12.6458 254 169 51 
28 -126 -13.0331 254 167 50 
30 -126 -13.6319 254 164 49 
32 -126 -13.9087 254 164 49 
34 -126 -13.8961 254 164 49 
36 -126 -13.7499 254 164 49 
38 -126 -13.868 254 164 49 
40 -126 -14.1402 254 161 48 
42 -126 -14.303 254 161 48 
44 -126 -14.4731 254 158 47 
46 -126 -14.6917 254 158 47 
48 -126 -14.8757 254 158 47 
50 -126 -14.8753 254 158 47 
52 -126 -14.7574 254 158 47 
54 -126 -14.769 254 158 47 
56 -126 -15.1025 254 155 45 
58 -126 -15.4374 254 153 44 
60 -126 -15.4188 254 155 45 
62 -126 -15.3728 254 155 45 
64 -126 -15.7808 254 153 44 
66 -126 -16.2509 254 150 43 
68 -126 -16.3808 254 150 43 
70 -126 -16.3691 254 150 43 
72 -126 -16.459 254 147 42 
74 -126 -16.4353 254 147 42 
76 -126 -16.1808 254 150 43 
78 -126 -16.1543 254 150 43 
80 -126 -16.423 254 150 43 
82 -126 -16.5017 254 147 42 
84 -126 -16.2731 254 150 43 
86 -126 -16.3562 254 150 43 
-146 -128 22.7851 85 250 118 
-144 -128 24.248 74 248 128 
-142 -128 24.0762 78 249 125 
-140 -128 23.8695 78 249 125 
-138 -128 23.4513 82 250 122 
-136 -128 22.878 85 250 118 
-134 -128 22.4108 89 251 115 
-132 -128 22.1769 89 251 115 
-130 -128 22.2068 89 251 115 
-128 -128 22.0145 93 252 111 
-126 -128 21.5563 97 252 108 
-124 -128 21.1166 101 253 105 
-122 -128 20.6579 101 253 105 
-120 -128 20.274 105 253 102 
-118 -128 19.876 109 254 98 
-116 -128 19.1891 113 254 95 
-114 -128 18.64 121 254 89 
-112 -128 18.1894 121 254 89 
-110 -128 17.5199 128 255 83 
-108 -128 16.8262 132 255 81 
-106 -128 16.3752 136 255 78 
-104 -128 15.7251 139 255 75 
-102 -128 14.9048 146 255 71 
-100 -128 13.9893 153 254 66 
-98 -128 13.3391 156 254 64 
-96 -128 12.8821 159 253 63 
-94 -128 12.2303 161 253 61 
-92 -128 11.5764 167 252 58 
-90 -128 10.6169 172 251 56 
-88 -128 9.42692 177 249 54 
-86 -128 8.70271 180 248 54 
-84 -128 8.35666 183 247 53 
-82 -128 8.04848 185 246 53 
-80 -128 7.36433 188 245 52 
-78 -128 6.56007 193 243 52 
-76 -128 5.8626 195 241 52 
-74 -128 5.2087 198 240 52 
-72 -128 4.75675 200 239 52 
-70 -128 4.36514 203 237 52 
-68 -128 4.01328 205 236 52 
-66 -128 3.58209 208 234 52 
-64 -128 3.0147 210 233 53 
-62 -128 2.5674 212 231 53 
-60 -128 2.27064 212 231 53 
-58 -128 2.08442 215 229 53 
-56 -128 1.90061 215 229 53 
-54 -128 1.59943 217 228 54 
-52 -128 1.39829 217 228 54 
-50 -128 1.25133 217 228 54 
-48 -128 1.13071 217 228 54 
-46 -128 0.913085 219 226 54 
-44 -128 0.656832 219 226 54 
-42 -128 0.53492 221 224 55 
-40 -128 0.584566 221 224 55 
-38 -128 0.499767 221 224 55 
-36 -128 0.216043 221 224 55 
-34 -128 0.004113 223 223 55 
-32 -128 -0.026598 223 223 55 
-30 -128 -0.15249 223 223 55 
-28 -128 -0.279227 223 223 55 
-26 -128 -0.220453 223 223 55 
-24 -128 -0.365552 223 223 55 
-22 -128 -0.55942 225 221 55 
-20 -128 -0.660489 225 221 55 
-18 -128 -0.725002 225 221 55 
-16 -128 -0.823754 225 221 55 
-14 -128 -0.996713 227 219 56 
-12 -128 -1.35882 227 219 56 
-10 -128 -1.61276 229 217 56 
-8 -128 -1.61778 229 217 56 
-6 -128 -1.5379 229 217 56 
-4 -128 -1.64489 229 217 56 
-2 -128 -2.15049 231 215 57 
0 -128 -2.58813 233 213 57 
2 -128 -2.71832 233 213 57 
4 -128 -2.57017 233 213 57 
6 -128 -2.51209 233 213 57 
8 -128 -2.78914 233 213 57 
10 -128 -3.22206 235 211 57 
12 -128 -3.91702 238 207 58 
14 -128 -4.61988 239 205 58 
16 -128 -5.30509 241 203 58 
18 -128 -6.01641 244 199 58 
20 -128 -6.54222 245 197 58 
22 -128 -6.64949 245 197 58 
24 -128 -6.79549 245 197 58 
26 -128 -7.43164 247 193 58 
28 -128 -8.24124 248 190 57 
30 -128 -8.80208 249 188 57 
32 -128 -9.06264 250 186 57 
34 -128 -9.4036 250 186 57 
36 -128 -9.6274 251 184 56 
38 -128 -10.1761 251 182 55 
40 -128 -10.7942 252 179 54 
42 -128 -11.0862 252 177 54 
44 -128 -11.6107 253 174 53 
46 -128 -12.4212 253 172 52 
48 -128 -12.9157 254 169 51 
50 -128 -13.0181 254 167 50 
52 -128 -13.1369 254 167 50 
54 -128 -13.2651 254 167 50 
56 -128 -13.5144 254 164 49 
58 -128 -14.2806 254 161 48 
60 -128 -14.9653 254 155 45 
62 -128 -15.0502 254 155 45 
64 -128 -15.3624 254 155 45 
66 -128 -15.9317 254 150 43 
68 -128 -16.2726 254 150 43 
70 -128 -16.5 254 147 42 
72 -128 -16.9415 254 144 41 
74 -128 -17.2174 254 144 41 
76 -128 -17.4588 253 141 39 
78 -128 -18.1139 253 138 38 
80 -128 -18.6333 252 135 37 
82 -128 -19.0012 252 132 35 
84 -128 -19.1699 252 132 35 
86 -128 -19.4123 252 132 35 
-146 -130 20.7035 101 253 105 
-144 -130 21.4294 97 252 108 
-142 -130 21.2265 97 252 108 
-140 -130 21.1091 101 253 105 
-138 -130 20.7815 101 253 105 
-136 -130 20.2768 105 253 102 
-134 -130 19.9573 109 254 98 
-132 -130 19.8477 109 254 98 
-130 -130 19.9116 109 254 98 
-128 -130 19.841 109 254 98 
-126 -130 19.5312 113 254 95 
-124 -130 19.229 113 254 95 
-122 -130 19.2365 113 254 95 
-120 -130 19.3442 113 254 95 
-118 -130 19.1468 113 254 95 
-116 -130 18.8134 117 254 92 
-114 -130 18.658 117 254 92 
-112 -130 18.5532 121 254 89 
-110 -130 18.3445 121 254 89 
-108 -130 18.2318 121 254 89 
-106 -130 18.1355 125 255 86 
-104 -130 17.8665 125 255 86 
-102 -130 17.7116 125 255 86 
-100 -130 17.5144 128 255 83 
-98 -130 17.2504 128 255 83 
-96 -130 16.9925 132 255 81 
-94 -130 16.7493 132 255 81 
-92 -130 16.3952 136 255 78 
-90 -130 15.6994 139 255 75 
-88 -130 14.9374 146 255 71 
-86 -130 14.4362 150 254 68 
-84 -130 14.1383 150 254 68 
-82 -130 14.0027 153 254 66 
-80 -130 13.7075 153 254 66 
-78 -130 13.0649 159 253 63 
-76 -130 12.3271 161 253 61 
-74 -130 11.6684 164 252 60 
-72 -130 11.0218 169 251 57 
-70 -130 10.4854 172 251 56 
-68 -130 10.2214 172 251 56 
-66 -130 9.81159 175 250 55 
-64 -130 8.98641 180 248 54 
-62 -130 8.02142 185 246 53 
-60 -130 7.28675 188 245 52 
-58 -130 6.77252 190 244 52 
-56 -130 6.09711 195 241 52 
-54 -130 5.16981 198 240 52 
-52 -130 4.60142 203 237 52 
-50 -130 4.16444 203 237 52 
-48 -130 3.60818 208 234 52 
-46 -130 2.77218 210 233 53 
-44 -130 1.92052 215 229 53 
-42 -130 1.67135 215 229 53 
-40 -130 1.67581 215 229 53 
-38 -130 1.35963 217 228 54 
-36 -130 0.802208 219 226 54 
-34 -130 0.237406 221 224 55 
-32 -130 0.060996 223 223 55 
-30 -130 -0.474534 225 221 55 
-28 -130 -1.16556 227 219 56 
-26 -130 -1.53162 229 217 56 
-24 -130 -1.98691 231 215 57 
-22 -130 -2.32259 231 215 57 
-20 -130 -2.67643 233 213 57 
-18 -130 -3.06233 235 211 57 
-16 -130 -3.43426 236 209 58 
-14 -130 -3.76347 236 209 58 
-12 -130 -3.88433 236 209 58 
-10 -130 -3.92755 238 207 58 
-8 -130 -4.00172 238 207 58 
-6 -130 -3.95942 238 207 58 
-4 -130 -3.97589 238 207 58 
-2 -130 -4.24262 238 207 58 
0 -130 -4.46297 239 205 58 
2 -130 -4.70375 239 205 58 
4 -130 -4.78912 239 205 58 
6 -130 -4.5725 239 205 58 
8 -130 -4.54234 239 205 58 
10 -130 -4.83189 239 205 58 
12 -130 -5.17804 241 203 58 
14 -130 -5.30502 241 203 58 
16 -130 -5.42965 242 201 58 
18 -130 -5.51268 242 201 58 
20 -130 -5.55303 242 201 58 
22 -130 -5.59189 242 201 58 
24 -130 -5.46841 242 201 58 
26 -130 -5.55203 242 201 58 
28 -130 -5.89101 242 201 58 
30 -130 -5.93707 244 199 58 
32 -130 -5.88795 242 201 58 
34 -130 -6.19663 244 199 58 
36 -130 -6.56295 245 197 58 
38 -130 -6.88287 245 197 58 
40 -130 -7.03965 246 195 58 
42 -130 -7.06864 246 195 58 
44 -130 -7.48179 247 193 58 
46 -130 -8.14774 248 190 57 
48 -130 -8.45799 249 188 57 
50 -130 -8.64729 249 188 57 
52 -130 -8.67463 249 188 57 
54 -130 -8.93054 250 186 57 
56 -130 -9.30919 250 186 57 
58 -130 -9.81544 251 184 56 
60 -130 -10.675 252 179 54 
62 -130 -11.0529 252 177 54 
64 -130 -11.0991 252 177 54 
66 -130 -11.337 252 177 54 
68 -130 -11.8332 253 174 53 
70 -130 -12.2297 253 172 52 
72 -130 -12.5172 254 169 51 
74 -130 -12.661 254 169 51 
76 -130 -13.1358 254 167 50 
78 -130 -14.3095 254 161 48 
80 -130 -14.9752 254 155 45 
82 -130 -15.3089 254 155 45 
84 -130 -15.6624 254 153 44 
86 -130 -17.0217 254 144 41 
-146 -132 23.8018 78 249 125 
-144 -132 24.6682 70 248 132 
-142 -132 24.244 74 248 128 
-140 -132 23.6691 78 249 125 
-138 -132 23.2045 82 250 122 
-136 -132 22.5872 89 251 115 
-134 -132 22.0241 93 252 111 
-132 -132 21.7869 93 252 111 
-130 -132 21.5375 97 252 108 
-128 -132 20.7505 101 253 105 
-126 -132 19.6222 113 254 95 
-124 -132 18.6049 121 254 89 
-122 -132 18.2605 121 254 89 
-120 -132 18.107 125 255 86 
-118 -132 17.6051 128 255 83 
-116 -132 17.141 128 255 83 
-114 -132 16.4702 136 255 78 
-112 -132 15.9651 139 255 75 
-110 -132 15.8605 139 255 75 
-108 -132 15.7227 139 255 75 
-106 -132 15.3446 143 255 73 
-104 -132 15.0754 146 255 71 
-102 -132 15.0046 146 255 71 
-100 -132 14.8903 146 255 71 
-98 -132 14.5474 150 254 68 
-96 -132 14.1105 153 254 66 
-94 -132 13.8562 153 254 66 
-92 -132 13.757 153 254 66 
-90 -132 13.6106 156 254 64 
-88 -132 13.4549 156 254 64 
-86 -132 13.3487 156 254 64 
-84 -132 13.1838 156 254 64 
-82 -132 13.0117 159 253 63 
-80 -132 13.1238 159 253 63 
-78 -132 13.1589 156 254 64 
-76 -132 12.9067 159 253 63 
-74 -132 12.7202 159 253 63 
-72 -132 12.5183 161 253 61 
-70 -132 12.3592 161 253 61 
-68 -132 12.4063 161 253 61 
-66 -132 12.329 161 253 61 
-64 -132 12.0627 164 252 60 
-62 -132 11.6548 164 252 60 
-60 -132 11.2928 167 252 58 
-58 -132 11.0651 169 251 57 
-56 -132 10.6244 172 251 56 
-54 -132 10.2208 172 251 56 
-52 -132 10.0097 175 250 55 
-50 -132 9.60606 177 249 54 
-48 -132 9.12945 177 249 54 
-46 -132 8.57922 183 247 53 
-44 -132 8.17277 183 247 53 
-42 -132 7.96805 185 246 53 
-40 -132 7.64521 185 246 53 
-38 -132 7.15663 188 245 52 
-36 -132 6.83304 190 244 52 
-34 -132 6.60184 193 243 52 
-32 -132 6.38414 193 243 52 
-30 -132 5.7293 195 241 52 
-28 -132 4.9587 200 239 52 
-26 -132 4.32935 203 237 52 
-24 -132 3.56787 208 234 52 
-22 -132 3.1573 208 234 52 
-20 -132 2.53456 212 231 53 
-18 -132 1.58617 217 228 54 
-16 -132 0.828707 219 226 54 
-14 -132 0.101758 223 223 55 
-12 -132 -0.558986 225 221 55 
-10 -132 -1.08304 227 219 56 
-8 -132 -1.31078 227 219 56 
-6 -132 -1.43187 229 217 56 
-4 -132 -2.04377 231 215 57 
-2 -132 -2.7041 233 213 57 
0 -132 -3.23942 235 211 57 
2 -132 -3.80945 236 209 58 
4 -132 -4.35733 238 207 58 
6 -132 -4.87572 239 205 58 
8 -132 -5.35596 241 203 58 
10 -132 -5.74006 242 201 58 
12 -132 -6.09872 244 199 58 
14 -132 -6.55049 245 197 58 
16 -132 -6.824 245 197 58 
18 -132 -6.95855 246 195 58 
20 -132 -7.23138 246 195 58 
22 -132 -7.58302 247 193 58 
24 -132 -7.83895 247 193 58 
26 -132 -7.90271 247 193 58 
28 -132 -8.34811 248 190 57 
30 -132 -8.69786 249 188 57 
32 -132 -8.7611 249 188 57 
34 -132 -8.78432 249 188 57 
36 -132 -8.92966 250 186 57 
38 -132 -8.95741 250 186 57 
40 -132 -8.84591 249 188 57 
42 -132 -8.98088 250 186 57 
44 -132 -9.19176 250 186 57 
46 -132 -9.19362 250 186 57 
48 -132 -8.94867 250 186 57 
50 -132 -8.95874 250 186 57 
52 -132 -8.99859 250 186 57 
54 -132 -9.10112 250 186 57 
56 -132 -9.44005 251 184 56 
58 -132 -9.631 251 184 56 
60 -132 -9.83302 251 184 56 
62 -132 -9.99186 251 182 55 
64 -132 -9.96131 251 182 55 
66 -132 -10.0235 251 182 55 
68 -132 -10.3751 251 182 55 
70 -132 -10.4941 252 179 54 
72 -132 -10.5463 252 179 54 
74 -132 -10.3843 251 182 55 
76 -132 -10.3109 251 182 55 
78 -132 -10.7632 252 179 54 
80 -132 -11.101 252 177 54 
82 -132 -11.2134 252 177 54 
84 -132 -11.0823 252 177 54 
86 -132 -14.2508 254 161 48 
-146 -134 27.8508 50 242 152 
-144 -134 28.9103 44 240 158 
-142 -134 28.7663 44 240 158 
-140 -134 28.3797 47 241 155 
-138 -134 28.228 47 241 155 
-136 -134 27.9305 50 242 152 
-134 -134 27.4459 53 243 148 
-132 -134 27.1913 53 243 148 
-130 -134 27.067 56 244 145 
-128 -134 26.3355 60 245 142 
-126 -134 25.1876 67 247 135 
-124 -134 24.204 74 248 128 
-122 -134 23.6782 78 249 125 
-120 -134 23.3548 82 250 122 
-118 -134 22.9372 85 250 118 
-116 -134 22.3138 89 251 115 
-114 -134 21.2093 97 252 108 
-112 -134 20.396 105 253 102 
-110 -134 20.1372 109 254 98 
-108 -134 19.639 113 254 95 
-106 -134 18.836 117 254 92 
-104 -134 18.2113 121 254 89 
-102 -134 17.868 125 255 86 
-100 -134 17.588 128 255 83 
-98 -134 16.7232 132 255 81 
-96 -134 15.6553 139 255 75 
-94 -134 14.8882 146 255 71 
-92 -134 14.4099 150 254 68 
-90 -134 14.1605 150 254 68 
-88 -134 13.6185 156 254 64 
-86 -134 12.8279 159 253 63 
-84 -134 12.2245 161 253 61 
-82 -134 11.7444 164 252 60 
-80 -134 11.3037 167 252 58 
-78 -134 10.8974 169 251 57 
-76 -134 10.6711 169 251 57 
-74 -134 10.5564 172 251 56 
-72 -134 10.1753 172 251 56 
-70 -134 9.81026 175 250 55 
-68 -134 9.62766 175 250 55 
-66 -134 9.43136 177 249 54 
-64 -134 9.37575 177 249 54 
-62 -134 9.26001 177 249 54 
-60 -134 8.90123 180 248 54 
-58 -134 8.51817 183 247 53 
-56 -134 8.12113 185 246 53 
-54 -134 8.05039 185 246 53 
-52 -134 8.12294 183 247 53 
-50 -134 8.00836 185 246 53 
-48 -134 7.96654 185 246 53 
-46 -134 7.77367 185 246 53 
-44 -134 7.52068 188 245 52 
-42 -134 7.5413 188 245 52 
-40 -134 7.67793 185 246 53 
-38 -134 7.51839 188 245 52 
-36 -134 7.30552 188 245 52 
-34 -134 7.29942 188 245 52 
-32 -134 7.28881 188 245 52 
-30 -134 7.13609 188 245 52 
-28 -134 6.96654 190 244 52 
-26 -134 6.77253 190 244 52 
-24 -134 6.3815 193 243 52 
-22 -134 6.27846 193 243 52 
-20 -134 6.20749 193 243 52 
-18 -134 5.94476 195 241 52 
-16 -134 5.74444 195 241 52 
-14 -134 5.37767 198 240 52 
-12 -134 4.75612 200 239 52 
-10 -134 4.12131 203 237 52 
-8 -134 4.07343 205 236 52 
-6 -134 4.00764 205 236 52 
-4 -134 3.26799 208 234 52 
-2 -134 2.79982 210 233 53 
0 -134 2.64105 210 233 53 
2 -134 2.42122 212 231 53 
4 -134 1.99345 215 229 53 
6 -134 1.32193 217 228 54 
8 -134 0.65877 219 226 54 
10 -134 0.178342 221 224 55 
12 -134 -0.231538 223 223 55 
14 -134 -0.805646 225 221 55 
16 -134 -1.37389 227 219 56 
18 -134 -1.83239 229 217 56 
20 -134 -2.46088 233 213 57 
22 -134 -3.04873 235 211 57 
24 -134 -3.67871 236 209 58 
26 -134 -4.22104 238 207 58 
28 -134 -5.07724 241 203 58 
30 -134 -5.89427 242 201 58 
32 -134 -6.47751 245 197 58 
34 -134 -7.07977 246 195 58 
36 -134 -7.64026 247 193 58 
38 -134 -7.6794 247 193 58 
40 -134 -7.4735 247 193 58 
42 -134 -7.99225 248 190 57 
44 -134 -8.53584 249 188 57 
46 -134 -8.67887 249 188 57 
48 -134 -8.74435 249 188 57 
50 -134 -8.97646 250 186 57 
52 -134 -9.40749 250 186 57 
54 -134 -9.81398 251 184 56 
56 -134 -10.0787 251 182 55 
58 -134 -10.2406 251 182 55 
60 -134 -10.3639 251 182 55 
62 -134 -10.3209 251 182 55 
64 -134 -10.5014 252 179 54 
66 -134 -10.8474 252 179 54 
68 -134 -11.1452 252 177 54 
70 -134 -11.4379 253 174 53 
72 -134 -12.2378 253 172 52 
74 -134 -12.6421 254 169 51 
76 -134 -12.587 254 169 51 
78 -134 -12.8669 254 169 51 
80 -134 -13.2648 254 167 50 
82 -134 -13.5329 254 164 49 
84 -134 -13.2864 254 167 50 
-154 -136 38.4617 26 212 208 
-152 -136 37.0873 24 217 200 
-150 -136 35.3607 24 222 192 
-148 -136 31.3903 32 234 172 
-146 -136 28.1906 47 241 155 
-144 -136 27.1028 56 244 145 
-142 -136 26.6592 60 245 142 
-140 -136 26.3811 60 245 142 
-138 -136 26.3724 60 245 142 
-136 -136 26.3625 60 245 142 
-134 -136 26.1948 60 245 142 
-132 -136 25.884 63 246 138 
-130 -136 25.7657 63 246 138 
-128 -136 25.7446 63 246 138 
-126 -136 25.4972 67 247 135 
-124 -136 25.1796 67 247 135 
-122 -136 24.8453 70 248 132 
-120 -136 24.6758 70 248 132 
-118 -136 24.6936 70 248 132 
-116 -136 24.5896 74 248 128 
-114 -136 24.2268 74 248 128 
-112 -136 23.8931 78 249 125 
-110 -136 23.6755 78 249 125 
-108 -136 23.3262 82 250 122 
-106 -136 22.9998 85 250 118 
-104 -136 22.7181 85 250 118 
-102 -136 22.4921 89 251 115 
-100 -136 22.2893 89 251 115 
-98 -136 21.718 93 252 111 
-96 -136 21.1305 101 253 105 
-94 -136 20.56 105 253 102 
-92 -136 19.946 109 254 98 
-90 -136 19.584 113 254 95 
-88 -136 19.1834 113 254 95 
-86 -136 18.4479 121 254 89 
-84 -136 17.8361 125 255 86 
-82 -136 17.169 128 255 83 
-80 -136 16.1698 136 255 78 
-78 -136 15.4442 143 255 73 
-76 -136 15.1337 146 255 71 
-74 -136 14.6561 146 255 71 
-72 -136 13.9376 153 254 66 
-70 -136 13.346 156 254 64 
-68 -136 12.7572 159 253 63 
-66 -136 12.0139 164 252 60 
-64 -136 11.4092 167 252 58 
-62 -136 11.1641 167 252 58 
-60 -136 10.7291 169 251 57 
-58 -136 10.1874 172 251 56 
-56 -136 9.66016 175 250 55 
-54 -136 9.07572 180 248 54 
-52 -136 8.41536 183 247 53 
-50 -136 7.88579 185 246 53 
-48 -136 7.60849 188 245 52 
-46 -136 6.92562 190 244 52 
-44 -136 6.06993 195 241 52 
-42 -136 5.81247 195 241 52 
-40 -136 5.86933 195 241 52 
-38 -136 5.69766 195 241 52 
-36 -136 5.30182 198 240 52 
-34 -136 4.82059 200 239 52 
-32 -136 4.53946 203 237 52 
-30 -136 4.26338 203 237 52 
-28 -136 4.00138 205 236 52 
-26 -136 3.82441 205 236 52 
-24 -136 3.55726 208 234 52 
-22 -136 3.37187 208 234 52 
-20 -136 3.29119 208 234 52 
-18 -136 3.2702 208 234 52 
-16 -136 3.25893 208 234 52 
-14 -136 3.03938 210 233 53 
-12 -136 2.89024 210 233 53 
-10 -136 2.89436 210 233 53 
-8 -136 2.89978 210 233 53 
-6 -136 2.82925 210 233 53 
-4 -136 2.54601 212 231 53 
-2 -136 2.47076 212 231 53 
0 -136 2.44111 212 231 53 
2 -136 2.36493 212 231 53 
4 -136 2.39638 212 231 53 
6 -136 2.26738 212 231 53 
8 -136 1.96034 215 229 53 
10 -136 1.78349 215 229 53 
12 -136 1.69194 215 229 53 
14 -136 1.61666 215 229 53 
16 -136 1.49824 217 228 54 
18 -136 1.39863 217 228 54 
20 -136 1.02578 219 226 54 
22 -136 0.594578 221 224 55 
24 -136 0.438548 221 224 55 
26 -136 0.263328 221 224 55 
28 -136 -0.188976 223 223 55 
30 -136 -0.538819 225 221 55 
32 -136 -1.00695 227 219 56 
34 -136 -1.64498 229 217 56 
36 -136 -2.0424 231 215 57 
38 -136 -2.15789 231 215 57 
40 -136 -2.2397 231 215 57 
42 -136 -2.72212 233 213 57 
44 -136 -3.19327 235 211 57 
46 -136 -3.66247 236 209 58 
48 -136 -4.35439 238 207 58 
50 -136 -4.78351 239 205 58 
52 -136 -4.97334 241 203 58 
54 -136 -5.22161 241 203 58 
56 -136 -5.39619 241 203 58 
58 -136 -5.75421 242 201 58 
60 -136 -6.29454 244 199 58 
62 -136 -6.70341 245 197 58 
64 -136 -7.23745 246 195 58 
66 -136 -7.67601 247 193 58 
68 -136 -7.87197 247 193 58 
70 -136 -8.21243 248 190 57 
72 -136 -8.97613 250 186 57 
74 -136 -9.72923 251 184 56 
76 -136 -10.0909 251 182 55 
78 -136 -10.2629 251 182 55 
80 -136 -10.6203 252 179 54 
82 -136 -11.443 253 174 53 
84 -136 -12.7954 254 169 51 
-146 -138 31.8965 31 233 175 
-144 -138 29.4592 42 239 161 
-142 -138 28.6485 47 241 155 
-140 -138 27.8348 50 242 152 
-138 -138 27.496 53 243 148 
-136 -138 27.1679 53 243 148 
-134 -138 26.3605 60 245 142 
-132 -138 25.5458 67 247 135 
-130 -138 25.2492 67 247 135 
-128 -138 25.1035 70 248 132 
-126 -138 24.4719 74 248 128 
-124 -138 23.8493 78 249 125 
-122 -138 23.2423 82 250 122 
-120 -138 22.7258 85 250 118 
-118 -138 22.3467 89 251 115 
-116 -138 22.0899 93 252 111 
-114 -138 21.9915 93 252 111 
-112 -138 21.7862 93 252 111 
-110 -138 21.3735 97 252 108 
-108 -138 20.9765 101 253 105 
-106 -138 20.8021 101 253 105 
-104 -138 20.6587 101 253 105 
-102 -138 20.5019 105 253 102 
-100 -138 20.3951 105 253 102 
-98 -138 20.1153 109 254 98 
-96 -138 20.0518 109 254 98 
-94 -138 20.0078 109 254 98 
-92 -138 19.7925 109 254 98 
-90 -138 19.5605 113 254 95 
-88 -138 19.5341 113 254 95 
-86 -138 19.5741 113 254 95 
-84 -138 19.3545 113 254 95 
-82 -138 18.8388 117 254 92 
-80 -138 18.3762 121 254 89 
-78 -138 18.2061 121 254 89 
-76 -138 17.8749 125 255 86 
-74 -138 17.5492 128 255 83 
-72 -138 17.3677 128 255 83 
-70 -138 17.1605 128 255 83 
-68 -138 16.8747 132 255 81 
-66 -138 16.5026 136 255 78 
-64 -138 16.0906 139 255 75 
-62 -138 15.7435 139 255 75 
-60 -138 15.4699 143 255 73 
-58 -138 15.4842 143 255 73 
-56 -138 15.2772 143 255 73 
-54 -138 14.5862 150 254 68 
-52 -138 13.8841 153 254 66 
-50 -138 13.4576 156 254 64 
-48 -138 13.0528 159 253 63 
-46 -138 12.2477 161 253 61 
-44 -138 11.3796 167 252 58 
-42 -138 10.7815 169 251 57 
-40 -138 10.404 172 251 56 
-38 -138 10.1297 172 251 56 
-36 -138 9.73543 175 250 55 
-34 -138 9.06949 180 248 54 
-32 -138 8.46982 183 247 53 
-30 -138 7.59714 188 245 52 
-28 -138 6.91016 190 244 52 
-26 -138 6.671 190 244 52 
-24 -138 6.14025 193 243 52 
-22 -138 5.11839 198 240 52 
-20 -138 4.43931 203 237 52 
-18 -138 4.4368 203 237 52 
-16 -138 4.26002 203 237 52 
-14 -138 3.49251 208 234 52 
-12 -138 3.04754 210 233 53 
-10 -138 2.90189 210 233 53 
-8 -138 2.38888 212 231 53 
-6 -138 1.90412 215 229 53 
-4 -138 1.69323 215 229 53 
-2 -138 1.46246 217 228 54 
0 -138 0.95055 219 226 54 
2 -138 0.424021 221 224 55 
4 -138 0.158586 221 224 55 
6 -138 -0.248416 223 223 55 
8 -138 -0.801086 225 221 55 
10 -138 -1.19674 227 219 56 
12 -138 -1.35778 227 219 56 
14 -138 -1.43328 229 217 56 
16 -138 -1.44422 229 217 56 
18 -138 -1.25551 227 219 56 
20 -138 -1.3637 227 219 56 
22 -138 -1.76578 229 217 56 
24 -138 -1.95855 231 215 57 
26 -138 -1.81513 229 217 56 
28 -138 -1.70031 229 217 56 
30 -138 -1.74829 229 217 56 
32 -138 -2.05362 231 215 57 
34 -138 -2.30273 231 215 57 
36 -138 -2.08749 231 215 57 
38 -138 -2.00445 231 215 57 
40 -138 -2.1946 231 215 57 
42 -138 -2.4144 233 213 57 
44 -138 -2.70039 233 213 57 
46 -138 -3.01698 235 211 57 
48 -138 -3.35594 235 211 57 
50 -138 -3.44995 236 209 58 
52 -138 -3.43258 236 209 58 
54 -138 -3.4509 236 209 58 
56 -138 -3.38432 235 211 57 
58 -138 -3.73742 236 209 58 
60 -138 -4.1546 238 207 58 
62 -138 -4.29134 238 207 58 
64 -138 -4.5113 239 205 58 
66 -138 -4.69948 239 205 58 
68 -138 -4.62008 239 205 58 
70 -138 -4.67861 239 205 58 
72 -138 -4.95415 241 203 58 
74 -138 -5.31456 241 203 58 
76 -138 -5.61772 242 201 58 
78 -138 -5.48446 242 201 58 
80 -138 -5.19858 241 203 58 
82 -138 -5.07273 241 203 58 
84 -138 -8.34969 248 190 57 
-146 -140 37.1457 24 217 200 
-144 -140 35.3742 24 222 192 
-142 -140 35.0621 24 224 189 
-140 -140 34.37 25 226 187 
-138 -140 33.9726 25 227 185 
-136 -140 33.6001 26 228 182 
-134 -140 32.7472 28 230 180 
-132 -140 31.9638 31 233 175 
-130 -140 31.5227 32 234 172 
-128 -140 30.956 34 235 170 
-126 -140 30.0594 39 238 164 
-124 -140 29.4203 42 239 161 
-122 -140 28.8477 44 240 158 
-120 -140 28.0752 50 242 152 
-118 -140 27.0411 56 244 145 
-116 -140 26.0165 63 246 138 
-114 -140 25.3954 67 247 135 
-112 -140 24.6265 74 248 128 
-110 -140 23.6792 78 249 125 
-108 -140 22.8886 85 250 118 
-106 -140 22.0714 93 252 111 
-104 -140 21.5012 97 252 108 
-102 -140 20.9949 101 253 105 
-100 -140 20.3231 105 253 102 
-98 -140 19.4747 113 254 95 
-96 -140 19.0338 117 254 92 
-94 -140 18.8725 117 254 92 
-92 -140 18.6685 117 254 92 
-90 -140 18.3104 121 254 89 
-88 -140 17.8553 125 255 86 
-86 -140 17.6867 125 255 86 
-84 -140 17.3385 128 255 83 
-82 -140 16.8234 132 255 81 
-80 -140 16.5652 136 255 78 
-78 -140 16.3605 136 255 78 
-76 -140 15.8899 139 255 75 
-74 -140 15.4845 143 255 73 
-72 -140 15.2132 143 255 73 
-70 -140 15.0765 146 255 71 
-68 -140 14.929 146 255 71 
-66 -140 14.775 146 255 71 
-64 -140 14.8083 146 255 71 
-62 -140 14.6116 150 254 68 
-60 -140 14.1422 150 254 68 
-58 -140 14.0549 153 254 66 
-56 -140 14.1098 153 254 66 
-54 -140 13.9263 153 254 66 
-52 -140 13.7482 153 254 66 
-50 -140 13.8028 153 254 66 
-48 -140 13.7759 153 254 66 
-46 -140 13.5596 156 254 64 
-44 -140 13.4221 156 254 64 
-42 -140 13.1493 156 254 64 
-40 -140 12.8475 159 253 63 
-38 -140 12.7681 159 253 63 
-36 -140 12.6447 159 253 63 
-34 -140 12.3306 161 253 61 
-32 -140 12.1517 161 253 61 
-30 -140 11.8364 164 252 60 
-28 -140 11.5435 167 252 58 
-26 -140 11.4178 167 252 58 
-24 -140 10.9157 169 251 57 
-22 -140 10.1014 175 250 55 
-20 -140 9.68884 175 250 55 
-18 -140 9.62925 175 250 55 
-16 -140 9.40537 177 249 54 
-14 -140 9.00136 180 248 54 
-12 -140 8.74726 180 248 54 
-10 -140 8.33132 183 247 53 
-8 -140 7.70881 185 246 53 
-6 -140 7.14444 188 245 52 
-4 -140 6.81669 190 244 52 
-2 -140 6.45786 193 243 52 
0 -140 5.75928 195 241 52 
2 -140 4.97959 200 239 52 
4 -140 4.40545 203 237 52 
6 -140 3.93338 205 236 52 
8 -140 3.1374 208 234 52 
10 -140 1.8773 215 229 53 
12 -140 0.960192 219 226 54 
14 -140 0.538969 221 224 55 
16 -140 0.209278 221 224 55 
18 -140 -0.03144 223 223 55 
20 -140 -0.370886 223 223 55 
22 -140 -1.13036 227 219 56 
24 -140 -1.5595 229 217 56 
26 -140 -1.35641 227 219 56 
28 -140 -1.34032 227 219 56 
30 -140 -1.62855 229 217 56 
32 -140 -2.07032 231 215 57 
34 -140 -2.66476 233 213 57 
36 -140 -3.04874 235 211 57 
38 -140 -3.21421 235 211 57 
40 -140 -3.56903 236 209 58 
42 -140 -4.00082 238 207 58 
44 -140 -4.2616 238 207 58 
46 -140 -4.26613 238 207 58 
48 -140 -4.36511 238 207 58 
50 -140 -4.61812 239 205 58 
52 -140 -4.92506 241 203 58 
54 -140 -4.96035 241 203 58 
56 -140 -4.97103 241 203 58 
58 -140 -5.27321 241 203 58 
60 -140 -5.48176 242 201 58 
62 -140 -5.29643 241 203 58 
64 -140 -5.20182 241 203 58 
66 -140 -5.38514 241 203 58 
68 -140 -5.61203 242 201 58 
70 -140 -5.99437 244 199 58 
72 -140 -6.24815 244 199 58 
74 -140 -6.12109 244 199 58 
76 -140 -6.20719 244 199 58 
78 -140 -6.71792 245 197 58 
80 -140 -7.05721 246 195 58 
82 -140 -6.31055 244 199 58 
-146 -142 37.906 25 213 205 
-144 -142 34.4306 25 226 187 
-142 -142 34.2525 25 226 187 
-140 -142 34.189 25 226 187 
-138 -142 34.1555 25 227 185 
-136 -142 34.0054 25 227 185 
-134 -142 33.6601 26 228 182 
-132 -142 33.4677 26 228 182 
-130 -142 33.2932 26 228 182 
-128 -142 32.82 28 230 180 
-126 -142 32.373 29 231 178 
-124 -142 32.2823 29 231 178 
-122 -142 32.1447 31 233 175 
-120 -142 31.682 31 233 175 
-118 -142 31.2163 32 234 172 
-116 -142 30.7138 34 235 170 
-114 -142 30.204 37 236 167 
-112 -142 29.6845 39 238 164 
-110 -142 29.2122 42 239 161 
-108 -142 28.9046 44 240 158 
-106 -142 28.3854 47 241 155 
-104 -142 27.8436 50 242 152 
-102 -142 27.3226 53 243 148 
-100 -142 26.5999 60 245 142 
-98 -142 25.6538 67 247 135 
-96 -142 24.9346 70 248 132 
-94 -142 24.4739 74 248 128 
-92 -142 24.0977 78 249 125 
-90 -142 23.6422 82 250 122 
-88 -142 22.8556 85 250 118 
-86 -142 22.2237 89 251 115 
-84 -142 21.6885 93 252 111 
-82 -142 21.0881 101 253 105 
-80 -142 20.5019 105 253 102 
-78 -142 19.8726 109 254 98 
-76 -142 19.5123 113 254 95 
-74 -142 18.9289 117 254 92 
-72 -142 17.9811 125 255 86 
-70 -142 17.1119 132 255 81 
-68 -142 16.5236 136 255 78 
-66 -142 16.048 139 255 75 
-64 -142 15.539 143 255 73 
-62 -142 14.968 146 255 71 
-60 -142 14.1456 150 254 68 
-58 -142 13.3438 156 254 64 
-56 -142 12.7875 159 253 63 
-54 -142 12.5404 161 253 61 
-52 -142 12.4124 161 253 61 
-50 -142 12.2715 161 253 61 
-48 -142 11.9801 164 252 60 
-46 -142 11.6477 164 252 60 
-44 -142 11.524 167 252 58 
-42 -142 11.3183 167 252 58 
-40 -142 10.8465 169 251 57 
-38 -142 10.4291 172 251 56 
-36 -142 10.2552 172 251 56 
-34 -142 10.1975 172 251 56 
-32 -142 10.0628 175 250 55 
-30 -142 9.80908 175 250 55 
-28 -142 9.5419 177 249 54 
-26 -142 9.28262 177 249 54 
-24 -142 9.11162 180 248 54 
-22 -142 9.1749 177 249 54 
-20 -142 9.26005 177 249 54 
-18 -142 9.09325 180 248 54 
-16 -142 8.91246 180 248 54 
-14 -142 8.74987 180 248 54 
-12 -142 8.64614 180 248 54 
-10 -142 8.64794 180 248 54 
-8 -142 8.7682 180 248 54 
-6 -142 8.5682 183 247 53 
-4 -142 8.25862 183 247 53 
-2 -142 8.17693 183 247 53 
0 -142 8.05286 185 246 53 
2 -142 7.70254 185 246 53 
4 -142 7.3915 188 245 52 
6 -142 7.33348 188 245 52 
8 -142 6.78718 190 244 52 
10 -142 5.9304 195 241 52 
12 -142 5.65536 195 241 52 
14 -142 5.47279 198 240 52 
16 -142 5.28246 198 240 52 
18 -142 5.03269 200 239 52 
20 -142 4.68581 200 239 52 
22 -142 4.06132 205 236 52 
24 -142 3.77265 205 236 52 
26 -142 3.90394 205 236 52 
28 -142 3.87048 205 236 52 
30 -142 3.90107 205 236 52 
32 -142 3.71199 205 236 52 
34 -142 2.77725 210 233 53 
36 -142 1.60705 217 228 54 
38 -142 0.936678 219 226 54 
40 -142 0.397616 221 224 55 
42 -142 -0.161353 223 223 55 
44 -142 -0.423973 225 221 55 
46 -142 -0.630732 225 221 55 
48 -142 -0.838117 225 221 55 
50 -142 -1.09047 227 219 56 
52 -142 -1.68637 229 217 56 
54 -142 -2.35514 231 215 57 
56 -142 -2.76432 233 213 57 
58 -142 -3.28421 235 211 57 
60 -142 -3.77252 236 209 58 
62 -142 -3.56422 236 209 58 
64 -142 -3.27005 235 211 57 
66 -142 -3.64823 236 209 58 
68 -142 -4.39881 238 207 58 
70 -142 -5.19583 241 203 58 
72 -142 -5.64289 242 201 58 
74 -142 -5.68959 242 201 58 
76 -142 -5.84785 242 201 58 
78 -142 -6.84233 245 197 58 
-146 -144 41.1114 31 201 221 
-144 -144 33.7555 25 227 185 
-142 -144 32.9778 28 230 180 
-140 -144 32.7389 28 230 180 
-138 -144 32.4751 29 231 178 
-136 -144 32.1082 31 233 175 
-134 -144 31.5767 32 234 172 
-132 -144 31.3896 32 234 172 
-130 -144 31.2902 32 234 172 
-128 -144 30.7987 34 235 170 
-126 -144 30.2701 37 236 167 
-124 -144 30.0742 39 238 164 
-122 -144 29.8487 39 238 164 
-120 -144 29.4579 42 239 161 
-118 -144 29.0934 44 240 158 
-116 -144 28.9535 44 240 158 
-114 -144 28.7141 44 240 158 
-112 -144 28.4233 47 241 155 
-110 -144 28.335 47 241 155 
-108 -144 28.4191 47 241 155 
-106 -144 28.38 47 241 155 
-104 -144 28.0945 50 242 152 
-102 -144 27.8953 50 242 152 
-100 -144 27.8079 50 242 152 
-98 -144 27.4932 53 243 148 
-96 -144 27.0942 56 244 145 
-94 -144 26.8653 56 244 145 
-92 -144 26.6395 60 245 142 
-90 -144 26.3701 60 245 142 
-88 -144 25.9555 63 246 138 
-86 -144 25.5845 67 247 135 
-84 -144 25.4447 67 247 135 
-82 -144 25.3163 67 247 135 
-80 -144 25.02 70 248 132 
-78 -144 24.7179 70 248 132 
-76 -144 24.8033 70 248 132 
-74 -144 24.5085 74 248 128 
-72 -144 23.8849 78 249 125 
-70 -144 23.1066 85 250 118 
-68 -144 22.6212 89 251 115 
-66 -144 22.333 89 251 115 
-64 -144 21.6228 97 252 108 
-62 -144 20.9904 101 253 105 
-60 -144 20.4454 105 253 102 
-58 -144 19.6703 109 254 98 
-56 -144 18.9223 117 254 92 
-54 -144 18.6934 117 254 92 
-52 -144 18.3969 121 254 89 
-50 -144 17.7986 125 255 86 
-48 -144 17.173 128 255 83 
-46 -144 16.4688 136 255 78 
-44 -144 16.0533 139 255 75 
-42 -144 15.6047 143 255 73 
-40 -144 14.673 146 255 71 
-38 -144 13.6111 156 254 64 
-36 -144 12.8755 159 253 63 
-34 -144 12.6042 161 253 61 
-32 -144 12.2096 161 253 61 
-30 -144 11.7253 164 252 60 
-28 -144 11.1268 169 251 57 
-26 -144 10.1883 172 251 56 
-24 -144 9.52959 177 249 54 
-22 -144 9.27442 177 249 54 
-20 -144 9.10453 180 248 54 
-18 -144 8.77307 180 248 54 
-16 -144 8.30357 183 247 53 
-14 -144 7.74022 185 246 53 
-12 -144 7.25704 188 245 52 
-10 -144 6.95783 190 244 52 
-8 -144 6.67448 190 244 52 
-6 -144 6.21492 193 243 52 
-4 -144 5.99372 195 241 52 
-2 -144 5.89114 195 241 52 
0 -144 5.76671 195 241 52 
2 -144 5.33023 198 240 52 
4 -144 4.97751 200 239 52 
6 -144 5.09948 200 239 52 
8 -144 4.90174 200 239 52 
10 -144 4.39396 203 237 52 
12 -144 4.24423 203 237 52 
14 -144 4.18598 203 237 52 
16 -144 4.13166 203 237 52 
18 -144 4.06705 205 236 52 
20 -144 4.01924 205 236 52 
22 -144 3.90547 205 236 52 
24 -144 3.73247 205 236 52 
26 -144 3.71281 205 236 52 
28 -144 3.79667 205 236 52 
30 -144 4.01624 205 236 52 
32 -144 4.04647 205 236 52 
34 -144 3.70942 205 236 52 
36 -144 3.26191 208 234 52 
38 -144 2.82313 210 233 53 
40 -144 2.44256 212 231 53 
42 -144 2.39597 212 231 53 
44 -144 2.46563 212 231 53 
46 -144 2.18536 212 231 53 
48 -144 2.0118 215 229 53 
50 -144 2.01086 215 229 53 
52 -144 1.6748 215 229 53 
54 -144 1.29454 217 228 54 
56 -144 1.12926 217 228 54 
58 -144 0.46426 221 224 55 
60 -144 -0.141717 223 223 55 
62 -144 0.045574 223 223 55 
64 -144 0.27004 221 224 55 
66 -144 -0.05936 223 223 55 
68 -144 -0.533803 225 221 55 
70 -144 -1.0206 227 219 56 
72 -144 -1.37589 227 219 56 
74 -144 -1.37234 227 219 56 
76 -144 -1.48592 229 217 56 
78 -144 -2.12863 231 215 57 
80 -144 -3.03185 235 211 57 
82 -144 -3.77682 236 209 58 
-146 -146 46.9174 51 173 247 
-144 -146 39.4883 27 208 213 
-142 -146 38.6204 26 212 208 
-140 -146 37.93 25 213 205 
-138 -146 37.3513 24 215 202 
-136 -146 36.9384 24 217 200 
-134 -146 36.0633 24 221 194 
-132 -146 35.4451 24 222 192 
-130 -146 35.0999 24 224 189 
-128 -146 34.5952 25 226 187 
-126 -146 33.9483 25 227 185 
-124 -146 33.1136 28 230 180 
-122 -146 32.2218 29 231 178 
-120 -146 31.425 32 234 172 
-118 -146 30.8457 34 235 170 
-116 -146 30.5392 37 236 167 
-114 -146 29.9443 39 238 164 
-112 -146 28.9971 44 240 158 
-110 -146 28.512 47 241 155 
-108 -146 28.4513 47 241 155 
-106 -146 28.129 50 242 152 
-104 -146 27.2896 53 243 148 
-102 -146 26.4721 60 245 142 
-100 -146 26.104 63 246 138 
-98 -146 25.6023 67 247 135 
-96 -146 25.1122 70 248 132 
-94 -146 24.8142 70 248 132 
-92 -146 24.474 74 248 128 
-90 -146 24.1152 78 249 125 
-88 -146 23.918 78 249 125 
-86 -146 23.8709 78 249 125 
-84 -146 23.8172 78 249 125 
-82 -146 23.7698 78 249 125 
-80 -146 23.6815 78 249 125 
-78 -146 23.4436 82 250 122 
-76 -146 23.2895 82 250 122 
-74 -146 23.0048 85 250 118 
-72 -146 22.6705 85 250 118 
-70 -146 22.352 89 251 115 
-68 -146 22.301 89 251 115 
-66 -146 22.3372 89 251 115 
-64 -146 22.182 89 251 115 
-62 -146 21.9732 93 252 111 
-60 -146 21.7602 93 252 111 
-58 -146 21.4983 97 252 108 
-56 -146 21.3641 97 252 108 
-54 -146 21.4309 97 252 108 
-52 -146 21.2819 97 252 108 
-50 -146 20.9473 101 253 105 
-48 -146 20.6342 105 253 102 
-46 -146 20.298 105 253 102 
-44 -146 20.0099 109 254 98 
-42 -146 19.6283 113 254 95 
-40 -146 19.1368 117 254 92 
-38 -146 18.7473 117 254 92 
-36 -146 18.3533 121 254 89 
-34 -146 18.0306 125 255 86 
-32 -146 17.9438 125 255 86 
-30 -146 17.8279 125 255 86 
-28 -146 17.2998 128 255 83 
-26 -146 16.4186 136 255 78 
-24 -146 15.6674 139 255 75 
-22 -146 15.1639 143 255 73 
-20 -146 14.7509 146 255 71 
-18 -146 14.4631 150 254 68 
-16 -146 14.2388 150 254 68 
-14 -146 13.8317 153 254 66 
-12 -146 13.0809 159 253 63 
-10 -146 12.124 164 252 60 
-8 -146 11.2986 167 252 58 
-6 -146 10.8099 169 251 57 
-4 -146 10.2545 172 251 56 
-2 -146 9.61157 177 249 54 
0 -146 9.08373 180 248 54 
2 -146 8.26048 183 247 53 
4 -146 7.48349 188 245 52 
6 -146 7.39272 188 245 52 
8 -146 7.17348 188 245 52 
10 -146 6.45638 193 243 52 
12 -146 5.71068 195 241 52 
14 -146 5.17807 198 240 52 
16 -146 4.65978 200 239 52 
18 -146 4.23372 203 237 52 
20 -146 4.07497 205 236 52 
22 -146 3.83212 205 236 52 
24 -146 3.26045 208 234 52 
26 -146 2.82441 210 233 53 
28 -146 2.64051 210 233 53 
30 -146 2.30072 212 231 53 
32 -146 1.92682 215 229 53 
34 -146 1.54124 217 228 54 
36 -146 1.28217 217 228 54 
38 -146 1.16618 217 228 54 
40 -146 0.937609 219 226 54 
42 -146 0.723679 219 226 54 
44 -146 0.617563 219 226 54 
46 -146 0.467341 221 224 55 
48 -146 0.462548 221 224 55 
50 -146 0.480082 221 224 55 
52 -146 0.404311 221 224 55 
54 -146 0.398411 221 224 55 
56 -146 0.271013 221 224 55 
58 -146 -0.220339 223 223 55 
60 -146 -0.298727 223 223 55 
62 -146 -0.066897 223 223 55 
64 -146 -0.127055 223 223 55 
66 -146 -0.437532 225 221 55 
68 -146 -0.451069 225 221 55 
70 -146 -0.660115 225 221 55 
72 -146 -0.652875 225 221 55 
74 -146 -0.348959 223 223 55 
76 -146 -0.508382 225 221 55 
78 -146 -1.03524 227 219 56 
80 -146 -1.39897 227 219 56 
82 -146 -1.6787 229 217 56 
-146 -148 48.3133 56 165 251 
-144 -148 40.9317 31 201 221 
-142 -148 40.3407 30 203 218 
-140 -148 40.1246 28 205 216 
-138 -148 40.0559 28 205 216 
-136 -148 39.9648 28 205 216 
-134 -148 39.5441 27 208 213 
-132 -148 39.0899 26 210 210 
-130 -148 38.8059 26 210 210 
-128 -148 38.6717 26 212 208 
-126 -148 38.3639 26 212 208 
-124 -148 37.6454 24 215 202 
-122 -148 37.1436 24 217 200 
-120 -148 36.7139 24 217 200 
-118 -148 36.2274 24 219 197 
-116 -148 35.9089 24 221 194 
-114 -148 35.6061 24 222 192 
-112 -148 35.0869 24 224 189 
-110 -148 34.7465 24 224 189 
-108 -148 34.5628 25 226 187 
-106 -148 33.9881 25 227 185 
-104 -148 32.7716 28 230 180 
-102 -148 31.6339 32 234 172 
-100 -148 31.1567 34 235 170 
-98 -148 30.3332 37 236 167 
-96 -148 29.2938 42 239 161 
-94 -148 28.3769 47 241 155 
-92 -148 27.882 50 242 152 
-90 -148 27.5188 53 243 148 
-88 -148 27.0169 56 244 145 
-86 -148 26.5382 60 245 142 
-84 -148 26.0376 63 246 138 
-82 -148 25.709 63 246 138 
-80 -148 25.5804 67 247 135 
-78 -148 25.2033 67 247 135 
-76 -148 24.3393 74 248 128 
-74 -148 23.3966 82 250 122 
-72 -148 22.5616 89 251 115 
-70 -148 21.7554 93 252 111 
-68 -148 21.3546 97 252 108 
-66 -148 21.1788 97 252 108 
-64 -148 20.8991 101 253 105 
-62 -148 20.605 105 253 102 
-60 -148 20.3907 105 253 102 
-58 -148 20.027 109 254 98 
-56 -148 19.6993 109 254 98 
-54 -148 19.4069 113 254 95 
-52 -148 19.0297 117 254 92 
-50 -148 18.6428 121 254 89 
-48 -148 18.2793 121 254 89 
-46 -148 18.1615 121 254 89 
-44 -148 18.0327 125 255 86 
-42 -148 17.7841 125 255 86 
-40 -148 17.6883 125 255 86 
-38 -148 17.7992 125 255 86 
-36 -148 17.635 128 255 83 
-34 -148 17.3936 128 255 83 
-32 -148 17.265 128 255 83 
-30 -148 17.1301 132 255 81 
-28 -148 16.9797 132 255 81 
-26 -148 16.8757 132 255 81 
-24 -148 16.7309 132 255 81 
-22 -148 16.6024 136 255 78 
-20 -148 16.345 136 255 78 
-18 -148 16.2772 136 255 78 
-16 -148 16.4473 136 255 78 
-14 -148 16.2662 136 255 78 
-12 -148 15.6433 139 255 75 
-10 -148 15.2084 143 255 73 
-8 -148 15.058 146 255 71 
-6 -148 14.9048 146 255 71 
-4 -148 14.5614 150 254 68 
-2 -148 14.1594 150 254 68 
0 -148 13.8633 153 254 66 
2 -148 13.4675 156 254 64 
4 -148 12.9734 159 253 63 
6 -148 12.6314 159 253 63 
8 -148 12.2433 161 253 61 
10 -148 11.8847 164 252 60 
12 -148 11.671 164 252 60 
14 -148 11.3969 167 252 58 
16 -148 10.9368 169 251 57 
18 -148 10.177 172 251 56 
20 -148 9.56675 177 249 54 
22 -148 9.21541 177 249 54 
24 -148 8.73798 180 248 54 
26 -148 8.34539 183 247 53 
28 -148 8.05262 185 246 53 
30 -148 7.4429 188 245 52 
32 -148 6.78997 190 244 52 
34 -148 5.81219 195 241 52 
36 -148 4.9718 200 239 52 
38 -148 4.7447 200 239 52 
40 -148 4.41072 203 237 52 
42 -148 3.85513 205 236 52 
44 -148 3.35243 208 234 52 
46 -148 2.74024 210 233 53 
48 -148 2.20256 212 231 53 
50 -148 1.82957 215 229 53 
52 -148 1.80524 215 229 53 
54 -148 1.67604 215 229 53 
56 -148 1.22406 217 228 54 
58 -148 0.768828 219 226 54 
60 -148 0.484539 221 224 55 
62 -148 0.128997 221 224 55 
64 -148 -0.358745 223 223 55 
66 -148 -0.790537 225 221 55 
68 -148 -0.593776 225 221 55 
70 -148 -0.776773 225 221 55 
72 -148 -0.932385 227 219 56 
74 -148 -1.33961 227 219 56 
76 -148 -2.18682 231 215 57 
78 -148 -3.04934 235 211 57 
80 -148 -3.80462 236 209 58 
82 -148 -4.12916 238 207 58 
-146 -150 48.4564 56 165 251 
-144 -150 39.9715 28 205 216 
-142 -150 38.8918 26 210 210 
-140 -150 38.5355 26 212 208 
-138 -150 38.1979 26 212 208 
-136 -150 37.6139 24 215 202 
-134 -150 37.5504 24 215 202 
-132 -150 37.4463 24 215 202 
-130 -150 37.1018 24 217 200 
-128 -150 36.928 24 217 200 
-126 -150 36.804 24 217 200 
-124 -150 36.5747 24 219 197 
-122 -150 36.349 24 219 197 
-120 -150 36.0677 24 221 194 
-118 -150 35.6983 24 221 194 
-116 -150 35.4151 24 222 192 
-114 -150 35.4061 24 222 192 
-112 -150 35.3687 24 222 192 
-110 -150 35.2257 24 222 192 
-108 -150 35.115 24 224 189 
-106 -150 34.9516 24 224 189 
-104 -150 34.5819 25 226 187 
-102 -150 34.0946 25 227 185 
-100 -150 33.6874 25 227 185 
-98 -150 33.2934 26 228 182 
-96 -150 32.8604 28 230 180 
-94 -150 32.3933 29 231 178 
-92 -150 32.2378 29 231 178 
-90 -150 32.1093 31 233 175 
-88 -150 31.7632 31 233 175 
-86 -150 31.3308 32 234 172 
-84 -150 30.9201 34 235 170 
-82 -150 30.5622 37 236 167 
-80 -150 30.4113 37 236 167 
-78 -150 30.4191 37 236 167 
-76 -150 29.7369 39 238 164 
-74 -150 28.8132 44 240 158 
-72 -150 28.2164 47 241 155 
-70 -150 27.485 53 243 148 
-68 -150 26.8372 56 244 145 
-66 -150 26.3494 60 245 142 
-64 -150 25.9315 63 246 138 
-62 -150 25.6984 63 246 138 
-60 -150 25.4052 67 247 135 
-58 -150 24.8548 70 248 132 
-56 -150 24.2021 74 248 128 
-54 -150 23.2996 82 250 122 
-52 -150 22.1085 93 252 111 
-50 -150 21.2975 97 252 108 
-48 -150 20.7973 101 253 105 
-46 -150 20.4524 105 253 102 
-44 -150 20.1536 105 253 102 
-42 -150 19.5272 113 254 95 
-40 -150 19.1064 117 254 92 
-38 -150 18.8741 117 254 92 
-36 -150 18.1828 121 254 89 
-34 -150 17.6381 128 255 83 
-32 -150 17.0753 132 255 81 
-30 -150 16.6359 136 255 78 
-28 -150 16.4682 136 255 78 
-26 -150 16.0242 139 255 75 
-24 -150 15.424 143 255 73 
-22 -150 14.943 146 255 71 
-20 -150 14.5407 150 254 68 
-18 -150 14.2817 150 254 68 
-16 -150 13.9732 153 254 66 
-14 -150 13.6688 153 254 66 
-12 -150 13.5337 156 254 64 
-10 -150 13.5394 156 254 64 
-8 -150 13.565 156 254 64 
-6 -150 13.3745 156 254 64 
-4 -150 13.0862 159 253 63 
-2 -150 12.7747 159 253 63 
0 -150 12.4476 161 253 61 
2 -150 12.1617 161 253 61 
4 -150 12.2001 161 253 61 
6 -150 12.1748 161 253 61 
8 -150 11.9344 164 252 60 
10 -150 11.8377 164 252 60 
12 -150 11.8807 164 252 60 
14 -150 11.8882 164 252 60 
16 -150 11.9303 164 252 60 
18 -150 11.5653 167 252 58 
20 -150 11.178 167 252 58 
22 -150 11.1516 167 252 58 
24 -150 11.0742 169 251 57 
26 -150 10.8307 169 251 57 
28 -150 10.616 172 251 56 
30 -150 10.4839 172 251 56 
32 -150 10.0958 175 250 55 
34 -150 9.54097 177 249 54 
36 -150 9.44462 177 249 54 
38 -150 9.55493 177 249 54 
40 -150 9.31012 177 249 54 
42 -150 8.78279 180 248 54 
44 -150 8.57587 183 247 53 
46 -150 8.12494 183 247 53 
48 -150 7.30047 188 245 52 
50 -150 6.6927 190 244 52 
52 -150 6.75023 190 244 52 
54 -150 6.92121 190 244 52 
56 -150 6.42235 193 243 52 
58 -150 5.83162 195 241 52 
60 -150 5.11317 200 239 52 
62 -150 4.42236 203 237 52 
64 -150 3.88048 205 236 52 
66 -150 3.51924 208 234 52 
68 -150 3.66828 205 236 52 
70 -150 3.41502 208 234 52 
72 -150 3.04059 210 233 53 
74 -150 2.56506 212 231 53 
76 -150 1.76871 215 229 53 
78 -150 0.946674 219 226 54 
80 -150 0.812807 219 226 54 
82 -150 -1.54423 229 217 56 
-146 -152 51.8829 66 148 255 
-144 -152 44.9138 44 183 240 
-142 -152 44.1829 40 188 235 
-140 -152 43.6486 39 190 233 
-138 -152 42.6431 35 195 228 
-136 -152 41.4304 32 199 223 
-134 -152 40.9296 31 201 221 
-132 -152 40.5484 30 203 218 
-130 -152 39.8158 28 205 216 
-128 -152 38.9493 26 210 210 
-126 -152 38.3897 26 212 208 
-124 -152 38.0522 25 213 205 
-122 -152 37.4809 24 215 202 
-120 -152 36.979 24 217 200 
-118 -152 36.5063 24 219 197 
-116 -152 35.5687 24 222 192 
-114 -152 34.5101 25 226 187 
-112 -152 33.8836 25 227 185 
-110 -152 33.4891 26 228 182 
-108 -152 33.4115 26 228 182 
-106 -152 33.0835 28 230 180 
-104 -152 32.5887 29 231 178 
-102 -152 32.1107 31 233 175 
-100 -152 31.3841 32 234 172 
-98 -152 31.0381 34 235 170 
-96 -152 30.976 34 235 170 
-94 -152 30.7878 34 235 170 
-92 -152 30.4688 37 236 167 
-90 -152 30.2717 37 236 167 
-88 -152 30.1713 37 236 167 
-86 -152 30.0714 39 238 164 
-84 -152 30.1161 39 238 164 
-82 -152 29.8418 39 238 164 
-80 -152 29.6023 42 239 161 
-78 -152 29.6273 42 239 161 
-76 -152 29.3521 42 239 161 
-74 -152 29.1833 42 239 161 
-72 -152 29.0224 44 240 158 
-70 -152 28.746 44 240 158 
-68 -152 28.7577 44 240 158 
-66 -152 28.7643 44 240 158 
-64 -152 28.528 47 241 155 
-62 -152 28.2477 47 241 155 
-60 -152 28.0194 50 242 152 
-58 -152 27.937 50 242 152 
-56 -152 27.6386 53 243 148 
-54 -152 26.9311 56 244 145 
-52 -152 26.4557 60 245 142 
-50 -152 26.2622 60 245 142 
-48 -152 25.874 63 246 138 
-46 -152 25.4791 67 247 135 
-44 -152 25.2225 67 247 135 
-42 -152 24.6703 70 248 132 
-40 -152 24.2181 74 248 128 
-38 -152 23.9478 78 249 125 
-36 -152 23.4218 82 250 122 
-34 -152 22.9383 85 250 118 
-32 -152 22.1653 89 251 115 
-30 -152 21.3652 97 252 108 
-28 -152 20.9488 101 253 105 
-26 -152 20.2407 105 253 102 
-24 -152 19.488 113 254 95 
-22 -152 18.8968 117 254 92 
-20 -152 18.4324 121 254 89 
-18 -152 17.7378 125 255 86 
-16 -152 16.8919 132 255 81 
-14 -152 16.4168 136 255 78 
-12 -152 16.548 136 255 78 
-10 -152 16.3536 136 255 78 
-8 -152 15.8899 139 255 75 
-6 -152 15.6901 139 255 75 
-4 -152 15.1831 143 255 73 
-2 -152 14.4355 150 254 68 
0 -152 13.6917 153 254 66 
2 -152 12.9137 159 253 63 
4 -152 12.4392 161 253 61 
6 -152 12.068 164 252 60 
8 -152 11.8032 164 252 60 
10 -152 11.5859 167 252 58 
12 -152 11.1056 169 251 57 
14 -152 10.5656 172 251 56 
16 -152 10.3866 172 251 56 
18 -152 10.1382 172 251 56 
20 -152 9.87798 175 250 55 
22 -152 9.61315 177 249 54 
24 -152 9.21219 177 249 54 
26 -152 8.86597 180 248 54 
28 -152 8.70553 180 248 54 
30 -152 8.70201 180 248 54 
32 -152 8.34845 183 247 53 
34 -152 8.10705 185 246 53 
36 -152 8.08011 185 246 53 
38 -152 8.05355 185 246 53 
40 -152 7.84324 185 246 53 
42 -152 7.32426 188 245 52 
44 -152 7.10938 190 244 52 
46 -152 7.06826 190 244 52 
48 -152 6.92818 190 244 52 
50 -152 6.89635 190 244 52 
52 -152 7.11319 190 244 52 
54 -152 7.12963 188 245 52 
56 -152 6.92071 190 244 52 
58 -152 6.78557 190 244 52 
60 -152 6.4057 193 243 52 
62 -152 6.30776 193 243 52 
64 -152 6.15185 193 243 52 
66 -152 6.00335 195 241 52 
68 -152 5.83722 195 241 52 
70 -152 5.28562 198 240 52 
72 -152 5.05895 200 239 52 
74 -152 5.06487 200 239 52 
76 -152 4.91749 200 239 52 
78 -152 4.9198 200 239 52 
80 -152 5.59329 198 240 52 
82 -152 -0.369362 223 223 55 
-146 -154 53.7087 69 140 253 
-144 -154 48.1 55 168 250 
-142 -154 48.053 55 168 250 
-140 -154 47.8539 55 168 250 
-138 -154 47.3289 53 171 248 
-136 -154 46.8278 51 173 247 
-134 -154 46.4585 49 175 245 
-132 -154 45.9942 47 178 244 
-130 -154 45.4006 46 180 242 
-128 -154 44.5946 42 185 238 
-126 -154 43.8719 40 188 235 
-124 -154 43.5323 39 190 233 
-122 -154 43.3257 39 190 233 
-120 -154 42.9624 37 192 231 
-118 -154 42.4071 35 195 228 
-116 -154 41.4666 32 199 223 
-114 -154 40.5416 30 203 218 
-112 -154 40.1435 28 205 216 
-110 -154 39.7597 28 205 216 
-108 -154 39.2047 27 208 213 
-106 -154 38.1666 25 213 205 
-104 -154 37.1569 24 217 200 
-102 -154 36.4006 24 219 197 
-100 -154 35.5506 24 222 192 
-98 -154 34.9624 24 224 189 
-96 -154 34.4171 25 226 187 
-94 -154 33.751 25 227 185 
-92 -154 32.8006 28 230 180 
-90 -154 32.1238 31 233 175 
-88 -154 31.8743 31 233 175 
-86 -154 31.7961 31 233 175 
-84 -154 31.5234 32 234 172 
-82 -154 30.5759 37 236 167 
-80 -154 29.9507 39 238 164 
-78 -154 29.5197 42 239 161 
-76 -154 28.9692 44 240 158 
-74 -154 28.5585 47 241 155 
-72 -154 27.9508 50 242 152 
-70 -154 27.4216 53 243 148 
-68 -154 27.3669 53 243 148 
-66 -154 27.3567 53 243 148 
-64 -154 26.8496 56 244 145 
-62 -154 26.4315 60 245 142 
-60 -154 26.0349 63 246 138 
-58 -154 25.8051 63 246 138 
-56 -154 25.8101 63 246 138 
-54 -154 25.3703 67 247 135 
-52 -154 25.1965 67 247 135 
-50 -154 25.1886 67 247 135 
-48 -154 24.8076 70 248 132 
-46 -154 24.5855 74 248 128 
-44 -154 24.5065 74 248 128 
-42 -154 24.2807 74 248 128 
-40 -154 24.0878 78 249 125 
-38 -154 23.9219 78 249 125 
-36 -154 23.8207 78 249 125 
-34 -154 23.6762 78 249 125 
-32 -154 23.3519 82 250 122 
-30 -154 22.9865 85 250 118 
-28 -154 22.8978 85 250 118 
-26 -154 22.7497 85 250 118 
-24 -154 22.4634 89 251 115 
-22 -154 21.8616 93 252 111 
-20 -154 21.4745 97 252 108 
-18 -154 21.1834 97 252 108 
-16 -154 20.9479 101 253 105 
-14 -154 20.8274 101 253 105 
-12 -154 20.7885 101 253 105 
-10 -154 20.4449 105 253 102 
-8 -154 20.1326 109 254 98 
-6 -154 20.1501 105 253 102 
-4 -154 19.8259 109 254 98 
-2 -154 19.3038 113 254 95 
0 -154 18.9417 117 254 92 
2 -154 18.4505 121 254 89 
4 -154 17.6384 128 255 83 
6 -154 17.0554 132 255 81 
8 -154 16.9311 132 255 81 
10 -154 16.844 132 255 81 
12 -154 16.2735 136 255 78 
14 -154 15.3493 143 255 73 
16 -154 14.8554 146 255 71 
18 -154 14.6782 146 255 71 
20 -154 14.3736 150 254 68 
22 -154 13.7799 153 254 66 
24 -154 12.9768 159 253 63 
26 -154 12.2887 161 253 61 
28 -154 11.8021 164 252 60 
30 -154 11.4066 167 252 58 
32 -154 10.862 169 251 57 
34 -154 10.5883 172 251 56 
36 -154 10.269 172 251 56 
38 -154 9.89741 175 250 55 
40 -154 9.25887 177 249 54 
42 -154 8.17064 183 247 53 
44 -154 7.50777 188 245 52 
46 -154 7.39772 188 245 52 
48 -154 7.39177 188 245 52 
50 -154 7.40102 188 245 52 
52 -154 7.14034 188 245 52 
54 -154 6.63216 190 244 52 
56 -154 6.56174 193 243 52 
58 -154 6.70255 190 244 52 
60 -154 6.1795 193 243 52 
62 -154 5.63471 195 241 52 
64 -154 5.32328 198 240 52 
66 -154 5.16364 198 240 52 
68 -154 4.80815 200 239 52 
70 -154 4.1069 205 236 52 
72 -154 4.05995 205 236 52 
74 -154 4.00561 205 236 52 
76 -154 3.7047 205 236 52 
78 -154 3.7981 205 236 52 
80 -154 4.00461 205 236 52 
-146 -156 53.2821 69 140 253 
-144 -156 46.4168 49 175 245 
-142 -156 45.9282 47 178 244 
-140 -156 45.6287 46 180 242 
-138 -156 45.3499 46 180 242 
-136 -156 45.1788 44 183 240 
-134 -156 45.0998 44 183 240 
-132 -156 44.7683 44 183 240 
-130 -156 44.3566 42 185 238 
-128 -156 44.0854 40 188 235 
-126 -156 43.9541 40 188 235 
-124 -156 43.8357 40 188 235 
-122 -156 43.7596 40 188 235 
-120 -156 43.5207 39 190 233 
-118 -156 43.1382 37 192 231 
-116 -156 42.818 37 192 231 
-114 -156 42.8212 37 192 231 
-112 -156 42.9064 37 192 231 
-110 -156 42.7134 37 192 231 
-108 -156 42.3296 35 195 228 
-106 -156 41.9014 34 197 226 
-104 -156 41.4669 32 199 223 
-102 -156 41.0609 31 201 221 
-100 -156 40.8161 31 201 221 
-98 -156 40.5107 30 203 218 
-96 -156 39.9796 28 205 216 
-94 -156 39.5102 27 208 213 
-92 -156 38.9266 26 210 210 
-90 -156 38.4665 26 212 208 
-88 -156 38.2534 26 212 208 
-86 -156 38.0371 25 213 205 
-84 -156 37.6611 24 215 202 
-82 -156 36.8749 24 217 200 
-80 -156 36.1703 24 221 194 
-78 -156 35.4049 24 222 192 
-76 -156 34.6989 24 224 189 
-74 -156 34.1301 25 227 185 
-72 -156 33.5553 26 228 182 
-70 -156 32.9779 28 230 180 
-68 -156 32.2811 29 231 178 
-66 -156 31.4592 32 234 172 
-64 -156 30.712 34 235 170 
-62 -156 30.1256 39 238 164 
-60 -156 29.3805 42 239 161 
-58 -156 28.7764 44 240 158 
-56 -156 28.5582 47 241 155 
-54 -156 27.9592 50 242 152 
-52 -156 27.2794 53 243 148 
-50 -156 26.6596 60 245 142 
-48 -156 25.9101 63 246 138 
-46 -156 25.4766 67 247 135 
-44 -156 24.9309 70 248 132 
-42 -156 24.2754 74 248 128 
-40 -156 23.8446 78 249 125 
-38 -156 23.356 82 250 122 
-36 -156 23.1364 85 250 118 
-34 -156 23.007 85 250 118 
-32 -156 22.7505 85 250 118 
-30 -156 22.2918 89 251 115 
-28 -156 21.8896 93 252 111 
-26 -156 21.637 97 252 108 
-24 -156 21.2606 97 252 108 
-22 -156 20.7233 101 253 105 
-20 -156 20.5319 105 253 102 
-18 -156 20.3933 105 253 102 
-16 -156 20.1915 105 253 102 
-14 -156 19.7876 109 254 98 
-12 -156 19.2552 113 254 95 
-10 -156 19.0611 117 254 92 
-8 -156 19.1059 117 254 92 
-6 -156 19.0548 117 254 92 
-4 -156 19.1034 117 254 92 
-2 -156 19.0416 117 254 92 
0 -156 18.8958 117 254 92 
2 -156 18.7217 117 254 92 
4 -156 18.2181 121 254 89 
6 -156 17.9807 125 255 86 
8 -156 18.1007 125 255 86 
10 -156 18.1755 121 254 89 
12 -156 18.0036 125 255 86 
14 -156 17.5882 128 255 83 
16 -156 17.2094 128 255 83 
18 -156 17.2147 128 255 83 
20 -156 17.1817 128 255 83 
22 -156 17.0856 132 255 81 
24 -156 16.8451 132 255 81 
26 -156 16.4076 136 255 78 
28 -156 15.9824 139 255 75 
30 -156 15.3825 143 255 73 
32 -156 14.9044 146 255 71 
34 -156 14.9534 146 255 71 
36 -156 14.775 146 255 71 
38 -156 14.5605 150 254 68 
40 -156 14.2059 150 254 68 
42 -156 13.5162 156 254 64 
44 -156 13.1522 156 254 64 
46 -156 12.8881 159 253 63 
48 -156 12.4501 161 253 61 
50 -156 11.9839 164 252 60 
52 -156 11.5079 167 252 58 
54 -156 11.1284 167 252 58 
56 -156 10.8955 169 251 57 
58 -156 10.5626 172 251 56 
60 -156 9.96812 175 250 55 
62 -156 9.38883 177 249 54 
64 -156 8.77731 180 248 54 
66 -156 8.35569 183 247 53 
68 -156 8.14099 183 247 53 
70 -156 7.56549 188 245 52 
72 -156 7.27177 188 245 52 
74 -156 6.98463 190 244 52 
76 -156 6.45271 193 243 52 
78 -156 6.0128 195 241 52 
80 -156 4.88048 200 239 52 
-146 -158 56.0037 70 128 246 
-144 -158 49.4747 59 160 253 
-142 -158 48.3183 56 165 251 
-140 -158 47.4812 53 171 248 
-138 -158 47.0708 51 173 247 
-136 -158 46.6642 49 175 245 
-134 -158 46.0315 47 178 244 
-132 -158 45.1441 44 183 240 
-130 -158 44.4891 42 185 238 
-128 -158 44.0258 40 188 235 
-126 -158 43.4999 39 190 233 
-124 -158 42.9156 37 192 231 
-122 -158 42.5729 35 195 228 
-120 -158 42.1937 34 197 226 
-118 -158 41.5181 32 199 223 
-116 -158 40.9336 31 201 221 
-114 -158 40.647 30 203 218 
-112 -158 40.2419 30 203 218 
-110 -158 39.6124 27 208 213 
-108 -158 39.3566 27 208 213 
-106 -158 39.6407 27 208 213 
-104 -158 39.7349 28 205 216 
-102 -158 39.3766 27 208 213 
-100 -158 39.1389 26 210 210 
-98 -158 38.8226 26 210 210 
-96 -158 38.39 26 212 208 
-94 -158 38.2116 26 212 208 
-92 -158 38.156 25 213 205 
-90 -158 38.1165 25 213 205 
-88 -158 38.0242 25 213 205 
-86 -158 37.8661 25 213 205 
-84 -158 37.71 25 213 205 
-82 -158 37.4415 24 215 202 
-80 -158 37.0173 24 217 200 
-78 -158 36.5629 24 219 197 
-76 -158 36.3958 24 219 197 
-74 -158 36.4136 24 219 197 
-72 -158 36.3905 24 219 197 
-70 -158 36.29 24 219 197 
-68 -158 35.9047 24 221 194 
-66 -158 35.3019 24 222 192 
-64 -158 34.9651 24 224 189 
-62 -158 34.5104 25 226 187 
-60 -158 33.9776 25 227 185 
-58 -158 33.5898 26 228 182 
-56 -158 33.4396 26 228 182 
-54 -158 33.3015 26 228 182 
-52 -158 32.8304 28 230 180 
-50 -158 32.0717 31 233 175 
-48 -158 31.4807 32 234 172 
-46 -158 31.2571 32 234 172 
-44 -158 30.8345 34 235 170 
-42 -158 30.0591 39 238 164 
-40 -158 29.5509 42 239 161 
-38 -158 29.0471 44 240 158 
-36 -158 28.6119 47 241 155 
-34 -158 28.1218 50 242 152 
-32 -158 27.6034 53 243 148 
-30 -158 26.8256 56 244 145 
-28 -158 25.914 63 246 138 
-26 -158 25.4995 67 247 135 
-24 -158 24.9759 70 248 132 
-22 -158 24.4254 74 248 128 
-20 -158 23.9778 78 249 125 
-18 -158 23.2295 82 250 122 
-16 -158 22.451 89 251 115 
-14 -158 21.6948 93 252 111 
-12 -158 20.8658 101 253 105 
-10 -158 20.3069 105 253 102 
-8 -158 19.8614 109 254 98 
-6 -158 19.3773 113 254 95 
-4 -158 19.2901 113 254 95 
-2 -158 18.9751 117 254 92 
0 -158 18.4863 121 254 89 
2 -158 18.0673 125 255 86 
4 -158 17.4118 128 255 83 
6 -158 16.9599 132 255 81 
8 -158 16.9604 132 255 81 
10 -158 16.8085 132 255 81 
12 -158 16.3745 136 255 78 
14 -158 15.9468 139 255 75 
16 -158 15.6925 139 255 75 
18 -158 15.5476 143 255 73 
20 -158 15.3032 143 255 73 
22 -158 15.2741 143 255 73 
24 -158 15.2224 143 255 73 
26 -158 15.0912 146 255 71 
28 -158 14.8814 146 255 71 
30 -158 14.6124 150 254 68 
32 -158 14.4656 150 254 68 
34 -158 14.4198 150 254 68 
36 -158 14.3605 150 254 68 
38 -158 14.3299 150 254 68 
40 -158 14.1892 150 254 68 
42 -158 13.9748 153 254 66 
44 -158 13.643 153 254 66 
46 -158 13.4824 156 254 64 
48 -158 13.5138 156 254 64 
50 -158 13.315 156 254 64 
52 -158 13.2251 156 254 64 
54 -158 13.1205 159 253 63 
56 -158 12.5884 161 253 61 
58 -158 11.98 164 252 60 
60 -158 11.8857 164 252 60 
62 -158 12.1031 164 252 60 
64 -158 12.1426 161 253 61 
66 -158 11.9955 164 252 60 
68 -158 12.1527 161 253 61 
70 -158 12.0269 164 252 60 
72 -158 11.648 164 252 60 
74 -158 11.4959 167 252 58 
76 -158 11.2523 167 252 58 
78 -158 10.7418 169 251 57 
80 -158 8.59202 183 247 53 
-146 -160 58.533 71 115 235 
-144 -160 53.7553 69 138 252 
-142 -160 53.1543 68 143 254 
-140 -160 52.6155 67 145 254 
-138 -160 52.4264 67 145 254 
-136 -160 52.2352 67 145 254 
-134 -160 51.5505 65 150 255 
-132 -160 50.5832 62 155 254 
-130 -160 49.9402 61 158 254 
-128 -160 49.4477 59 160 253 
-126 -160 48.8122 58 163 252 
-124 -160 48.2492 56 165 251 
-122 -160 47.627 53 171 248 
-120 -160 46.7542 51 173 247 
-118 -160 45.98 47 178 244 
-116 -160 45.3132 46 180 242 
-114 -160 44.5511 42 185 238 
-112 -160 43.8487 40 188 235 
-110 -160 43.0251 37 192 231 
-108 -160 42.4319 35 195 228 
-106 -160 42.2053 35 195 228 
-104 -160 41.9033 34 197 226 
-102 -160 41.317 32 199 223 
-100 -160 40.5836 30 203 218 
-98 -160 39.7833 28 205 216 
-96 -160 39.013 26 210 210 
-94 -160 38.5586 26 212 208 
-92 -160 38.3064 26 212 208 
-90 -160 37.9582 25 213 205 
-88 -160 37.4701 24 215 202 
-86 -160 36.8223 24 217 200 
-84 -160 35.933 24 221 194 
-82 -160 35.3093 24 222 192 
-80 -160 35.0343 24 224 189 
-78 -160 34.7079 24 224 189 
-76 -160 34.5435 25 226 187 
-74 -160 34.4518 25 226 187 
-72 -160 34.0332 25 227 185 
-70 -160 33.8825 25 227 185 
-68 -160 33.9076 25 227 185 
-66 -160 33.5658 26 228 182 
-64 -160 33.2885 26 228 182 
-62 -160 32.881 28 230 180 
-60 -160 32.4608 29 231 178 
-58 -160 32.3333 29 231 178 
-56 -160 32.3425 29 231 178 
-54 -160 32.4978 29 231 178 
-52 -160 32.3433 29 231 178 
-50 -160 31.7954 31 233 175 
-48 -160 31.5834 32 234 172 
-46 -160 31.8274 31 233 175 
-44 -160 32.0301 31 233 175 
-42 -160 31.6982 31 233 175 
-40 -160 31.4978 32 234 172 
-38 -160 31.4187 32 234 172 
-36 -160 31.2021 32 234 172 
-34 -160 30.8436 34 235 170 
-32 -160 30.53 37 236 167 
-30 -160 30.1537 39 238 164 
-28 -160 29.6889 39 238 164 
-26 -160 29.4959 42 239 161 
-24 -160 29.2415 42 239 161 
-22 -160 28.9364 44 240 158 
-20 -160 28.6869 44 240 158 
-18 -160 28.2143 47 241 155 
-16 -160 27.691 50 242 152 
-14 -160 27.2474 53 243 148 
-12 -160 26.7801 56 244 145 
-10 -160 26.3927 60 245 142 
-8 -160 25.736 63 246 138 
-6 -160 24.8429 70 248 132 
-4 -160 24.3567 74 248 128 
-2 -160 24.0852 78 249 125 
0 -160 23.9664 78 249 125 
2 -160 23.5679 82 250 122 
4 -160 23.109 85 250 118 
6 -160 22.7792 85 250 118 
8 -160 22.4183 89 251 115 
10 -160 21.6341 97 252 108 
12 -160 20.7281 101 253 105 
14 -160 20.1529 105 253 102 
16 -160 19.7049 109 254 98 
18 -160 19.0567 117 254 92 
20 -160 18.3876 121 254 89 
22 -160 18.1991 121 254 89 
24 -160 18.0039 125 255 86 
26 -160 17.2258 128 255 83 
28 -160 16.5387 136 255 78 
30 -160 16.4257 136 255 78 
32 -160 16.069 139 255 75 
34 -160 15.2847 143 255 73 
36 -160 15.0041 146 255 71 
38 -160 14.6521 146 255 71 
40 -160 14.2251 150 254 68 
42 -160 13.9909 153 254 66 
44 -160 13.3101 156 254 64 
46 -160 12.774 159 253 63 
48 -160 12.8648 159 253 63 
50 -160 13.0228 159 253 63 
52 -160 12.9864 159 253 63 
54 -160 12.5563 161 253 61 
56 -160 11.8423 164 252 60 
58 -160 11.44 167 252 58 
60 -160 11.4214 167 252 58 
62 -160 11.5102 167 252 58 
64 -160 11.6585 164 252 60 
66 -160 11.5217 167 252 58 
68 -160 11.5291 167 252 58 
70 -160 11.4798 167 252 58 
72 -160 11.0148 169 251 57 
74 -160 10.7656 169 251 57 
76 -160 10.4895 172 251 56 
78 -160 9.73901 175 250 55 
80 -160 7.71944 185 246 53 
-146 -162 57.9592 71 118 238 
-144 -162 52.6584 67 145 254 
-142 -162 52.2828 67 145 254 
-140 -162 51.9844 66 148 255 
-138 -162 51.7233 66 148 255 
-136 -162 51.5309 65 150 255 
-134 -162 51.204 64 153 255 
-132 -162 50.8743 64 153 255 
-130 -162 50.6907 62 155 254 
-128 -162 50.6084 62 155 254 
-126 -162 50.3625 62 155 254 
-124 -162 50.112 61 158 254 
-122 -162 49.7218 61 158 254 
-120 -162 49.334 59 160 253 
-118 -162 49.0357 58 163 252 
-116 -162 48.7276 58 163 252 
-114 -162 48.3698 56 165 251 
-112 -162 48.1289 55 168 250 
-110 -162 48.0393 55 168 250 
-108 -162 47.7499 55 168 250 
-106 -162 47.1925 51 173 247 
-104 -162 46.6144 49 175 245 
-102 -162 46.231 49 175 245 
-100 -162 45.7275 47 178 244 
-98 -162 45.0043 44 183 240 
-96 -162 44.4286 42 185 238 
-94 -162 44.1311 40 188 235 
-92 -162 43.8477 40 188 235 
-90 -162 43.1052 37 192 231 
-88 -162 42.3496 35 195 228 
-86 -162 41.6562 32 199 223 
-84 -162 40.7125 31 201 221 
-82 -162 39.9332 28 205 216 
-80 -162 39.3398 27 208 213 
-78 -162 38.8715 26 210 210 
-76 -162 38.6747 26 212 208 
-74 -162 38.2242 26 212 208 
-72 -162 36.9571 24 217 200 
-70 -162 36.1857 24 219 197 
-68 -162 35.9556 24 221 194 
-66 -162 35.2301 24 222 192 
-64 -162 34.6371 25 226 187 
-62 -162 34.0059 25 227 185 
-60 -162 33.3815 26 228 182 
-58 -162 32.9707 28 230 180 
-56 -162 32.4727 29 231 178 
-54 -162 32.1199 31 233 175 
-52 -162 31.8877 31 233 175 
-50 -162 31.4864 32 234 172 
-48 -162 31.1546 34 235 170 
-46 -162 31.0113 34 235 170 
-44 -162 30.6586 37 236 167 
-42 -162 30.0194 39 238 164 
-40 -162 29.6439 42 239 161 
-38 -162 29.4361 42 239 161 
-36 -162 29.1682 42 239 161 
-34 -162 29.0097 44 240 158 
-32 -162 28.7494 44 240 158 
-30 -162 28.4364 47 241 155 
-28 -162 28.2069 47 241 155 
-26 -162 28.035 50 242 152 
-24 -162 27.8615 50 242 152 
-22 -162 27.5783 53 243 148 
-20 -162 27.3669 53 243 148 
-18 -162 27.0141 56 244 145 
-16 -162 26.6986 56 244 145 
-14 -162 26.7436 56 244 145 
-12 -162 26.7052 56 244 145 
-10 -162 26.5477 60 245 142 
-8 -162 26.3352 60 245 142 
-6 -162 25.9895 63 246 138 
-4 -162 25.8192 63 246 138 
-2 -162 25.8078 63 246 138 
0 -162 25.9305 63 246 138 
2 -162 25.7378 63 246 138 
4 -162 25.5034 67 247 135 
6 -162 25.4799 67 247 135 
8 -162 25.4272 67 247 135 
10 -162 25.0957 70 248 132 
12 -162 24.7197 70 248 132 
14 -162 24.3203 74 248 128 
16 -162 23.706 78 249 125 
18 -162 23.4648 82 250 122 
20 -162 23.4736 82 250 122 
22 -162 23.4055 82 250 122 
24 -162 23.3581 82 250 122 
26 -162 22.7074 85 250 118 
28 -162 22.0815 93 252 111 
30 -162 21.7489 93 252 111 
32 -162 21.2682 97 252 108 
34 -162 20.3835 105 253 102 
36 -162 20.0376 109 254 98 
38 -162 19.8032 109 254 98 
40 -162 19.6067 113 254 95 
42 -162 19.75 109 254 98 
44 -162 19.1926 113 254 95 
46 -162 18.1755 121 254 89 
48 -162 17.443 128 255 83 
50 -162 17.0902 132 255 81 
52 -162 16.8787 132 255 81 
54 -162 16.5148 136 255 78 
56 -162 15.9764 139 255 75 
58 -162 15.6127 143 255 73 
60 -162 15.1978 143 255 73 
62 -162 14.673 146 255 71 
64 -162 14.2257 150 254 68 
66 -162 13.831 153 254 66 
68 -162 13.52 156 254 64 
70 -162 12.953 159 253 63 
72 -162 12.0027 164 252 60 
74 -162 11.5251 167 252 58 
76 -162 11.0246 169 251 57 
78 -162 10.1692 172 251 56 
80 -162 7.02395 190 244 52 
-146 -164 61.0043 70 102 221 
-144 -164 55.5481 70 130 248 
-142 -164 54.6299 70 135 251 
-140 -164 53.5846 69 140 253 
-138 -164 52.8341 68 143 254 
-136 -164 52.2541 67 145 254 
-134 -164 51.4449 65 150 255 
-132 -164 50.6669 62 155 254 
-130 -164 49.9934 61 158 254 
-128 -164 49.518 59 160 253 
-126 -164 49.1902 58 163 252 
-124 -164 48.6464 56 165 251 
-122 -164 48.0892 55 168 250 
-120 -164 47.8326 55 168 250 
-118 -164 47.4166 53 171 248 
-116 -164 46.9686 51 173 247 
-114 -164 46.7324 51 173 247 
-112 -164 46.5812 49 175 245 
-110 -164 46.5063 49 175 245 
-108 -164 46.1319 47 178 244 
-106 -164 45.8658 47 178 244 
-104 -164 45.6007 46 180 242 
-102 -164 45.3695 46 180 242 
-100 -164 45.2316 46 180 242 
-98 -164 45.0097 44 183 240 
-96 -164 44.804 44 183 240 
-94 -164 44.7016 44 183 240 
-92 -164 44.6823 42 185 238 
-90 -164 44.1723 40 188 235 
-88 -164 43.7387 40 188 235 
-86 -164 43.6925 39 190 233 
-84 -164 43.4863 39 190 233 
-82 -164 43.1687 37 192 231 
-80 -164 42.8206 37 192 231 
-78 -164 42.6435 35 195 228 
-76 -164 42.5362 35 195 228 
-74 -164 42.3492 35 195 228 
-72 -164 41.6521 32 199 223 
-70 -164 40.9735 31 201 221 
-68 -164 40.4968 30 203 218 
-66 -164 39.9422 28 205 216 
-64 -164 39.474 27 208 213 
-62 -164 39.0747 26 210 210 
-60 -164 38.9396 26 210 210 
-58 -164 38.6536 26 212 208 
-56 -164 38.0876 25 213 205 
-54 -164 37.5097 24 215 202 
-52 -164 37.2373 24 215 202 
-50 -164 37.0917 24 217 200 
-48 -164 36.694 24 217 200 
-46 -164 35.9454 24 221 194 
-44 -164 35.0539 24 224 189 
-42 -164 34.3839 25 226 187 
-40 -164 34.0921 25 227 185 
-38 -164 33.6795 25 227 185 
-36 -164 32.8287 28 230 180 
-34 -164 32.0752 31 233 175 
-32 -164 31.4416 32 234 172 
-30 -164 30.9989 34 235 170 
-28 -164 30.3782 37 236 167 
-26 -164 29.5993 42 239 161 
-24 -164 28.9923 44 240 158 
-22 -164 28.5675 47 241 155 
-20 -164 28.2415 47 241 155 
-18 -164 27.7232 50 242 152 
-16 -164 26.8777 56 244 145 
-14 -164 26.2675 60 245 142 
-12 -164 26.0573 63 246 138 
-10 -164 25.6356 67 247 135 
-8 -164 25.1927 67 247 135 
-6 -164 24.8217 70 248 132 
-4 -164 24.383 74 248 128 
-2 -164 24.2196 74 248 128 
0 -164 24.2399 74 248 128 
2 -164 23.9776 78 249 125 
4 -164 23.4714 82 250 122 
6 -164 23.101 85 250 118 
8 -164 22.9874 85 250 118 
10 -164 22.9073 85 250 118 
12 -164 22.8631 85 250 118 
14 -164 22.6713 85 250 118 
16 -164 22.292 89 251 115 
18 -164 22.1125 93 252 111 
20 -164 22.2998 89 251 115 
22 -164 22.3394 89 251 115 
24 -164 22.1895 89 251 115 
26 -164 22.0247 93 252 111 
28 -164 21.7472 93 252 111 
30 -164 21.5684 97 252 108 
32 -164 21.5129 97 252 108 
34 -164 21.2027 97 252 108 
36 -164 21.0906 101 253 105 
38 -164 21.0532 101 253 105 
40 -164 21.1547 97 252 108 
42 -164 21.5098 97 252 108 
44 -164 21.5207 97 252 108 
46 -164 21.1745 97 252 108 
48 -164 20.5389 105 253 102 
50 -164 19.8598 109 254 98 
52 -164 19.5202 113 254 95 
54 -164 19.5554 113 254 95 
56 -164 19.6216 113 254 95 
58 -164 19.5324 113 254 95 
60 -164 19.017 117 254 92 
62 -164 18.4429 121 254 89 
64 -164 18.1501 121 254 89 
66 -164 17.8176 125 255 86 
68 -164 17.4378 128 255 83 
70 -164 17.0341 132 255 81 
72 -164 16.5117 136 255 78 
74 -164 16.2535 136 255 78 
76 -164 16.0976 139 255 75 
78 -164 15.9044 139 255 75 
80 -164 8.97454 180 248 54 
-146 -166 64.7547 68 81 191 
-144 -166 60.2778 70 105 224 
-142 -166 59.7366 70 107 227 
-140 -166 59.2262 71 113 233 
-138 -166 59.1891 71 113 233 
-136 -166 58.9404 71 113 233 
-134 -166 57.8467 71 118 238 
-132 -166 56.6562 70 125 244 
-130 -166 55.7421 70 128 246 
-128 -166 55.1356 70 133 250 
-126 -166 54.6316 70 135 251 
-124 -166 53.6668 69 140 253 
-122 -166 52.7226 68 143 254 
-120 -166 51.9134 66 148 255 
-118 -166 51.2386 65 150 255 
-116 -166 50.4948 62 155 254 
-114 -166 49.8108 61 158 254 
-112 -166 49.4212 59 160 253 
-110 -166 48.8405 58 163 252 
-108 -166 47.8026 55 168 250 
-106 -166 47.2303 53 171 248 
-104 -166 46.7478 51 173 247 
-102 -166 46.0651 47 178 244 
-100 -166 45.6001 46 180 242 
-98 -166 45.2582 46 180 242 
-96 -166 44.6578 42 185 238 
-94 -166 43.9826 40 188 235 
-92 -166 43.8627 40 188 235 
-90 -166 43.5768 39 190 233 
-88 -166 42.9972 37 192 231 
-86 -166 42.5951 35 195 228 
-84 -166 42.1337 34 197 226 
-82 -166 41.627 32 199 223 
-80 -166 41.3545 32 199 223 
-78 -166 40.9403 31 201 221 
-76 -166 40.4868 30 203 218 
-74 -166 40.3731 30 203 218 
-72 -166 40.1974 30 203 218 
-70 -166 39.9766 28 205 216 
-68 -166 39.6335 27 208 213 
-66 -166 39.4663 27 208 213 
-64 -166 39.3399 27 208 213 
-62 -166 39.0765 26 210 210 
-60 -166 39.0504 26 210 210 
-58 -166 38.9616 26 210 210 
-56 -166 38.8903 26 210 210 
-54 -166 38.8397 26 210 210 
-52 -166 38.6225 26 212 208 
-50 -166 38.4079 26 212 208 
-48 -166 38.3873 26 212 208 
-46 -166 38.2612 26 212 208 
-44 -166 38.0558 25 213 205 
-42 -166 37.9244 25 213 205 
-40 -166 37.4707 24 215 202 
-38 -166 36.9587 24 217 200 
-36 -166 36.6245 24 219 197 
-34 -166 36.1555 24 221 194 
-32 -166 35.7547 24 221 194 
-30 -166 35.3728 24 222 192 
-28 -166 34.9091 24 224 189 
-26 -166 34.3204 25 226 187 
-24 -166 33.7079 25 227 185 
-22 -166 33.4858 26 228 182 
-20 -166 33.5156 26 228 182 
-18 -166 33.3458 26 228 182 
-16 -166 32.9057 28 230 180 
-14 -166 31.957 31 233 175 
-12 -166 31.37 32 234 172 
-10 -166 31.089 34 235 170 
-8 -166 30.761 34 235 170 
-6 -166 30.0211 39 238 164 
-4 -166 28.9101 44 240 158 
-2 -166 28.3672 47 241 155 
0 -166 28.2747 47 241 155 
2 -166 27.955 50 242 152 
4 -166 27.293 53 243 148 
6 -166 26.4618 60 245 142 
8 -166 25.8179 63 246 138 
10 -166 25.3434 67 247 135 
12 -166 24.8893 70 248 132 
14 -166 24.5132 74 248 128 
16 -166 24.3294 74 248 128 
18 -166 23.8127 78 249 125 
20 -166 23.1124 85 250 118 
22 -166 22.5939 89 251 115 
24 -166 22.1515 89 251 115 
26 -166 21.7342 93 252 111 
28 -166 21.2398 97 252 108 
30 -166 21.0317 101 253 105 
32 -166 20.8334 101 253 105 
34 -166 20.5214 105 253 102 
36 -166 20.0119 109 254 98 
38 -166 19.3754 113 254 95 
40 -166 19.3025 113 254 95 
42 -166 19.3299 113 254 95 
44 -166 19.4495 113 254 95 
46 -166 19.5521 113 254 95 
48 -166 19.1252 117 254 92 
50 -166 18.4833 121 254 89 
52 -166 18.091 125 255 86 
54 -166 17.9878 125 255 86 
56 -166 17.8971 125 255 86 
58 -166 17.732 125 255 86 
60 -166 17.6461 125 255 86 
62 -166 17.7551 125 255 86 
64 -166 17.8535 125 255 86 
66 -166 17.4957 128 255 83 
68 -166 17.2889 128 255 83 
70 -166 17.534 128 255 83 
72 -166 17.7049 125 255 86 
74 -166 17.3973 128 255 83 
76 -166 16.8842 132 255 81 
78 -166 17.1322 132 255 81 
80 -166 8.06938 185 246 53 
-146 -168 64.6087 68 84 195 
-144 -168 59.9713 70 107 227 
-142 -168 59.5462 71 110 230 
-140 -168 59.3311 71 110 230 
-138 -168 59.3709 71 110 230 
-136 -168 59.3263 71 110 230 
-134 -168 58.9846 71 113 233 
-132 -168 58.5551 71 115 235 
-130 -168 58.0979 71 118 238 
-128 -168 57.9473 71 118 238 
-126 -168 57.8895 71 118 238 
-124 -168 57.3639 71 120 240 
-122 -168 56.7834 71 123 242 
-120 -168 56.2063 70 128 246 
-118 -168 55.7482 70 128 246 
-116 -168 55.3949 70 130 248 
-114 -168 55.2076 70 133 250 
-112 -168 55.2016 70 133 250 
-110 -168 54.7798 70 133 250 
-108 -168 54.1109 69 138 252 
-106 -168 53.519 69 140 253 
-104 -168 52.845 68 143 254 
-102 -168 52.1231 66 148 255 
-100 -168 51.5483 65 150 255 
-98 -168 50.9711 64 153 255 
-96 -168 50.2898 62 155 254 
-94 -168 49.3754 59 160 253 
-92 -168 48.9012 58 163 252 
-90 -168 48.6467 56 165 251 
-88 -168 48.1302 55 168 250 
-86 -168 47.4207 53 171 248 
-84 -168 46.7085 51 173 247 
-82 -168 45.8821 47 178 244 
-80 -168 45.1956 44 183 240 
-78 -168 44.4716 42 185 238 
-76 -168 43.5849 39 190 233 
-74 -168 42.7794 37 192 231 
-72 -168 42.3086 35 195 228 
-70 -168 42.1175 34 197 226 
-68 -168 41.5343 32 199 223 
-66 -168 40.8301 31 201 221 
-64 -168 40.2876 30 203 218 
-62 -168 39.6801 27 208 213 
-60 -168 39.1178 26 210 210 
-58 -168 38.766 26 210 210 
-56 -168 38.5033 26 212 208 
-54 -168 38.0884 25 213 205 
-52 -168 37.6563 24 215 202 
-50 -168 37.1787 24 217 200 
-48 -168 36.8899 24 217 200 
-46 -168 36.6818 24 219 197 
-44 -168 36.5006 24 219 197 
-42 -168 36.2669 24 219 197 
-40 -168 35.6157 24 222 192 
-38 -168 35.0671 24 224 189 
-36 -168 34.7443 24 224 189 
-34 -168 34.4264 25 226 187 
-32 -168 34.3681 25 226 187 
-30 -168 34.132 25 227 185 
-28 -168 34.0187 25 227 185 
-26 -168 33.8667 25 227 185 
-24 -168 33.7603 25 227 185 
-22 -168 33.6229 26 228 182 
-20 -168 33.3784 26 228 182 
-18 -168 33.3585 26 228 182 
-16 -168 33.6396 26 228 182 
-14 -168 33.3273 26 228 182 
-12 -168 32.8535 28 230 180 
-10 -168 32.7137 28 230 180 
-8 -168 32.8387 28 230 180 
-6 -168 32.7045 28 230 180 
-4 -168 32.2311 29 231 178 
-2 -168 31.8484 31 233 175 
0 -168 31.6928 31 233 175 
2 -168 31.5981 32 234 172 
4 -168 31.3241 32 234 172 
6 -168 30.8653 34 235 170 
8 -168 30.6883 34 235 170 
10 -168 30.4377 37 236 167 
12 -168 29.9244 39 238 164 
14 -168 29.6437 42 239 161 
16 -168 29.6235 42 239 161 
18 -168 29.2272 42 239 161 
20 -168 28.4672 47 241 155 
22 -168 27.7234 50 242 152 
24 -168 27.0937 56 244 145 
26 -168 26.5147 60 245 142 
28 -168 26.1038 63 246 138 
30 -168 25.6356 67 247 135 
32 -168 25.138 70 248 132 
34 -168 24.8653 70 248 132 
36 -168 24.4098 74 248 128 
38 -168 23.8423 78 249 125 
40 -168 23.5665 82 250 122 
42 -168 22.9365 85 250 118 
44 -168 22.0511 93 252 111 
46 -168 21.7424 93 252 111 
48 -168 21.6986 93 252 111 
50 -168 21.1921 97 252 108 
52 -168 20.4201 105 253 102 
54 -168 19.7765 109 254 98 
56 -168 19.1349 117 254 92 
58 -168 18.325 121 254 89 
60 -168 18.3423 121 254 89 
62 -168 18.9946 117 254 92 
64 -168 18.9571 117 254 92 
66 -168 17.8076 125 255 86 
68 -168 17.264 128 255 83 
70 -168 17.4494 128 255 83 
72 -168 17.1868 128 255 83 
74 -168 16.3138 136 255 78 
76 -168 15.5192 143 255 73 
78 -168 15.2235 143 255 73 
80 -168 3.86929 205 236 52 
-146 -170 66.2187 66 75 181 
-144 -170 60.8396 70 102 221 
-142 -170 59.5426 71 110 230 
-140 -170 58.5827 71 115 235 
-138 -170 57.8926 71 118 238 
-136 -170 57.5588 71 120 240 
-134 -170 57.5298 71 120 240 
-132 -170 57.2462 71 120 240 
-130 -170 56.6194 70 125 244 
-128 -170 56.1177 70 128 246 
-126 -170 55.8893 70 128 246 
-124 -170 55.5487 70 130 248 
-122 -170 55.3215 70 130 248 
-120 -170 55.0784 70 133 250 
-118 -170 54.5034 70 135 251 
-116 -170 54.2818 70 135 251 
-114 -170 54.154 69 138 252 
-112 -170 54.0207 69 138 252 
-110 -170 53.8635 69 138 252 
-108 -170 53.7232 69 138 252 
-106 -170 53.5438 69 140 253 
-104 -170 53.1959 68 143 254 
-102 -170 52.8556 68 143 254 
-100 -170 52.8049 68 143 254 
-98 -170 52.6653 67 145 254 
-96 -170 52.3203 67 145 254 
-94 -170 51.7365 66 148 255 
-92 -170 51.42 65 150 255 
-90 -170 51.3561 65 150 255 
-88 -170 51.153 64 153 255 
-86 -170 50.9769 64 153 255 
-84 -170 50.9577 64 153 255 
-82 -170 50.5044 62 155 254 
-80 -170 49.8943 61 158 254 
-78 -170 49.4953 59 160 253 
-76 -170 49.0161 58 163 252 
-74 -170 48.5598 56 165 251 
-72 -170 48.4136 56 165 251 
-70 -170 48.2489 56 165 251 
-68 -170 47.4945 53 171 248 
-66 -170 46.6881 49 175 245 
-64 -170 46.2584 49 175 245 
-62 -170 45.6939 46 180 242 
-60 -170 44.9977 44 183 240 
-58 -170 44.5686 42 185 238 
-56 -170 43.8394 40 188 235 
-54 -170 43.1248 37 192 231 
-52 -170 42.9148 37 192 231 
-50 -170 42.2485 35 195 228 
-48 -170 41.3221 32 199 223 
-46 -170 40.5397 30 203 218 
-44 -170 40.0685 28 205 216 
-42 -170 39.9317 28 205 216 
-40 -170 39.501 27 208 213 
-38 -170 38.5588 26 212 208 
-36 -170 37.3138 24 215 202 
-34 -170 36.0815 24 221 194 
-32 -170 35.4295 24 222 192 
-30 -170 35.0469 24 224 189 
-28 -170 34.8359 24 224 189 
-26 -170 34.5263 25 226 187 
-24 -170 34.3271 25 226 187 
-22 -170 33.814 25 227 185 
-20 -170 33.0366 28 230 180 
-18 -170 32.7903 28 230 180 
-16 -170 32.7702 28 230 180 
-14 -170 32.2562 29 231 178 
-12 -170 31.7113 31 233 175 
-10 -170 31.134 34 235 170 
-8 -170 30.7035 34 235 170 
-6 -170 30.6349 37 236 167 
-4 -170 30.668 37 236 167 
-2 -170 30.1558 39 238 164 
0 -170 29.4999 42 239 161 
2 -170 29.4001 42 239 161 
4 -170 29.172 42 239 161 
6 -170 28.7711 44 240 158 
8 -170 28.8001 44 240 158 
10 -170 28.8065 44 240 158 
12 -170 28.7214 44 240 158 
14 -170 28.6804 44 240 158 
16 -170 28.6335 47 241 155 
18 -170 28.4815 47 241 155 
20 -170 28.4713 47 241 155 
22 -170 28.2849 47 241 155 
24 -170 27.9594 50 242 152 
26 -170 27.8034 50 242 152 
28 -170 27.8418 50 242 152 
30 -170 27.5985 53 243 148 
32 -170 27.3128 53 243 148 
34 -170 27.189 53 243 148 
36 -170 27.0639 56 244 145 
38 -170 27.029 56 244 145 
40 -170 27.106 56 244 145 
42 -170 26.7537 56 244 145 
44 -170 26.0806 63 246 138 
46 -170 25.7907 63 246 138 
48 -170 25.8569 63 246 138 
50 -170 25.4821 67 247 135 
52 -170 24.8612 70 248 132 
54 -170 24.3669 74 248 128 
56 -170 23.9371 78 249 125 
58 -170 23.0741 85 250 118 
60 -170 22.7416 85 250 118 
62 -170 22.9917 85 250 118 
64 -170 22.8251 85 250 118 
66 -170 21.9925 93 252 111 
68 -170 21.4728 97 252 108 
70 -170 21.4446 97 252 108 
72 -170 21.158 97 252 108 
74 -170 20.3266 105 253 102 
76 -170 20.0569 109 254 98 
78 -170 18.1473 121 254 89 
-146 -172 70.3113 60 50 134 
-144 -172 65.7352 67 78 186 
-142 -172 65.2541 67 78 186 
-140 -172 64.3948 68 84 195 
-138 -172 63.502 69 89 203 
-136 -172 63.0921 69 92 207 
-134 -172 62.9046 69 92 207 
-132 -172 62.2523 69 94 211 
-130 -172 60.9846 70 102 221 
-128 -172 59.8357 70 107 227 
-126 -172 59.2058 71 113 233 
-124 -172 58.5711 71 115 235 
-122 -172 57.7627 71 118 238 
-120 -172 56.8537 71 123 242 
-118 -172 55.9994 70 128 246 
-116 -172 55.5821 70 130 248 
-114 -172 55.071 70 133 250 
-112 -172 54.3922 70 135 251 
-110 -172 54.0692 69 138 252 
-108 -172 53.6165 69 140 253 
-106 -172 52.9063 68 143 254 
-104 -172 52.2711 67 145 254 
-102 -172 51.9646 66 148 255 
-100 -172 51.9396 66 148 255 
-98 -172 51.7495 66 148 255 
-96 -172 51.1598 64 153 255 
-94 -172 50.5475 62 155 254 
-92 -172 50.2581 62 155 254 
-90 -172 50.0221 61 158 254 
-88 -172 49.4941 59 160 253 
-86 -172 49.2157 59 160 253 
-84 -172 49.2933 59 160 253 
-82 -172 49.0524 58 163 252 
-80 -172 48.6606 56 165 251 
-78 -172 48.3027 56 165 251 
-76 -172 48.0542 55 168 250 
-74 -172 48.0002 55 168 250 
-72 -172 48.0216 55 168 250 
-70 -172 47.88 55 168 250 
-68 -172 47.6475 53 171 248 
-66 -172 47.3862 53 171 248 
-64 -172 47.2865 53 171 248 
-62 -172 47.1018 51 173 247 
-60 -172 46.7185 51 173 247 
-58 -172 46.5348 49 175 245 
-56 -172 46.2323 49 175 245 
-54 -172 45.8786 47 178 244 
-52 -172 45.7245 47 178 244 
-50 -172 45.3747 46 180 242 
-48 -172 45.1204 44 183 240 
-46 -172 44.923 44 183 240 
-44 -172 44.7467 44 183 240 
-42 -172 44.6577 42 185 238 
-40 -172 44.3626 42 185 238 
-38 -172 43.6707 39 190 233 
-36 -172 42.912 37 192 231 
-34 -172 41.8678 34 197 226 
-32 -172 41.0656 31 201 221 
-30 -172 40.891 31 201 221 
-28 -172 40.6303 30 203 218 
-26 -172 40.1979 30 203 218 
-24 -172 39.9607 28 205 216 
-22 -172 39.5913 27 208 213 
-20 -172 38.9851 26 210 210 
-18 -172 38.4905 26 212 208 
-16 -172 37.9535 25 213 205 
-14 -172 37.2163 24 215 202 
-12 -172 36.7416 24 217 200 
-10 -172 36.244 24 219 197 
-8 -172 35.493 24 222 192 
-6 -172 35.1809 24 222 192 
-4 -172 34.9685 24 224 189 
-2 -172 34.0235 25 227 185 
0 -172 32.9502 28 230 180 
2 -172 32.1694 31 233 175 
4 -172 31.3145 32 234 172 
6 -172 30.7043 34 235 170 
8 -172 30.3979 37 236 167 
10 -172 29.9876 39 238 164 
12 -172 29.4414 42 239 161 
14 -172 28.9516 44 240 158 
16 -172 28.5606 47 241 155 
18 -172 28.1362 50 242 152 
20 -172 27.6867 50 242 152 
22 -172 27.1083 56 244 145 
24 -172 26.9822 56 244 145 
26 -172 27.1717 53 243 148 
28 -172 26.9884 56 244 145 
30 -172 26.3931 60 245 142 
32 -172 25.8753 63 246 138 
34 -172 25.4339 67 247 135 
36 -172 25.1832 67 247 135 
38 -172 25.0997 70 248 132 
40 -172 25.3224 67 247 135 
42 -172 25.3542 67 247 135 
44 -172 25.1123 70 248 132 
46 -172 24.7559 70 248 132 
48 -172 24.4293 74 248 128 
50 -172 24.1597 74 248 128 
52 -172 24.1354 78 249 125 
54 -172 24.1725 74 248 128 
56 -172 24.0742 78 249 125 
58 -172 23.7232 78 249 125 
60 -172 23.487 82 250 122 
62 -172 23.5144 82 250 122 
64 -172 23.6083 82 250 122 
66 -172 23.5888 82 250 122 
68 -172 23.3306 82 250 122 
70 -172 23.1481 85 250 118 
72 -172 23.0227 85 250 118 
74 -172 22.7083 85 250 118 
76 -172 23.4255 82 250 122 
78 -172 21.541 97 252 108 
-146 -174 71.088 59 47 128 
-144 -174 66.728 66 73 177 
-142 -174 66.793 65 70 172 
-140 -174 66.4729 66 73 177 
-138 -174 66.0263 66 75 181 
-136 -174 65.7547 66 75 181 
-134 -174 65.7887 66 75 181 
-132 -174 65.5622 67 78 186 
-130 -174 64.8228 68 81 191 
-128 -174 64.2476 68 84 195 
-126 -174 64.0331 68 86 199 
-124 -174 63.7517 68 86 199 
-122 -174 62.9839 69 92 207 
-120 -174 62.1582 70 97 214 
-118 -174 61.7834 70 97 214 
-116 -174 61.4325 70 100 218 
-114 -174 61.1287 70 102 221 
-112 -174 60.4805 70 105 224 
-110 -174 59.8102 70 107 227 
-108 -174 59.255 71 110 230 
-106 -174 58.5754 71 115 235 
-104 -174 57.9004 71 118 238 
-102 -174 57.2446 71 120 240 
-100 -174 56.3518 70 125 244 
-98 -174 55.6883 70 130 248 
-96 -174 55.3174 70 130 248 
-94 -174 54.8697 70 133 250 
-92 -174 54.3013 70 135 251 
-90 -174 53.5317 69 140 253 
-88 -174 52.5628 67 145 254 
-86 -174 51.9261 66 148 255 
-84 -174 51.6092 65 150 255 
-82 -174 51.3083 65 150 255 
-80 -174 50.9022 64 153 255 
-78 -174 50.1409 61 158 254 
-76 -174 49.3523 59 160 253 
-74 -174 48.6153 56 165 251 
-72 -174 47.9963 55 168 250 
-70 -174 47.3559 53 171 248 
-68 -174 46.8781 51 173 247 
-66 -174 46.6707 49 175 245 
-64 -174 46.5648 49 175 245 
-62 -174 46.0792 47 178 244 
-60 -174 45.6038 46 180 242 
-58 -174 45.3457 46 180 242 
-56 -174 44.9726 44 183 240 
-54 -174 44.483 42 185 238 
-52 -174 44.191 40 188 235 
-50 -174 43.8674 40 188 235 
-48 -174 43.5899 39 190 233 
-46 -174 43.3543 39 190 233 
-44 -174 43.0555 37 192 231 
-42 -174 42.8664 37 192 231 
-40 -174 42.7573 37 192 231 
-38 -174 42.4608 35 195 228 
-36 -174 42.1575 34 197 226 
-34 -174 41.8781 34 197 226 
-32 -174 41.6104 32 199 223 
-30 -174 41.7351 34 197 226 
-28 -174 41.582 32 199 223 
-26 -174 41.2168 32 199 223 
-24 -174 41.2443 32 199 223 
-22 -174 41.3001 32 199 223 
-20 -174 41.0528 31 201 221 
-18 -174 40.6973 31 201 221 
-16 -174 40.3387 30 203 218 
-14 -174 40.1068 28 205 216 
-12 -174 40.2607 30 203 218 
-10 -174 40.4638 30 203 218 
-8 -174 40.1564 28 205 216 
-6 -174 39.8273 28 205 216 
-4 -174 39.5371 27 208 213 
-2 -174 39.1621 26 210 210 
0 -174 38.8188 26 210 210 
2 -174 38.1781 25 213 205 
4 -174 37.5393 24 215 202 
6 -174 37.3032 24 215 202 
8 -174 37.2 24 215 202 
10 -174 36.6463 24 219 197 
12 -174 35.8254 24 221 194 
14 -174 35.3912 24 222 192 
16 -174 34.9311 24 224 189 
18 -174 34.3205 25 226 187 
20 -174 33.6721 26 228 182 
22 -174 32.9942 28 230 180 
24 -174 32.5583 29 231 178 
26 -174 32.1254 31 233 175 
28 -174 31.6537 32 234 172 
30 -174 30.9403 34 235 170 
32 -174 30.1118 39 238 164 
34 -174 29.4288 42 239 161 
36 -174 28.6806 44 240 158 
38 -174 28.01 50 242 152 
40 -174 27.6967 50 242 152 
42 -174 27.3279 53 243 148 
44 -174 26.8018 56 244 145 
46 -174 26.0956 63 246 138 
48 -174 25.3011 67 247 135 
50 -174 24.8769 70 248 132 
52 -174 25.0574 70 248 132 
54 -174 24.7846 70 248 132 
56 -174 24.4343 74 248 128 
58 -174 24.3672 74 248 128 
60 -174 24.1172 78 249 125 
62 -174 23.8647 78 249 125 
64 -174 23.5584 82 250 122 
66 -174 23.2318 82 250 122 
68 -174 23.2037 82 250 122 
70 -174 22.7334 85 250 118 
72 -174 22.3167 89 251 115 
74 -174 22.3814 89 251 115 
76 -174 23.1103 85 250 118 
78 -174 25.019 70 248 132 
82 -174 6.76054 190 244 52 
-146 -176 72.1126 57 42 115 
-144 -176 66.9169 65 70 172 
-142 -176 65.8868 66 75 181 
-140 -176 65.3131 67 78 186 
-138 -176 64.9925 68 81 191 
-136 -176 64.6127 68 84 195 
-134 -176 64.2926 68 84 195 
-132 -176 63.9999 68 86 199 
-130 -176 63.8005 68 86 199 
-128 -176 63.6217 69 89 203 
-126 -176 63.272 69 89 203 
-124 -176 62.8726 69 92 207 
-122 -176 62.4041 69 94 211 
-120 -176 62.0327 70 97 214 
-118 -176 61.8531 70 97 214 
-116 -176 61.5142 70 100 218 
-114 -176 61.3052 70 100 218 
-112 -176 60.9358 70 102 221 
-110 -176 60.4821 70 105 224 
-108 -176 60.2635 70 105 224 
-106 -176 60.2778 70 105 224 
-104 -176 60.2854 70 105 224 
-102 -176 59.95 70 107 227 
-100 -176 59.2093 71 113 233 
-98 -176 58.7151 71 115 235 
-96 -176 58.7288 71 115 235 
-94 -176 58.7082 71 115 235 
-92 -176 58.3395 71 115 235 
-90 -176 57.7625 71 118 238 
-88 -176 57.3069 71 120 240 
-86 -176 56.9058 71 123 242 
-84 -176 56.6887 70 125 244 
-82 -176 56.3965 70 125 244 
-80 -176 56.051 70 128 246 
-78 -176 55.5868 70 130 248 
-76 -176 55.0996 70 133 250 
-74 -176 54.3722 70 135 251 
-72 -176 53.6365 69 140 253 
-70 -176 52.9478 68 143 254 
-68 -176 52.4299 67 145 254 
-66 -176 51.9691 66 148 255 
-64 -176 51.3275 65 150 255 
-62 -176 50.5677 62 155 254 
-60 -176 50.142 61 158 254 
-58 -176 49.6537 59 160 253 
-56 -176 48.9739 58 163 252 
-54 -176 48.4435 56 165 251 
-52 -176 48.0338 55 168 250 
-50 -176 47.3836 53 171 248 
-48 -176 46.6836 49 175 245 
-46 -176 46.0003 47 178 244 
-44 -176 45.2062 46 180 242 
-42 -176 44.614 42 185 238 
-40 -176 44.3048 42 185 238 
-38 -176 43.9378 40 188 235 
-36 -176 43.3055 39 190 233 
-34 -176 42.6461 35 195 228 
-32 -176 42.0683 34 197 226 
-30 -176 41.6734 32 199 223 
-28 -176 41.1976 32 199 223 
-26 -176 40.6829 30 203 218 
-24 -176 40.4758 30 203 218 
-22 -176 40.1271 28 205 216 
-20 -176 39.7594 28 205 216 
-18 -176 39.5314 27 208 213 
-16 -176 39.2763 27 208 213 
-14 -176 39.0956 26 210 210 
-12 -176 38.8973 26 210 210 
-10 -176 38.8279 26 210 210 
-8 -176 38.5061 26 212 208 
-6 -176 38.0035 25 213 205 
-4 -176 37.8297 25 213 205 
-2 -176 37.8046 25 213 205 
0 -176 37.6821 24 215 202 
2 -176 37.5103 24 215 202 
4 -176 37.3464 24 215 202 
6 -176 37.1988 24 215 202 
8 -176 37.1838 24 215 202 
10 -176 36.9863 24 217 200 
12 -176 36.583 24 219 197 
14 -176 36.4473 24 219 197 
16 -176 36.3294 24 219 197 
18 -176 36.2381 24 219 197 
20 -176 36.2936 24 219 197 
22 -176 36.2049 24 219 197 
24 -176 35.9018 24 221 194 
26 -176 35.2564 24 222 192 
28 -176 35.0631 24 224 189 
30 -176 34.8694 24 224 189 
32 -176 34.3059 25 226 187 
34 -176 33.9629 25 227 185 
36 -176 33.6415 26 228 182 
38 -176 33.19 26 228 182 
40 -176 32.7565 28 230 180 
42 -176 32.3981 29 231 178 
44 -176 32.12 31 233 175 
46 -176 31.7405 31 233 175 
48 -176 31.1524 34 235 170 
50 -176 30.8893 34 235 170 
52 -176 31.0458 34 235 170 
54 -176 30.7367 34 235 170 
56 -176 30.4317 37 236 167 
58 -176 30.1557 39 238 164 
60 -176 29.455 42 239 161 
62 -176 28.6524 47 241 155 
64 -176 27.9235 50 242 152 
66 -176 27.4706 53 243 148 
68 -176 27.5459 53 243 148 
70 -176 26.9596 56 244 145 
72 -176 26.2772 60 245 142 
74 -176 26.0802 63 246 138 
76 -176 26.1245 63 246 138 
78 -176 32.7232 28 230 180 
80 -176 53.3934 69 140 253 
-148 -178 85.3408 48 18 59 
-146 -178 75.8943 48 18 59 
-144 -178 72.6338 56 39 109 
-142 -178 71.656 58 45 121 
-140 -178 70.7179 60 50 134 
-138 -178 70.347 60 50 134 
-136 -178 70.0645 61 53 139 
-134 -178 69.1381 63 59 151 
-132 -178 68.1534 64 64 162 
-130 -178 67.5127 65 67 167 
-128 -178 66.8359 65 70 172 
-126 -178 65.9284 66 75 181 
-124 -178 65.1037 68 81 191 
-122 -178 64.1737 68 86 199 
-120 -178 63.3507 69 89 203 
-118 -178 62.7488 69 92 207 
-116 -178 62.1931 70 97 214 
-114 -178 61.5719 70 100 218 
-112 -178 60.8221 70 102 221 
-110 -178 60.2114 70 107 227 
-108 -178 59.6708 71 110 230 
-106 -178 59.2722 71 110 230 
-104 -178 59.106 71 113 233 
-102 -178 58.8789 71 113 233 
-100 -178 58.5087 71 115 235 
-98 -178 58.3345 71 115 235 
-96 -178 58.2247 71 118 238 
-94 -178 57.9155 71 118 238 
-92 -178 57.4715 71 120 240 
-90 -178 57.0569 71 123 242 
-88 -178 56.7549 71 123 242 
-86 -178 56.3896 70 125 244 
-84 -178 56.1046 70 128 246 
-82 -178 55.6565 70 130 248 
-80 -178 55.3751 70 130 248 
-78 -178 55.2301 70 130 248 
-76 -178 55.25 70 130 248 
-74 -178 55.2078 70 133 250 
-72 -178 54.8955 70 133 250 
-70 -178 54.5611 70 135 251 
-68 -178 54.4532 70 135 251 
-66 -178 54.375 70 135 251 
-64 -178 54.0657 69 138 252 
-62 -178 53.7442 69 138 252 
-60 -178 53.5395 69 140 253 
-58 -178 53.189 68 143 254 
-56 -178 52.7858 68 143 254 
-54 -178 52.4055 67 145 254 
-52 -178 52.0703 66 148 255 
-50 -178 51.7708 66 148 255 
-48 -178 51.5411 65 150 255 
-46 -178 51.2795 65 150 255 
-44 -178 50.8271 64 153 255 
-42 -178 50.2718 62 155 254 
-40 -178 49.823 61 158 254 
-38 -178 49.5309 59 160 253 
-36 -178 49.1398 58 163 252 
-34 -178 48.823 58 163 252 
-32 -178 48.4119 56 165 251 
-30 -178 47.6962 53 171 248 
-28 -178 46.9208 51 173 247 
-26 -178 46.1955 47 178 244 
-24 -178 45.6543 46 180 242 
-22 -178 45.1526 44 183 240 
-20 -178 44.8568 44 183 240 
-18 -178 44.5826 42 185 238 
-16 -178 44.1666 40 188 235 
-14 -178 43.545 39 190 233 
-12 -178 42.531 35 195 228 
-10 -178 41.7303 34 197 226 
-8 -178 41.09 31 201 221 
-6 -178 40.3596 30 203 218 
-4 -178 39.9072 28 205 216 
-2 -178 39.4122 27 208 213 
0 -178 38.9187 26 210 210 
2 -178 38.4321 26 212 208 
4 -178 37.8808 25 213 205 
6 -178 37.6759 24 215 202 
8 -178 37.5775 24 215 202 
10 -178 37.22 24 215 202 
12 -178 36.5958 24 219 197 
14 -178 35.8699 24 221 194 
16 -178 35.5391 24 222 192 
18 -178 35.4196 24 222 192 
20 -178 35.148 24 224 189 
22 -178 34.9087 24 224 189 
24 -178 34.4916 25 226 187 
26 -178 33.6982 25 227 185 
28 -178 33.4366 26 228 182 
30 -178 33.4899 26 228 182 
32 -178 33.2182 26 228 182 
34 -178 33.0095 28 230 180 
36 -178 33.0012 28 230 180 
38 -178 32.5337 29 231 178 
40 -178 31.9906 31 233 175 
42 -178 31.8415 31 233 175 
44 -178 31.9559 31 233 175 
46 -178 32.0501 31 233 175 
48 -178 31.8839 31 233 175 
50 -178 31.7829 31 233 175 
52 -178 31.8102 31 233 175 
54 -178 31.7432 31 233 175 
56 -178 31.5846 32 234 172 
58 -178 31.4065 32 234 172 
60 -178 31.1543 34 235 170 
62 -178 30.7643 34 235 170 
64 -178 30.4898 37 236 167 
66 -178 30.2312 37 236 167 
68 -178 29.9822 39 238 164 
70 -178 29.9074 39 238 164 
72 -178 29.8146 39 238 164 
74 -178 29.6557 42 239 161 
76 -178 29.3893 42 239 161 
78 -178 37.0337 24 217 200 
-148 -180 86.7428 48 18 59 
-146 -180 77.0259 48 18 59 
-144 -180 74.6145 52 27 81 
-142 -180 74.3988 52 27 81 
-140 -180 73.8599 53 30 88 
-138 -180 73.5756 54 33 95 
-136 -180 73.5831 54 33 95 
-134 -180 73.2626 54 33 95 
-132 -180 72.7644 55 36 102 
-130 -180 72.3173 56 39 109 
-128 -180 71.8228 57 42 115 
-126 -180 71.2769 58 45 121 
-124 -180 70.8154 59 47 128 
-122 -180 69.8628 61 53 139 
-120 -180 68.9993 63 59 151 
-118 -180 68.7658 63 59 151 
-116 -180 68.5428 63 62 156 
-114 -180 67.8647 64 64 162 
-112 -180 67.0238 65 70 172 
-110 -180 66.4224 66 73 177 
-108 -180 65.8535 66 75 181 
-106 -180 65.1419 68 81 191 
-104 -180 64.5264 68 84 195 
-102 -180 63.9325 68 86 199 
-100 -180 63.2373 69 92 207 
-98 -180 62.8319 69 92 207 
-96 -180 62.3314 69 94 211 
-94 -180 61.3298 70 100 218 
-92 -180 60.4401 70 105 224 
-90 -180 59.8435 70 107 227 
-88 -180 59.2142 71 113 233 
-86 -180 58.4842 71 115 235 
-84 -180 57.8796 71 118 238 
-82 -180 57.4794 71 120 240 
-80 -180 57.1472 71 123 242 
-78 -180 56.354 70 125 244 
-76 -180 55.6608 70 130 248 
-74 -180 55.2619 70 130 248 
-72 -180 54.9354 70 133 250 
-70 -180 54.7845 70 133 250 
-68 -180 54.3768 70 135 251 
-66 -180 53.6768 69 140 253 
-64 -180 53.3871 69 140 253 
-62 -180 53.2636 69 140 253 
-60 -180 52.6758 67 145 254 
-58 -180 52.071 66 148 255 
-56 -180 51.9313 66 148 255 
-54 -180 51.7145 65 150 255 
-52 -180 51.4976 65 150 255 
-50 -180 51.2087 64 153 255 
-48 -180 50.8108 64 153 255 
-46 -180 50.6797 62 155 254 
-44 -180 50.5562 62 155 254 
-42 -180 50.2794 62 155 254 
-40 -180 49.9569 61 158 254 
-38 -180 49.7423 61 158 254 
-36 -180 49.5085 59 160 253 
-34 -180 49.4342 59 160 253 
-32 -180 49.4121 59 160 253 
-30 -180 49.2765 59 160 253 
-28 -180 49.1938 58 163 252 
-26 -180 48.9149 58 163 252 
-24 -180 48.4921 56 165 251 
-22 -180 48.1094 55 168 250 
-20 -180 47.8858 55 168 250 
-18 -180 47.5886 53 171 248 
-16 -180 47.3384 53 171 248 
-14 -180 47.1121 51 173 247 
-12 -180 46.7752 51 173 247 
-10 -180 46.3971 49 175 245 
-8 -180 46.0715 47 178 244 
-6 -180 45.7571 47 178 244 
-4 -180 45.3377 46 180 242 
-2 -180 44.6873 42 185 238 
0 -180 44.2906 42 185 238 
2 -180 43.9227 40 188 235 
4 -180 43.3374 39 190 233 
6 -180 43.1011 37 192 231 
8 -180 43.0318 37 192 231 
10 -180 42.6318 35 195 228 
12 -180 41.9026 34 197 226 
14 -180 41.1354 31 201 221 
16 -180 40.7895 31 201 221 
18 -180 40.5705 30 203 218 
20 -180 40.0502 28 205 216 
22 -180 39.4843 27 208 213 
24 -180 38.8869 26 210 210 
26 -180 38.1657 25 213 205 
28 -180 37.3537 24 215 202 
30 -180 36.8089 24 217 200 
32 -180 36.1836 24 219 197 
34 -180 35.736 24 221 194 
36 -180 35.5216 24 222 192 
38 -180 34.9023 24 224 189 
40 -180 34.0065 25 227 185 
42 -180 33.2456 26 228 182 
44 -180 33.0109 28 230 180 
46 -180 32.9329 28 230 180 
48 -180 32.4413 29 231 178 
50 -180 31.9712 31 233 175 
52 -180 31.651 32 234 172 
54 -180 31.1739 32 234 172 
56 -180 30.5765 37 236 167 
58 -180 30.3775 37 236 167 
60 -180 30.2615 37 236 167 
62 -180 29.71 39 238 164 
64 -180 29.3769 42 239 161 
66 -180 29.2384 42 239 161 
68 -180 29.0205 44 240 158 
70 -180 29.164 44 240 158 
72 -180 29.1532 44 240 158 
74 -180 28.6722 44 240 158 
76 -180 28.944 44 240 158 
78 -180 41.2717 32 199 223 
-148 -182 89.2776 48 18 59 
-146 -182 77.214 48 18 59 
-144 -182 72.9618 55 36 102 
-142 -182 72.3502 56 39 109 
-140 -182 71.7952 57 42 115 
-138 -182 71.4498 58 45 121 
-136 -182 71.2761 58 45 121 
-134 -182 70.9187 59 47 128 
-132 -182 70.5918 60 50 134 
-130 -182 70.4281 60 50 134 
-128 -182 70.3116 60 50 134 
-126 -182 70.2237 61 53 139 
-124 -182 70.0168 61 53 139 
-122 -182 69.5704 62 56 145 
-120 -182 69.3224 62 56 145 
-118 -182 69.2527 62 56 145 
-116 -182 69.0549 63 59 151 
-114 -182 68.7602 63 59 151 
-112 -182 68.3666 63 62 156 
-110 -182 68.1808 64 64 162 
-108 -182 68.3196 63 62 156 
-106 -182 68.3216 63 62 156 
-104 -182 67.9205 64 64 162 
-102 -182 67.3979 65 67 167 
-100 -182 66.8667 65 70 172 
-98 -182 66.5047 66 73 177 
-96 -182 66.2192 66 75 181 
-94 -182 65.773 66 75 181 
-92 -182 65.3109 67 78 186 
-90 -182 64.9522 68 81 191 
-88 -182 64.706 68 84 195 
-86 -182 64.2778 68 84 195 
-84 -182 63.866 68 86 199 
-82 -182 63.6316 69 89 203 
-80 -182 63.4304 69 89 203 
-78 -182 62.8556 69 92 207 
-76 -182 62.0628 70 97 214 
-74 -182 61.5019 70 100 218 
-72 -182 60.9442 70 102 221 
-70 -182 60.3489 70 105 224 
-68 -182 59.611 71 110 230 
-66 -182 58.8537 71 113 233 
-64 -182 58.3115 71 115 235 
-62 -182 58.0381 71 118 238 
-60 -182 57.5048 71 120 240 
-58 -182 56.93 71 123 242 
-56 -182 56.476 70 125 244 
-54 -182 55.6602 70 130 248 
-52 -182 55.1029 70 133 250 
-50 -182 54.3272 70 135 251 
-48 -182 53.3591 69 140 253 
-46 -182 52.8902 68 143 254 
-44 -182 52.2403 67 145 254 
-42 -182 51.5077 65 150 255 
-40 -182 50.9387 64 153 255 
-38 -182 50.477 62 155 254 
-36 -182 49.9788 61 158 254 
-34 -182 49.4141 59 160 253 
-32 -182 48.8916 58 163 252 
-30 -182 48.5556 56 165 251 
-28 -182 48.5324 56 165 251 
-26 -182 48.6083 56 165 251 
-24 -182 48.1186 55 168 250 
-22 -182 47.2512 53 171 248 
-20 -182 46.6599 49 175 245 
-18 -182 46.271 49 175 245 
-16 -182 45.9718 47 178 244 
-14 -182 45.6667 46 180 242 
-12 -182 45.4705 46 180 242 
-10 -182 45.4747 46 180 242 
-8 -182 45.5321 46 180 242 
-6 -182 45.4292 46 180 242 
-4 -182 45.0541 44 183 240 
-2 -182 44.6471 42 185 238 
0 -182 44.5878 42 185 238 
2 -182 44.6799 42 185 238 
4 -182 44.454 42 185 238 
6 -182 44.1399 40 188 235 
8 -182 43.8622 40 188 235 
10 -182 43.7148 40 188 235 
12 -182 43.663 39 190 233 
14 -182 43.5789 39 190 233 
16 -182 43.4752 39 190 233 
18 -182 43.2284 39 190 233 
20 -182 42.9756 37 192 231 
22 -182 42.6468 35 195 228 
24 -182 42.4438 35 195 228 
26 -182 42.369 35 195 228 
28 -182 41.9383 34 197 226 
30 -182 41.5064 32 199 223 
32 -182 41.1247 31 201 221 
34 -182 40.8265 31 201 221 
36 -182 40.4931 30 203 218 
38 -182 40.1225 28 205 216 
40 -182 39.6431 27 208 213 
42 -182 39.1905 27 208 213 
44 -182 38.8985 26 210 210 
46 -182 38.5793 26 212 208 
48 -182 38.0406 25 213 205 
50 -182 37.6329 24 215 202 
52 -182 37.1583 24 217 200 
54 -182 36.4163 24 219 197 
56 -182 35.6882 24 221 194 
58 -182 34.8945 24 224 189 
60 -182 34.2287 25 226 187 
62 -182 33.5672 26 228 182 
64 -182 33.1748 28 230 180 
66 -182 32.9946 28 230 180 
68 -182 32.6751 28 230 180 
70 -182 32.5502 29 231 178 
72 -182 32.1134 31 233 175 
74 -182 31.0089 34 235 170 
76 -182 31.6107 32 234 172 
-148 -184 89.2645 48 18 59 
-146 -184 80.1958 48 18 59 
-144 -184 76.4576 48 18 59 
-142 -184 75.9571 48 18 59 
-140 -184 75.3223 50 21 67 
-138 -184 74.5217 52 27 81 
-136 -184 73.7046 54 33 95 
-134 -184 72.7403 56 39 109 
-132 -184 72.201 57 42 115 
-130 -184 71.8276 57 42 115 
-128 -184 70.9657 59 47 128 
-126 -184 70.2976 60 50 134 
-124 -184 69.939 61 53 139 
-122 -184 69.6456 62 56 145 
-120 -184 69.0341 63 59 151 
-118 -184 68.1432 64 64 162 
-116 -184 67.4436 65 67 167 
-114 -184 66.8636 65 70 172 
-112 -184 66.3227 66 73 177 
-110 -184 66.0041 66 75 181 
-108 -184 66.0209 66 75 181 
-106 -184 66.2172 66 75 181 
-104 -184 65.9943 66 75 181 
-102 -184 65.4076 67 78 186 
-100 -184 64.856 68 81 191 
-98 -184 64.4932 68 84 195 
-96 -184 64.2366 68 86 199 
-94 -184 64.0947 68 86 199 
-92 -184 63.9645 68 86 199 
-90 -184 63.884 68 86 199 
-88 -184 63.8103 68 86 199 
-86 -184 63.5817 69 89 203 
-84 -184 63.4551 69 89 203 
-82 -184 63.2394 69 89 203 
-80 -184 63.0541 69 92 207 
-78 -184 63.0778 69 92 207 
-76 -184 62.9946 69 92 207 
-74 -184 63.0376 69 92 207 
-72 -184 62.8148 69 92 207 
-70 -184 62.2516 69 94 211 
-68 -184 61.7328 70 100 218 
-66 -184 61.5932 70 100 218 
-64 -184 61.567 70 100 218 
-62 -184 61.5428 70 100 218 
-60 -184 61.4161 70 100 218 
-58 -184 61.3094 70 100 218 
-56 -184 61.0147 70 102 221 
-54 -184 60.4099 70 105 224 
-52 -184 59.9999 70 107 227 
-50 -184 59.4183 71 110 230 
-48 -184 58.7848 71 113 233 
-46 -184 58.6318 71 115 235 
-44 -184 58.1892 71 118 238 
-42 -184 57.4725 71 120 240 
-40 -184 56.8476 71 123 242 
-38 -184 56.3356 70 125 244 
-36 -184 55.9389 70 128 246 
-34 -184 55.4832 70 130 248 
-32 -184 54.8687 70 133 250 
-30 -184 54.2282 70 135 251 
-28 -184 53.5583 69 140 253 
-26 -184 53.1604 68 143 254 
-24 -184 52.5237 67 145 254 
-22 -184 51.7428 66 148 255 
-20 -184 51.3895 65 150 255 
-18 -184 51.1195 64 153 255 
-16 -184 50.5043 62 155 254 
-14 -184 49.532 59 160 253 
-12 -184 48.5977 56 165 251 
-10 -184 47.963 55 168 250 
-8 -184 47.5286 53 171 248 
-6 -184 47.0999 51 173 247 
-4 -184 46.6664 49 175 245 
-2 -184 46.2749 49 175 245 
0 -184 45.6974 46 180 242 
2 -184 45.3452 46 180 242 
4 -184 44.8805 44 183 240 
6 -184 44.29 42 185 238 
8 -184 43.8504 40 188 235 
10 -184 43.581 39 190 233 
12 -184 43.2866 39 190 233 
14 -184 42.9537 37 192 231 
16 -184 42.4593 35 195 228 
18 -184 41.9779 34 197 226 
20 -184 41.8361 34 197 226 
22 -184 41.6877 32 199 223 
24 -184 41.5753 32 199 223 
26 -184 41.1816 31 201 221 
28 -184 40.6528 30 203 218 
30 -184 40.5299 30 203 218 
32 -184 40.6671 30 203 218 
34 -184 40.5485 30 203 218 
36 -184 40.1468 28 205 216 
38 -184 39.772 28 205 216 
40 -184 39.5934 27 208 213 
42 -184 39.6165 27 208 213 
44 -184 39.4569 27 208 213 
46 -184 39.2465 27 208 213 
48 -184 39.0454 26 210 210 
50 -184 38.8226 26 210 210 
52 -184 38.6339 26 212 208 
54 -184 38.5819 26 212 208 
56 -184 38.3963 26 212 208 
58 -184 37.846 25 213 205 
60 -184 37.5737 24 215 202 
62 -184 37.533 24 215 202 
64 -184 37.4318 24 215 202 
66 -184 37.0373 24 217 200 
68 -184 36.5908 24 219 197 
70 -184 36.4196 24 219 197 
72 -184 36.276 24 219 197 
74 -184 35.7171 24 221 194 
76 -184 36.6082 24 219 197 
-148 -186 88.0254 48 18 59 
-146 -186 82.2211 48 18 59 
-144 -186 80.1592 48 18 59 
-142 -186 80.2771 48 18 59 
-140 -186 80.0519 48 18 59 
-138 -186 79.3981 48 18 59 
-136 -186 78.7317 48 18 59 
-134 -186 78.2378 48 18 59 
-132 -186 77.9769 48 18 59 
-130 -186 77.6068 48 18 59 
-128 -186 76.7766 48 18 59 
-126 -186 75.7976 48 18 59 
-124 -186 75.0152 51 24 74 
-122 -186 74.9861 51 24 74 
-120 -186 74.8023 51 24 74 
-118 -186 74.0368 53 30 88 
-116 -186 73.1443 55 36 102 
-114 -186 72.1229 57 42 115 
-112 -186 71.333 58 45 121 
-110 -186 70.7406 60 50 134 
-108 -186 70.3401 60 50 134 
-106 -186 70.1983 61 53 139 
-104 -186 69.7691 61 53 139 
-102 -186 68.6445 63 62 156 
-100 -186 67.4924 65 67 167 
-98 -186 66.7632 65 70 172 
-96 -186 66.2214 66 75 181 
-94 -186 65.7112 67 78 186 
-92 -186 65.2402 68 81 191 
-90 -186 64.7295 68 84 195 
-88 -186 64.1662 68 86 199 
-86 -186 63.4968 69 89 203 
-84 -186 62.9148 69 92 207 
-82 -186 62.3213 69 94 211 
-80 -186 61.6917 70 100 218 
-78 -186 61.3994 70 100 218 
-76 -186 61.4935 70 100 218 
-74 -186 61.7986 70 97 214 
-72 -186 61.6336 70 100 218 
-70 -186 60.9854 70 102 221 
-68 -186 60.3508 70 105 224 
-66 -186 59.9955 70 107 227 
-64 -186 59.9371 70 107 227 
-62 -186 59.7247 71 110 230 
-60 -186 59.421 71 110 230 
-58 -186 59.396 71 110 230 
-56 -186 59.1734 71 113 233 
-54 -186 58.7976 71 113 233 
-52 -186 58.4816 71 115 235 
-50 -186 58.2336 71 115 235 
-48 -186 58.1519 71 118 238 
-46 -186 58.2501 71 115 235 
-44 -186 58.0846 71 118 238 
-42 -186 57.7656 71 118 238 
-40 -186 57.5385 71 120 240 
-38 -186 57.2263 71 123 242 
-36 -186 57.031 71 123 242 
-34 -186 57.0397 71 123 242 
-32 -186 57.0431 71 123 242 
-30 -186 56.7979 71 123 242 
-28 -186 56.2648 70 125 244 
-26 -186 55.8633 70 128 246 
-24 -186 55.6874 70 130 248 
-22 -186 55.5762 70 130 248 
-20 -186 55.4357 70 130 248 
-18 -186 55.2717 70 130 248 
-16 -186 55.1309 70 133 250 
-14 -186 54.8695 70 133 250 
-12 -186 54.3982 70 135 251 
-10 -186 53.7894 69 138 252 
-8 -186 53.1653 68 143 254 
-6 -186 52.6137 67 145 254 
-4 -186 52.3474 67 145 254 
-2 -186 52.2339 67 145 254 
0 -186 51.7897 66 148 255 
2 -186 51.2332 65 150 255 
4 -186 50.6848 62 155 254 
6 -186 50.0943 61 158 254 
8 -186 49.6507 59 160 253 
10 -186 49.3244 59 160 253 
12 -186 48.6803 56 165 251 
14 -186 48.0656 55 168 250 
16 -186 47.3947 53 171 248 
18 -186 46.744 51 173 247 
20 -186 46.6021 49 175 245 
22 -186 46.035 47 178 244 
24 -186 45.2125 46 180 242 
26 -186 44.5476 42 185 238 
28 -186 43.7788 40 188 235 
30 -186 42.9906 37 192 231 
32 -186 42.8696 37 192 231 
34 -186 42.5901 35 195 228 
36 -186 41.9464 34 197 226 
38 -186 41.2922 32 199 223 
40 -186 40.6197 30 203 218 
42 -186 39.9391 28 205 216 
44 -186 39.3181 27 208 213 
46 -186 38.9411 26 210 210 
48 -186 38.6629 26 212 208 
50 -186 38.5301 26 212 208 
52 -186 38.4155 26 212 208 
54 -186 38.1472 25 213 205 
56 -186 37.8834 25 213 205 
58 -186 37.7339 25 213 205 
60 -186 37.5407 24 215 202 
62 -186 37.3011 24 215 202 
64 -186 37.0529 24 217 200 
66 -186 36.6709 24 219 197 
68 -186 36.2949 24 219 197 
70 -186 35.8071 24 221 194 
72 -186 35.7552 24 221 194 
74 -186 35.975 24 221 194 
76 -186 39.5805 27 208 213 
-148 -188 87.0645 48 18 59 
-146 -188 80.7012 48 18 59 
-144 -188 78.4314 48 18 59 
-142 -188 78.2421 48 18 59 
-140 -188 77.9276 48 18 59 
-138 -188 77.687 48 18 59 
-136 -188 77.4754 48 18 59 
-134 -188 77.3862 48 18 59 
-132 -188 77.2659 48 18 59 
-130 -188 77.066 48 18 59 
-128 -188 77.0008 48 18 59 
-126 -188 76.7232 48 18 59 
-124 -188 76.132 48 18 59 
-122 -188 76.0529 48 18 59 
-120 -188 76.2008 48 18 59 
-118 -188 76.0847 48 18 59 
-116 -188 75.7548 50 21 67 
-114 -188 75.3706 50 21 67 
-112 -188 75.1011 51 24 74 
-110 -188 74.8463 51 24 74 
-108 -188 74.655 52 27 81 
-106 -188 74.3013 52 27 81 
-104 -188 73.7609 54 33 95 
-102 -188 73.0746 55 36 102 
-100 -188 72.6394 56 39 109 
-98 -188 72.4431 56 39 109 
-96 -188 72.2352 57 42 115 
-94 -188 71.8766 57 42 115 
-92 -188 71.4582 58 45 121 
-90 -188 70.9174 59 47 128 
-88 -188 70.365 60 50 134 
-86 -188 69.6235 62 56 145 
-84 -188 68.8148 63 59 151 
-82 -188 68.2183 64 64 162 
-80 -188 67.4373 65 67 167 
-78 -188 66.8824 65 70 172 
-76 -188 66.7946 65 70 172 
-74 -188 66.7492 65 70 172 
-72 -188 66.3002 66 73 177 
-70 -188 65.4266 67 78 186 
-68 -188 64.3814 68 84 195 
-66 -188 63.7453 68 86 199 
-64 -188 63.5569 69 89 203 
-62 -188 63.0302 69 92 207 
-60 -188 62.0958 70 97 214 
-58 -188 61.5653 70 100 218 
-56 -188 61.0013 70 102 221 
-54 -188 60.0288 70 107 227 
-52 -188 59.2351 71 110 230 
-50 -188 58.818 71 113 233 
-48 -188 58.5965 71 115 235 
-46 -188 58.4737 71 115 235 
-44 -188 58.2492 71 115 235 
-42 -188 57.5783 71 120 240 
-40 -188 56.8501 71 123 242 
-38 -188 56.2542 70 125 244 
-36 -188 55.7471 70 128 246 
-34 -188 55.3894 70 130 248 
-32 -188 55.2623 70 130 248 
-30 -188 55.1167 70 133 250 
-28 -188 54.9159 70 133 250 
-26 -188 54.7215 70 133 250 
-24 -188 54.3711 70 135 251 
-22 -188 53.8838 69 138 252 
-20 -188 53.5599 69 140 253 
-18 -188 53.4613 69 140 253 
-16 -188 53.3983 69 140 253 
-14 -188 53.3988 69 140 253 
-12 -188 53.1793 68 143 254 
-10 -188 52.9094 68 143 254 
-8 -188 52.751 68 143 254 
-6 -188 52.5163 67 145 254 
-4 -188 52.474 67 145 254 
-2 -188 52.5419 67 145 254 
0 -188 52.4219 67 145 254 
2 -188 52.2454 67 145 254 
4 -188 52.0583 66 148 255 
6 -188 51.7106 65 150 255 
8 -188 51.3197 65 150 255 
10 -188 51.127 64 153 255 
12 -188 51.0072 64 153 255 
14 -188 50.9323 64 153 255 
16 -188 50.8835 64 153 255 
18 -188 50.6057 62 155 254 
20 -188 50.4111 62 155 254 
22 -188 49.9007 61 158 254 
24 -188 49.3914 59 160 253 
26 -188 49.253 59 160 253 
28 -188 49.0684 58 163 252 
30 -188 48.5409 56 165 251 
32 -188 48.0106 55 168 250 
34 -188 47.4557 53 171 248 
36 -188 47.1733 51 173 247 
38 -188 46.9972 51 173 247 
40 -188 46.5212 49 175 245 
42 -188 45.8077 47 178 244 
44 -188 45.2098 46 180 242 
46 -188 44.8761 44 183 240 
48 -188 44.6362 42 185 238 
50 -188 44.4107 42 185 238 
52 -188 43.8845 40 188 235 
54 -188 42.9593 37 192 231 
56 -188 42.3829 35 195 228 
58 -188 42.1721 34 197 226 
60 -188 41.6096 32 199 223 
62 -188 41.0339 31 201 221 
64 -188 40.7058 31 201 221 
66 -188 40.2045 30 203 218 
68 -188 39.3544 27 208 213 
70 -188 38.4319 26 212 208 
72 -188 38.0842 25 213 205 
74 -188 38.109 25 213 205 
76 -188 43.8449 40 188 235 
-140 -190 76.4646 48 18 59 
-138 -190 77.1231 48 18 59 
-136 -190 76.8117 48 18 59 
-134 -190 75.8661 48 18 59 
-132 -190 75.2077 51 24 74 
-130 -190 74.6202 52 27 81 
-128 -190 74.3865 52 27 81 
-126 -190 74.2781 52 27 81 
-124 -190 74.3305 52 27 81 
-122 -190 74.5714 52 27 81 
-120 -190 74.4322 52 27 81 
-118 -190 74.3213 52 27 81 
-116 -190 74.0988 53 30 88 
-114 -190 73.7479 54 33 95 
-112 -190 73.5308 54 33 95 
-110 -190 73.391 54 33 95 
-108 -190 73.1453 55 36 102 
-106 -190 72.5765 56 39 109 
-104 -190 71.9539 57 42 115 
-102 -190 71.5154 58 45 121 
-100 -190 71.331 58 45 121 
-98 -190 71.3355 58 45 121 
-96 -190 71.4251 58 45 121 
-94 -190 71.2658 58 45 121 
-92 -190 70.994 59 47 128 
-90 -190 70.7755 59 47 128 
-88 -190 70.6972 60 50 134 
-86 -190 70.5703 60 50 134 
-84 -190 70.3122 60 50 134 
-82 -190 70.3272 60 50 134 
-80 -190 70.2114 61 53 139 
-78 -190 69.8056 61 53 139 
-76 -190 69.4703 62 56 145 
-74 -190 69.2228 63 59 151 
-72 -190 69.1023 63 59 151 
-70 -190 68.8236 63 59 151 
-68 -190 68.2385 64 64 162 
-66 -190 67.9729 64 64 162 
-64 -190 67.89 64 64 162 
-62 -190 67.6706 65 67 167 
-60 -190 67.1738 65 70 172 
-58 -190 66.7915 65 70 172 
-56 -190 66.5158 66 73 177 
-54 -190 65.6611 67 78 186 
-52 -190 64.9425 68 81 191 
-50 -190 64.7514 68 81 191 
-48 -190 64.7626 68 81 191 
-46 -190 64.5506 68 84 195 
-44 -190 64.1819 68 86 199 
-42 -190 63.2389 69 92 207 
-40 -190 62.1752 70 97 214 
-38 -190 61.7621 70 97 214 
-36 -190 61.3176 70 100 218 
-34 -190 60.5283 70 105 224 
-32 -190 59.9223 70 107 227 
-30 -190 59.4349 71 110 230 
-28 -190 59.0908 71 113 233 
-26 -190 58.6385 71 115 235 
-24 -190 57.6909 71 120 240 
-22 -190 56.782 71 123 242 
-20 -190 56.5954 70 125 244 
-18 -190 56.4267 70 125 244 
-16 -190 55.7387 70 128 246 
-14 -190 55.0291 70 133 250 
-12 -190 54.2788 70 135 251 
-10 -190 53.7074 69 140 253 
-8 -190 53.3686 69 140 253 
-6 -190 52.9914 68 143 254 
-4 -190 52.6705 67 145 254 
-2 -190 52.291 67 145 254 
0 -190 51.7431 66 148 255 
2 -190 51.2544 65 150 255 
4 -190 50.9231 64 153 255 
6 -190 50.5134 62 155 254 
8 -190 50.0621 61 158 254 
10 -190 49.7017 59 160 253 
12 -190 49.5564 59 160 253 
14 -190 49.3735 59 160 253 
16 -190 49.2581 59 160 253 
18 -190 49.1051 58 163 252 
20 -190 48.6855 56 165 251 
22 -190 48.1347 55 168 250 
24 -190 47.8069 55 168 250 
26 -190 47.921 55 168 250 
28 -190 48.1277 55 168 250 
30 -190 48.0456 55 168 250 
32 -190 47.6304 53 171 248 
34 -190 47.2315 53 171 248 
36 -190 47.1645 51 173 247 
38 -190 47.3178 53 171 248 
40 -190 47.2909 53 171 248 
42 -190 47.0746 51 173 247 
44 -190 46.911 51 173 247 
46 -190 46.9696 51 173 247 
48 -190 46.9804 51 173 247 
50 -190 46.6232 49 175 245 
52 -190 46.2925 49 175 245 
54 -190 46.0804 47 178 244 
56 -190 45.9371 47 178 244 
58 -190 45.6174 46 180 242 
60 -190 45.1064 44 183 240 
62 -190 44.8504 44 183 240 
64 -190 44.5038 42 185 238 
66 -190 44.0406 40 188 235 
68 -190 43.8158 40 188 235 
70 -190 43.6823 39 190 233 
72 -190 43.4064 39 190 233 
74 -190 43.1376 37 192 231 
76 -190 48.7949 58 163 252 
-122 -192 76.8693 48 18 59 
-120 -192 77.6066 48 18 59 
-118 -192 78.5711 48 18 59 
-116 -192 78.5018 48 18 59 
-114 -192 77.8823 48 18 59 
-112 -192 77.2604 48 18 59 
-110 -192 77.0168 48 18 59 
-108 -192 76.5663 48 18 59 
-106 -192 75.6743 50 21 67 
-104 -192 74.8157 51 24 74 
-102 -192 74.371 52 27 81 
-100 -192 73.8457 53 30 88 
-98 -192 73.366 54 33 95 
-96 -192 73.0631 55 36 102 
-94 -192 72.4233 56 39 109 
-92 -192 71.547 58 45 121 
-90 -192 70.6842 60 50 134 
-88 -192 70.2478 61 53 139 
-86 -192 70.0407 61 53 139 
-84 -192 69.5502 62 56 145 
-82 -192 69.5332 62 56 145 
-80 -192 69.7379 62 56 145 
-78 -192 69.2931 62 56 145 
-76 -192 68.8435 63 59 151 
-74 -192 68.4745 63 62 156 
-72 -192 68.1064 64 64 162 
-70 -192 67.5816 65 67 167 
-68 -192 67.009 65 70 172 
-66 -192 66.607 66 73 177 
-64 -192 66.1928 66 75 181 
-62 -192 65.9642 66 75 181 
-60 -192 66.002 66 75 181 
-58 -192 65.9384 66 75 181 
-56 -192 65.7868 66 75 181 
-54 -192 65.4678 67 78 186 
-52 -192 65.3274 67 78 186 
-50 -192 65.24 68 81 191 
-48 -192 65.0981 68 81 191 
-46 -192 64.8464 68 81 191 
-44 -192 64.5271 68 84 195 
-42 -192 64.2261 68 86 199 
-40 -192 63.9044 68 86 199 
-38 -192 64.0085 68 86 199 
-36 -192 63.9634 68 86 199 
-34 -192 63.497 69 89 203 
-32 -192 63.371 69 89 203 
-30 -192 63.2468 69 89 203 
-28 -192 62.922 69 92 207 
-26 -192 62.4754 69 94 211 
-24 -192 62.0349 70 97 214 
-22 -192 61.8069 70 97 214 
-20 -192 61.9209 70 97 214 
-18 -192 61.8193 70 97 214 
-16 -192 61.3013 70 100 218 
-14 -192 60.5381 70 105 224 
-12 -192 59.7183 71 110 230 
-10 -192 59.3189 71 110 230 
-8 -192 59.1139 71 113 233 
-6 -192 58.8103 71 113 233 
-4 -192 58.2955 71 115 235 
-2 -192 57.6329 71 120 240 
0 -192 56.9946 71 123 242 
2 -192 56.2197 70 128 246 
4 -192 55.5579 70 130 248 
6 -192 55.1056 70 133 250 
8 -192 54.7725 70 133 250 
10 -192 54.1436 69 138 252 
12 -192 53.4255 69 140 253 
14 -192 52.9806 68 143 254 
16 -192 52.6515 67 145 254 
18 -192 52.0966 66 148 255 
20 -192 51.2069 64 153 255 
22 -192 50.4372 62 155 254 
24 -192 49.8755 61 158 254 
26 -192 49.3424 59 160 253 
28 -192 48.9669 58 163 252 
30 -192 48.6837 56 165 251 
32 -192 48.2846 56 165 251 
34 -192 47.8431 55 168 250 
36 -192 47.4873 53 171 248 
38 -192 47.2419 53 171 248 
40 -192 46.7213 51 173 247 
42 -192 46.2471 49 175 245 
44 -192 45.9859 47 178 244 
46 -192 45.7956 47 178 244 
48 -192 45.4757 46 180 242 
50 -192 45.0486 44 183 240 
52 -192 45.0188 44 183 240 
54 -192 44.9197 44 183 240 
56 -192 44.6686 42 185 238 
58 -192 44.4098 42 185 238 
60 -192 44.0039 40 188 235 
62 -192 43.8035 40 188 235 
64 -192 43.6883 39 190 233 
66 -192 43.1807 37 192 231 
68 -192 43.0771 37 192 231 
70 -192 43.2839 39 190 233 
72 -192 43.2021 39 190 233 
74 -192 43.6112 39 190 233 
76 -192 52.5174 67 145 254 
-110 -194 82.614 48 18 59 
-108 -194 82.4293 48 18 59 
-106 -194 82.0533 48 18 59 
-104 -194 81.5338 48 18 59 
-102 -194 81.2459 48 18 59 
-100 -194 80.8186 48 18 59 
-98 -194 80.2366 48 18 59 
-96 -194 79.7107 48 18 59 
-94 -194 78.9211 48 18 59 
-92 -194 78.2041 48 18 59 
-90 -194 77.7316 48 18 59 
-88 -194 77.4876 48 18 59 
-86 -194 77.2095 48 18 59 
-84 -194 76.5756 48 18 59 
-82 -194 76.0125 48 18 59 
-80 -194 75.6361 50 21 67 
-78 -194 74.9496 51 24 74 
-76 -194 74.1744 53 30 88 
-74 -194 73.2979 54 33 95 
-72 -194 72.4486 56 39 109 
-70 -194 71.506 58 45 121 
-68 -194 70.7901 59 47 128 
-66 -194 70.1111 61 53 139 
-64 -194 69.2442 63 59 151 
-62 -194 68.6624 63 62 156 
-60 -194 68.4204 63 62 156 
-58 -194 67.8029 64 64 162 
-56 -194 67.0297 65 70 172 
-54 -194 66.6946 66 73 177 
-52 -194 66.5605 66 73 177 
-50 -194 65.9507 66 75 181 
-48 -194 64.9547 68 81 191 
-46 -194 64.4763 68 84 195 
-44 -194 64.1176 68 86 199 
-42 -194 63.7374 69 89 203 
-40 -194 63.3179 69 89 203 
-38 -194 62.945 69 92 207 
-36 -194 62.5665 69 94 211 
-34 -194 62.2098 70 97 214 
-32 -194 62.2096 70 97 214 
-30 -194 62.096 70 97 214 
-28 -194 61.7821 70 97 214 
-26 -194 61.3856 70 100 218 
-24 -194 61.0192 70 102 221 
-22 -194 60.6824 70 105 224 
-20 -194 60.4568 70 105 224 
-18 -194 60.1926 70 107 227 
-16 -194 59.9092 70 107 227 
-14 -194 59.7255 71 110 230 
-12 -194 59.6237 71 110 230 
-10 -194 59.6187 71 110 230 
-8 -194 59.5537 71 110 230 
-6 -194 59.5321 71 110 230 
-4 -194 59.55 71 110 230 
-2 -194 59.2593 71 110 230 
0 -194 58.8688 71 113 233 
2 -194 58.4833 71 115 235 
4 -194 58.1673 71 118 238 
6 -194 57.9361 71 118 238 
8 -194 57.9096 71 118 238 
10 -194 57.8638 71 118 238 
12 -194 57.4821 71 120 240 
14 -194 57.268 71 120 240 
16 -194 57.1057 71 123 242 
18 -194 56.6205 70 125 244 
20 -194 56.1803 70 128 246 
22 -194 55.871 70 128 246 
24 -194 55.6926 70 130 248 
26 -194 55.3471 70 130 248 
28 -194 54.6598 70 135 251 
30 -194 53.9927 69 138 252 
32 -194 53.7421 69 138 252 
34 -194 53.5247 69 140 253 
36 -194 53.1474 68 143 254 
38 -194 52.7077 67 145 254 
40 -194 51.9767 66 148 255 
42 -194 51.3296 65 150 255 
44 -194 51.0137 64 153 255 
46 -194 50.5662 62 155 254 
48 -194 49.9282 61 158 254 
50 -194 49.5017 59 160 253 
52 -194 49.4488 59 160 253 
54 -194 48.8609 58 163 252 
56 -194 47.8825 55 168 250 
58 -194 47.3325 53 171 248 
60 -194 46.6966 49 175 245 
62 -194 46.0756 47 178 244 
64 -194 45.7855 47 178 244 
66 -194 45.3444 46 180 242 
68 -194 44.5966 42 185 238 
70 -194 43.9649 40 188 235 
72 -194 43.6743 39 190 233 
74 -194 44.9685 44 183 240 
76 -194 57.5521 71 120 240 
-106 -196 82.1236 48 18 59 
-104 -196 80.8955 48 18 59 
-102 -196 80.2198 48 18 59 
-100 -196 80.0717 48 18 59 
-98 -196 80.2151 48 18 59 
-96 -196 80.5698 48 18 59 
-94 -196 80.4053 48 18 59 
-92 -196 79.9186 48 18 59 
-90 -196 79.8232 48 18 59 
-88 -196 79.7028 48 18 59 
-86 -196 79.3856 48 18 59 
-84 -196 79.1427 48 18 59 
-82 -196 78.9862 48 18 59 
-80 -196 78.6449 48 18 59 
-78 -196 78.2415 48 18 59 
-76 -196 77.861 48 18 59 
-74 -196 77.376 48 18 59 
-72 -196 76.9148 48 18 59 
-70 -196 76.4652 48 18 59 
-68 -196 76.4303 48 18 59 
-66 -196 76.2842 48 18 59 
-64 -196 75.6415 50 21 67 
-62 -196 75.1983 51 24 74 
-60 -196 74.9966 51 24 74 
-58 -196 74.4855 52 27 81 
-56 -196 73.7736 53 30 88 
-54 -196 73.44 54 33 95 
-52 -196 73.2915 54 33 95 
-50 -196 72.9062 55 36 102 
-48 -196 71.969 57 42 115 
-46 -196 71.1489 59 47 128 
-44 -196 70.6881 60 50 134 
-42 -196 70.2638 60 50 134 
-40 -196 69.6063 62 56 145 
-38 -196 68.7376 63 62 156 
-36 -196 67.8831 64 64 162 
-34 -196 67.3771 65 67 167 
-32 -196 67.1161 65 70 172 
-30 -196 66.4801 66 73 177 
-28 -196 65.8842 66 75 181 
-26 -196 65.478 67 78 186 
-24 -196 64.9337 68 81 191 
-22 -196 64.2479 68 84 195 
-20 -196 63.4651 69 89 203 
-18 -196 62.5507 69 94 211 
-16 -196 61.5765 70 100 218 
-14 -196 60.8543 70 102 221 
-12 -196 60.6465 70 105 224 
-10 -196 60.3915 70 105 224 
-8 -196 59.9437 70 107 227 
-6 -196 59.5027 71 110 230 
-4 -196 59.1188 71 113 233 
-2 -196 58.6475 71 115 235 
0 -196 58.3234 71 115 235 
2 -196 57.9791 71 118 238 
4 -196 57.6204 71 120 240 
6 -196 57.3533 71 120 240 
8 -196 57.0421 71 123 242 
10 -196 56.9031 71 123 242 
12 -196 56.796 71 123 242 
14 -196 56.4789 70 125 244 
16 -196 55.9765 70 128 246 
18 -196 55.5875 70 130 248 
20 -196 55.5951 70 130 248 
22 -196 55.6194 70 130 248 
24 -196 55.5767 70 130 248 
26 -196 55.5542 70 130 248 
28 -196 55.2485 70 130 248 
30 -196 54.7145 70 135 251 
32 -196 54.5363 70 135 251 
34 -196 54.5558 70 135 251 
36 -196 54.3973 70 135 251 
38 -196 54.0793 69 138 252 
40 -196 53.7586 69 138 252 
42 -196 53.5414 69 140 253 
44 -196 53.6753 69 140 253 
46 -196 53.5813 69 140 253 
48 -196 53.1684 68 143 254 
50 -196 52.9677 68 143 254 
52 -196 53.0228 68 143 254 
54 -196 52.7813 68 143 254 
56 -196 52.325 67 145 254 
58 -196 51.9929 66 148 255 
60 -196 51.6103 65 150 255 
62 -196 51.1847 64 153 255 
64 -196 50.6943 62 155 254 
66 -196 50.263 62 155 254 
68 -196 49.6876 59 160 253 
70 -196 49.2625 59 160 253 
72 -196 49.1357 58 163 252 
74 -196 50.792 64 153 255 
-102 -198 77.0026 48 18 59 
-100 -198 76.7369 48 18 59 
-90 -198 77.0802 48 18 59 
-88 -198 76.9106 48 18 59 
-86 -198 76.6914 48 18 59 
-84 -198 76.4623 48 18 59 
-82 -198 76.4321 48 18 59 
-80 -198 76.0047 48 18 59 
-78 -198 75.2279 51 24 74 
-76 -198 74.7681 51 24 74 
-74 -198 74.9583 51 24 74 
-72 -198 75.1113 51 24 74 
-70 -198 75.0552 51 24 74 
-68 -198 75.3556 50 21 67 
-66 -198 75.4536 50 21 67 
-64 -198 75.005 51 24 74 
-62 -198 74.7831 51 24 74 
-60 -198 74.8921 51 24 74 
-58 -198 74.6888 52 27 81 
-56 -198 74.1441 53 30 88 
-54 -198 73.9148 53 30 88 
-52 -198 73.8732 53 30 88 
-50 -198 73.9418 53 30 88 
-48 -198 73.9853 53 30 88 
-46 -198 73.66 54 33 95 
-44 -198 73.3804 54 33 95 
-42 -198 73.0657 55 36 102 
-40 -198 72.7593 56 39 109 
-38 -198 72.3974 56 39 109 
-36 -198 72.0726 57 42 115 
-34 -198 71.9272 57 42 115 
-32 -198 71.7066 58 45 121 
-30 -198 71.1428 59 47 128 
-28 -198 70.72 60 50 134 
-26 -198 70.7299 60 50 134 
-24 -198 70.7822 59 47 128 
-22 -198 70.5073 60 50 134 
-20 -198 69.9156 61 53 139 
-18 -198 69.2593 62 56 145 
-16 -198 68.5332 63 62 156 
-14 -198 67.7749 64 64 162 
-12 -198 67.2187 65 70 172 
-10 -198 66.7148 66 73 177 
-8 -198 66.3288 66 73 177 
-6 -198 65.9695 66 75 181 
-4 -198 65.3181 67 78 186 
-2 -198 64.6929 68 84 195 
0 -198 64.2745 68 84 195 
2 -198 63.7641 68 86 199 
4 -198 63.283 69 89 203 
6 -198 62.8618 69 92 207 
8 -198 61.9539 70 97 214 
10 -198 61.1003 70 102 221 
12 -198 60.7925 70 102 221 
14 -198 60.3353 70 105 224 
16 -198 59.4993 71 110 230 
18 -198 58.677 71 115 235 
20 -198 58.0793 71 118 238 
22 -198 57.7349 71 118 238 
24 -198 57.5712 71 120 240 
26 -198 56.9377 71 123 242 
28 -198 56.304 70 125 244 
30 -198 55.6625 70 130 248 
32 -198 55.0972 70 133 250 
34 -198 54.7065 70 135 251 
36 -198 54.2323 70 135 251 
38 -198 53.3012 69 140 253 
40 -198 52.6009 67 145 254 
42 -198 52.4384 67 145 254 
44 -198 52.3013 67 145 254 
46 -198 52.0796 66 148 255 
48 -198 51.9032 66 148 255 
50 -198 51.6882 65 150 255 
52 -198 51.3094 65 150 255 
54 -198 50.7277 64 153 255 
56 -198 50.4141 62 155 254 
58 -198 50.4173 62 155 254 
60 -198 50.499 62 155 254 
62 -198 50.309 62 155 254 
64 -198 49.8933 61 158 254 
66 -198 49.6787 59 160 253 
68 -198 49.7712 61 158 254 
70 -198 49.8241 61 158 254 
72 -198 49.8482 61 158 254 
74 -198 52.4555 67 145 254 
-56 -200 71.183 59 47 128 
-54 -200 70.7738 59 47 128 
-52 -200 70.8917 59 47 128 
-50 -200 71.2178 59 47 128 
-42 -200 70.3449 60 50 134 
-40 -200 69.9087 61 53 139 
-38 -200 69.8937 61 53 139 
-36 -200 69.9376 61 53 139 
-34 -200 69.9983 61 53 139 
-32 -200 70.1017 61 53 139 
-30 -200 70.036 61 53 139 
-28 -200 69.8339 61 53 139 
-26 -200 69.4865 62 56 145 
-24 -200 69.2111 63 59 151 
-22 -200 69.0187 63 59 151 
-20 -200 68.8346 63 59 151 
-18 -200 68.7357 63 62 156 
-16 -200 68.5365 63 62 156 
-14 -200 68.3802 63 62 156 
-12 -200 68.1563 64 64 162 
-10 -200 67.7008 65 67 167 
-8 -200 67.4902 65 67 167 
-6 -200 67.4961 65 67 167 
-4 -200 67.3506 65 67 167 
-2 -200 67.2928 65 67 167 
0 -200 67.2476 65 70 172 
2 -200 67.0511 65 70 172 
4 -200 66.8081 65 70 172 
6 -200 66.7011 66 73 177 
8 -200 66.3796 66 73 177 
10 -200 66.0411 66 75 181 
12 -200 65.9616 66 75 181 
14 -200 65.699 67 78 186 
16 -200 65.2397 68 81 191 
18 -200 64.7029 68 84 195 
20 -200 64.1757 68 86 199 
22 -200 63.7427 68 86 199 
24 -200 63.4228 69 89 203 
26 -200 62.7408 69 92 207 
28 -200 62.248 69 94 211 
30 -200 61.9346 70 97 214 
32 -200 61.4529 70 100 218 
34 -200 60.7293 70 105 224 
36 -200 60.2526 70 105 224 
38 -200 59.3945 71 110 230 
40 -200 58.5129 71 115 235 
42 -200 58.1741 71 118 238 
44 -200 57.6383 71 120 240 
46 -200 57.0538 71 123 242 
48 -200 56.7397 71 123 242 
50 -200 56.3031 70 125 244 
52 -200 55.4324 70 130 248 
54 -200 53.9404 69 138 252 
56 -200 52.773 68 143 254 
58 -200 52.4687 67 145 254 
60 -200 52.2796 67 145 254 
62 -200 51.4703 65 150 255 
64 -200 50.603 62 155 254 
66 -200 50.2528 62 155 254 
68 -200 49.9387 61 158 254 
70 -200 49.4863 59 160 253 
72 -200 49.4496 59 160 253 
74 -200 53.7693 69 138 252 
-36 -202 69.633 62 56 145 
-34 -202 70.6465 60 50 134 
-32 -202 72.1625 57 42 115 
-30 -202 72.9526 55 36 102 
-28 -202 72.9831 55 36 102 
-26 -202 72.3445 56 39 109 
-24 -202 71.4682 58 45 121 
-22 -202 70.6069 60 50 134 
-20 -202 70.1347 61 53 139 
-18 -202 69.7145 62 56 145 
-16 -202 69.2468 63 59 151 
-14 -202 68.8086 63 59 151 
-12 -202 68.232 64 64 162 
-10 -202 67.6103 65 67 167 
-8 -202 66.9466 65 70 172 
-6 -202 65.9872 66 75 181 
-4 -202 65.4109 67 78 186 
-2 -202 65.2454 67 78 186 
0 -202 65.2602 67 78 186 
2 -202 65.2522 67 78 186 
4 -202 64.9297 68 81 191 
6 -202 64.7313 68 84 195 
8 -202 64.6356 68 84 195 
10 -202 64.4066 68 84 195 
12 -202 64.2998 68 84 195 
14 -202 64.1297 68 86 199 
16 -202 63.9095 68 86 199 
18 -202 63.4919 69 89 203 
20 -202 63.3022 69 89 203 
22 -202 63.2569 69 89 203 
24 -202 63.0551 69 92 207 
26 -202 62.8892 69 92 207 
28 -202 62.7796 69 92 207 
30 -202 62.8115 69 92 207 
32 -202 62.7483 69 92 207 
34 -202 62.3883 69 94 211 
36 -202 62.3134 69 94 211 
38 -202 62.3349 69 94 211 
40 -202 62.2473 69 94 211 
42 -202 62.0399 70 97 214 
44 -202 61.6385 70 100 218 
46 -202 61.3561 70 100 218 
48 -202 61.3269 70 100 218 
50 -202 61.166 70 102 221 
52 -202 60.6434 70 105 224 
54 -202 59.7742 70 107 227 
56 -202 59.2026 71 113 233 
58 -202 59.1673 71 113 233 
60 -202 58.9932 71 113 233 
62 -202 58.1677 71 118 238 
64 -202 57.3948 71 120 240 
66 -202 57.027 71 123 242 
68 -202 56.4685 70 125 244 
70 -202 55.8997 70 128 246 
72 -202 55.7223 70 130 248 
74 -202 60.5138 70 105 224 
-30 -204 78.7236 48 18 59 
-28 -204 78.8853 48 18 59 
-26 -204 78.6007 48 18 59 
-24 -204 77.9782 48 18 59 
-22 -204 77.1445 48 18 59 
-20 -204 76.662 48 18 59 
-18 -204 76.216 48 18 59 
-16 -204 75.7825 48 18 59 
-14 -204 75.0882 51 24 74 
-12 -204 74.2882 52 27 81 
-10 -204 73.7973 53 30 88 
-8 -204 73.0485 55 36 102 
-6 -204 71.7967 57 42 115 
-4 -204 70.7982 59 47 128 
-2 -204 70.4305 60 50 134 
0 -204 70.3694 60 50 134 
2 -204 70.1813 61 53 139 
4 -204 69.7294 62 56 145 
6 -204 68.9641 63 59 151 
8 -204 68.3591 63 62 156 
10 -204 67.7851 64 64 162 
12 -204 67.0833 65 70 172 
14 -204 66.4257 66 73 177 
16 -204 65.8772 66 75 181 
18 -204 64.9033 68 81 191 
20 -204 64.1247 68 86 199 
22 -204 64.0912 68 86 199 
24 -204 63.9145 68 86 199 
26 -204 63.3741 69 89 203 
28 -204 62.8652 69 92 207 
30 -204 62.6091 69 94 211 
32 -204 62.2047 70 97 214 
34 -204 61.7021 70 100 218 
36 -204 61.3015 70 100 218 
38 -204 61.1512 70 102 221 
40 -204 61.2756 70 100 218 
42 -204 61.1329 70 102 221 
44 -204 60.6162 70 105 224 
46 -204 60.1639 70 107 227 
48 -204 60.0431 70 107 227 
50 -204 59.8882 70 107 227 
52 -204 59.2765 71 110 230 
54 -204 58.8042 71 113 233 
56 -204 58.7795 71 113 233 
58 -204 59.0485 71 113 233 
60 -204 59.1502 71 113 233 
62 -204 58.8648 71 113 233 
64 -204 58.5294 71 115 235 
66 -204 58.3259 71 115 235 
68 -204 58.1388 71 118 238 
70 -204 58.0041 71 118 238 
72 -204 58.3876 71 115 235 
74 -204 65.4389 67 78 186 
-22 -206 78.2268 48 18 59 
-20 -206 77.0775 48 18 59 
-18 -206 76.5175 48 18 59 
-16 -206 76.3918 48 18 59 
-14 -206 76.2227 48 18 59 
-12 -206 75.9752 48 18 59 
-10 -206 75.788 48 18 59 
-8 -206 75.5001 50 21 67 
-6 -206 75.1223 51 24 74 
-4 -206 74.9045 51 24 74 
-2 -206 75.0199 51 24 74 
0 -206 75.0697 51 24 74 
2 -206 74.9052 51 24 74 
4 -206 74.7545 52 27 81 
6 -206 74.2348 53 30 88 
8 -206 73.6341 54 33 95 
10 -206 73.3634 54 33 95 
12 -206 73.1279 55 36 102 
14 -206 72.5601 56 39 109 
16 -206 72.1776 57 42 115 
18 -206 71.6535 58 45 121 
20 -206 70.996 59 47 128 
22 -206 70.8071 59 47 128 
24 -206 70.7081 60 50 134 
26 -206 70.1851 61 53 139 
28 -206 69.4834 62 56 145 
30 -206 69.0326 63 59 151 
32 -206 68.3221 63 62 156 
34 -206 67.784 64 64 162 
36 -206 67.3995 65 67 167 
38 -206 66.686 66 73 177 
40 -206 66.3089 66 73 177 
42 -206 66.1885 66 75 181 
44 -206 65.4775 67 78 186 
46 -206 64.6309 68 84 195 
48 -206 64.1523 68 86 199 
50 -206 63.5378 69 89 203 
52 -206 62.4986 69 94 211 
54 -206 61.6625 70 100 218 
56 -206 61.3905 70 100 218 
58 -206 61.4846 70 100 218 
60 -206 61.2107 70 102 221 
62 -206 60.5795 70 105 224 
64 -206 59.677 71 110 230 
66 -206 58.924 71 113 233 
68 -206 58.7747 71 113 233 
70 -206 58.6727 71 115 235 
72 -206 59.5666 71 110 230 
74 -206 68.2974 63 62 156 
-18 -208 74.1428 53 30 88 
-16 -208 73.949 53 30 88 
-14 -208 73.7607 54 33 95 
-12 -208 73.5875 54 33 95 
-10 -208 73.7919 53 30 88 
-8 -208 74.0717 53 30 88 
-6 -208 74.1421 53 30 88 
-4 -208 73.634 54 33 95 
-2 -208 73.1556 55 36 102 
0 -208 73.0141 55 36 102 
2 -208 72.8083 55 36 102 
4 -208 72.6481 56 39 109 
6 -208 72.5482 56 39 109 
8 -208 72.3346 56 39 109 
10 -208 72.1667 57 42 115 
12 -208 72.1093 57 42 115 
14 -208 71.9417 57 42 115 
16 -208 71.8235 57 42 115 
18 -208 71.6005 58 45 121 
20 -208 71.4136 58 45 121 
22 -208 71.3071 58 45 121 
24 -208 71.1599 59 47 128 
26 -208 71.1887 59 47 128 
28 -208 71.2327 59 47 128 
30 -208 70.9648 59 47 128 
32 -208 70.5963 60 50 134 
34 -208 70.471 60 50 134 
36 -208 70.4656 60 50 134 
38 -208 70.2951 60 50 134 
40 -208 70.0941 61 53 139 
42 -208 69.9867 61 53 139 
44 -208 69.7215 62 56 145 
46 -208 69.4901 62 56 145 
48 -208 69.3332 62 56 145 
50 -208 68.979 63 59 151 
52 -208 68.4788 63 62 156 
54 -208 68.0898 64 64 162 
56 -208 67.8764 64 64 162 
58 -208 67.7268 65 67 167 
60 -208 67.2567 65 67 167 
62 -208 66.6781 66 73 177 
64 -208 66.0247 66 75 181 
66 -208 65.5071 67 78 186 
68 -208 65.3164 67 78 186 
70 -208 64.8836 68 81 191 
72 -208 65.7294 67 78 186 
74 -208 72.3456 56 39 109 
76 -208 79.1054 48 18 59 
-6 -210 76.5534 48 18 59 
8 -210 72.9151 55 36 102 
10 -210 73.8119 53 30 88 
12 -210 74.2567 53 30 88 
14 -210 74.5571 52 27 81 
16 -210 74.2899 52 27 81 
18 -210 73.5888 54 33 95 
20 -210 73.068 55 36 102 
22 -210 72.9348 55 36 102 
24 -210 72.4774 56 39 109 
26 -210 72.0669 57 42 115 
28 -210 71.8686 57 42 115 
30 -210 71.2316 59 47 128 
32 -210 70.4796 60 50 134 
34 -210 69.8596 61 53 139 
36 -210 69.3742 62 56 145 
38 -210 69.3637 62 56 145 
40 -210 69.2584 62 56 145 
42 -210 69.1142 63 59 151 
44 -210 69.0159 63 59 151 
46 -210 68.5856 63 62 156 
48 -210 68.0735 64 64 162 
50 -210 67.7174 65 67 167 
52 -210 67.3944 65 67 167 
54 -210 67.242 65 70 172 
56 -210 67.1443 65 70 172 
58 -210 67.0132 65 70 172 
60 -210 66.9029 65 70 172 
62 -210 66.6558 66 73 177 
64 -210 66.2856 66 73 177 
66 -210 66.2543 66 73 177 
68 -210 66.409 66 73 177 
70 -210 66.1632 66 75 181 
72 -210 67.9647 64 64 162 
74 -210 74.9466 51 24 74 
76 -210 80.0058 48 18 59 
12 -212 80.9765 48 18 59 
14 -212 81.531 48 18 59 
16 -212 81.3497 48 18 59 
18 -212 80.7469 48 18 59 
20 -212 80.4137 48 18 59 
22 -212 80.681 48 18 59 
24 -212 80.1957 48 18 59 
26 -212 79.293 48 18 59 
28 -212 78.6856 48 18 59 
30 -212 77.6754 48 18 59 
32 -212 76.3981 48 18 59 
34 -212 75.2314 51 24 74 
36 -212 73.7481 54 33 95 
38 -212 73.6841 54 33 95 
40 -212 74.1007 53 30 88 
42 -212 74.2345 53 30 88 
44 -212 74.0051 53 30 88 
46 -212 72.967 55 36 102 
48 -212 71.6762 58 45 121 
50 -212 70.8408 59 47 128 
52 -212 70.2915 60 50 134 
54 -212 70.0188 61 53 139 
56 -212 69.7086 62 56 145 
58 -212 69.1358 63 59 151 
60 -212 68.7835 63 59 151 
62 -212 68.4063 63 62 156 
64 -212 67.6923 65 67 167 
66 -212 67.1279 65 70 172 
68 -212 66.6721 66 73 177 
70 -212 66.1576 66 75 181 
72 -212 68.8903 63 59 151 
74 -212 76.7471 48 18 59 
42 -214 79.1996 48 18 59 
44 -214 78.6125 48 18 59 
46 -214 78.1698 48 18 59 
48 -214 77.6732 48 18 59 
50 -214 77.2892 48 18 59 
52 -214 77.2035 48 18 59 
54 -214 77.2325 48 18 59 
56 -214 76.89 48 18 59 
58 -214 76.2487 48 18 59 
60 -214 75.6751 50 21 67 
62 -214 75.2348 51 24 74 
64 -214 74.8126 51 24 74 
66 -214 74.3298 52 27 81 
68 -214 73.3551 54 33 95 
70 -214 71.6381 58 45 121 
72 -214 72.499 56 39 109 
44 -216 77.6713 48 18 59 
56 -216 78.1555 48 18 59 
60 -216 77.2961 48 18 59 
62 -216 77.0308 48 18 59 
64 -216 77.2119 48 18 59 
66 -216 77.3594 48 18 59 
